PurchaseOrderSysID,PurchaseOrderID,SupplierID,WarehouseID,OrderDate,ExpectedDeliveryDate,OrderStatus,PaymentStatus
SYSPO0000001,PO770487,SUP690341,WH532322,2026-04-10,2026-04-15,Delivered,Paid
SYSPO0000002,PO872246,SUP385470,WH771088,2025-09-17,2025-10-07,Delivered,Paid
SYSPO0000003,PO542417,SUP335615,WH922157,2025-08-14,2025-08-20,Delivered,Paid
SYSPO0000004,PO127824,SUP946305,WH740967,2026-05-19,2026-06-16,Delivered,Paid
SYSPO0000005,PO571029,SUP333238,WH482364,2025-11-19,2025-12-08,Delivered,Paid
SYSPO0000006,PO267414,SUP671858,WH212235,2025-11-08,2025-11-24,Delivered,Pending
SYSPO0000007,PO452944,SUP459536,WH930555,2025-10-30,2025-11-13,Delivered,Paid
SYSPO0000008,PO733052,SUP472060,WH636265,2025-09-28,2025-10-14,Delivered,Paid
SYSPO0000009,PO496922,SUP829308,WH526117,2026-05-18,2026-05-26,Delivered,Paid
SYSPO0000010,PO479201,SUP955662,WH539589,2025-09-13,2025-10-02,Delivered,Paid
SYSPO0000011,PO910620,SUP613425,WH379766,2026-04-24,2026-05-05,Delayed,Pending
SYSPO0000012,PO205907,SUP385470,WH212235,2026-05-19,2026-06-08,Delivered,Paid
SYSPO0000013,PO488162,SUP680099,WH997546,2026-07-17,2026-08-03,Delivered,Paid
SYSPO0000014,PO779514,SUP513160,WH356150,2026-03-04,2026-03-28,Delivered,Paid
SYSPO0000015,PO271339,SUP523389,WH829716,2025-09-07,2025-09-23,Delivered,Paid
SYSPO0000016,PO684004,SUP887625,WH205907,2026-03-22,2026-04-04,Delivered,Paid
SYSPO0000017,PO340174,SUP321275,WH654634,2026-01-15,2026-01-22,Delivered,Paid
SYSPO0000018,PO694731,SUP265080,WH930555,2025-08-17,2025-09-02,Delivered,Paid
SYSPO0000019,PO774079,SUP260263,WH422451,2025-08-16,2025-08-23,Delivered,Paid
SYSPO0000020,PO665158,SUP260422,WH910891,2025-09-10,2025-09-19,Delivered,Paid
SYSPO0000021,PO479580,SUP733039,WH922157,2025-10-28,2025-11-13,Delayed,Pending
SYSPO0000022,PO617488,SUP690341,WH262316,2025-11-03,2025-11-08,Delivered,Paid
SYSPO0000023,PO267753,SUP356150,WH479201,2026-02-17,2026-03-07,Delivered,Paid
SYSPO0000024,PO590785,SUP472060,WH412942,2026-03-26,2026-04-11,Delayed,Pending
SYSPO0000025,PO112038,SUP829308,WH262316,2025-08-15,2025-08-23,Delivered,Paid
SYSPO0000026,PO772097,SUP526117,WH658582,2026-03-10,2026-03-26,Delivered,Paid
SYSPO0000027,PO857168,SUP356150,WH636265,2025-10-21,2025-11-08,Delivered,Paid
SYSPO0000028,PO211579,SUP690341,WH922157,2026-05-10,2026-05-15,Delivered,Paid
SYSPO0000029,PO492077,SUP321275,WH781453,2026-04-14,2026-04-21,Delivered,Paid
SYSPO0000030,PO100599,SUP989545,WH636265,2026-05-04,2026-05-20,Delivered,Paid
SYSPO0000031,PO972064,SUP804318,WH958179,2026-03-04,2026-03-25,Delivered,Paid
SYSPO0000032,PO182582,SUP768854,WH539589,2026-01-14,2026-01-31,Delivered,Pending
SYSPO0000033,PO658582,SUP881177,WH237174,2025-10-29,2025-11-12,Delivered,Paid
SYSPO0000034,PO377932,SUP757711,WH526117,2026-01-26,2026-01-31,Delayed,Pending
SYSPO0000035,PO891952,SUP639593,WH322086,2026-03-21,2026-03-28,Delivered,Paid
SYSPO0000036,PO491559,SUP920652,WH532322,2025-11-21,2025-12-14,Delivered,Paid
SYSPO0000037,PO167136,SUP572700,WH322086,2026-06-15,2026-06-26,Delivered,Paid
SYSPO0000038,PO107540,SUP768854,WH412942,2026-07-08,2026-07-25,Delivered,Paid
SYSPO0000039,PO132938,SUP344098,WH373903,2025-08-07,2025-08-23,Delivered,Paid
SYSPO0000040,PO324643,SUP688508,WH100425,2026-05-26,2026-06-05,Delivered,Paid
SYSPO0000041,PO354801,SUP608257,WH922157,2026-06-13,2026-06-29,Delivered,Paid
SYSPO0000042,PO551989,SUP801364,WH740967,2025-10-06,2025-10-28,Delivered,Paid
SYSPO0000043,PO806073,SUP330914,WH662336,2026-05-03,2026-05-22,Delivered,Paid
SYSPO0000044,PO214576,SUP650121,WH922157,2026-01-16,2026-01-22,Delivered,Paid
SYSPO0000045,PO292401,SUP519904,WH376807,2025-12-15,2025-12-29,Delivered,Paid
SYSPO0000046,PO947272,SUP871711,WH656116,2025-11-20,2025-11-30,Delivered,Paid
SYSPO0000047,PO197793,SUP437408,WH686075,2025-10-04,2025-10-19,Delivered,Paid
SYSPO0000048,PO520521,SUP245051,WH515011,2025-10-27,2025-11-17,Cancelled,Cancelled
SYSPO0000049,PO509386,SUP989545,WH771088,2026-05-28,2026-06-13,Delayed,Pending
SYSPO0000050,PO399105,SUP668532,WH233470,2025-12-13,2025-12-26,Delivered,Paid
SYSPO0000051,PO794022,SUP881177,WH205907,2025-09-13,2025-09-27,Delivered,Paid
SYSPO0000052,PO161324,SUP770487,WH482364,2025-09-10,2025-09-24,Delivered,Paid
SYSPO0000053,PO152578,SUP330914,WH654634,2025-12-30,2026-01-18,Delivered,Paid
SYSPO0000054,PO632496,SUP624902,WH237174,2025-09-11,2025-09-24,Delivered,Paid
SYSPO0000055,PO346629,SUP733039,WH482364,2025-12-22,2026-01-07,Delivered,Paid
SYSPO0000056,PO723398,SUP668532,WH820221,2026-06-30,2026-07-13,Delivered,Paid
SYSPO0000057,PO648177,SUP133659,WH205907,2025-12-16,2026-01-03,Delayed,Pending
SYSPO0000058,PO850981,SUP608257,WH997546,2026-03-27,2026-04-12,Delivered,Paid
SYSPO0000059,PO414569,SUP598216,WH237174,2025-11-15,2025-11-27,Delivered,Paid
SYSPO0000060,PO580547,SUP688508,WH100425,2026-06-14,2026-06-24,Delivered,Paid
SYSPO0000061,PO465962,SUP300896,WH324082,2025-08-21,2025-08-29,Delivered,Paid
SYSPO0000062,PO974244,SUP613425,WH816751,2026-05-15,2026-05-26,Delivered,Paid
SYSPO0000063,PO108203,SUP881177,WH422451,2026-01-30,2026-02-13,Delivered,Paid
SYSPO0000064,PO240814,SUP802729,WH801474,2026-03-01,2026-03-12,Delivered,Paid
SYSPO0000065,PO385577,SUP768854,WH262316,2025-09-22,2025-10-09,Delivered,Paid
SYSPO0000066,PO765046,SUP378361,WH515011,2026-07-29,2026-09-03,In Transit,Pending
SYSPO0000067,PO987204,SUP513160,WH274389,2025-12-30,2026-01-23,Delivered,Paid
SYSPO0000068,PO103717,SUP300896,WH262316,2025-09-04,2025-09-12,Delivered,Paid
SYSPO0000069,PO877236,SUP705397,WH191161,2026-03-07,2026-04-04,Delivered,Paid
SYSPO0000070,PO178898,SUP391668,WH690341,2025-11-26,2025-12-09,Delayed,Pending
SYSPO0000071,PO975136,SUP300896,WH422451,2026-06-23,2026-07-01,Delivered,Paid
SYSPO0000072,PO423232,SUP259784,WH237174,2026-04-06,2026-04-13,Delivered,Paid
SYSPO0000073,PO475190,SUP197251,WH205907,2026-04-02,2026-04-09,Delivered,Paid
SYSPO0000074,PO687080,SUP391668,WH356150,2026-07-14,2026-07-27,Delayed,Pending
SYSPO0000075,PO348237,SUP813536,WH526117,2026-07-05,2026-07-26,Delayed,Pending
SYSPO0000076,PO532322,SUP179046,WH380746,2025-12-23,2026-01-12,Delivered,Paid
SYSPO0000077,PO531712,SUP519904,WH808011,2026-03-17,2026-03-31,Delivered,Paid
SYSPO0000078,PO925622,SUP934794,WH824586,2025-10-18,2025-10-24,Cancelled,Cancelled
SYSPO0000079,PO593554,SUP668532,WH820221,2026-05-05,2026-05-18,Delivered,Paid
SYSPO0000080,PO960394,SUP133659,WH770487,2025-09-01,2025-09-19,Delivered,Paid
SYSPO0000081,PO392136,SUP240814,WH112038,2025-08-22,2025-08-28,Delayed,Pending
SYSPO0000082,PO772642,SUP302511,WH808011,2026-04-18,2026-05-06,Delivered,Paid
SYSPO0000083,PO128941,SUP211764,WH479201,2025-11-01,2025-11-18,Delivered,Paid
SYSPO0000084,PO378361,SUP333238,WH262316,2026-06-01,2026-06-20,Delivered,Paid
SYSPO0000085,PO428914,SUP497382,WH324082,2025-11-25,2025-12-13,Delivered,Paid
SYSPO0000086,PO704596,SUP446954,WH460663,2025-09-04,2025-09-14,Delivered,Paid
SYSPO0000087,PO945687,SUP880879,WH642717,2026-07-03,2026-08-10,In Transit,Pending
SYSPO0000088,PO796503,SUP801364,WH599948,2025-11-03,2025-11-25,Delivered,Paid
SYSPO0000089,PO414910,SUP598216,WH356150,2026-07-07,2026-07-19,Delivered,Paid
SYSPO0000090,PO681343,SUP523389,WH274389,2025-09-13,2025-09-29,Delivered,Paid
SYSPO0000091,PO884475,SUP335113,WH654634,2025-12-30,2026-01-10,Delivered,Paid
SYSPO0000092,PO100425,SUP322955,WH832052,2025-11-20,2025-12-03,Delivered,Paid
SYSPO0000093,PO786508,SUP920652,WH922157,2026-01-28,2026-02-20,Delivered,Paid
SYSPO0000094,PO596171,SUP302511,WH526117,2026-04-08,2026-04-26,Delivered,Paid
SYSPO0000095,PO763686,SUP307428,WH930555,2026-06-24,2026-07-05,Delivered,Paid
SYSPO0000096,PO425498,SUP486945,WH377746,2025-12-24,2026-01-16,Delivered,Paid
SYSPO0000097,PO598216,SUP696750,WH100425,2025-10-07,2025-10-14,Delivered,Paid
SYSPO0000098,PO853240,SUP429164,WH532322,2025-12-26,2026-01-12,Delivered,Paid
SYSPO0000099,PO105814,SUP642717,WH237174,2025-12-20,2026-01-03,Delivered,Paid
SYSPO0000100,PO829716,SUP899213,WH801474,2025-10-25,2025-11-12,Delivered,Paid
SYSPO0000101,PO578634,SUP597732,WH829716,2026-04-22,2026-05-18,Delivered,Pending
SYSPO0000102,PO724377,SUP576086,WH910891,2025-11-16,2025-11-22,Delayed,Pending
SYSPO0000103,PO742412,SUP613425,WH380746,2026-05-04,2026-05-15,Delivered,Paid
SYSPO0000104,PO879779,SUP618392,WH482364,2026-08-03,2026-08-16,In Transit,Pending
SYSPO0000105,PO980660,SUP372793,WH636265,2026-04-27,2026-05-11,Delivered,Paid
SYSPO0000106,PO350867,SUP688508,WH322086,2026-04-13,2026-04-23,Delivered,Paid
SYSPO0000107,PO452161,SUP153872,WH515011,2025-09-01,2025-09-08,Delivered,Paid
SYSPO0000108,PO501641,SUP121753,WH922157,2026-03-29,2026-04-09,Delivered,Paid
SYSPO0000109,PO668969,SUP598216,WH237174,2026-04-08,2026-04-20,Delivered,Paid
SYSPO0000110,PO907189,SUP972335,WH816751,2025-10-10,2025-11-17,Delivered,Paid
SYSPO0000111,PO106182,SUP887625,WH174441,2026-02-28,2026-03-13,Delivered,Paid
SYSPO0000112,PO976325,SUP680099,WH356150,2026-05-15,2026-06-01,Delivered,Paid
SYSPO0000113,PO331251,SUP265080,WH662336,2025-11-08,2025-11-24,Delivered,Paid
SYSPO0000114,PO452457,SUP662275,WH262316,2025-10-07,2025-10-19,Delivered,Paid
SYSPO0000115,PO752483,SUP378361,WH460663,2026-01-31,2026-03-08,Delayed,Pending
SYSPO0000116,PO795205,SUP349565,WH582662,2025-12-30,2026-01-25,Delivered,Paid
SYSPO0000117,PO290556,SUP356150,WH930555,2025-11-17,2025-12-05,Delivered,Paid
SYSPO0000118,PO453894,SUP472060,WH636265,2026-07-30,2026-08-15,In Transit,Pending
SYSPO0000119,PO542042,SUP881177,WH412942,2026-04-10,2026-04-24,Delivered,Paid
SYSPO0000120,PO154615,SUP285652,WH515011,2026-04-29,2026-05-30,Delivered,Pending
SYSPO0000121,PO142213,SUP965845,WH808011,2026-03-09,2026-03-16,Delayed,Pending
SYSPO0000122,PO121369,SUP519093,WH422451,2025-10-29,2025-11-14,Delivered,Paid
SYSPO0000123,PO328552,SUP733039,WH922157,2026-04-27,2026-05-13,Delivered,Paid
SYSPO0000124,PO736745,SUP437408,WH656116,2025-12-08,2025-12-23,Delivered,Paid
SYSPO0000125,PO426147,SUP865990,WH479201,2026-06-28,2026-07-19,Delivered,Paid
SYSPO0000126,PO493537,SUP449499,WH808011,2026-05-30,2026-06-04,Delayed,Pending
SYSPO0000127,PO720859,SUP768854,WH910891,2026-06-02,2026-06-19,Delivered,Paid
SYSPO0000128,PO729577,SUP891937,WH662336,2025-08-26,2025-09-23,Delivered,Paid
SYSPO0000129,PO658623,SUP598216,WH801474,2025-11-01,2025-11-13,Delivered,Paid
SYSPO0000130,PO113266,SUP965845,WH654634,2026-06-20,2026-06-27,Delivered,Pending
SYSPO0000131,PO766459,SUP153872,WH356150,2025-08-17,2025-08-24,Delivered,Paid
SYSPO0000132,PO782054,SUP877236,WH526117,2026-06-13,2026-06-20,Delivered,Paid
SYSPO0000133,PO587455,SUP839677,WH930555,2025-12-05,2025-12-22,Delivered,Paid
SYSPO0000134,PO357420,SUP664607,WH829716,2026-01-07,2026-02-09,Delivered,Paid
SYSPO0000135,PO697530,SUP197251,WH112038,2025-11-16,2025-11-23,Delivered,Paid
SYSPO0000136,PO611233,SUP728492,WH642717,2025-08-30,2025-09-15,Delivered,Paid
SYSPO0000137,PO725113,SUP595631,WH829716,2025-10-25,2025-11-19,Delivered,Paid
SYSPO0000138,PO353080,SUP877236,WH356150,2026-07-25,2026-08-01,Delivered,Paid
SYSPO0000139,PO777278,SUP972335,WH582662,2026-03-13,2026-04-20,Cancelled,Cancelled
SYSPO0000140,PO408528,SUP801364,WH112038,2026-07-11,2026-08-02,Delivered,Paid
SYSPO0000141,PO486945,SUP335113,WH654634,2026-05-10,2026-05-21,Delivered,Pending
SYSPO0000142,PO677124,SUP871711,WH829716,2025-12-05,2025-12-15,Delivered,Paid
SYSPO0000143,PO341736,SUP972335,WH460663,2025-10-26,2025-12-03,Delivered,Paid
SYSPO0000144,PO899213,SUP829308,WH274389,2026-04-16,2026-04-24,Delivered,Paid
SYSPO0000145,PO718226,SUP372793,WH820221,2026-02-14,2026-02-28,Delivered,Paid
SYSPO0000146,PO410636,SUP372793,WH262316,2026-01-05,2026-01-19,Delivered,Paid
SYSPO0000147,PO232731,SUP920652,WH808011,2026-07-14,2026-08-06,In Transit,Pending
SYSPO0000148,PO406327,SUP184491,WH526833,2026-07-26,2026-08-27,In Transit,Pending
SYSPO0000149,PO207570,SUP523389,WH324082,2026-04-11,2026-04-27,Delivered,Paid
SYSPO0000150,PO293319,SUP427110,WH526117,2026-01-30,2026-02-17,Delivered,Paid
SYSPO0000151,PO168517,SUP639593,WH373903,2025-09-29,2025-10-06,Delivered,Paid
SYSPO0000152,PO259097,SUP681343,WH356150,2025-11-15,2025-11-30,Delivered,Paid
SYSPO0000153,PO360247,SUP344098,WH555884,2025-09-28,2025-10-14,Delivered,Paid
SYSPO0000154,PO748458,SUP681343,WH100425,2025-11-08,2025-11-23,Delivered,Paid
SYSPO0000155,PO411797,SUP671858,WH112038,2026-05-21,2026-06-06,Delivered,Paid
SYSPO0000156,PO876039,SUP976325,WH555884,2026-03-11,2026-03-24,Delayed,Pending
SYSPO0000157,PO321275,SUP839677,WH526833,2026-03-02,2026-03-19,Delivered,Paid
SYSPO0000158,PO178711,SUP871711,WH526117,2025-11-15,2025-11-25,Delivered,Paid
SYSPO0000159,PO405407,SUP887625,WH824586,2026-05-22,2026-06-04,Delivered,Paid
SYSPO0000160,PO576086,SUP804318,WH526833,2026-03-20,2026-04-10,Delivered,Paid
SYSPO0000161,PO755420,SUP322955,WH422451,2026-01-18,2026-01-31,Delivered,Paid
SYSPO0000162,PO671015,SUP300896,WH686075,2026-07-19,2026-07-27,Delivered,Paid
SYSPO0000163,PO174878,SUP133659,WH832052,2026-03-19,2026-04-06,Delivered,Paid
SYSPO0000164,PO696856,SUP664607,WH482364,2026-01-07,2026-02-09,Delivered,Paid
SYSPO0000165,PO522060,SUP497382,WH526833,2025-12-23,2026-01-10,Delivered,Paid
SYSPO0000166,PO141797,SUP486945,WH205907,2025-10-29,2025-11-21,Delivered,Paid
SYSPO0000167,PO340044,SUP925981,WH519066,2025-09-27,2025-10-15,Delivered,Pending
SYSPO0000168,PO901909,SUP664607,WH582662,2026-02-18,2026-03-23,Delivered,Paid
SYSPO0000169,PO644173,SUP497382,WH930555,2026-02-12,2026-03-02,Delayed,Pending
SYSPO0000170,PO713762,SUP153872,WH237174,2025-09-09,2025-09-16,Delivered,Paid
SYSPO0000171,PO464863,SUP378361,WH212235,2026-05-25,2026-06-30,Delivered,Paid
SYSPO0000172,PO445824,SUP692683,WH191161,2025-08-23,2025-09-17,Delivered,Paid
SYSPO0000173,PO953085,SUP378361,WH515011,2026-07-05,2026-08-10,In Transit,Pending
SYSPO0000174,PO438977,SUP696750,WH324082,2025-09-16,2025-09-23,Delayed,Pending
SYSPO0000175,PO639593,SUP989545,WH686075,2025-10-03,2025-10-19,Delivered,Paid
SYSPO0000176,PO296694,SUP322955,WH658582,2026-04-05,2026-04-18,Delivered,Paid
SYSPO0000177,PO896907,SUP801364,WH997546,2025-10-06,2025-10-28,Delivered,Paid
SYSPO0000178,PO559398,SUP725084,WH770487,2026-06-08,2026-06-25,Cancelled,Cancelled
SYSPO0000179,PO760626,SUP572700,WH526833,2026-04-26,2026-05-07,Delivered,Paid
SYSPO0000180,PO527809,SUP572700,WH686075,2026-01-15,2026-01-26,Delivered,Paid
SYSPO0000181,PO223172,SUP972335,WH958179,2026-03-24,2026-05-01,Delivered,Paid
SYSPO0000182,PO386706,SUP618392,WH771088,2025-08-29,2025-09-11,Delivered,Paid
SYSPO0000183,PO678043,SUP972335,WH690341,2026-01-01,2026-02-08,Delivered,Paid
SYSPO0000184,PO243139,SUP768854,WH658582,2025-12-31,2026-01-17,Delivered,Paid
SYSPO0000185,PO925981,SUP696750,WH539589,2026-03-24,2026-03-31,Delivered,Paid
SYSPO0000186,PO715448,SUP156213,WH379766,2026-02-02,2026-02-15,Delayed,Pending
SYSPO0000187,PO255813,SUP839677,WH526833,2026-02-26,2026-03-15,Delivered,Paid
SYSPO0000188,PO669827,SUP184491,WH191161,2025-11-10,2025-12-12,Delivered,Paid
SYSPO0000189,PO831380,SUP865990,WH329974,2026-03-07,2026-03-28,Delivered,Paid
SYSPO0000190,PO145767,SUP944962,WH376807,2026-07-05,2026-07-19,Delivered,Paid
SYSPO0000191,PO504832,SUP519904,WH324082,2025-08-09,2025-08-23,Delivered,Paid
SYSPO0000192,PO138817,SUP757711,WH233470,2026-04-26,2026-05-01,Delivered,Paid
SYSPO0000193,PO986088,SUP688508,WH274389,2026-05-11,2026-05-21,Delivered,Paid
SYSPO0000194,PO251157,SUP671858,WH662336,2025-09-18,2025-10-04,Delivered,Paid
SYSPO0000195,PO919488,SUP705397,WH379766,2026-04-26,2026-05-24,Delivered,Paid
SYSPO0000196,PO993140,SUP300337,WH262316,2026-07-14,2026-07-27,Delivered,Paid
SYSPO0000197,PO432043,SUP650121,WH555884,2026-03-01,2026-03-07,Cancelled,Cancelled
SYSPO0000198,PO171744,SUP260422,WH686075,2026-05-23,2026-06-01,Delivered,Pending
SYSPO0000199,PO883041,SUP598216,WH112038,2025-11-16,2025-11-28,Delivered,Paid
SYSPO0000200,PO205389,SUP725084,WH539589,2026-05-30,2026-06-16,Delivered,Paid
SYSPO0000201,PO440131,SUP829308,WH329974,2026-04-10,2026-04-18,Delivered,Paid
SYSPO0000202,PO656968,SUP133659,WH356150,2025-12-15,2026-01-02,Delivered,Paid
SYSPO0000203,PO182804,SUP755788,WH174441,2025-09-17,2025-10-12,Delivered,Paid
SYSPO0000204,PO250069,SUP449499,WH636265,2025-11-26,2025-12-01,Delivered,Paid
SYSPO0000205,PO109853,SUP664607,WH582662,2026-01-20,2026-02-22,Delayed,Pending
SYSPO0000206,PO265649,SUP197251,WH997546,2025-10-05,2025-10-12,Delivered,Paid
SYSPO0000207,PO769975,SUP221263,WH356150,2026-01-28,2026-02-21,Delivered,Paid
SYSPO0000208,PO503380,SUP829308,WH329974,2025-08-06,2025-08-14,Delivered,Paid
SYSPO0000209,PO410244,SUP459536,WH237174,2026-05-12,2026-05-26,Delivered,Paid
SYSPO0000210,PO387813,SUP614663,WH233470,2026-07-11,2026-07-28,Delivered,Paid
SYSPO0000211,PO151426,SUP725084,WH832052,2026-05-11,2026-05-28,Delivered,Paid
SYSPO0000212,PO913423,SUP965845,WH262316,2025-11-15,2025-11-22,Delivered,Paid
SYSPO0000213,PO751051,SUP728492,WH771088,2026-02-15,2026-03-03,Delivered,Paid
SYSPO0000214,PO979060,SUP197251,WH422451,2026-05-27,2026-06-03,Delivered,Paid
SYSPO0000215,PO423939,SUP688508,WH686075,2025-10-13,2025-10-23,Delivered,Paid
SYSPO0000216,PO409445,SUP618392,WH642717,2026-02-18,2026-03-03,Delivered,Paid
SYSPO0000217,PO665610,SUP259784,WH262316,2026-07-25,2026-08-01,Delivered,Paid
SYSPO0000218,PO369452,SUP955662,WH100425,2025-09-15,2025-10-04,Delayed,Pending
SYSPO0000219,PO455168,SUP650121,WH654634,2026-07-09,2026-07-15,Delivered,Paid
SYSPO0000220,PO336574,SUP519904,WH324082,2026-04-04,2026-04-18,Delivered,Pending
SYSPO0000221,PO943671,SUP990844,WH599948,2025-11-28,2025-12-17,Delivered,Paid
SYSPO0000222,PO229592,SUP300896,WH526117,2026-06-27,2026-07-05,Delivered,Paid
SYSPO0000223,PO499534,SUP972335,WH329974,2026-04-10,2026-05-18,Delivered,Paid
SYSPO0000224,PO688678,SUP285652,WH539589,2026-02-18,2026-03-21,Delayed,Pending
SYSPO0000225,PO166287,SUP920652,WH686075,2026-03-29,2026-04-21,Delayed,Pending
SYSPO0000226,PO528129,SUP757711,WH112038,2025-10-21,2025-10-26,Delivered,Paid
SYSPO0000227,PO616554,SUP705397,WH930555,2025-10-03,2025-10-31,Delivered,Paid
SYSPO0000228,PO575679,SUP770487,WH460663,2025-12-28,2026-01-11,Delivered,Paid
SYSPO0000229,PO539486,SUP285652,WH460663,2026-05-28,2026-06-28,Delivered,Paid
SYSPO0000230,PO745558,SUP427110,WH429164,2025-10-06,2025-10-24,Delayed,Pending
SYSPO0000231,PO823811,SUP965845,WH816751,2026-03-02,2026-03-09,Delivered,Paid
SYSPO0000232,PO480303,SUP976325,WH212235,2026-06-03,2026-06-16,Delayed,Pending
SYSPO0000233,PO776149,SUP153872,WH930555,2026-07-29,2026-08-05,Delivered,Pending
SYSPO0000234,PO989227,SUP804318,WH740967,2026-02-26,2026-03-19,Delivered,Paid
SYSPO0000235,PO122394,SUP755788,WH380746,2026-07-27,2026-08-21,Processing,Pending
SYSPO0000236,PO232040,SUP330914,WH174441,2025-08-05,2025-08-24,Delivered,Paid
SYSPO0000237,PO326441,SUP650121,WH526117,2026-03-25,2026-03-31,Delivered,Paid
SYSPO0000238,PO102973,SUP385470,WH324082,2025-12-08,2025-12-28,Delivered,Paid
SYSPO0000239,PO362829,SUP608257,WH656116,2026-02-10,2026-02-26,Delivered,Paid
SYSPO0000240,PO475644,SUP598216,WH356150,2025-08-12,2025-08-24,Cancelled,Cancelled
SYSPO0000241,PO378258,SUP972335,WH329974,2025-09-17,2025-10-25,Delivered,Paid
SYSPO0000242,PO166645,SUP497887,WH829716,2026-07-31,2026-08-18,In Transit,Pending
SYSPO0000243,PO722503,SUP572700,WH274389,2025-12-23,2026-01-03,Delivered,Paid
SYSPO0000244,PO862569,SUP880879,WH582662,2026-07-12,2026-08-19,In Transit,Pending
SYSPO0000245,PO163780,SUP768854,WH233470,2026-06-23,2026-07-10,Delivered,Paid
SYSPO0000246,PO847006,SUP356150,WH205907,2026-06-14,2026-07-02,Delivered,Paid
SYSPO0000247,PO168872,SUP639593,WH922157,2025-12-02,2025-12-09,Delivered,Paid
SYSPO0000248,PO440981,SUP887625,WH377746,2025-11-05,2025-11-18,Delayed,Pending
SYSPO0000249,PO575755,SUP427110,WH532322,2025-08-27,2025-09-14,Delivered,Paid
SYSPO0000250,PO994217,SUP680099,WH910891,2025-11-06,2025-11-23,Delivered,Paid
SYSPO0000251,PO967611,SUP333238,WH656116,2026-07-11,2026-07-30,Delivered,Paid
SYSPO0000252,PO427704,SUP598216,WH233470,2026-03-13,2026-03-25,Delivered,Paid
SYSPO0000253,PO170394,SUP472060,WH829716,2025-09-04,2025-09-20,Delivered,Paid
SYSPO0000254,PO874683,SUP302511,WH997546,2025-09-07,2025-09-25,Delivered,Paid
SYSPO0000255,PO688866,SUP639593,WH112038,2026-05-16,2026-05-23,Delivered,Paid
SYSPO0000256,PO886730,SUP871711,WH555884,2026-02-09,2026-02-19,Delivered,Pending
SYSPO0000257,PO729575,SUP768854,WH429164,2026-06-17,2026-07-04,Delivered,Paid
SYSPO0000258,PO788637,SUP899213,WH532322,2025-08-31,2025-09-18,Delivered,Paid
SYSPO0000259,PO485415,SUP972335,WH376807,2026-05-27,2026-07-04,Delivered,Paid
SYSPO0000260,PO986209,SUP321275,WH997546,2026-02-27,2026-03-06,Delivered,Paid
SYSPO0000261,PO130359,SUP576086,WH690341,2026-05-29,2026-06-04,Delivered,Paid
SYSPO0000262,PO468074,SUP197251,WH356150,2025-09-22,2025-09-29,Delivered,Paid
SYSPO0000263,PO172965,SUP829308,WH322086,2025-09-23,2025-10-01,Delivered,Paid
SYSPO0000264,PO656251,SUP696750,WH801474,2026-04-18,2026-04-25,Delivered,Paid
SYSPO0000265,PO426775,SUP650121,WH801474,2026-02-05,2026-02-11,Delivered,Paid
SYSPO0000266,PO155164,SUP768854,WH771088,2026-03-06,2026-03-23,Delivered,Paid
SYSPO0000267,PO385320,SUP429164,WH519066,2025-10-08,2025-10-25,Delivered,Paid
SYSPO0000268,PO386436,SUP322955,WH324082,2025-11-15,2025-11-28,Delivered,Paid
SYSPO0000269,PO397005,SUP285652,WH329974,2026-02-25,2026-03-28,Delivered,Paid
SYSPO0000270,PO728437,SUP755788,WH380746,2026-07-09,2026-08-03,Delivered,Paid
SYSPO0000271,PO243901,SUP946305,WH771088,2026-03-28,2026-04-25,Delivered,Paid
SYSPO0000272,PO551574,SUP613425,WH482364,2026-01-16,2026-01-27,Delivered,Paid
SYSPO0000273,PO685864,SUP350867,WH532322,2025-10-26,2025-11-10,Delivered,Paid
SYSPO0000274,PO144357,SUP221263,WH654634,2026-07-31,2026-08-24,In Transit,Pending
SYSPO0000275,PO428267,SUP813536,WH174441,2026-03-02,2026-03-23,Delivered,Paid
SYSPO0000276,PO403578,SUP757711,WH555884,2026-05-25,2026-05-30,Delivered,Paid
SYSPO0000277,PO748151,SUP184491,WH910891,2026-05-15,2026-06-16,Delivered,Paid
SYSPO0000278,PO985506,SUP690341,WH997546,2026-04-29,2026-05-04,Delivered,Paid
SYSPO0000279,PO514991,SUP513160,WH636265,2025-10-22,2025-11-15,Delivered,Paid
SYSPO0000280,PO180089,SUP944962,WH429164,2026-05-08,2026-05-22,Delivered,Paid
SYSPO0000281,PO468154,SUP497887,WH539589,2025-12-04,2025-12-22,Delayed,Pending
SYSPO0000282,PO254864,SUP437408,WH801474,2026-01-06,2026-01-21,Delivered,Paid
SYSPO0000283,PO260295,SUP459536,WH555884,2026-04-22,2026-05-06,Delivered,Paid
SYSPO0000284,PO586490,SUP378361,WH832052,2026-04-14,2026-05-20,Delivered,Paid
SYSPO0000285,PO754858,SUP372793,WH808011,2025-12-28,2026-01-11,Delivered,Paid
SYSPO0000286,PO171603,SUP842411,WH324082,2026-01-22,2026-01-30,Delivered,Paid
SYSPO0000287,PO158900,SUP273982,WH515011,2026-07-20,2026-08-05,Delivered,Paid
SYSPO0000288,PO159653,SUP446954,WH212235,2026-02-22,2026-03-04,Delivered,Paid
SYSPO0000289,PO996840,SUP829308,WH324082,2026-01-27,2026-02-04,Delivered,Paid
SYSPO0000290,PO681242,SUP372793,WH373903,2025-09-20,2025-10-04,Delivered,Paid
SYSPO0000291,PO783501,SUP829308,WH832052,2025-11-09,2025-11-17,Delivered,Paid
SYSPO0000292,PO164879,SUP335113,WH237174,2025-10-31,2025-11-11,Delivered,Paid
SYSPO0000293,PO849014,SUP302511,WH191161,2025-08-29,2025-09-16,Delivered,Paid
SYSPO0000294,PO559022,SUP519093,WH380746,2025-12-14,2025-12-30,Delivered,Paid
SYSPO0000295,PO396635,SUP330914,WH205907,2025-08-13,2025-09-01,Delivered,Paid
SYSPO0000296,PO927564,SUP801364,WH740967,2026-03-21,2026-04-12,Delivered,Paid
SYSPO0000297,PO397949,SUP449499,WH422451,2026-03-08,2026-03-13,Delivered,Paid
SYSPO0000298,PO257677,SUP330914,WH519066,2025-11-02,2025-11-21,Delivered,Paid
SYSPO0000299,PO425301,SUP899213,WH356150,2026-03-21,2026-04-08,Delivered,Paid
SYSPO0000300,PO686072,SUP240814,WH922157,2025-10-29,2025-11-04,Delivered,Paid
SYSPO0000301,PO836971,SUP322955,WH100425,2025-08-07,2025-08-20,Delayed,Pending
SYSPO0000302,PO197992,SUP770487,WH922157,2025-09-01,2025-09-15,Delivered,Paid
SYSPO0000303,PO423869,SUP302511,WH567574,2026-05-06,2026-05-24,Delayed,Pending
SYSPO0000304,PO903373,SUP728492,WH801474,2026-04-07,2026-04-23,Delivered,Paid
SYSPO0000305,PO410160,SUP420214,WH555884,2025-08-27,2025-09-09,Delivered,Paid
SYSPO0000306,PO652108,SUP671858,WH781453,2025-11-01,2025-11-17,Delivered,Paid
SYSPO0000307,PO726258,SUP437408,WH112038,2025-08-31,2025-09-15,Delivered,Paid
SYSPO0000308,PO755087,SUP650121,WH519066,2026-07-22,2026-07-28,Delivered,Paid
SYSPO0000309,PO854540,SUP497382,WH770487,2025-08-17,2025-09-04,Delayed,Pending
SYSPO0000310,PO888939,SUP349565,WH412942,2026-07-04,2026-07-30,Delivered,Pending
SYSPO0000311,PO922471,SUP705397,WH642717,2025-12-11,2026-01-08,Delayed,Pending
SYSPO0000312,PO811256,SUP330914,WH322086,2025-09-01,2025-09-20,Delivered,Paid
SYSPO0000313,PO653081,SUP972064,WH642717,2026-02-20,2026-03-10,Delayed,Pending
SYSPO0000314,PO940181,SUP692683,WH324082,2025-11-05,2025-11-30,Delivered,Paid
SYSPO0000315,PO489244,SUP804318,WH930555,2025-11-21,2025-12-12,Delivered,Paid
SYSPO0000316,PO187949,SUP813536,WH808011,2026-04-21,2026-05-12,Delivered,Paid
SYSPO0000317,PO558723,SUP728492,WH526833,2026-02-09,2026-02-25,Delayed,Pending
SYSPO0000318,PO573041,SUP523389,WH820221,2025-10-27,2025-11-12,Delayed,Pending
SYSPO0000319,PO515712,SUP391668,WH174441,2026-03-02,2026-03-15,Delivered,Paid
SYSPO0000320,PO335445,SUP946305,WH174441,2025-09-25,2025-10-23,Delivered,Paid
SYSPO0000321,PO451577,SUP589710,WH212235,2026-05-12,2026-05-31,Delivered,Paid
SYSPO0000322,PO829884,SUP260422,WH380746,2026-08-03,2026-08-12,Processing,Pending
SYSPO0000323,PO745239,SUP877236,WH808011,2026-07-13,2026-07-20,Cancelled,Cancelled
SYSPO0000324,PO326130,SUP733039,WH686075,2026-03-14,2026-03-30,Delivered,Paid
SYSPO0000325,PO216587,SUP671858,WH740967,2026-03-16,2026-04-01,Delivered,Paid
SYSPO0000326,PO769989,SUP989545,WH930555,2026-02-04,2026-02-20,Delivered,Paid
SYSPO0000327,PO662093,SUP285652,WH412942,2025-11-07,2025-12-08,Delivered,Paid
SYSPO0000328,PO405420,SUP692683,WH460663,2026-06-05,2026-06-30,Delivered,Paid
SYSPO0000329,PO296412,SUP333238,WH233470,2026-02-04,2026-02-23,Delivered,Paid
SYSPO0000330,PO651613,SUP437902,WH958179,2026-06-14,2026-07-01,Delivered,Paid
SYSPO0000331,PO491435,SUP153872,WH262316,2026-01-10,2026-01-17,Delivered,Paid
SYSPO0000332,PO352838,SUP437902,WH690341,2025-10-17,2025-11-03,Delivered,Paid
SYSPO0000333,PO146489,SUP133659,WH526117,2025-09-10,2025-09-28,Delivered,Paid
SYSPO0000334,PO916990,SUP437902,WH781453,2025-09-11,2025-09-28,Delayed,Pending
SYSPO0000335,PO291132,SUP356150,WH740967,2026-04-17,2026-05-05,Delivered,Paid
SYSPO0000336,PO407696,SUP944962,WH377746,2026-01-19,2026-02-02,Delivered,Paid
SYSPO0000337,PO425138,SUP472060,WH816751,2025-12-20,2026-01-05,Delayed,Pending
SYSPO0000338,PO365618,SUP385470,WH930555,2026-01-16,2026-02-05,Delivered,Paid
SYSPO0000339,PO918771,SUP598216,WH205907,2026-01-11,2026-01-23,Delivered,Paid
SYSPO0000340,PO485896,SUP330914,WH324082,2026-02-02,2026-02-21,Delivered,Paid
SYSPO0000341,PO505426,SUP696750,WH100425,2026-07-06,2026-07-13,Delayed,Pending
SYSPO0000342,PO621691,SUP871711,WH997546,2026-05-15,2026-05-25,Delayed,Pending
SYSPO0000343,PO940064,SUP989545,WH324082,2025-08-26,2025-09-11,Delivered,Paid
SYSPO0000344,PO962287,SUP842411,WH262316,2026-04-23,2026-05-01,Delivered,Paid
SYSPO0000345,PO793024,SUP955662,WH801474,2026-04-15,2026-05-04,Delivered,Paid
SYSPO0000346,PO823270,SUP690341,WH922157,2026-04-12,2026-04-17,Delivered,Paid
SYSPO0000347,PO469685,SUP662275,WH662336,2025-09-12,2025-09-24,Delivered,Paid
SYSPO0000348,PO178686,SUP990844,WH816751,2025-08-28,2025-09-16,Delivered,Paid
SYSPO0000349,PO132653,SUP330914,WH910891,2026-01-08,2026-01-27,Delivered,Paid
SYSPO0000350,PO232361,SUP990844,WH654634,2026-05-14,2026-06-02,Delivered,Paid
SYSPO0000351,PO694799,SUP829308,WH377746,2025-12-14,2025-12-22,Delivered,Paid
SYSPO0000352,PO490084,SUP595631,WH781453,2026-06-11,2026-07-06,Delivered,Paid
SYSPO0000353,PO517368,SUP618392,WH690341,2026-07-05,2026-07-18,Delivered,Paid
SYSPO0000354,PO871411,SUP459536,WH526833,2025-09-16,2025-09-30,Delivered,Paid
SYSPO0000355,PO374492,SUP240814,WH262316,2025-11-09,2025-11-15,Delivered,Paid
SYSPO0000356,PO827691,SUP513160,WH656116,2025-10-18,2025-11-11,Delivered,Paid
SYSPO0000357,PO281043,SUP333238,WH785197,2025-10-17,2025-11-05,Delivered,Paid
SYSPO0000358,PO986593,SUP802729,WH824586,2026-03-01,2026-03-12,Delivered,Paid
SYSPO0000359,PO404466,SUP153872,WH662336,2026-01-26,2026-02-02,Delivered,Paid
SYSPO0000360,PO768676,SUP285652,WH380746,2025-09-28,2025-10-29,Delivered,Paid
SYSPO0000361,PO310743,SUP121753,WH922157,2026-01-15,2026-01-26,Delivered,Paid
SYSPO0000362,PO700076,SUP307428,WH526117,2025-10-15,2025-10-26,Delivered,Paid
SYSPO0000363,PO190403,SUP378361,WH174441,2025-11-21,2025-12-27,Delivered,Paid
SYSPO0000364,PO651231,SUP260263,WH100425,2026-01-31,2026-02-07,Delivered,Paid
SYSPO0000365,PO432427,SUP965845,WH922157,2025-11-10,2025-11-17,Delivered,Paid
SYSPO0000366,PO969325,SUP725084,WH191161,2026-07-10,2026-07-27,Delivered,Pending
SYSPO0000367,PO553633,SUP642717,WH233470,2026-07-29,2026-08-12,Processing,Pending
SYSPO0000368,PO230192,SUP770487,WH237174,2025-09-03,2025-09-17,Delivered,Paid
SYSPO0000369,PO843788,SUP572387,WH636265,2026-01-24,2026-02-09,Delivered,Paid
SYSPO0000370,PO987025,SUP335615,WH922157,2026-06-14,2026-06-20,Delivered,Paid
SYSPO0000371,PO231250,SUP211764,WH656116,2026-07-05,2026-07-22,Delivered,Paid
SYSPO0000372,PO720556,SUP891937,WH832052,2026-07-03,2026-07-31,Delivered,Paid
SYSPO0000373,PO454019,SUP513160,WH654634,2026-03-06,2026-03-30,Cancelled,Cancelled
SYSPO0000374,PO147670,SUP350867,WH422451,2025-09-12,2025-09-27,Delivered,Paid
SYSPO0000375,PO699929,SUP221263,WH237174,2025-08-24,2025-09-17,Cancelled,Cancelled
SYSPO0000376,PO757629,SUP972064,WH997546,2026-04-15,2026-05-03,Delivered,Paid
SYSPO0000377,PO943776,SUP133659,WH526117,2026-03-02,2026-03-20,Delivered,Paid
SYSPO0000378,PO265759,SUP372793,WH820221,2026-06-25,2026-07-09,Delivered,Paid
SYSPO0000379,PO250647,SUP976325,WH832052,2025-08-10,2025-08-23,Delivered,Pending
SYSPO0000380,PO462147,SUP153872,WH829716,2025-09-10,2025-09-17,Delivered,Paid
SYSPO0000381,PO434617,SUP650121,WH824586,2026-07-30,2026-08-05,Delivered,Paid
SYSPO0000382,PO201514,SUP680099,WH412942,2026-05-24,2026-06-10,Delivered,Paid
SYSPO0000383,PO360330,SUP765095,WH658582,2026-06-30,2026-08-04,Delivered,Paid
SYSPO0000384,PO299055,SUP755788,WH770487,2025-11-04,2025-11-29,Delivered,Paid
SYSPO0000385,PO423528,SUP662275,WH532322,2025-10-08,2025-10-20,Delivered,Paid
SYSPO0000386,PO352422,SUP240814,WH808011,2026-01-09,2026-01-15,Delivered,Paid
SYSPO0000387,PO726543,SUP839677,WH922157,2026-02-09,2026-02-26,Cancelled,Cancelled
SYSPO0000388,PO212718,SUP472060,WH460663,2026-02-07,2026-02-23,Delivered,Paid
SYSPO0000389,PO522842,SUP705397,WH781453,2025-10-27,2025-11-24,Delivered,Paid
SYSPO0000390,PO480133,SUP259784,WH922157,2026-07-06,2026-07-13,Delivered,Paid
SYSPO0000391,PO393308,SUP256294,WH686075,2026-01-07,2026-01-20,Delivered,Pending
SYSPO0000392,PO513037,SUP385470,WH656116,2026-07-21,2026-08-10,Processing,Pending
SYSPO0000393,PO483366,SUP385470,WH429164,2025-08-27,2025-09-16,Delivered,Paid
SYSPO0000394,PO147504,SUP384076,WH829716,2025-10-07,2025-10-22,Delivered,Paid
SYSPO0000395,PO579187,SUP179046,WH690341,2025-12-30,2026-01-19,Delivered,Paid
SYSPO0000396,PO742848,SUP899213,WH922157,2025-08-05,2025-08-23,Delivered,Paid
SYSPO0000397,PO413769,SUP519093,WH460663,2026-01-03,2026-01-19,Delivered,Paid
SYSPO0000398,PO690268,SUP211764,WH205907,2025-11-15,2025-12-02,Cancelled,Cancelled
SYSPO0000399,PO447329,SUP472060,WH429164,2026-07-30,2026-08-15,Processing,Pending
SYSPO0000400,PO935457,SUP642717,WH526117,2026-06-05,2026-06-19,Delivered,Paid
SYSPO0000401,PO378428,SUP870763,WH519066,2026-06-05,2026-06-21,Delivered,Paid
SYSPO0000402,PO759580,SUP523389,WH479201,2026-01-28,2026-02-13,Delivered,Paid
SYSPO0000403,PO834549,SUP350867,WH832052,2025-11-23,2025-12-08,Delivered,Paid
SYSPO0000404,PO533020,SUP513160,WH808011,2026-01-16,2026-02-09,Delivered,Paid
SYSPO0000405,PO989587,SUP920652,WH412942,2026-05-02,2026-05-25,Delivered,Paid
SYSPO0000406,PO794395,SUP240814,WH356150,2026-05-15,2026-05-21,Delivered,Paid
SYSPO0000407,PO659024,SUP302511,WH686075,2026-06-05,2026-06-23,Delivered,Paid
SYSPO0000408,PO813813,SUP972064,WH205907,2026-03-08,2026-03-26,Delivered,Paid
SYSPO0000409,PO358494,SUP608257,WH233470,2026-04-19,2026-05-05,Delivered,Pending
SYSPO0000410,PO412071,SUP890170,WH922157,2026-05-11,2026-05-18,Delivered,Paid
SYSPO0000411,PO603110,SUP757711,WH322086,2026-02-10,2026-02-15,Delivered,Paid
SYSPO0000412,PO401769,SUP526117,WH690341,2025-10-04,2025-10-20,Delivered,Paid
SYSPO0000413,PO513697,SUP259784,WH686075,2025-10-17,2025-10-24,Delayed,Pending
SYSPO0000414,PO404561,SUP245051,WH829716,2025-11-28,2025-12-19,Delivered,Paid
SYSPO0000415,PO563864,SUP321275,WH567574,2025-10-28,2025-11-04,Delivered,Paid
SYSPO0000416,PO384303,SUP184491,WH460663,2025-08-27,2025-09-28,Delivered,Paid
SYSPO0000417,PO354235,SUP349565,WH329974,2026-03-17,2026-04-12,Delivered,Paid
SYSPO0000418,PO155040,SUP321275,WH482364,2026-05-17,2026-05-24,Delivered,Paid
SYSPO0000419,PO908206,SUP725084,WH532322,2026-03-03,2026-03-20,Delivered,Paid
SYSPO0000420,PO526673,SUP449499,WH519066,2025-08-28,2025-09-02,Delivered,Pending
SYSPO0000421,PO436768,SUP904150,WH582662,2026-05-22,2026-06-17,Delivered,Paid
SYSPO0000422,PO702022,SUP608257,WH479201,2025-12-04,2025-12-20,Delivered,Paid
SYSPO0000423,PO283568,SUP871711,WH379766,2025-08-27,2025-09-06,Delivered,Paid
SYSPO0000424,PO976822,SUP725084,WH781453,2025-08-24,2025-09-10,Delivered,Paid
SYSPO0000425,PO403528,SUP765095,WH191161,2026-03-19,2026-04-23,Delivered,Paid
SYSPO0000426,PO451317,SUP681343,WH771088,2026-02-06,2026-02-21,Delivered,Paid
SYSPO0000427,PO240718,SUP513160,WH191161,2026-02-16,2026-03-12,Delivered,Paid
SYSPO0000428,PO866634,SUP302511,WH429164,2026-07-28,2026-08-15,In Transit,Pending
SYSPO0000429,PO114768,SUP865990,WH100425,2026-07-02,2026-07-23,Delivered,Paid
SYSPO0000430,PO284019,SUP976325,WH519066,2026-02-27,2026-03-12,Delivered,Paid
SYSPO0000431,PO640310,SUP519904,WH479201,2025-10-05,2025-10-19,Delivered,Paid
SYSPO0000432,PO247442,SUP526117,WH380746,2025-08-27,2025-09-12,Delivered,Paid
SYSPO0000433,PO346961,SUP662275,WH100425,2026-02-18,2026-03-02,Delivered,Paid
SYSPO0000434,PO857997,SUP446954,WH329974,2025-09-05,2025-09-15,Delivered,Paid
SYSPO0000435,PO800224,SUP598216,WH262316,2026-07-01,2026-07-13,Delivered,Paid
SYSPO0000436,PO837733,SUP240814,WH422451,2025-10-16,2025-10-22,Delivered,Paid
SYSPO0000437,PO485397,SUP335615,WH112038,2025-08-31,2025-09-06,Delivered,Paid
SYSPO0000438,PO884056,SUP486945,WH771088,2026-03-24,2026-04-16,Delivered,Paid
SYSPO0000439,PO663628,SUP688508,WH922157,2025-08-31,2025-09-10,Delivered,Paid
SYSPO0000440,PO925618,SUP829308,WH429164,2026-04-24,2026-05-02,Delivered,Paid
SYSPO0000441,PO691573,SUP955662,WH654634,2026-07-05,2026-07-24,Delivered,Paid
SYSPO0000442,PO700521,SUP728492,WH526833,2025-11-04,2025-11-20,Delivered,Paid
SYSPO0000443,PO813341,SUP736059,WH636265,2026-01-08,2026-01-22,Delivered,Paid
SYSPO0000444,PO567122,SUP944962,WH329974,2025-09-20,2025-10-04,Delivered,Paid
SYSPO0000445,PO160541,SUP589710,WH356150,2026-08-05,2026-08-24,In Transit,Pending
SYSPO0000446,PO858414,SUP871711,WH801474,2026-07-16,2026-07-26,Delivered,Paid
SYSPO0000447,PO706403,SUP344098,WH422451,2026-03-14,2026-03-30,Delivered,Paid
SYSPO0000448,PO163182,SUP133659,WH910891,2025-11-08,2025-11-26,Delayed,Pending
SYSPO0000449,PO401036,SUP133659,WH801474,2026-03-17,2026-04-04,Delivered,Paid
SYSPO0000450,PO864715,SUP245051,WH422451,2026-03-23,2026-04-13,Delivered,Paid
SYSPO0000451,PO495833,SUP576086,WH567574,2025-08-20,2025-08-26,Delivered,Paid
SYSPO0000452,PO239449,SUP216970,WH654634,2026-04-02,2026-04-21,Delivered,Pending
SYSPO0000453,PO512151,SUP179046,WH526833,2025-09-05,2025-09-25,Delivered,Paid
SYSPO0000454,PO892911,SUP613425,WH808011,2026-01-14,2026-01-25,Delayed,Pending
SYSPO0000455,PO854024,SUP486945,WH356150,2026-04-17,2026-05-10,Delivered,Paid
SYSPO0000456,PO462974,SUP890170,WH322086,2026-03-19,2026-03-26,Delivered,Paid
SYSPO0000457,PO218326,SUP197251,WH233470,2026-03-12,2026-03-19,Delivered,Paid
SYSPO0000458,PO116405,SUP880879,WH690341,2026-02-24,2026-04-03,Delivered,Paid
SYSPO0000459,PO726822,SUP330914,WH785197,2025-12-05,2025-12-24,Delivered,Paid
SYSPO0000460,PO665979,SUP770487,WH262316,2026-08-03,2026-08-17,Processing,Pending
SYSPO0000461,PO246942,SUP285652,WH373903,2025-11-14,2025-12-15,Delivered,Paid
SYSPO0000462,PO705526,SUP429164,WH100425,2025-10-23,2025-11-09,Delivered,Pending
SYSPO0000463,PO646571,SUP437408,WH422451,2026-04-22,2026-05-07,Delivered,Paid
SYSPO0000464,PO720407,SUP486945,WH832052,2026-05-10,2026-06-02,Delivered,Paid
SYSPO0000465,PO461145,SUP891937,WH567574,2025-12-05,2026-01-02,Delivered,Paid
SYSPO0000466,PO256466,SUP728492,WH519066,2025-11-05,2025-11-21,Delivered,Paid
SYSPO0000467,PO990598,SUP437408,WH519066,2025-11-16,2025-12-01,Delivered,Paid
SYSPO0000468,PO160423,SUP613425,WH322086,2026-01-05,2026-01-16,Delayed,Pending
SYSPO0000469,PO240606,SUP486945,WH356150,2025-09-24,2025-10-17,Delivered,Paid
SYSPO0000470,PO571635,SUP662275,WH686075,2026-04-22,2026-05-04,Delivered,Paid
SYSPO0000471,PO381502,SUP920652,WH808011,2026-04-12,2026-05-05,Delivered,Paid
SYSPO0000472,PO297303,SUP497887,WH532322,2025-11-29,2025-12-17,Delivered,Paid
SYSPO0000473,PO449138,SUP865990,WH824586,2026-01-29,2026-02-19,Cancelled,Cancelled
SYSPO0000474,PO299254,SUP946305,WH658582,2025-12-05,2026-01-02,Delivered,Paid
SYSPO0000475,PO829417,SUP300337,WH205907,2026-07-31,2026-08-13,In Transit,Pending
SYSPO0000476,PO437237,SUP486945,WH329974,2026-05-23,2026-06-15,Delivered,Paid
SYSPO0000477,PO374267,SUP765095,WH380746,2026-08-03,2026-09-07,In Transit,Pending
SYSPO0000478,PO203398,SUP486945,WH233470,2025-09-02,2025-09-25,Delivered,Paid
SYSPO0000479,PO428122,SUP285652,WH930555,2025-08-08,2025-09-08,Delivered,Paid
SYSPO0000480,PO117007,SUP523389,WH636265,2026-01-29,2026-02-14,Delivered,Paid
SYSPO0000481,PO409531,SUP335113,WH997546,2026-04-03,2026-04-14,Delivered,Paid
SYSPO0000482,PO357666,SUP955662,WH356150,2026-03-11,2026-03-30,Delivered,Paid
SYSPO0000483,PO900441,SUP946305,WH379766,2025-09-12,2025-10-10,Delayed,Pending
SYSPO0000484,PO614426,SUP259784,WH997546,2025-09-02,2025-09-09,Delivered,Paid
SYSPO0000485,PO855303,SUP349565,WH329974,2026-03-01,2026-03-27,Delivered,Pending
SYSPO0000486,PO161585,SUP240814,WH237174,2025-10-26,2025-11-01,Delivered,Paid
SYSPO0000487,PO150871,SUP680099,WH329974,2026-02-17,2026-03-06,Delivered,Paid
SYSPO0000488,PO841521,SUP881177,WH910891,2025-11-15,2025-11-29,Delivered,Paid
SYSPO0000489,PO747847,SUP736059,WH801474,2025-09-25,2025-10-09,Delivered,Paid
SYSPO0000490,PO611552,SUP321275,WH539589,2026-08-02,2026-08-09,In Transit,Pending
SYSPO0000491,PO112426,SUP757711,WH686075,2025-12-18,2025-12-23,Delivered,Pending
SYSPO0000492,PO117975,SUP589710,WH356150,2026-07-13,2026-08-01,Delivered,Paid
SYSPO0000493,PO287974,SUP887625,WH555884,2025-08-31,2025-09-13,Delayed,Pending
SYSPO0000494,PO352674,SUP613425,WH785197,2026-07-12,2026-07-23,Delivered,Paid
SYSPO0000495,PO933551,SUP642717,WH636265,2025-11-07,2025-11-21,Delivered,Paid
SYSPO0000496,PO355021,SUP572387,WH380746,2025-12-26,2026-01-11,Delivered,Paid
SYSPO0000497,PO999908,SUP664607,WH329974,2025-11-23,2025-12-26,Delivered,Paid
SYSPO0000498,PO158840,SUP688508,WH922157,2025-10-05,2025-10-15,Delivered,Paid
SYSPO0000499,PO776234,SUP618392,WH785197,2026-01-22,2026-02-04,Delivered,Paid
SYSPO0000500,PO653815,SUP972064,WH785197,2026-06-24,2026-07-12,Delivered,Paid
SYSPO0000501,PO694316,SUP671858,WH770487,2026-03-03,2026-03-19,Delivered,Paid
SYSPO0000502,PO393992,SUP890170,WH205907,2026-05-05,2026-05-12,Delivered,Paid
SYSPO0000503,PO317221,SUP755788,WH816751,2025-11-30,2025-12-25,Delivered,Paid
SYSPO0000504,PO180674,SUP877236,WH262316,2026-03-30,2026-04-06,Delivered,Paid
SYSPO0000505,PO508060,SUP598216,WH808011,2026-06-14,2026-06-26,Delivered,Paid
SYSPO0000506,PO822794,SUP839677,WH515011,2026-04-15,2026-05-02,Delivered,Paid
SYSPO0000507,PO558320,SUP804318,WH356150,2026-02-26,2026-03-19,Delivered,Paid
SYSPO0000508,PO724540,SUP589710,WH479201,2025-08-08,2025-08-27,Delayed,Pending
SYSPO0000509,PO764926,SUP437408,WH832052,2026-04-21,2026-05-06,Delivered,Paid
SYSPO0000510,PO679902,SUP572387,WH329974,2026-06-18,2026-07-04,Delivered,Paid
SYSPO0000511,PO189856,SUP589710,WH801474,2026-03-08,2026-03-27,Delivered,Paid
SYSPO0000512,PO380989,SUP121753,WH526117,2025-11-29,2025-12-10,Delivered,Paid
SYSPO0000513,PO508548,SUP618392,WH380746,2026-08-01,2026-08-14,In Transit,Pending
SYSPO0000514,PO423241,SUP990844,WH526833,2026-04-19,2026-05-08,Delivered,Paid
SYSPO0000515,PO296494,SUP437408,WH771088,2025-09-14,2025-09-29,Delivered,Paid
SYSPO0000516,PO127537,SUP608257,WH770487,2026-08-04,2026-08-20,In Transit,Pending
SYSPO0000517,PO727094,SUP613425,WH539589,2026-07-12,2026-07-23,Cancelled,Cancelled
SYSPO0000518,PO533911,SUP572387,WH274389,2025-09-26,2025-10-12,Delivered,Paid
SYSPO0000519,PO354533,SUP497382,WH636265,2025-11-15,2025-12-03,Delivered,Paid
SYSPO0000520,PO381444,SUP688508,WH322086,2025-09-18,2025-09-28,Delivered,Paid
SYSPO0000521,PO414313,SUP265080,WH808011,2026-07-16,2026-08-01,Delivered,Paid
SYSPO0000522,PO855917,SUP608257,WH526117,2025-09-15,2025-10-01,Delivered,Paid
SYSPO0000523,PO419457,SUP344098,WH808011,2026-05-20,2026-06-05,Delayed,Pending
SYSPO0000524,PO750318,SUP216970,WH237174,2026-03-07,2026-03-26,Delivered,Paid
SYSPO0000525,PO955088,SUP307428,WH237174,2025-10-04,2025-10-15,Delivered,Paid
SYSPO0000526,PO602278,SUP880879,WH376807,2025-11-18,2025-12-26,Delivered,Paid
SYSPO0000527,PO870571,SUP801364,WH770487,2025-11-22,2025-12-14,Delayed,Pending
SYSPO0000528,PO441716,SUP260422,WH212235,2026-03-27,2026-04-05,Delivered,Paid
SYSPO0000529,PO691240,SUP955662,WH112038,2025-10-25,2025-11-13,Delivered,Paid
SYSPO0000530,PO676820,SUP725084,WH808011,2026-05-10,2026-05-27,Delayed,Pending
SYSPO0000531,PO842776,SUP322955,WH997546,2025-12-16,2025-12-29,Delivered,Paid
SYSPO0000532,PO958747,SUP245051,WH801474,2025-10-23,2025-11-13,Delivered,Paid
SYSPO0000533,PO364955,SUP391668,WH373903,2026-04-28,2026-05-11,Delivered,Paid
SYSPO0000534,PO570880,SUP523389,WH829716,2026-04-08,2026-04-24,Delivered,Paid
SYSPO0000535,PO825309,SUP639593,WH922157,2026-07-02,2026-07-09,Delivered,Paid
SYSPO0000536,PO951755,SUP972335,WH526833,2025-11-15,2025-12-23,Delivered,Paid
SYSPO0000537,PO274418,SUP300337,WH100425,2026-02-17,2026-03-02,Delivered,Paid
SYSPO0000538,PO889245,SUP692683,WH785197,2026-02-10,2026-03-07,Delayed,Pending
SYSPO0000539,PO111060,SUP946305,WH656116,2025-11-10,2025-12-08,Delivered,Paid
SYSPO0000540,PO708717,SUP153872,WH808011,2026-07-22,2026-07-29,Delivered,Paid
SYSPO0000541,PO717181,SUP728492,WH212235,2026-07-23,2026-08-08,Cancelled,Cancelled
SYSPO0000542,PO209627,SUP344098,WH539589,2026-06-29,2026-07-15,Delivered,Paid
SYSPO0000543,PO865618,SUP639593,WH422451,2025-08-24,2025-08-31,Delivered,Paid
SYSPO0000544,PO646428,SUP736059,WH515011,2025-09-09,2025-09-23,Delivered,Paid
SYSPO0000545,PO574425,SUP330914,WH422451,2026-04-08,2026-04-27,Delivered,Paid
SYSPO0000546,PO123682,SUP608257,WH922157,2026-01-16,2026-02-01,Delivered,Paid
SYSPO0000547,PO876459,SUP384076,WH656116,2026-06-23,2026-07-08,Delivered,Paid
SYSPO0000548,PO547080,SUP842411,WH274389,2025-11-20,2025-11-28,Delivered,Paid
SYSPO0000549,PO771590,SUP513160,WH482364,2025-08-22,2025-09-15,Delivered,Paid
SYSPO0000550,PO571413,SUP881177,WH519066,2025-08-06,2025-08-20,Cancelled,Cancelled
SYSPO0000551,PO325230,SUP302511,WH781453,2025-12-12,2025-12-30,Delivered,Paid
SYSPO0000552,PO705393,SUP437902,WH526833,2026-05-31,2026-06-17,Delivered,Paid
SYSPO0000553,PO306647,SUP184491,WH642717,2025-09-24,2025-10-26,Delivered,Paid
SYSPO0000554,PO770153,SUP513160,WH329974,2026-04-09,2026-05-03,Delivered,Paid
SYSPO0000555,PO464825,SUP692683,WH539589,2025-11-14,2025-12-09,Delivered,Paid
SYSPO0000556,PO840282,SUP572387,WH771088,2025-10-06,2025-10-22,Delayed,Pending
SYSPO0000557,PO804758,SUP662275,WH824586,2026-05-19,2026-05-31,Delivered,Paid
SYSPO0000558,PO491439,SUP333238,WH808011,2026-01-23,2026-02-11,Delivered,Paid
SYSPO0000559,PO702727,SUP523389,WH662336,2026-03-07,2026-03-23,Delivered,Paid
SYSPO0000560,PO776604,SUP755788,WH377746,2026-05-06,2026-05-31,Delivered,Paid
SYSPO0000561,PO429861,SUP259784,WH237174,2026-01-18,2026-01-25,Delivered,Pending
SYSPO0000562,PO608149,SUP356150,WH922157,2026-03-10,2026-03-28,Delivered,Paid
SYSPO0000563,PO784793,SUP519904,WH658582,2025-08-08,2025-08-22,Delivered,Paid
SYSPO0000564,PO565412,SUP300337,WH686075,2025-09-17,2025-09-30,Delivered,Paid
SYSPO0000565,PO331241,SUP802729,WH654634,2025-09-03,2025-09-14,Delivered,Paid
SYSPO0000566,PO918665,SUP802729,WH555884,2026-07-13,2026-07-24,Delivered,Paid
SYSPO0000567,PO635618,SUP662275,WH519066,2026-04-30,2026-05-12,Delivered,Paid
SYSPO0000568,PO484682,SUP385470,WH922157,2026-07-22,2026-08-11,Processing,Pending
SYSPO0000569,PO853905,SUP285652,WH515011,2025-10-01,2025-11-01,Delivered,Paid
SYSPO0000570,PO970392,SUP372793,WH515011,2026-03-04,2026-03-18,Delivered,Pending
SYSPO0000571,PO571578,SUP519904,WH373903,2025-08-18,2025-09-01,Delivered,Paid
SYSPO0000572,PO223088,SUP153872,WH824586,2026-06-25,2026-07-02,Delivered,Paid
SYSPO0000573,PO845279,SUP680099,WH770487,2025-12-26,2026-01-12,Delivered,Paid
SYSPO0000574,PO316995,SUP664607,WH567574,2026-03-19,2026-04-21,Delivered,Paid
SYSPO0000575,PO276556,SUP216970,WH526117,2026-03-07,2026-03-26,Delayed,Pending
SYSPO0000576,PO700556,SUP595631,WH191161,2025-10-01,2025-10-26,Delayed,Pending
SYSPO0000577,PO812296,SUP965845,WH555884,2026-01-18,2026-01-25,Delivered,Paid
SYSPO0000578,PO162165,SUP692683,WH373903,2025-09-23,2025-10-18,Delivered,Paid
SYSPO0000579,PO361805,SUP378361,WH479201,2025-08-21,2025-09-26,Delivered,Paid
SYSPO0000580,PO809083,SUP427110,WH658582,2025-12-02,2025-12-20,Delivered,Paid
SYSPO0000581,PO534346,SUP608257,WH233470,2025-12-24,2026-01-09,Delivered,Paid
SYSPO0000582,PO197616,SUP972064,WH642717,2026-07-20,2026-08-07,In Transit,Pending
SYSPO0000583,PO486999,SUP245051,WH555884,2026-08-02,2026-08-23,Processing,Pending
SYSPO0000584,PO102593,SUP880879,WH832052,2026-06-10,2026-07-18,Delivered,Paid
SYSPO0000585,PO475623,SUP972064,WH356150,2026-07-05,2026-07-23,Delivered,Pending
SYSPO0000586,PO964915,SUP497887,WH356150,2025-08-20,2025-09-07,Delivered,Paid
SYSPO0000587,PO673896,SUP265080,WH662336,2026-07-20,2026-08-05,Delivered,Paid
SYSPO0000588,PO815707,SUP920652,WH820221,2025-12-21,2026-01-13,Delivered,Paid
SYSPO0000589,PO117072,SUP526117,WH740967,2025-10-25,2025-11-10,Delayed,Pending
SYSPO0000590,PO578693,SUP920652,WH832052,2026-04-26,2026-05-19,Delayed,Pending
SYSPO0000591,PO822040,SUP330914,WH910891,2025-11-09,2025-11-28,Delivered,Paid
SYSPO0000592,PO387330,SUP121753,WH532322,2026-04-21,2026-05-02,Delivered,Paid
SYSPO0000593,PO780432,SUP934794,WH377746,2025-09-13,2025-09-19,Delivered,Paid
SYSPO0000594,PO891918,SUP728492,WH740967,2025-12-20,2026-01-05,Delivered,Paid
SYSPO0000595,PO323788,SUP240814,WH997546,2026-06-03,2026-06-09,Delivered,Paid
SYSPO0000596,PO566686,SUP813536,WH555884,2026-03-10,2026-03-31,Delivered,Paid
SYSPO0000597,PO542828,SUP211764,WH930555,2026-07-14,2026-07-31,Delivered,Paid
SYSPO0000598,PO945106,SUP870763,WH686075,2026-07-10,2026-07-26,Delivered,Paid
SYSPO0000599,PO501312,SUP526117,WH377746,2026-01-09,2026-01-25,Delivered,Paid
SYSPO0000600,PO690653,SUP245051,WH636265,2026-04-03,2026-04-24,Delivered,Paid
SYSPO0000601,PO323404,SUP184491,WH690341,2026-05-23,2026-06-24,Delayed,Pending
SYSPO0000602,PO563873,SUP437902,WH771088,2025-10-04,2025-10-21,Delivered,Paid
SYSPO0000603,PO718213,SUP813536,WH820221,2026-07-30,2026-08-20,In Transit,Pending
SYSPO0000604,PO429780,SUP526117,WH174441,2026-08-01,2026-08-17,In Transit,Pending
SYSPO0000605,PO360221,SUP260263,WH771088,2025-11-04,2025-11-11,Delivered,Paid
SYSPO0000606,PO790388,SUP245051,WH532322,2026-07-06,2026-07-27,Delivered,Paid
SYSPO0000607,PO510780,SUP925981,WH930555,2025-10-07,2025-10-25,Delivered,Paid
SYSPO0000608,PO350967,SUP680099,WH820221,2026-06-11,2026-06-28,Delivered,Paid
SYSPO0000609,PO174461,SUP829308,WH274389,2026-06-15,2026-06-23,Delayed,Pending
SYSPO0000610,PO238394,SUP459536,WH262316,2025-10-12,2025-10-26,Delivered,Paid
SYSPO0000611,PO816116,SUP133659,WH379766,2026-07-13,2026-07-31,Delivered,Paid
SYSPO0000612,PO117500,SUP880879,WH567574,2026-01-12,2026-02-19,Delivered,Paid
SYSPO0000613,PO927630,SUP613425,WH373903,2025-08-14,2025-08-25,Delivered,Paid
SYSPO0000614,PO535612,SUP211764,WH771088,2025-10-13,2025-10-30,Delivered,Paid
SYSPO0000615,PO745972,SUP965845,WH112038,2026-05-18,2026-05-25,Delivered,Paid
SYSPO0000616,PO313068,SUP692683,WH519066,2026-07-30,2026-08-24,In Transit,Pending
SYSPO0000617,PO765105,SUP598216,WH997546,2025-12-12,2025-12-24,Delivered,Pending
SYSPO0000618,PO350229,SUP121753,WH324082,2026-06-04,2026-06-15,Delivered,Paid
SYSPO0000619,PO742039,SUP725084,WH429164,2026-08-01,2026-08-18,In Transit,Pending
SYSPO0000620,PO790017,SUP260422,WH274389,2026-01-11,2026-01-20,Delivered,Paid
SYSPO0000621,PO271790,SUP378361,WH379766,2026-06-12,2026-07-18,Delayed,Pending
SYSPO0000622,PO921021,SUP302511,WH555884,2026-04-22,2026-05-10,Delivered,Paid
SYSPO0000623,PO381819,SUP589710,WH274389,2026-07-06,2026-07-25,Delivered,Paid
SYSPO0000624,PO946313,SUP513160,WH526833,2026-05-17,2026-06-10,Delivered,Paid
SYSPO0000625,PO704663,SUP728492,WH771088,2026-06-15,2026-07-01,Delivered,Paid
SYSPO0000626,PO694423,SUP259784,WH482364,2025-11-09,2025-11-16,Delivered,Paid
SYSPO0000627,PO701790,SUP696750,WH801474,2025-11-16,2025-11-23,Delivered,Paid
SYSPO0000628,PO112884,SUP865990,WH771088,2025-10-05,2025-10-26,Delivered,Paid
SYSPO0000629,PO287654,SUP904150,WH539589,2026-06-06,2026-07-02,Delivered,Paid
SYSPO0000630,PO539740,SUP240814,WH274389,2026-05-04,2026-05-10,Delivered,Paid
SYSPO0000631,PO384434,SUP221263,WH816751,2025-09-15,2025-10-09,Delivered,Paid
SYSPO0000632,PO155230,SUP887625,WH519066,2025-12-31,2026-01-13,Delivered,Paid
SYSPO0000633,PO520400,SUP446954,WH785197,2026-07-09,2026-07-19,Delivered,Paid
SYSPO0000634,PO425790,SUP526117,WH820221,2025-08-20,2025-09-05,Delivered,Paid
SYSPO0000635,PO405759,SUP668532,WH274389,2026-07-04,2026-07-17,Delivered,Paid
SYSPO0000636,PO617326,SUP121753,WH112038,2026-02-03,2026-02-14,Delivered,Paid
SYSPO0000637,PO257880,SUP197251,WH654634,2025-10-30,2025-11-06,Cancelled,Cancelled
SYSPO0000638,PO667851,SUP972064,WH740967,2025-10-21,2025-11-08,Delivered,Paid
SYSPO0000639,PO451291,SUP671858,WH656116,2026-06-18,2026-07-04,Delivered,Paid
SYSPO0000640,PO422448,SUP804318,WH824586,2026-07-27,2026-08-17,In Transit,Pending
SYSPO0000641,PO540208,SUP770487,WH526833,2026-01-30,2026-02-13,Delayed,Pending
SYSPO0000642,PO249289,SUP880879,WH740967,2025-12-18,2026-01-25,Delivered,Paid
SYSPO0000643,PO645007,SUP613425,WH205907,2025-12-01,2025-12-12,Delivered,Pending
SYSPO0000644,PO189026,SUP802729,WH532322,2026-06-19,2026-06-30,Delivered,Paid
SYSPO0000645,PO178465,SUP870763,WH808011,2026-06-09,2026-06-25,Delivered,Paid
SYSPO0000646,PO373668,SUP624902,WH422451,2026-07-09,2026-07-22,Delayed,Pending
SYSPO0000647,PO972310,SUP378361,WH479201,2025-11-01,2025-12-07,Delivered,Paid
SYSPO0000648,PO312559,SUP437902,WH377746,2025-10-30,2025-11-16,Delivered,Paid
SYSPO0000649,PO272359,SUP437902,WH740967,2025-08-14,2025-08-31,Delivered,Paid
SYSPO0000650,PO907756,SUP757711,WH555884,2026-04-18,2026-04-23,Delivered,Paid
SYSPO0000651,PO194813,SUP497382,WH515011,2025-10-19,2025-11-06,Delivered,Paid
SYSPO0000652,PO732608,SUP770487,WH922157,2026-01-06,2026-01-20,Delivered,Paid
SYSPO0000653,PO845702,SUP519904,WH930555,2025-12-10,2025-12-24,Delayed,Pending
SYSPO0000654,PO151328,SUP572387,WH205907,2025-11-21,2025-12-07,Delivered,Paid
SYSPO0000655,PO524035,SUP526117,WH820221,2026-07-06,2026-07-22,Delivered,Paid
SYSPO0000656,PO206857,SUP513160,WH356150,2025-08-31,2025-09-24,Delivered,Paid
SYSPO0000657,PO333086,SUP446954,WH690341,2026-06-01,2026-06-11,Delivered,Paid
SYSPO0000658,PO776001,SUP523389,WH801474,2025-11-21,2025-12-07,Delivered,Paid
SYSPO0000659,PO122859,SUP437408,WH422451,2025-12-19,2026-01-03,Delivered,Paid
SYSPO0000660,PO196446,SUP349565,WH599948,2026-04-11,2026-05-07,Delivered,Paid
SYSPO0000661,PO701761,SUP519904,WH690341,2026-02-18,2026-03-04,Delivered,Paid
SYSPO0000662,PO816400,SUP240814,WH654634,2026-01-07,2026-01-13,Delivered,Paid
SYSPO0000663,PO393448,SUP880879,WH658582,2026-04-25,2026-06-02,Cancelled,Cancelled
SYSPO0000664,PO749253,SUP899213,WH599948,2026-06-28,2026-07-16,Delivered,Paid
SYSPO0000665,PO602300,SUP839677,WH329974,2026-03-01,2026-03-18,Delivered,Paid
SYSPO0000666,PO773870,SUP639593,WH824586,2025-12-11,2025-12-18,Delivered,Paid
SYSPO0000667,PO501078,SUP597732,WH373903,2026-08-04,2026-08-30,In Transit,Pending
SYSPO0000668,PO460745,SUP681343,WH656116,2025-08-15,2025-08-30,Delivered,Paid
SYSPO0000669,PO434367,SUP273982,WH274389,2025-09-18,2025-10-04,Delivered,Paid
SYSPO0000670,PO161437,SUP920652,WH526117,2026-07-11,2026-08-03,Delivered,Pending
SYSPO0000671,PO267378,SUP965845,WH233470,2025-11-14,2025-11-21,Delivered,Paid
SYSPO0000672,PO929672,SUP437408,WH930555,2025-10-13,2025-10-28,Delivered,Paid
SYSPO0000673,PO987624,SUP920652,WH233470,2026-03-18,2026-04-10,Delivered,Paid
SYSPO0000674,PO284654,SUP813536,WH808011,2025-11-16,2025-12-07,Delivered,Paid
SYSPO0000675,PO720298,SUP639593,WH274389,2025-08-19,2025-08-26,Delivered,Paid
SYSPO0000676,PO249005,SUP333238,WH526833,2025-09-16,2025-10-05,Delayed,Pending
SYSPO0000677,PO949767,SUP420214,WH479201,2026-03-24,2026-04-06,Delivered,Paid
SYSPO0000678,PO158896,SUP705397,WH460663,2026-01-20,2026-02-17,Cancelled,Cancelled
SYSPO0000679,PO601207,SUP757711,WH422451,2025-12-17,2025-12-22,Delivered,Paid
SYSPO0000680,PO457311,SUP946305,WH656116,2026-05-14,2026-06-11,Delayed,Pending
SYSPO0000681,PO439307,SUP662275,WH824586,2026-06-06,2026-06-18,Delivered,Paid
SYSPO0000682,PO911982,SUP990844,WH112038,2025-12-04,2025-12-23,Delivered,Pending
SYSPO0000683,PO491738,SUP513160,WH829716,2026-01-21,2026-02-14,Delivered,Paid
SYSPO0000684,PO265154,SUP733039,WH785197,2026-03-28,2026-04-13,Delayed,Pending
SYSPO0000685,PO610866,SUP300896,WH322086,2026-02-19,2026-02-27,Delivered,Paid
SYSPO0000686,PO743520,SUP589710,WH832052,2025-09-18,2025-10-07,Delivered,Paid
SYSPO0000687,PO421727,SUP356150,WH820221,2026-01-01,2026-01-19,Delivered,Paid
SYSPO0000688,PO836109,SUP260422,WH329974,2026-07-20,2026-07-29,Delivered,Paid
SYSPO0000689,PO290926,SUP624902,WH174441,2026-03-16,2026-03-29,Delivered,Paid
SYSPO0000690,PO770718,SUP372793,WH526833,2025-10-17,2025-10-31,Delivered,Paid
SYSPO0000691,PO181586,SUP725084,WH237174,2025-11-11,2025-11-28,Delivered,Paid
SYSPO0000692,PO193035,SUP618392,WH555884,2025-08-22,2025-09-04,Delivered,Paid
SYSPO0000693,PO111949,SUP802729,WH555884,2026-05-07,2026-05-18,Delivered,Paid
SYSPO0000694,PO925250,SUP662275,WH997546,2026-01-21,2026-02-02,Delivered,Paid
SYSPO0000695,PO540038,SUP265080,WH429164,2025-08-05,2025-08-21,Delivered,Paid
SYSPO0000696,PO672547,SUP523389,WH771088,2026-02-22,2026-03-10,Delivered,Paid
SYSPO0000697,PO782591,SUP976325,WH356150,2026-07-30,2026-08-12,In Transit,Pending
SYSPO0000698,PO938016,SUP300337,WH100425,2026-06-14,2026-06-27,Delivered,Pending
SYSPO0000699,PO177804,SUP870763,WH829716,2026-03-02,2026-03-18,Delivered,Paid
SYSPO0000700,PO673619,SUP335615,WH654634,2026-04-28,2026-05-04,Delivered,Paid
SYSPO0000701,PO838726,SUP664607,WH174441,2026-05-11,2026-06-13,Delivered,Paid
SYSPO0000702,PO555292,SUP688508,WH910891,2026-08-05,2026-08-15,In Transit,Pending
SYSPO0000703,PO299212,SUP179046,WH274389,2026-05-20,2026-06-09,Delivered,Paid
SYSPO0000704,PO378150,SUP356150,WH373903,2026-05-18,2026-06-05,Delivered,Paid
SYSPO0000705,PO699544,SUP260263,WH262316,2026-04-22,2026-04-29,Delivered,Paid
SYSPO0000706,PO408857,SUP598216,WH824586,2025-10-20,2025-11-01,Cancelled,Cancelled
SYSPO0000707,PO279130,SUP608257,WH262316,2025-12-24,2026-01-09,Delayed,Pending
SYSPO0000708,PO221119,SUP459536,WH770487,2026-01-19,2026-02-02,Delivered,Paid
SYSPO0000709,PO377877,SUP349565,WH429164,2025-09-01,2025-09-27,Delivered,Paid
SYSPO0000710,PO499974,SUP887625,WH380746,2026-04-19,2026-05-02,Delivered,Paid
SYSPO0000711,PO376195,SUP335113,WH555884,2026-07-28,2026-08-08,Processing,Pending
SYSPO0000712,PO258471,SUP519093,WH519066,2025-12-11,2025-12-27,Delivered,Paid
SYSPO0000713,PO893202,SUP639593,WH233470,2026-04-04,2026-04-11,Delivered,Paid
SYSPO0000714,PO538967,SUP437408,WH582662,2025-12-04,2025-12-19,Delivered,Paid
SYSPO0000715,PO347088,SUP356150,WH555884,2026-04-19,2026-05-07,Delivered,Paid
SYSPO0000716,PO136415,SUP688508,WH555884,2026-06-30,2026-07-10,Delivered,Paid
SYSPO0000717,PO275284,SUP934794,WH100425,2025-09-22,2025-09-28,Delivered,Paid
SYSPO0000718,PO816308,SUP946305,WH479201,2026-05-11,2026-06-08,Delivered,Paid
SYSPO0000719,PO723952,SUP156213,WH262316,2026-07-20,2026-08-02,Delivered,Paid
SYSPO0000720,PO191254,SUP385470,WH262316,2025-11-29,2025-12-19,Delivered,Paid
SYSPO0000721,PO644932,SUP133659,WH922157,2026-02-17,2026-03-07,Cancelled,Cancelled
SYSPO0000722,PO834435,SUP946305,WH379766,2025-12-03,2025-12-31,Delivered,Paid
SYSPO0000723,PO710981,SUP572387,WH212235,2026-04-20,2026-05-06,Delayed,Pending
SYSPO0000724,PO205896,SUP598216,WH322086,2026-01-10,2026-01-22,Delivered,Paid
SYSPO0000725,PO376967,SUP285652,WH958179,2025-12-09,2026-01-09,Delivered,Paid
SYSPO0000726,PO280564,SUP391668,WH532322,2026-01-08,2026-01-21,Delivered,Paid
SYSPO0000727,PO521233,SUP526117,WH832052,2026-05-02,2026-05-18,Delivered,Paid
SYSPO0000728,PO151685,SUP260263,WH771088,2025-11-27,2025-12-04,Delayed,Pending
SYSPO0000729,PO121215,SUP692683,WH636265,2026-03-08,2026-04-02,Delivered,Paid
SYSPO0000730,PO615500,SUP486945,WH636265,2025-09-23,2025-10-16,Delayed,Pending
SYSPO0000731,PO415076,SUP513160,WH690341,2025-10-18,2025-11-11,Delivered,Paid
SYSPO0000732,PO734366,SUP572700,WH519066,2026-01-15,2026-01-26,Delivered,Paid
SYSPO0000733,PO876936,SUP449499,WH379766,2026-04-20,2026-04-25,Delivered,Paid
SYSPO0000734,PO640299,SUP572387,WH526833,2026-08-05,2026-08-21,In Transit,Pending
SYSPO0000735,PO522979,SUP842411,WH654634,2025-12-30,2026-01-07,Delivered,Paid
SYSPO0000736,PO282176,SUP681343,WH233470,2026-04-25,2026-05-10,Delivered,Paid
SYSPO0000737,PO134677,SUP624902,WH567574,2026-05-22,2026-06-04,Delivered,Paid
SYSPO0000738,PO486244,SUP990844,WH460663,2026-07-21,2026-08-09,In Transit,Pending
SYSPO0000739,PO229890,SUP920652,WH460663,2025-10-11,2025-11-03,Delivered,Paid
SYSPO0000740,PO597635,SUP437408,WH373903,2026-04-01,2026-04-16,Delivered,Paid
SYSPO0000741,PO371224,SUP437408,WH770487,2026-03-14,2026-03-29,Delivered,Paid
SYSPO0000742,PO152062,SUP385470,WH174441,2025-11-29,2025-12-19,Delivered,Paid
SYSPO0000743,PO332103,SUP391668,WH958179,2026-01-09,2026-01-22,Delivered,Paid
SYSPO0000744,PO638214,SUP881177,WH808011,2026-03-05,2026-03-19,Delivered,Paid
SYSPO0000745,PO597126,SUP513160,WH824586,2026-06-24,2026-07-18,Delivered,Paid
SYSPO0000746,PO364650,SUP211764,WH555884,2025-08-05,2025-08-22,Delivered,Paid
SYSPO0000747,PO494763,SUP322955,WH212235,2025-12-01,2025-12-14,Delivered,Paid
SYSPO0000748,PO645928,SUP877236,WH262316,2025-11-24,2025-12-01,Cancelled,Cancelled
SYSPO0000749,PO794530,SUP614663,WH636265,2025-10-25,2025-11-11,Delivered,Paid
SYSPO0000750,PO817659,SUP664607,WH816751,2026-01-18,2026-02-20,Delivered,Paid
SYSPO0000751,PO440930,SUP519904,WH770487,2026-06-06,2026-06-20,Delivered,Paid
SYSPO0000752,PO413305,SUP335615,WH422451,2026-03-18,2026-03-24,Delivered,Paid
SYSPO0000753,PO944554,SUP211764,WH329974,2026-03-28,2026-04-14,Delivered,Paid
SYSPO0000754,PO787237,SUP881177,WH412942,2026-04-16,2026-04-30,Delayed,Pending
SYSPO0000755,PO538897,SUP705397,WH656116,2025-12-08,2026-01-05,Cancelled,Cancelled
SYSPO0000756,PO842464,SUP153872,WH801474,2026-02-01,2026-02-08,Delivered,Paid
SYSPO0000757,PO769320,SUP497382,WH526117,2026-01-23,2026-02-10,Delayed,Pending
SYSPO0000758,PO631958,SUP589710,WH910891,2026-01-23,2026-02-11,Delivered,Paid
SYSPO0000759,PO289934,SUP595631,WH662336,2026-04-24,2026-05-19,Delivered,Paid
SYSPO0000760,PO947609,SUP768854,WH482364,2025-10-26,2025-11-12,Delayed,Pending
SYSPO0000761,PO786224,SUP890170,WH532322,2026-02-19,2026-02-26,Delivered,Paid
SYSPO0000762,PO540897,SUP650121,WH526117,2026-02-04,2026-02-10,Delivered,Paid
SYSPO0000763,PO223502,SUP446954,WH100425,2026-06-09,2026-06-19,Delivered,Paid
SYSPO0000764,PO750803,SUP870763,WH532322,2026-07-20,2026-08-05,Delivered,Paid
SYSPO0000765,PO813763,SUP519093,WH539589,2026-06-10,2026-06-26,Delivered,Paid
SYSPO0000766,PO258102,SUP121753,WH808011,2026-05-17,2026-05-28,Delayed,Pending
SYSPO0000767,PO697062,SUP437902,WH324082,2025-10-09,2025-10-26,Delivered,Paid
SYSPO0000768,PO184736,SUP955662,WH519066,2026-04-17,2026-05-06,Delivered,Paid
SYSPO0000769,PO160831,SUP613425,WH771088,2025-09-06,2025-09-17,Delivered,Paid
SYSPO0000770,PO704272,SUP688508,WH740967,2025-11-23,2025-12-03,Delivered,Paid
SYSPO0000771,PO744328,SUP211764,WH412942,2026-02-21,2026-03-10,Delivered,Pending
SYSPO0000772,PO501936,SUP273982,WH829716,2026-04-19,2026-05-05,Delivered,Paid
SYSPO0000773,PO114760,SUP839677,WH801474,2026-04-07,2026-04-24,Delivered,Paid
SYSPO0000774,PO104324,SUP523389,WH356150,2026-04-02,2026-04-18,Delivered,Paid
SYSPO0000775,PO207697,SUP391668,WH658582,2025-12-13,2025-12-26,Delivered,Paid
SYSPO0000776,PO147939,SUP989545,WH636265,2025-09-10,2025-09-26,Delayed,Pending
SYSPO0000777,PO645561,SUP260422,WH770487,2026-06-18,2026-06-27,Delivered,Paid
SYSPO0000778,PO613989,SUP733039,WH412942,2026-05-23,2026-06-08,Delivered,Paid
SYSPO0000779,PO951452,SUP880879,WH379766,2025-11-04,2025-12-12,Delivered,Pending
SYSPO0000780,PO321449,SUP639593,WH274389,2026-04-23,2026-04-30,Delivered,Paid
SYSPO0000781,PO782141,SUP925981,WH191161,2025-12-03,2025-12-21,Delivered,Paid
SYSPO0000782,PO753404,SUP671858,WH656116,2025-10-31,2025-11-16,Delivered,Paid
SYSPO0000783,PO976735,SUP690341,WH519066,2026-06-14,2026-06-19,Delivered,Paid
SYSPO0000784,PO229598,SUP437408,WH460663,2025-10-21,2025-11-05,Delivered,Paid
SYSPO0000785,PO819050,SUP384076,WH373903,2025-10-01,2025-10-16,Delivered,Paid
SYSPO0000786,PO383091,SUP613425,WH658582,2025-08-14,2025-08-25,Delivered,Paid
SYSPO0000787,PO747703,SUP300337,WH532322,2025-08-22,2025-09-04,Delivered,Paid
SYSPO0000788,PO738584,SUP335615,WH922157,2025-11-08,2025-11-14,Delivered,Pending
SYSPO0000789,PO475308,SUP768854,WH460663,2026-02-05,2026-02-22,Cancelled,Cancelled
SYSPO0000790,PO620465,SUP273982,WH656116,2026-03-30,2026-04-15,Delivered,Paid
SYSPO0000791,PO113368,SUP526117,WH770487,2026-07-01,2026-07-17,Delayed,Pending
SYSPO0000792,PO801520,SUP427110,WH582662,2026-05-30,2026-06-17,Delivered,Paid
SYSPO0000793,PO858711,SUP221263,WH376807,2025-09-02,2025-09-26,Delayed,Pending
SYSPO0000794,PO578938,SUP437408,WH662336,2026-01-28,2026-02-12,Delivered,Paid
SYSPO0000795,PO141360,SUP256294,WH329974,2026-01-12,2026-01-25,Delivered,Paid
SYSPO0000796,PO221531,SUP156213,WH808011,2026-07-15,2026-07-28,Delivered,Paid
SYSPO0000797,PO245117,SUP976325,WH322086,2026-04-06,2026-04-19,Delivered,Paid
SYSPO0000798,PO752011,SUP965845,WH801474,2026-03-16,2026-03-23,Delivered,Paid
SYSPO0000799,PO291752,SUP946305,WH380746,2025-10-19,2025-11-16,Delivered,Paid
SYSPO0000800,PO504452,SUP300337,WH997546,2026-05-10,2026-05-23,Delivered,Paid
SYSPO0000801,PO218548,SUP989545,WH654634,2026-05-02,2026-05-18,Delivered,Paid
SYSPO0000802,PO267138,SUP260422,WH377746,2026-01-01,2026-01-10,Delivered,Paid
SYSPO0000803,PO811346,SUP285652,WH515011,2026-02-12,2026-03-15,Delivered,Paid
SYSPO0000804,PO130216,SUP333238,WH100425,2026-01-07,2026-01-26,Delivered,Paid
SYSPO0000805,PO606545,SUP245051,WH997546,2025-11-07,2025-11-28,Delivered,Paid
SYSPO0000806,PO374320,SUP597732,WH599948,2025-10-01,2025-10-27,Delivered,Paid
SYSPO0000807,PO879746,SUP245051,WH820221,2026-04-16,2026-05-07,Delayed,Pending
SYSPO0000808,PO454733,SUP681343,WH785197,2026-04-29,2026-05-14,Delivered,Paid
SYSPO0000809,PO793856,SUP300896,WH100425,2025-08-07,2025-08-15,Delivered,Paid
SYSPO0000810,PO255875,SUP639593,WH824586,2026-07-17,2026-07-24,Delivered,Paid
SYSPO0000811,PO592085,SUP768854,WH356150,2026-05-23,2026-06-09,Delivered,Paid
SYSPO0000812,PO352593,SUP946305,WH770487,2026-07-05,2026-08-02,Delayed,Pending
SYSPO0000813,PO333524,SUP668532,WH262316,2026-05-31,2026-06-13,Delivered,Paid
SYSPO0000814,PO940183,SUP597732,WH781453,2026-07-14,2026-08-09,In Transit,Pending
SYSPO0000815,PO431414,SUP335113,WH274389,2025-09-15,2025-09-26,Delayed,Pending
SYSPO0000816,PO118632,SUP335615,WH532322,2026-06-03,2026-06-09,Cancelled,Cancelled
SYSPO0000817,PO675771,SUP497382,WH785197,2026-01-17,2026-02-04,Delivered,Pending
SYSPO0000818,PO768507,SUP513160,WH662336,2025-10-28,2025-11-21,Delivered,Paid
SYSPO0000819,PO578368,SUP870763,WH377746,2025-10-12,2025-10-28,Delivered,Paid
SYSPO0000820,PO576535,SUP302511,WH429164,2026-06-13,2026-07-01,Delivered,Paid
SYSPO0000821,PO789089,SUP891937,WH515011,2026-05-02,2026-05-30,Delivered,Paid
SYSPO0000822,PO332518,SUP437408,WH654634,2026-02-22,2026-03-09,Delivered,Pending
SYSPO0000823,PO406166,SUP899213,WH100425,2026-02-01,2026-02-19,Delivered,Paid
SYSPO0000824,PO247271,SUP321275,WH526833,2025-08-24,2025-08-31,Delivered,Paid
SYSPO0000825,PO993590,SUP372793,WH422451,2026-03-09,2026-03-23,Delivered,Paid
SYSPO0000826,PO454349,SUP688508,WH910891,2025-11-09,2025-11-19,Delivered,Paid
SYSPO0000827,PO804791,SUP356150,WH656116,2026-07-27,2026-08-14,In Transit,Pending
SYSPO0000828,PO579605,SUP240814,WH262316,2026-06-30,2026-07-06,Cancelled,Cancelled
SYSPO0000829,PO871976,SUP624902,WH686075,2025-09-21,2025-10-04,Delivered,Paid
SYSPO0000830,PO633025,SUP427110,WH771088,2026-01-29,2026-02-16,Delivered,Paid
SYSPO0000831,PO208584,SUP944962,WH771088,2025-09-25,2025-10-09,Delivered,Paid
SYSPO0000832,PO503348,SUP302511,WH429164,2026-06-12,2026-06-30,Delayed,Pending
SYSPO0000833,PO899407,SUP344098,WH322086,2026-02-01,2026-02-17,Delivered,Pending
SYSPO0000834,PO574843,SUP728492,WH662336,2026-04-21,2026-05-07,Delivered,Paid
SYSPO0000835,PO637179,SUP696750,WH930555,2026-02-27,2026-03-06,Delivered,Paid
SYSPO0000836,PO872610,SUP472060,WH539589,2026-03-10,2026-03-26,Delivered,Paid
SYSPO0000837,PO462066,SUP459536,WH519066,2026-03-24,2026-04-07,Delivered,Pending
SYSPO0000838,PO286450,SUP572700,WH324082,2025-12-06,2025-12-17,Delivered,Paid
SYSPO0000839,PO711116,SUP829308,WH539589,2026-05-25,2026-06-02,Delivered,Paid
SYSPO0000840,PO988459,SUP801364,WH930555,2026-07-17,2026-08-08,Processing,Pending
SYSPO0000841,PO126499,SUP650121,WH100425,2026-01-23,2026-01-29,Delivered,Paid
SYSPO0000842,PO886626,SUP608257,WH582662,2026-03-30,2026-04-15,Delayed,Pending
SYSPO0000843,PO253541,SUP681343,WH322086,2026-06-17,2026-07-02,Delivered,Paid
SYSPO0000844,PO133875,SUP802729,WH422451,2026-05-11,2026-05-22,Delivered,Paid
SYSPO0000845,PO875414,SUP153872,WH532322,2026-07-17,2026-07-24,Delivered,Paid
SYSPO0000846,PO922405,SUP526117,WH690341,2026-02-17,2026-03-05,Delivered,Paid
SYSPO0000847,PO536801,SUP156213,WH820221,2026-01-17,2026-01-30,Delivered,Paid
SYSPO0000848,PO363550,SUP804318,WH482364,2026-06-23,2026-07-14,Delivered,Paid
SYSPO0000849,PO970300,SUP733039,WH324082,2026-07-23,2026-08-08,Processing,Pending
SYSPO0000850,PO779091,SUP705397,WH781453,2026-03-05,2026-04-02,Delivered,Paid
SYSPO0000851,PO913848,SUP681343,WH460663,2026-01-25,2026-02-09,Delayed,Pending
SYSPO0000852,PO286044,SUP330914,WH539589,2026-07-19,2026-08-07,In Transit,Pending
SYSPO0000853,PO638807,SUP384076,WH771088,2025-10-05,2025-10-20,Delivered,Paid
SYSPO0000854,PO236384,SUP887625,WH262316,2026-05-20,2026-06-02,Delivered,Paid
SYSPO0000855,PO844163,SUP285652,WH479201,2026-07-05,2026-08-05,Delivered,Paid
SYSPO0000856,PO911242,SUP572387,WH824586,2026-02-05,2026-02-21,Delivered,Paid
SYSPO0000857,PO922116,SUP871711,WH233470,2026-01-26,2026-02-05,Delivered,Paid
SYSPO0000858,PO924451,SUP240814,WH922157,2025-11-13,2025-11-19,Delivered,Paid
SYSPO0000859,PO331942,SUP976325,WH930555,2026-05-23,2026-06-05,Delivered,Paid
SYSPO0000860,PO889216,SUP179046,WH460663,2025-11-09,2025-11-29,Delivered,Paid
SYSPO0000861,PO780840,SUP576086,WH532322,2026-06-27,2026-07-03,Delivered,Paid
SYSPO0000862,PO773462,SUP955662,WH690341,2026-04-09,2026-04-28,Delayed,Pending
SYSPO0000863,PO141814,SUP757711,WH555884,2025-11-20,2025-11-25,Delivered,Paid
SYSPO0000864,PO369054,SUP333238,WH379766,2026-05-29,2026-06-17,Cancelled,Cancelled
SYSPO0000865,PO641975,SUP459536,WH356150,2026-06-03,2026-06-17,Delivered,Paid
SYSPO0000866,PO410833,SUP335113,WH324082,2026-02-23,2026-03-06,Delivered,Paid
SYSPO0000867,PO910883,SUP976325,WH686075,2026-02-09,2026-02-22,Delivered,Paid
SYSPO0000868,PO760093,SUP429164,WH785197,2026-04-05,2026-04-22,Delivered,Paid
SYSPO0000869,PO663876,SUP121753,WH482364,2025-11-05,2025-11-16,Delivered,Paid
SYSPO0000870,PO261223,SUP384076,WH771088,2025-11-19,2025-12-04,Delivered,Paid
SYSPO0000871,PO156904,SUP598216,WH237174,2026-01-22,2026-02-03,Delivered,Paid
SYSPO0000872,PO338703,SUP688508,WH112038,2025-09-04,2025-09-14,Delivered,Paid
SYSPO0000873,PO431773,SUP976325,WH686075,2026-05-09,2026-05-22,Delivered,Paid
SYSPO0000874,PO855274,SUP870763,WH233470,2025-11-23,2025-12-09,Delivered,Paid
SYSPO0000875,PO176115,SUP597732,WH636265,2025-11-04,2025-11-30,Delayed,Pending
SYSPO0000876,PO925115,SUP865990,WH237174,2025-11-18,2025-12-09,Delivered,Paid
SYSPO0000877,PO499941,SUP513160,WH662336,2025-12-13,2026-01-06,Cancelled,Cancelled
SYSPO0000878,PO263917,SUP300896,WH324082,2025-12-07,2025-12-15,Delivered,Paid
SYSPO0000879,PO672233,SUP335113,WH112038,2026-07-17,2026-07-28,Delayed,Pending
SYSPO0000880,PO810189,SUP589710,WH205907,2026-03-02,2026-03-21,Delivered,Paid
SYSPO0000881,PO682032,SUP768854,WH771088,2025-09-05,2025-09-22,Cancelled,Cancelled
SYSPO0000882,PO725637,SUP446954,WH801474,2025-09-27,2025-10-07,Delivered,Paid
SYSPO0000883,PO884645,SUP934794,WH958179,2025-10-02,2025-10-08,Delivered,Paid
SYSPO0000884,PO249375,SUP420214,WH808011,2025-11-02,2025-11-15,Delivered,Paid
SYSPO0000885,PO220190,SUP572700,WH373903,2025-12-31,2026-01-11,Delivered,Paid
SYSPO0000886,PO887524,SUP240814,WH100425,2026-05-01,2026-05-07,Delivered,Paid
SYSPO0000887,PO362865,SUP813536,WH233470,2025-10-03,2025-10-24,Delivered,Pending
SYSPO0000888,PO474486,SUP925981,WH829716,2026-05-06,2026-05-24,Delivered,Paid
SYSPO0000889,PO173199,SUP385470,WH829716,2025-10-27,2025-11-16,Delivered,Paid
SYSPO0000890,PO420523,SUP804318,WH997546,2025-08-29,2025-09-19,Delivered,Paid
SYSPO0000891,PO549112,SUP384076,WH636265,2026-01-13,2026-01-28,Delivered,Paid
SYSPO0000892,PO875753,SUP725084,WH771088,2026-01-10,2026-01-27,Delivered,Paid
SYSPO0000893,PO868577,SUP240814,WH526117,2025-12-11,2025-12-17,Delivered,Paid
SYSPO0000894,PO420310,SUP614663,WH771088,2026-03-03,2026-03-20,Delivered,Paid
SYSPO0000895,PO982683,SUP770487,WH785197,2026-02-01,2026-02-15,Delivered,Paid
SYSPO0000896,PO376021,SUP839677,WH820221,2026-01-13,2026-01-30,Delivered,Paid
SYSPO0000897,PO762308,SUP829308,WH770487,2025-08-29,2025-09-06,Delivered,Paid
SYSPO0000898,PO323095,SUP624902,WH237174,2025-10-24,2025-11-06,Delivered,Pending
SYSPO0000899,PO595036,SUP372793,WH820221,2026-06-24,2026-07-08,Delivered,Paid
SYSPO0000900,PO909652,SUP972064,WH262316,2026-01-15,2026-02-02,Delivered,Paid
SYSPO0000901,PO635205,SUP133659,WH212235,2026-01-03,2026-01-21,Delivered,Paid
SYSPO0000902,PO989173,SUP391668,WH174441,2026-07-22,2026-08-04,Delivered,Paid
SYSPO0000903,PO266956,SUP240814,WH997546,2026-05-30,2026-06-05,Delivered,Paid
SYSPO0000904,PO253300,SUP692683,WH373903,2026-03-19,2026-04-13,Delayed,Pending
SYSPO0000905,PO898461,SUP321275,WH322086,2026-05-02,2026-05-09,Delivered,Paid
SYSPO0000906,PO801062,SUP671858,WH770487,2025-08-12,2025-08-28,Delivered,Paid
SYSPO0000907,PO576728,SUP256294,WH654634,2026-07-03,2026-07-16,Delivered,Paid
SYSPO0000908,PO646699,SUP350867,WH808011,2026-07-13,2026-07-28,Delivered,Paid
SYSPO0000909,PO670792,SUP211764,WH958179,2026-05-29,2026-06-15,Delivered,Paid
SYSPO0000910,PO976052,SUP523389,WH322086,2026-03-16,2026-04-01,Delivered,Paid
SYSPO0000911,PO641455,SUP681343,WH322086,2025-12-30,2026-01-14,Delivered,Paid
SYSPO0000912,PO605529,SUP391668,WH412942,2026-02-06,2026-02-19,Delivered,Paid
SYSPO0000913,PO341162,SUP642717,WH112038,2025-08-07,2025-08-21,Delivered,Paid
SYSPO0000914,PO265001,SUP728492,WH112038,2025-12-19,2026-01-04,Delivered,Paid
SYSPO0000915,PO534753,SUP870763,WH377746,2025-11-28,2025-12-14,Delivered,Paid
SYSPO0000916,PO320939,SUP804318,WH832052,2026-05-24,2026-06-14,Delivered,Paid
SYSPO0000917,PO234097,SUP472060,WH930555,2026-01-03,2026-01-19,Delivered,Paid
SYSPO0000918,PO253999,SUP260263,WH539589,2026-07-02,2026-07-09,Delivered,Paid
SYSPO0000919,PO525151,SUP680099,WH816751,2026-07-17,2026-08-03,Delivered,Paid
SYSPO0000920,PO189913,SUP668532,WH429164,2026-06-25,2026-07-08,Delivered,Paid
SYSPO0000921,PO278852,SUP725084,WH654634,2026-01-14,2026-01-31,Delivered,Paid
SYSPO0000922,PO960307,SUP877236,WH997546,2026-03-02,2026-03-09,Delivered,Paid
SYSPO0000923,PO818894,SUP618392,WH656116,2026-05-22,2026-06-04,Delayed,Pending
SYSPO0000924,PO172187,SUP285652,WH429164,2026-05-17,2026-06-17,Delivered,Paid
SYSPO0000925,PO648102,SUP335615,WH322086,2026-03-05,2026-03-11,Delivered,Paid
SYSPO0000926,PO744610,SUP245051,WH539589,2026-06-11,2026-07-02,Delivered,Paid
SYSPO0000927,PO197716,SUP330914,WH356150,2026-03-27,2026-04-15,Delivered,Paid
SYSPO0000928,PO101258,SUP333238,WH690341,2026-07-19,2026-08-07,In Transit,Pending
SYSPO0000929,PO488368,SUP197251,WH112038,2025-10-29,2025-11-05,Delivered,Paid
SYSPO0000930,PO605543,SUP725084,WH377746,2026-02-10,2026-02-27,Delivered,Paid
SYSPO0000931,PO977857,SUP990844,WH324082,2025-10-29,2025-11-17,Delivered,Paid
SYSPO0000932,PO187889,SUP887625,WH690341,2025-11-18,2025-12-01,Delivered,Paid
SYSPO0000933,PO105735,SUP765095,WH582662,2026-01-21,2026-02-25,Delivered,Paid
SYSPO0000934,PO786341,SUP497382,WH412942,2026-02-09,2026-02-27,Delivered,Paid
SYSPO0000935,PO262297,SUP300337,WH801474,2025-08-16,2025-08-29,Delivered,Paid
SYSPO0000936,PO544136,SUP589710,WH532322,2026-01-03,2026-01-22,Delivered,Paid
SYSPO0000937,PO891645,SUP459536,WH379766,2025-12-13,2025-12-27,Delivered,Paid
SYSPO0000938,PO488196,SUP728492,WH539589,2026-04-21,2026-05-07,Delivered,Paid
SYSPO0000939,PO839764,SUP639593,WH373903,2026-04-25,2026-05-02,Delivered,Paid
SYSPO0000940,PO884140,SUP881177,WH686075,2026-06-10,2026-06-24,Delivered,Paid
SYSPO0000941,PO324875,SUP955662,WH690341,2026-01-09,2026-01-28,Delivered,Paid
SYSPO0000942,PO830917,SUP285652,WH412942,2026-05-13,2026-06-13,Delivered,Paid
SYSPO0000943,PO195513,SUP302511,WH482364,2025-10-08,2025-10-26,Delivered,Paid
SYSPO0000944,PO375871,SUP437408,WH519066,2026-06-27,2026-07-12,Delivered,Paid
SYSPO0000945,PO520106,SUP513160,WH377746,2026-02-02,2026-02-26,Delivered,Paid
SYSPO0000946,PO960072,SUP770487,WH801474,2026-07-28,2026-08-11,In Transit,Pending
SYSPO0000947,PO311505,SUP618392,WH100425,2025-09-23,2025-10-06,Delayed,Pending
SYSPO0000948,PO304206,SUP765095,WH526833,2026-04-03,2026-05-08,Delivered,Paid
SYSPO0000949,PO745073,SUP639593,WH237174,2026-02-28,2026-03-07,Delivered,Paid
SYSPO0000950,PO265092,SUP335113,WH322086,2025-08-15,2025-08-26,Delayed,Pending
SYSPO0000951,PO470281,SUP696750,WH377746,2026-07-23,2026-07-30,Delivered,Paid
SYSPO0000952,PO837801,SUP179046,WH479201,2026-01-05,2026-01-25,Delayed,Pending
SYSPO0000953,PO861411,SUP384076,WH322086,2026-03-22,2026-04-06,Delivered,Paid
SYSPO0000954,PO303974,SUP350867,WH930555,2026-03-12,2026-03-27,Delayed,Pending
SYSPO0000955,PO373791,SUP955662,WH526833,2026-04-19,2026-05-08,Delivered,Paid
SYSPO0000956,PO408545,SUP356150,WH100425,2025-08-15,2025-09-02,Delayed,Pending
SYSPO0000957,PO370211,SUP955662,WH412942,2025-09-06,2025-09-25,Delivered,Paid
SYSPO0000958,PO495397,SUP259784,WH555884,2026-04-11,2026-04-18,Delivered,Pending
SYSPO0000959,PO581137,SUP904150,WH662336,2026-01-18,2026-02-13,Delivered,Paid
SYSPO0000960,PO370343,SUP755788,WH376807,2025-09-26,2025-10-21,Delivered,Paid
SYSPO0000961,PO835236,SUP260263,WH662336,2026-07-07,2026-07-14,Delivered,Paid
SYSPO0000962,PO661671,SUP121753,WH262316,2026-01-31,2026-02-11,Delivered,Paid
SYSPO0000963,PO518309,SUP642717,WH274389,2025-10-14,2025-10-28,Delivered,Paid
SYSPO0000964,PO287155,SUP265080,WH412942,2025-08-24,2025-09-09,Delivered,Paid
SYSPO0000965,PO291663,SUP437408,WH910891,2025-11-14,2025-11-29,Delivered,Paid
SYSPO0000966,PO309365,SUP486945,WH781453,2025-12-30,2026-01-22,Delivered,Paid
SYSPO0000967,PO312616,SUP692683,WH274389,2025-12-10,2026-01-04,Delivered,Paid
SYSPO0000968,PO225701,SUP321275,WH377746,2025-10-26,2025-11-02,Delivered,Paid
SYSPO0000969,PO901368,SUP302511,WH555884,2026-01-28,2026-02-15,Delayed,Pending
SYSPO0000970,PO489227,SUP156213,WH329974,2025-12-09,2025-12-22,Delivered,Paid
SYSPO0000971,PO702427,SUP153872,WH377746,2025-12-14,2025-12-21,Delivered,Paid
SYSPO0000972,PO393880,SUP523389,WH832052,2026-05-27,2026-06-12,Delivered,Paid
SYSPO0000973,PO938095,SUP179046,WH997546,2026-07-12,2026-08-01,Delivered,Paid
SYSPO0000974,PO512842,SUP768854,WH781453,2025-12-30,2026-01-16,Delivered,Paid
SYSPO0000975,PO430984,SUP350867,WH824586,2025-11-21,2025-12-06,Delivered,Paid
SYSPO0000976,PO205641,SUP692683,WH515011,2026-05-24,2026-06-18,Delivered,Paid
SYSPO0000977,PO375617,SUP618392,WH771088,2026-06-24,2026-07-07,Delivered,Paid
SYSPO0000978,PO292847,SUP598216,WH532322,2026-01-15,2026-01-27,Delivered,Paid
SYSPO0000979,PO482812,SUP613425,WH654634,2025-11-10,2025-11-21,Delivered,Paid
SYSPO0000980,PO703867,SUP871711,WH997546,2026-06-25,2026-07-05,Delivered,Paid
SYSPO0000981,PO682316,SUP842411,WH100425,2025-09-05,2025-09-13,Delivered,Paid
SYSPO0000982,PO874417,SUP513160,WH100425,2026-02-03,2026-02-27,Cancelled,Cancelled
SYSPO0000983,PO541996,SUP662275,WH526117,2025-08-12,2025-08-24,Delivered,Paid
SYSPO0000984,PO659921,SUP842411,WH237174,2026-05-22,2026-05-30,Delivered,Paid
SYSPO0000985,PO695417,SUP472060,WH539589,2026-03-02,2026-03-18,Delivered,Paid
SYSPO0000986,PO953350,SUP614663,WH770487,2025-08-25,2025-09-11,Delivered,Paid
SYSPO0000987,PO450912,SUP925981,WH519066,2025-12-18,2026-01-05,Delivered,Paid
SYSPO0000988,PO370233,SUP920652,WH324082,2025-10-31,2025-11-23,Delivered,Paid
SYSPO0000989,PO734992,SUP589710,WH112038,2026-04-14,2026-05-03,Delivered,Paid
SYSPO0000990,PO918213,SUP890170,WH555884,2025-08-31,2025-09-07,Delivered,Paid
SYSPO0000991,PO872303,SUP802729,WH555884,2026-06-04,2026-06-15,Delivered,Paid
SYSPO0000992,PO762398,SUP344098,WH112038,2026-04-15,2026-05-01,Delivered,Paid
SYSPO0000993,PO542306,SUP842411,WH274389,2025-08-20,2025-08-28,Delivered,Paid
SYSPO0000994,PO339303,SUP211764,WH519066,2026-05-24,2026-06-10,Delivered,Paid
SYSPO0000995,PO775958,SUP335615,WH526117,2025-08-17,2025-08-23,Delivered,Paid
SYSPO0000996,PO480805,SUP302511,WH262316,2025-11-09,2025-11-27,Delivered,Paid
SYSPO0000997,PO292818,SUP624902,WH237174,2025-10-21,2025-11-03,Delivered,Paid
SYSPO0000998,PO880009,SUP972064,WH519066,2026-06-26,2026-07-14,Delivered,Paid
SYSPO0000999,PO200195,SUP156213,WH322086,2025-08-12,2025-08-25,Delayed,Pending
SYSPO0001000,PO156440,SUP356150,WH832052,2026-04-03,2026-04-21,Delivered,Pending
SYSPO0001001,PO208976,SUP285652,WH832052,2025-10-03,2025-11-03,Delivered,Paid
SYSPO0001002,PO508783,SUP595631,WH482364,2025-11-05,2025-11-30,Delivered,Paid
SYSPO0001003,PO232552,SUP757711,WH922157,2025-09-23,2025-09-28,Delivered,Paid
SYSPO0001004,PO474175,SUP925981,WH740967,2026-02-04,2026-02-22,Delivered,Paid
SYSPO0001005,PO385647,SUP259784,WH356150,2026-04-21,2026-04-28,Delivered,Paid
SYSPO0001006,PO719531,SUP614663,WH274389,2025-09-18,2025-10-05,Delivered,Paid
SYSPO0001007,PO556106,SUP890170,WH654634,2026-03-12,2026-03-19,Delayed,Pending
SYSPO0001008,PO338161,SUP595631,WH526833,2025-10-28,2025-11-22,Delivered,Paid
SYSPO0001009,PO418319,SUP944962,WH356150,2026-02-01,2026-02-15,Delivered,Paid
SYSPO0001010,PO460589,SUP813536,WH422451,2026-05-03,2026-05-24,Cancelled,Cancelled
SYSPO0001011,PO615827,SUP965845,WH100425,2025-11-12,2025-11-19,Delivered,Paid
SYSPO0001012,PO726003,SUP944962,WH922157,2026-05-29,2026-06-12,Delivered,Paid
SYSPO0001013,PO687783,SUP664607,WH820221,2025-12-26,2026-01-28,Delivered,Paid
SYSPO0001014,PO508654,SUP459536,WH373903,2025-10-09,2025-10-23,Delivered,Paid
SYSPO0001015,PO641704,SUP333238,WH429164,2026-03-28,2026-04-16,Delivered,Paid
SYSPO0001016,PO879015,SUP770487,WH322086,2026-03-28,2026-04-11,Delivered,Paid
SYSPO0001017,PO291267,SUP842411,WH324082,2026-05-22,2026-05-30,Delivered,Paid
SYSPO0001018,PO385353,SUP887625,WH832052,2026-05-10,2026-05-23,Delivered,Paid
SYSPO0001019,PO152042,SUP245051,WH526833,2025-09-18,2025-10-09,Delivered,Paid
SYSPO0001020,PO849937,SUP972064,WH174441,2026-06-03,2026-06-21,Delivered,Paid
SYSPO0001021,PO617555,SUP608257,WH930555,2026-06-19,2026-07-05,Delivered,Paid
SYSPO0001022,PO489438,SUP595631,WH832052,2025-10-07,2025-11-01,Cancelled,Cancelled
SYSPO0001023,PO184120,SUP899213,WH212235,2025-12-03,2025-12-21,Delivered,Paid
SYSPO0001024,PO592984,SUP179046,WH829716,2025-09-15,2025-10-05,Delivered,Paid
SYSPO0001025,PO968485,SUP755788,WH412942,2026-03-17,2026-04-11,Delivered,Paid
SYSPO0001026,PO908688,SUP335615,WH237174,2025-08-14,2025-08-20,Delivered,Paid
SYSPO0001027,PO871041,SUP391668,WH356150,2026-07-31,2026-08-13,In Transit,Pending
SYSPO0001028,PO595793,SUP865990,WH686075,2025-12-04,2025-12-25,Delivered,Paid
SYSPO0001029,PO759726,SUP523389,WH808011,2026-03-16,2026-04-01,Delivered,Paid
SYSPO0001030,PO604605,SUP880879,WH832052,2026-04-25,2026-06-02,Delivered,Paid
SYSPO0001031,PO328367,SUP378361,WH515011,2026-07-23,2026-08-28,In Transit,Pending
SYSPO0001032,PO115799,SUP639593,WH922157,2025-12-28,2026-01-04,Delivered,Paid
SYSPO0001033,PO354897,SUP642717,WH373903,2026-01-06,2026-01-20,Delayed,Pending
SYSPO0001034,PO824305,SUP662275,WH322086,2026-08-05,2026-08-17,In Transit,Pending
SYSPO0001035,PO908239,SUP692683,WH686075,2026-05-09,2026-06-03,Delivered,Paid
SYSPO0001036,PO454861,SUP437902,WH829716,2025-10-21,2025-11-07,Delivered,Paid
SYSPO0001037,PO929912,SUP804318,WH555884,2025-09-03,2025-09-24,Delivered,Pending
SYSPO0001038,PO926867,SUP944962,WH930555,2026-03-22,2026-04-05,Delivered,Paid
SYSPO0001039,PO822730,SUP427110,WH930555,2026-04-30,2026-05-18,Delivered,Paid
SYSPO0001040,PO608876,SUP133659,WH460663,2026-06-23,2026-07-11,Delivered,Paid
SYSPO0001041,PO298994,SUP449499,WH429164,2026-04-05,2026-04-10,Delivered,Paid
SYSPO0001042,PO971733,SUP728492,WH930555,2025-11-07,2025-11-23,Delivered,Paid
SYSPO0001043,PO376141,SUP618392,WH808011,2025-09-13,2025-09-26,Cancelled,Cancelled
SYSPO0001044,PO769018,SUP322955,WH820221,2026-05-02,2026-05-15,Delivered,Paid
SYSPO0001045,PO998450,SUP153872,WH429164,2026-06-01,2026-06-08,Delivered,Paid
SYSPO0001046,PO790266,SUP256294,WH532322,2025-11-30,2025-12-13,Delivered,Paid
SYSPO0001047,PO902930,SUP240814,WH519066,2026-07-01,2026-07-07,Delivered,Paid
SYSPO0001048,PO215830,SUP385470,WH567574,2026-04-27,2026-05-17,Delivered,Paid
SYSPO0001049,PO236078,SUP705397,WH482364,2026-03-26,2026-04-23,Delivered,Paid
SYSPO0001050,PO203550,SUP216970,WH479201,2026-06-13,2026-07-02,Delivered,Paid
SYSPO0001051,PO651363,SUP650121,WH922157,2025-09-21,2025-09-27,Delivered,Paid
SYSPO0001052,PO113721,SUP449499,WH930555,2026-06-10,2026-06-15,Delivered,Paid
SYSPO0001053,PO590795,SUP307428,WH532322,2026-03-12,2026-03-23,Delivered,Paid
SYSPO0001054,PO961957,SUP690341,WH262316,2026-06-04,2026-06-09,Delivered,Paid
SYSPO0001055,PO654718,SUP965845,WH100425,2025-08-20,2025-08-27,Delivered,Paid
SYSPO0001056,PO326387,SUP576086,WH958179,2025-12-17,2025-12-23,Delivered,Paid
SYSPO0001057,PO302500,SUP446954,WH785197,2026-02-27,2026-03-09,Delivered,Paid
SYSPO0001058,PO685253,SUP300896,WH808011,2026-01-18,2026-01-26,Delivered,Paid
SYSPO0001059,PO807256,SUP881177,WH740967,2026-04-18,2026-05-02,Delivered,Paid
SYSPO0001060,PO930956,SUP589710,WH662336,2025-12-26,2026-01-14,Delivered,Paid
SYSPO0001061,PO659835,SUP265080,WH274389,2025-08-31,2025-09-16,Delayed,Pending
SYSPO0001062,PO676802,SUP356150,WH274389,2026-02-17,2026-03-07,Delivered,Paid
SYSPO0001063,PO966286,SUP696750,WH526117,2026-04-13,2026-04-20,Delivered,Paid
SYSPO0001064,PO902903,SUP526117,WH519066,2025-12-15,2025-12-31,Delivered,Pending
SYSPO0001065,PO100205,SUP946305,WH781453,2025-08-09,2025-09-06,Delayed,Pending
SYSPO0001066,PO642752,SUP526117,WH582662,2026-06-30,2026-07-16,Delayed,Pending
SYSPO0001067,PO414922,SUP870763,WH322086,2026-01-15,2026-01-31,Delivered,Paid
SYSPO0001068,PO823222,SUP925981,WH379766,2026-06-20,2026-07-08,Delayed,Pending
SYSPO0001069,PO698388,SUP273982,WH808011,2026-02-11,2026-02-27,Cancelled,Cancelled
SYSPO0001070,PO472932,SUP344098,WH356150,2025-09-14,2025-09-30,Delivered,Paid
SYSPO0001071,PO344312,SUP307428,WH922157,2026-01-20,2026-01-31,Delivered,Paid
SYSPO0001072,PO327999,SUP877236,WH274389,2025-12-23,2025-12-30,Delivered,Paid
SYSPO0001073,PO965814,SUP335615,WH824586,2026-04-08,2026-04-14,Delivered,Paid
SYSPO0001074,PO704277,SUP736059,WH526833,2026-07-17,2026-07-31,Delivered,Paid
SYSPO0001075,PO464831,SUP513160,WH412942,2026-06-22,2026-07-16,Delivered,Paid
SYSPO0001076,PO337730,SUP256294,WH532322,2026-01-30,2026-02-12,Delivered,Paid
SYSPO0001077,PO915182,SUP437408,WH781453,2026-05-06,2026-05-21,Delivered,Paid
SYSPO0001078,PO666157,SUP523389,WH274389,2025-10-03,2025-10-19,Delivered,Paid
SYSPO0001079,PO806357,SUP887625,WH324082,2026-01-21,2026-02-03,Delayed,Pending
SYSPO0001080,PO889410,SUP427110,WH324082,2025-10-12,2025-10-30,Delivered,Paid
SYSPO0001081,PO924566,SUP300337,WH233470,2026-05-16,2026-05-29,Delivered,Paid
SYSPO0001082,PO881519,SUP705397,WH515011,2026-02-23,2026-03-23,Delivered,Paid
SYSPO0001083,PO555596,SUP690341,WH686075,2026-04-14,2026-04-19,Delivered,Paid
SYSPO0001084,PO514521,SUP523389,WH824586,2025-11-17,2025-12-03,Delivered,Paid
SYSPO0001085,PO354085,SUP384076,WH816751,2026-04-01,2026-04-16,Delivered,Paid
SYSPO0001086,PO703998,SUP449499,WH781453,2026-06-14,2026-06-19,Delivered,Paid
SYSPO0001087,PO299742,SUP245051,WH922157,2026-07-28,2026-08-18,In Transit,Pending
SYSPO0001088,PO907069,SUP925981,WH997546,2026-03-02,2026-03-20,Delivered,Paid
SYSPO0001089,PO941792,SUP322955,WH771088,2026-06-01,2026-06-14,Delivered,Paid
SYSPO0001090,PO344831,SUP240814,WH324082,2026-02-08,2026-02-14,Delivered,Paid
SYSPO0001091,PO189982,SUP307428,WH262316,2026-02-01,2026-02-12,Delivered,Paid
SYSPO0001092,PO254850,SUP256294,WH770487,2026-01-21,2026-02-03,Delivered,Paid
SYSPO0001093,PO571923,SUP865990,WH233470,2026-06-21,2026-07-12,Delivered,Paid
SYSPO0001094,PO313701,SUP696750,WH233470,2026-05-15,2026-05-22,Delivered,Pending
SYSPO0001095,PO828834,SUP497382,WH526833,2026-03-23,2026-04-10,Delivered,Paid
SYSPO0001096,PO367865,SUP344098,WH322086,2025-11-17,2025-12-03,Delivered,Paid
SYSPO0001097,PO384459,SUP385470,WH636265,2025-12-08,2025-12-28,Delivered,Paid
SYSPO0001098,PO792451,SUP614663,WH479201,2026-07-01,2026-07-18,Delivered,Paid
SYSPO0001099,PO213132,SUP757711,WH824586,2025-11-08,2025-11-13,Delivered,Paid
SYSPO0001100,PO499194,SUP356150,WH329974,2026-06-23,2026-07-11,Delayed,Pending
SYSPO0001101,PO430779,SUP330914,WH801474,2026-08-02,2026-08-21,Processing,Pending
SYSPO0001102,PO295472,SUP671858,WH771088,2025-09-07,2025-09-23,Delivered,Paid
SYSPO0001103,PO122532,SUP877236,WH237174,2025-11-21,2025-11-28,Delivered,Paid
SYSPO0001104,PO512509,SUP650121,WH922157,2026-07-13,2026-07-19,Delivered,Paid
SYSPO0001105,PO417012,SUP427110,WH930555,2026-01-27,2026-02-14,Delayed,Pending
SYSPO0001106,PO389279,SUP613425,WH373903,2025-11-07,2025-11-18,Delivered,Paid
SYSPO0001107,PO954441,SUP437902,WH329974,2026-05-23,2026-06-09,Delayed,Pending
SYSPO0001108,PO336540,SUP576086,WH816751,2026-02-01,2026-02-07,Delivered,Paid
SYSPO0001109,PO865344,SUP650121,WH922157,2026-03-14,2026-03-20,Delivered,Paid
SYSPO0001110,PO819871,SUP639593,WH100425,2026-03-30,2026-04-06,Delivered,Paid
SYSPO0001111,PO427557,SUP736059,WH808011,2026-04-21,2026-05-05,Delivered,Paid
SYSPO0001112,PO245308,SUP245051,WH820221,2025-12-30,2026-01-20,Delivered,Paid
SYSPO0001113,PO649249,SUP344098,WH356150,2025-12-13,2025-12-29,Delivered,Paid
SYSPO0001114,PO788108,SUP156213,WH820221,2025-08-16,2025-08-29,Delayed,Pending
SYSPO0001115,PO684413,SUP976325,WH801474,2026-02-12,2026-02-25,Delayed,Pending
SYSPO0001116,PO433025,SUP598216,WH808011,2026-07-01,2026-07-13,Delivered,Paid
SYSPO0001117,PO534152,SUP526117,WH808011,2025-12-09,2025-12-25,Delivered,Paid
SYSPO0001118,PO767782,SUP624902,WH642717,2025-10-14,2025-10-27,Delivered,Paid
SYSPO0001119,PO293720,SUP572387,WH482364,2026-02-10,2026-02-26,Delivered,Paid
SYSPO0001120,PO694587,SUP618392,WH422451,2025-10-26,2025-11-08,Delivered,Paid
SYSPO0001121,PO476712,SUP449499,WH910891,2025-12-20,2025-12-25,Delivered,Paid
SYSPO0001122,PO734086,SUP681343,WH654634,2026-06-10,2026-06-25,Delivered,Paid
SYSPO0001123,PO615318,SUP523389,WH785197,2025-11-13,2025-11-29,Delivered,Paid
SYSPO0001124,PO901677,SUP245051,WH599948,2025-12-15,2026-01-05,Delayed,Pending
SYSPO0001125,PO333365,SUP330914,WH930555,2025-11-21,2025-12-10,Delivered,Paid
SYSPO0001126,PO560623,SUP944962,WH482364,2026-07-12,2026-07-26,Delivered,Paid
SYSPO0001127,PO548324,SUP572700,WH532322,2026-03-24,2026-04-04,Delivered,Paid
SYSPO0001128,PO855185,SUP260263,WH380746,2026-05-04,2026-05-11,Delivered,Paid
SYSPO0001129,PO662203,SUP429164,WH526833,2026-07-12,2026-07-29,Delivered,Paid
SYSPO0001130,PO144476,SUP639593,WH112038,2025-11-20,2025-11-27,Delivered,Paid
SYSPO0001131,PO684791,SUP385470,WH515011,2026-03-08,2026-03-28,Delivered,Paid
SYSPO0001132,PO405323,SUP705397,WH832052,2025-08-08,2025-09-05,Delivered,Paid
SYSPO0001133,PO583757,SUP681343,WH356150,2026-02-21,2026-03-08,Delivered,Paid
SYSPO0001134,PO642081,SUP680099,WH658582,2025-10-18,2025-11-04,Delivered,Paid
SYSPO0001135,PO624977,SUP920652,WH212235,2025-09-07,2025-09-30,Delivered,Paid
SYSPO0001136,PO672949,SUP259784,WH205907,2025-11-06,2025-11-13,Delivered,Paid
SYSPO0001137,PO575718,SUP302511,WH422451,2026-05-11,2026-05-29,Delivered,Paid
SYSPO0001138,PO194560,SUP472060,WH429164,2026-01-09,2026-01-25,Delivered,Paid
SYSPO0001139,PO271960,SUP899213,WH770487,2026-02-10,2026-02-28,Delivered,Paid
SYSPO0001140,PO189450,SUP613425,WH740967,2026-03-08,2026-03-19,Delivered,Paid
SYSPO0001141,PO267666,SUP350867,WH233470,2026-05-26,2026-06-10,Delivered,Paid
SYSPO0001142,PO451475,SUP576086,WH237174,2025-11-06,2025-11-12,Delivered,Paid
SYSPO0001143,PO153802,SUP427110,WH820221,2026-04-30,2026-05-18,Delivered,Pending
SYSPO0001144,PO402808,SUP692683,WH100425,2026-02-05,2026-03-02,Delivered,Paid
SYSPO0001145,PO752801,SUP133659,WH324082,2026-04-12,2026-04-30,Delivered,Paid
SYSPO0001146,PO946677,SUP576086,WH373903,2026-05-08,2026-05-14,Delivered,Paid
SYSPO0001147,PO791505,SUP920652,WH686075,2026-02-11,2026-03-06,Delivered,Paid
SYSPO0001148,PO106892,SUP449499,WH656116,2026-01-26,2026-01-31,Delivered,Paid
SYSPO0001149,PO959959,SUP671858,WH820221,2026-06-08,2026-06-24,Delivered,Paid
SYSPO0001150,PO138504,SUP184491,WH373903,2025-08-11,2025-09-12,Delivered,Paid
SYSPO0001151,PO412938,SUP265080,WH112038,2025-09-10,2025-09-26,Delayed,Pending
SYSPO0001152,PO537211,SUP880879,WH539589,2025-11-27,2026-01-04,Delivered,Paid
SYSPO0001153,PO833842,SUP595631,WH479201,2025-10-30,2025-11-24,Delayed,Pending
SYSPO0001154,PO477685,SUP802729,WH656116,2026-01-09,2026-01-20,Delivered,Paid
SYSPO0001155,PO497346,SUP595631,WH429164,2026-04-30,2026-05-25,Delivered,Paid
SYSPO0001156,PO593687,SUP285652,WH770487,2025-11-07,2025-12-08,Delivered,Paid
SYSPO0001157,PO533856,SUP757711,WH262316,2025-12-01,2025-12-06,Delivered,Paid
SYSPO0001158,PO865175,SUP976325,WH324082,2026-04-19,2026-05-02,Delivered,Paid
SYSPO0001159,PO734155,SUP804318,WH377746,2026-03-18,2026-04-08,Delivered,Paid
SYSPO0001160,PO703080,SUP459536,WH808011,2025-12-26,2026-01-09,Delivered,Paid
SYSPO0001161,PO644951,SUP642717,WH519066,2026-02-04,2026-02-18,Delivered,Paid
SYSPO0001162,PO739008,SUP526117,WH740967,2026-03-07,2026-03-23,Delivered,Paid
SYSPO0001163,PO125151,SUP349565,WH656116,2026-02-27,2026-03-25,Delivered,Paid
SYSPO0001164,PO938403,SUP378361,WH658582,2025-12-16,2026-01-21,Delivered,Paid
SYSPO0001165,PO768470,SUP664607,WH567574,2026-01-17,2026-02-19,Delivered,Paid
SYSPO0001166,PO928580,SUP335113,WH422451,2026-05-21,2026-06-01,Delivered,Paid
SYSPO0001167,PO106429,SUP572387,WH636265,2026-03-06,2026-03-22,Delivered,Paid
SYSPO0001168,PO745915,SUP153872,WH324082,2025-12-11,2025-12-18,Delivered,Paid
SYSPO0001169,PO805139,SUP614663,WH373903,2025-12-19,2026-01-05,Delayed,Pending
SYSPO0001170,PO777015,SUP608257,WH191161,2026-05-04,2026-05-20,Delivered,Paid
SYSPO0001171,PO663051,SUP497887,WH539589,2026-01-28,2026-02-15,Delivered,Paid
SYSPO0001172,PO158743,SUP335615,WH112038,2025-11-18,2025-11-24,Delivered,Paid
SYSPO0001173,PO119627,SUP688508,WH690341,2025-12-02,2025-12-12,Delivered,Paid
SYSPO0001174,PO934438,SUP614663,WH174441,2025-11-10,2025-11-27,Delivered,Paid
SYSPO0001175,PO455627,SUP842411,WH654634,2025-11-02,2025-11-10,Delivered,Paid
SYSPO0001176,PO508489,SUP642717,WH654634,2025-09-20,2025-10-04,Delivered,Paid
SYSPO0001177,PO839525,SUP871711,WH771088,2026-05-12,2026-05-22,Delivered,Paid
SYSPO0001178,PO349185,SUP385470,WH910891,2025-10-18,2025-11-07,Delivered,Paid
SYSPO0001179,PO417003,SUP429164,WH582662,2025-12-05,2025-12-22,Delivered,Paid
SYSPO0001180,PO197102,SUP429164,WH910891,2025-09-20,2025-10-07,Delivered,Paid
SYSPO0001181,PO261562,SUP608257,WH636265,2026-05-20,2026-06-05,Delivered,Paid
SYSPO0001182,PO425434,SUP813536,WH212235,2026-03-01,2026-03-22,Delivered,Paid
SYSPO0001183,PO641218,SUP765095,WH174441,2026-05-28,2026-07-02,Cancelled,Cancelled
SYSPO0001184,PO506415,SUP664607,WH515011,2026-04-30,2026-06-02,Delivered,Paid
SYSPO0001185,PO723155,SUP757711,WH526117,2025-10-15,2025-10-20,Delivered,Paid
SYSPO0001186,PO903398,SUP804318,WH329974,2025-10-18,2025-11-08,Delivered,Paid
SYSPO0001187,PO320039,SUP429164,WH532322,2025-10-28,2025-11-14,Delivered,Paid
SYSPO0001188,PO910326,SUP614663,WH567574,2026-05-18,2026-06-04,Delivered,Paid
SYSPO0001189,PO220020,SUP321275,WH997546,2026-02-09,2026-02-16,Delayed,Pending
SYSPO0001190,PO207348,SUP946305,WH174441,2025-11-20,2025-12-18,Delivered,Paid
SYSPO0001191,PO838568,SUP256294,WH379766,2026-05-13,2026-05-26,Delivered,Paid
SYSPO0001192,PO455193,SUP420214,WH910891,2026-03-21,2026-04-03,Delivered,Paid
SYSPO0001193,PO808308,SUP576086,WH212235,2026-05-27,2026-06-02,Delivered,Paid
SYSPO0001194,PO287677,SUP302511,WH686075,2026-02-24,2026-03-14,Delivered,Paid
SYSPO0001195,PO833337,SUP344098,WH112038,2026-03-24,2026-04-09,Delivered,Paid
SYSPO0001196,PO847528,SUP829308,WH930555,2025-11-22,2025-11-30,Delayed,Pending
SYSPO0001197,PO588316,SUP197251,WH519066,2025-09-13,2025-09-20,Delivered,Paid
SYSPO0001198,PO201987,SUP300337,WH274389,2026-06-24,2026-07-07,Delivered,Paid
SYSPO0001199,PO593403,SUP865990,WH816751,2025-10-19,2025-11-09,Delayed,Pending
SYSPO0001200,PO746910,SUP757711,WH262316,2025-11-28,2025-12-03,Delayed,Pending
SYSPO0001201,PO833599,SUP595631,WH212235,2025-11-01,2025-11-26,Delivered,Paid
SYSPO0001202,PO131734,SUP597732,WH539589,2025-12-23,2026-01-18,Delivered,Paid
SYSPO0001203,PO279098,SUP260263,WH422451,2025-10-13,2025-10-20,Delivered,Paid
SYSPO0001204,PO207932,SUP668532,WH329974,2025-11-30,2025-12-13,Delivered,Paid
SYSPO0001205,PO780999,SUP801364,WH274389,2025-08-10,2025-09-01,Delivered,Paid
SYSPO0001206,PO533525,SUP839677,WH174441,2026-05-06,2026-05-23,Delivered,Pending
SYSPO0001207,PO502460,SUP955662,WH740967,2026-02-28,2026-03-19,Delivered,Paid
SYSPO0001208,PO922412,SUP459536,WH808011,2025-09-23,2025-10-07,Delivered,Paid
SYSPO0001209,PO281493,SUP589710,WH519066,2025-11-19,2025-12-08,Delivered,Paid
SYSPO0001210,PO977394,SUP871711,WH816751,2025-08-22,2025-09-01,Delivered,Paid
SYSPO0001211,PO202397,SUP768854,WH412942,2025-08-26,2025-09-12,Delivered,Paid
SYSPO0001212,PO214027,SUP523389,WH820221,2026-03-07,2026-03-23,Delivered,Paid
SYSPO0001213,PO328182,SUP385470,WH636265,2025-11-26,2025-12-16,Delivered,Paid
SYSPO0001214,PO100193,SUP801364,WH824586,2026-05-02,2026-05-24,Delivered,Paid
SYSPO0001215,PO745474,SUP618392,WH686075,2025-09-23,2025-10-06,Delivered,Paid
SYSPO0001216,PO414295,SUP972064,WH274389,2026-04-09,2026-04-27,Delivered,Paid
SYSPO0001217,PO555844,SUP946305,WH820221,2026-07-08,2026-08-05,Delayed,Pending
SYSPO0001218,PO741194,SUP497382,WH322086,2026-05-24,2026-06-11,Delivered,Paid
SYSPO0001219,PO675547,SUP321275,WH555884,2026-02-11,2026-02-18,Delivered,Pending
SYSPO0001220,PO215027,SUP680099,WH567574,2025-09-13,2025-09-30,Delivered,Paid
SYSPO0001221,PO513420,SUP572700,WH274389,2026-07-09,2026-07-20,Delivered,Paid
SYSPO0001222,PO321476,SUP335615,WH205907,2025-08-09,2025-08-15,Delivered,Paid
SYSPO0001223,PO477789,SUP322955,WH377746,2026-03-15,2026-03-28,Delivered,Paid
SYSPO0001224,PO240800,SUP526117,WH373903,2025-11-23,2025-12-09,Cancelled,Cancelled
SYSPO0001225,PO856379,SUP356150,WH686075,2026-02-03,2026-02-21,Delivered,Paid
SYSPO0001226,PO243885,SUP589710,WH997546,2026-02-06,2026-02-25,Delivered,Paid
SYSPO0001227,PO829169,SUP728492,WH519066,2026-01-23,2026-02-08,Delivered,Paid
SYSPO0001228,PO959907,SUP990844,WH412942,2025-12-15,2026-01-03,Delivered,Paid
SYSPO0001229,PO107790,SUP813536,WH930555,2025-10-15,2025-11-05,Delivered,Paid
SYSPO0001230,PO382329,SUP664607,WH829716,2025-08-24,2025-09-26,Delayed,Pending
SYSPO0001231,PO135087,SUP681343,WH532322,2025-11-11,2025-11-26,Delivered,Paid
SYSPO0001232,PO604923,SUP618392,WH237174,2026-08-05,2026-08-18,In Transit,Pending
SYSPO0001233,PO651978,SUP221263,WH322086,2026-07-05,2026-07-29,Delivered,Paid
SYSPO0001234,PO192742,SUP881177,WH829716,2026-02-06,2026-02-20,Delivered,Pending
SYSPO0001235,PO181874,SUP497887,WH658582,2025-09-18,2025-10-06,Delivered,Paid
SYSPO0001236,PO155337,SUP572700,WH237174,2026-06-20,2026-07-01,Cancelled,Cancelled
SYSPO0001237,PO576089,SUP887625,WH482364,2025-08-30,2025-09-12,Delayed,Pending
SYSPO0001238,PO447617,SUP211764,WH829716,2026-01-07,2026-01-24,Delivered,Paid
SYSPO0001239,PO275645,SUP576086,WH482364,2026-02-11,2026-02-17,Delivered,Paid
SYSPO0001240,PO923154,SUP680099,WH770487,2025-09-02,2025-09-19,Delivered,Paid
SYSPO0001241,PO154127,SUP497382,WH233470,2026-03-17,2026-04-04,Delivered,Paid
SYSPO0001242,PO186518,SUP990844,WH997546,2026-04-06,2026-04-25,Delivered,Paid
SYSPO0001243,PO238976,SUP813536,WH191161,2026-04-28,2026-05-19,Delivered,Paid
SYSPO0001244,PO216968,SUP260422,WH373903,2025-08-25,2025-09-03,Delayed,Pending
SYSPO0001245,PO791174,SUP899213,WH526117,2025-10-02,2025-10-20,Delivered,Paid
SYSPO0001246,PO347669,SUP378361,WH658582,2025-10-01,2025-11-06,Delivered,Paid
SYSPO0001247,PO188501,SUP877236,WH324082,2026-06-16,2026-06-23,Delivered,Paid
SYSPO0001248,PO889327,SUP728492,WH100425,2026-03-11,2026-03-27,Delivered,Paid
SYSPO0001249,PO768545,SUP614663,WH322086,2025-11-30,2025-12-17,Delivered,Paid
SYSPO0001250,PO773459,SUP333238,WH656116,2025-09-07,2025-09-26,Delivered,Paid
SYSPO0001251,PO518114,SUP877236,WH654634,2025-11-09,2025-11-16,Delivered,Paid
SYSPO0001252,PO658388,SUP307428,WH205907,2025-09-20,2025-10-01,Delivered,Paid
SYSPO0001253,PO252200,SUP829308,WH658582,2026-03-09,2026-03-17,Delivered,Paid
SYSPO0001254,PO811451,SUP572387,WH740967,2026-05-28,2026-06-13,Delayed,Pending
SYSPO0001255,PO143010,SUP523389,WH801474,2026-01-13,2026-01-29,Delayed,Pending
SYSPO0001256,PO985249,SUP211764,WH636265,2026-03-28,2026-04-14,Delivered,Paid
SYSPO0001257,PO383457,SUP624902,WH910891,2026-03-24,2026-04-06,Delivered,Paid
SYSPO0001258,PO583507,SUP197251,WH686075,2026-06-08,2026-06-15,Delivered,Paid
SYSPO0001259,PO453796,SUP437408,WH329974,2026-04-02,2026-04-17,Delivered,Paid
SYSPO0001260,PO805483,SUP216970,WH770487,2025-10-31,2025-11-19,Cancelled,Cancelled
SYSPO0001261,PO202444,SUP523389,WH100425,2026-06-02,2026-06-18,Delivered,Paid
SYSPO0001262,PO364132,SUP920652,WH376807,2026-02-23,2026-03-18,Delivered,Paid
SYSPO0001263,PO722999,SUP801364,WH997546,2025-12-30,2026-01-21,Delayed,Pending
SYSPO0001264,PO842470,SUP618392,WH801474,2026-01-26,2026-02-08,Delivered,Paid
SYSPO0001265,PO900962,SUP429164,WH832052,2026-07-23,2026-08-09,Processing,Pending
SYSPO0001266,PO365641,SUP755788,WH770487,2026-01-23,2026-02-17,Delivered,Paid
SYSPO0001267,PO389809,SUP240814,WH801474,2025-11-28,2025-12-04,Delivered,Paid
SYSPO0001268,PO369836,SUP273982,WH567574,2026-07-05,2026-07-21,Delivered,Paid
SYSPO0001269,PO507466,SUP153872,WH212235,2026-03-21,2026-03-28,Delayed,Pending
SYSPO0001270,PO952283,SUP871711,WH526833,2026-01-18,2026-01-28,Delivered,Pending
SYSPO0001271,PO310416,SUP156213,WH781453,2025-12-01,2025-12-14,Delivered,Paid
SYSPO0001272,PO666893,SUP614663,WH658582,2026-03-13,2026-03-30,Delivered,Paid
SYSPO0001273,PO850151,SUP322955,WH515011,2026-04-03,2026-04-16,Delivered,Paid
SYSPO0001274,PO362769,SUP662275,WH781453,2025-08-28,2025-09-09,Delivered,Paid
SYSPO0001275,PO100909,SUP322955,WH237174,2026-03-29,2026-04-11,Delivered,Paid
SYSPO0001276,PO510339,SUP300896,WH922157,2026-05-19,2026-05-27,Delivered,Paid
SYSPO0001277,PO557239,SUP618392,WH379766,2025-09-12,2025-09-25,Delivered,Paid
SYSPO0001278,PO666366,SUP121753,WH100425,2026-05-28,2026-06-08,Delivered,Paid
SYSPO0001279,PO605483,SUP572700,WH515011,2025-10-24,2025-11-04,Delivered,Paid
SYSPO0001280,PO814956,SUP449499,WH686075,2026-04-04,2026-04-09,Delivered,Pending
SYSPO0001281,PO195071,SUP259784,WH356150,2025-10-25,2025-11-01,Delivered,Paid
SYSPO0001282,PO581966,SUP842411,WH997546,2025-11-15,2025-11-23,Delivered,Paid
SYSPO0001283,PO502824,SUP608257,WH412942,2026-04-18,2026-05-04,Delivered,Paid
SYSPO0001284,PO822303,SUP179046,WH233470,2025-09-05,2025-09-25,Delivered,Paid
SYSPO0001285,PO298667,SUP459536,WH191161,2025-10-04,2025-10-18,Cancelled,Cancelled
SYSPO0001286,PO721748,SUP598216,WH100425,2025-11-06,2025-11-18,Delivered,Paid
SYSPO0001287,PO422679,SUP755788,WH373903,2025-10-11,2025-11-05,Delivered,Paid
SYSPO0001288,PO117215,SUP597732,WH379766,2026-03-07,2026-04-02,Delivered,Paid
SYSPO0001289,PO525205,SUP801364,WH100425,2025-09-03,2025-09-25,Delivered,Paid
SYSPO0001290,PO811016,SUP688508,WH356150,2025-10-04,2025-10-14,Delivered,Paid
SYSPO0001291,PO871185,SUP871711,WH539589,2025-08-06,2025-08-16,Cancelled,Cancelled
SYSPO0001292,PO748410,SUP595631,WH191161,2026-01-10,2026-02-04,Delivered,Paid
SYSPO0001293,PO763393,SUP221263,WH479201,2026-01-26,2026-02-19,Delayed,Pending
SYSPO0001294,PO202018,SUP330914,WH233470,2026-04-29,2026-05-18,Delivered,Paid
SYSPO0001295,PO957179,SUP688508,WH771088,2026-03-23,2026-04-02,Delivered,Paid
SYSPO0001296,PO166175,SUP240814,WH519066,2026-02-03,2026-02-09,Delivered,Pending
SYSPO0001297,PO811351,SUP572700,WH686075,2025-11-26,2025-12-07,Delivered,Paid
SYSPO0001298,PO244000,SUP887625,WH567574,2025-08-17,2025-08-30,Delivered,Paid
SYSPO0001299,PO721894,SUP256294,WH958179,2025-11-02,2025-11-15,Delivered,Paid
SYSPO0001300,PO535320,SUP576086,WH690341,2025-11-24,2025-11-30,Delivered,Paid
SYSPO0001301,PO710256,SUP768854,WH771088,2026-05-06,2026-05-23,Delivered,Paid
SYSPO0001302,PO494401,SUP333238,WH205907,2025-11-22,2025-12-11,Delivered,Paid
SYSPO0001303,PO288128,SUP350867,WH642717,2026-05-05,2026-05-20,Delivered,Paid
SYSPO0001304,PO827191,SUP690341,WH324082,2026-07-04,2026-07-09,Delivered,Paid
SYSPO0001305,PO648496,SUP613425,WH808011,2026-01-28,2026-02-08,Delivered,Paid
SYSPO0001306,PO139448,SUP513160,WH112038,2025-09-01,2025-09-25,Delivered,Paid
SYSPO0001307,PO966630,SUP595631,WH930555,2026-04-28,2026-05-23,Cancelled,Cancelled
SYSPO0001308,PO347085,SUP880879,WH482364,2025-11-03,2025-12-11,Delivered,Paid
SYSPO0001309,PO479481,SUP523389,WH233470,2026-07-29,2026-08-14,In Transit,Pending
SYSPO0001310,PO318217,SUP865990,WH555884,2025-11-15,2025-12-06,Delivered,Paid
SYSPO0001311,PO984769,SUP881177,WH740967,2026-06-06,2026-06-20,Delivered,Paid
SYSPO0001312,PO156652,SUP156213,WH377746,2026-06-08,2026-06-21,Delivered,Paid
SYSPO0001313,PO746781,SUP420214,WH329974,2026-04-04,2026-04-17,Delivered,Paid
SYSPO0001314,PO284431,SUP285652,WH820221,2026-03-22,2026-04-22,Delivered,Paid
SYSPO0001315,PO346729,SUP925981,WH519066,2026-04-18,2026-05-06,Delivered,Paid
SYSPO0001316,PO883377,SUP595631,WH567574,2026-06-13,2026-07-08,Delivered,Paid
SYSPO0001317,PO348636,SUP990844,WH642717,2026-08-02,2026-08-21,Processing,Pending
SYSPO0001318,PO331381,SUP696750,WH997546,2025-10-20,2025-10-27,Delivered,Paid
SYSPO0001319,PO251981,SUP989545,WH922157,2026-01-17,2026-02-02,Delayed,Pending
SYSPO0001320,PO506145,SUP925981,WH526833,2025-09-18,2025-10-06,Delivered,Paid
SYSPO0001321,PO382795,SUP755788,WH690341,2026-03-04,2026-03-29,Cancelled,Cancelled
SYSPO0001322,PO696289,SUP335113,WH824586,2025-10-31,2025-11-11,Delivered,Paid
SYSPO0001323,PO538539,SUP865990,WH412942,2026-04-13,2026-05-04,Delivered,Paid
SYSPO0001324,PO264404,SUP925981,WH422451,2025-10-01,2025-10-19,Delayed,Pending
SYSPO0001325,PO706204,SUP179046,WH997546,2026-07-23,2026-08-12,Processing,Pending
SYSPO0001326,PO998602,SUP497382,WH662336,2025-11-16,2025-12-04,Delivered,Paid
SYSPO0001327,PO585242,SUP321275,WH380746,2026-06-22,2026-06-29,Delivered,Paid
SYSPO0001328,PO359870,SUP965845,WH237174,2025-09-29,2025-10-06,Delivered,Paid
SYSPO0001329,PO256206,SUP335113,WH997546,2025-09-01,2025-09-12,Delivered,Pending
SYSPO0001330,PO869105,SUP427110,WH100425,2025-08-28,2025-09-15,Delivered,Paid
SYSPO0001331,PO936782,SUP946305,WH460663,2025-10-08,2025-11-05,Delivered,Paid
SYSPO0001332,PO113026,SUP755788,WH376807,2026-06-08,2026-07-03,Delayed,Pending
SYSPO0001333,PO410158,SUP618392,WH930555,2025-12-02,2025-12-15,Delivered,Paid
SYSPO0001334,PO419644,SUP513160,WH519066,2026-03-24,2026-04-17,Delivered,Paid
SYSPO0001335,PO125599,SUP384076,WH422451,2026-05-22,2026-06-06,Delivered,Paid
SYSPO0001336,PO293929,SUP330914,WH997546,2026-06-21,2026-07-10,Delivered,Paid
SYSPO0001337,PO757776,SUP350867,WH642717,2026-03-14,2026-03-29,Delivered,Paid
SYSPO0001338,PO410997,SUP437408,WH662336,2026-07-28,2026-08-12,Processing,Pending
SYSPO0001339,PO742254,SUP976325,WH422451,2025-11-25,2025-12-08,Delivered,Paid
SYSPO0001340,PO750594,SUP972064,WH429164,2026-01-22,2026-02-09,Delivered,Paid
SYSPO0001341,PO807424,SUP322955,WH656116,2025-09-22,2025-10-05,Delivered,Paid
SYSPO0001342,PO749208,SUP356150,WH324082,2026-02-03,2026-02-21,Delivered,Paid
SYSPO0001343,PO170260,SUP680099,WH656116,2026-04-29,2026-05-16,Delivered,Paid
SYSPO0001344,PO780566,SUP449499,WH212235,2025-12-01,2025-12-06,Delivered,Paid
SYSPO0001345,PO836984,SUP965845,WH997546,2026-05-03,2026-05-10,Delivered,Paid
SYSPO0001346,PO380345,SUP335113,WH322086,2026-01-08,2026-01-19,Delivered,Paid
SYSPO0001347,PO609845,SUP307428,WH922157,2025-11-18,2025-11-29,Delivered,Paid
SYSPO0001348,PO406461,SUP572387,WH100425,2026-02-15,2026-03-03,Delivered,Paid
SYSPO0001349,PO948083,SUP446954,WH539589,2026-03-02,2026-03-12,Delivered,Paid
SYSPO0001350,PO509660,SUP736059,WH820221,2026-02-12,2026-02-26,Delivered,Paid
SYSPO0001351,PO389346,SUP891937,WH599948,2026-01-22,2026-02-19,Delivered,Paid
SYSPO0001352,PO645980,SUP472060,WH212235,2025-09-05,2025-09-21,Delivered,Paid
SYSPO0001353,PO238440,SUP179046,WH654634,2026-03-25,2026-04-14,Delivered,Paid
SYSPO0001354,PO405677,SUP668532,WH539589,2025-08-20,2025-09-02,Delivered,Paid
SYSPO0001355,PO644861,SUP265080,WH816751,2026-07-16,2026-08-01,Delivered,Paid
SYSPO0001356,PO442157,SUP523389,WH599948,2026-01-19,2026-02-04,Delivered,Paid
SYSPO0001357,PO566885,SUP613425,WH322086,2026-05-17,2026-05-28,Delivered,Paid
SYSPO0001358,PO280079,SUP839677,WH770487,2025-12-08,2025-12-25,Delivered,Paid
SYSPO0001359,PO986585,SUP437902,WH412942,2026-03-27,2026-04-13,Delivered,Pending
SYSPO0001360,PO748680,SUP437408,WH686075,2025-11-10,2025-11-25,Delivered,Pending
SYSPO0001361,PO980103,SUP197251,WH262316,2025-08-15,2025-08-22,Delivered,Pending
SYSPO0001362,PO702433,SUP976325,WH112038,2025-09-09,2025-09-22,Delivered,Paid
SYSPO0001363,PO841484,SUP526117,WH636265,2025-11-01,2025-11-17,Delivered,Paid
SYSPO0001364,PO570211,SUP322955,WH922157,2026-04-23,2026-05-06,Delayed,Pending
SYSPO0001365,PO227391,SUP385470,WH379766,2026-06-25,2026-07-15,Delivered,Paid
SYSPO0001366,PO580290,SUP197251,WH377746,2026-07-05,2026-07-12,Delivered,Paid
SYSPO0001367,PO632056,SUP260422,WH482364,2026-03-16,2026-03-25,Delivered,Paid
SYSPO0001368,PO890795,SUP802729,WH532322,2026-03-21,2026-04-01,Delivered,Paid
SYSPO0001369,PO563581,SUP335113,WH808011,2025-08-13,2025-08-24,Delivered,Paid
SYSPO0001370,PO246195,SUP877236,WH274389,2026-05-29,2026-06-05,Delivered,Paid
SYSPO0001371,PO567636,SUP384076,WH100425,2026-04-23,2026-05-08,Delivered,Paid
SYSPO0001372,PO711772,SUP133659,WH519066,2026-06-20,2026-07-08,Delivered,Paid
SYSPO0001373,PO123643,SUP733039,WH686075,2025-11-17,2025-12-03,Delivered,Paid
SYSPO0001374,PO191621,SUP880879,WH412942,2026-03-16,2026-04-23,Delivered,Paid
SYSPO0001375,PO158770,SUP813536,WH191161,2025-08-20,2025-09-10,Delivered,Paid
SYSPO0001376,PO487585,SUP839677,WH237174,2026-05-28,2026-06-14,Delivered,Paid
SYSPO0001377,PO567220,SUP497382,WH567574,2026-05-25,2026-06-12,Delivered,Paid
SYSPO0001378,PO535798,SUP802729,WH262316,2025-10-12,2025-10-23,Delivered,Pending
SYSPO0001379,PO544420,SUP153872,WH519066,2026-02-03,2026-02-10,Delivered,Paid
SYSPO0001380,PO317877,SUP813536,WH412942,2026-02-22,2026-03-15,Delivered,Pending
SYSPO0001381,PO169327,SUP449499,WH205907,2026-04-15,2026-04-20,Delivered,Paid
SYSPO0001382,PO534649,SUP322955,WH237174,2026-01-23,2026-02-05,Delivered,Paid
SYSPO0001383,PO243578,SUP350867,WH460663,2026-07-26,2026-08-10,In Transit,Pending
SYSPO0001384,PO680771,SUP285652,WH377746,2025-11-21,2025-12-22,Delivered,Paid
SYSPO0001385,PO418677,SUP497887,WH658582,2025-10-14,2025-11-01,Delivered,Paid
SYSPO0001386,PO102565,SUP972064,WH112038,2026-03-20,2026-04-07,Delivered,Paid
SYSPO0001387,PO595495,SUP955662,WH567574,2026-01-21,2026-02-09,Delivered,Paid
SYSPO0001388,PO615780,SUP322955,WH686075,2026-04-08,2026-04-21,Cancelled,Cancelled
SYSPO0001389,PO901865,SUP972064,WH174441,2026-06-17,2026-07-05,Delivered,Paid
SYSPO0001390,PO479332,SUP133659,WH662336,2026-02-11,2026-03-01,Delivered,Paid
SYSPO0001391,PO819231,SUP384076,WH262316,2025-09-09,2025-09-24,Delayed,Pending
SYSPO0001392,PO491330,SUP829308,WH539589,2026-02-03,2026-02-11,Delivered,Paid
SYSPO0001393,PO435209,SUP839677,WH832052,2025-12-18,2026-01-04,Delivered,Paid
SYSPO0001394,PO385915,SUP576086,WH662336,2026-01-10,2026-01-16,Delivered,Paid
SYSPO0001395,PO403936,SUP865990,WH324082,2025-12-12,2026-01-02,Delivered,Paid
SYSPO0001396,PO903673,SUP179046,WH112038,2025-12-07,2025-12-27,Delivered,Paid
SYSPO0001397,PO670123,SUP595631,WH662336,2026-04-22,2026-05-17,Delivered,Paid
SYSPO0001398,PO415697,SUP384076,WH356150,2025-09-14,2025-09-29,Delivered,Paid
SYSPO0001399,PO708222,SUP870763,WH567574,2026-07-04,2026-07-20,Cancelled,Cancelled
SYSPO0001400,PO643341,SUP197251,WH690341,2025-10-06,2025-10-13,Delivered,Paid
SYSPO0001401,PO270948,SUP497382,WH582662,2025-12-11,2025-12-29,Delivered,Paid
SYSPO0001402,PO933729,SUP757711,WH356150,2026-01-11,2026-01-16,Delivered,Paid
SYSPO0001403,PO237606,SUP156213,WH233470,2026-05-01,2026-05-14,Delivered,Paid
SYSPO0001404,PO956727,SUP736059,WH412942,2026-02-13,2026-02-27,Delivered,Paid
SYSPO0001405,PO458660,SUP668532,WH377746,2025-11-24,2025-12-07,Cancelled,Cancelled
SYSPO0001406,PO954142,SUP989545,WH274389,2026-04-19,2026-05-05,Delivered,Paid
SYSPO0001407,PO337580,SUP877236,WH654634,2026-01-07,2026-01-14,Delivered,Paid
SYSPO0001408,PO824375,SUP260263,WH958179,2026-06-16,2026-06-23,Delivered,Paid
SYSPO0001409,PO144582,SUP335113,WH824586,2026-05-27,2026-06-07,Delivered,Paid
SYSPO0001410,PO162144,SUP668532,WH690341,2026-03-06,2026-03-19,Delivered,Paid
SYSPO0001411,PO800015,SUP642717,WH515011,2025-08-19,2025-09-02,Delivered,Paid
SYSPO0001412,PO315378,SUP839677,WH376807,2026-01-28,2026-02-14,Delivered,Paid
SYSPO0001413,PO986950,SUP990844,WH515011,2025-09-08,2025-09-27,Delayed,Pending
SYSPO0001414,PO268356,SUP260263,WH329974,2025-12-05,2025-12-12,Delivered,Paid
SYSPO0001415,PO900319,SUP349565,WH526833,2025-11-11,2025-12-07,Delivered,Pending
SYSPO0001416,PO280117,SUP437902,WH539589,2025-12-08,2025-12-25,Delayed,Pending
SYSPO0001417,PO324411,SUP597732,WH910891,2025-09-19,2025-10-15,Delivered,Paid
SYSPO0001418,PO212537,SUP576086,WH910891,2026-06-01,2026-06-07,Delivered,Paid
SYSPO0001419,PO639231,SUP420214,WH112038,2026-01-08,2026-01-21,Delivered,Paid
SYSPO0001420,PO588533,SUP802729,WH329974,2026-07-06,2026-07-17,Delivered,Paid
SYSPO0001421,PO402274,SUP437408,WH379766,2026-02-20,2026-03-07,Delivered,Paid
SYSPO0001422,PO503472,SUP681343,WH636265,2026-06-21,2026-07-06,Delivered,Paid
SYSPO0001423,PO981946,SUP302511,WH112038,2025-08-05,2025-08-23,Delivered,Pending
SYSPO0001424,PO548750,SUP523389,WH555884,2026-04-17,2026-05-03,Delivered,Paid
SYSPO0001425,PO812120,SUP335615,WH262316,2026-07-08,2026-07-14,Delivered,Paid
SYSPO0001426,PO210280,SUP576086,WH377746,2026-03-03,2026-03-09,Delivered,Paid
SYSPO0001427,PO250331,SUP595631,WH910891,2026-01-31,2026-02-25,Delivered,Paid
SYSPO0001428,PO276919,SUP356150,WH832052,2026-01-12,2026-01-30,Delivered,Paid
SYSPO0001429,PO985029,SUP523389,WH191161,2025-08-26,2025-09-11,Delivered,Paid
SYSPO0001430,PO392047,SUP273982,WH324082,2025-10-16,2025-11-01,Delivered,Paid
SYSPO0001431,PO939892,SUP497887,WH526117,2026-02-22,2026-03-12,Delayed,Pending
SYSPO0001432,PO799061,SUP391668,WH781453,2025-12-23,2026-01-05,Delayed,Pending
SYSPO0001433,PO636256,SUP728492,WH662336,2026-04-03,2026-04-19,Delivered,Paid
SYSPO0001434,PO613111,SUP449499,WH771088,2026-05-25,2026-05-30,Delivered,Paid
SYSPO0001435,PO873637,SUP572700,WH832052,2026-02-14,2026-02-25,Delivered,Paid
SYSPO0001436,PO287795,SUP335113,WH112038,2026-04-04,2026-04-15,Delivered,Paid
SYSPO0001437,PO753506,SUP757711,WH808011,2026-01-23,2026-01-28,Delivered,Paid
SYSPO0001438,PO616096,SUP668532,WH262316,2026-05-27,2026-06-09,Delivered,Paid
SYSPO0001439,PO374375,SUP526117,WH526117,2025-08-25,2025-09-10,Delivered,Paid
SYSPO0001440,PO901075,SUP736059,WH482364,2025-10-23,2025-11-06,Delayed,Pending
SYSPO0001441,PO224921,SUP486945,WH373903,2025-11-16,2025-12-09,Delivered,Paid
SYSPO0001442,PO137728,SUP245051,WH910891,2026-03-06,2026-03-27,Delivered,Paid
SYSPO0001443,PO840356,SUP356150,WH205907,2025-09-24,2025-10-12,Delivered,Paid
SYSPO0001444,PO611133,SUP356150,WH690341,2026-07-31,2026-08-18,In Transit,Pending
SYSPO0001445,PO680684,SUP920652,WH519066,2025-11-24,2025-12-17,Delivered,Paid
SYSPO0001446,PO510396,SUP768854,WH526833,2026-01-22,2026-02-08,Delivered,Paid
SYSPO0001447,PO469899,SUP197251,WH910891,2026-07-13,2026-07-20,Cancelled,Cancelled
SYSPO0001448,PO147310,SUP429164,WH582662,2026-05-03,2026-05-20,Delivered,Paid
SYSPO0001449,PO128206,SUP757711,WH526117,2026-02-09,2026-02-14,Delivered,Pending
SYSPO0001450,PO531939,SUP572700,WH519066,2025-09-21,2025-10-02,Delivered,Paid
SYSPO0001451,PO427260,SUP245051,WH373903,2025-08-16,2025-09-06,Delayed,Pending
SYSPO0001452,PO419723,SUP881177,WH997546,2026-04-06,2026-04-20,Cancelled,Cancelled
SYSPO0001453,PO441958,SUP285652,WH771088,2026-03-29,2026-04-29,Delivered,Paid
SYSPO0001454,PO541631,SUP259784,WH324082,2026-06-11,2026-06-18,Delivered,Paid
SYSPO0001455,PO431889,SUP946305,WH816751,2025-11-05,2025-12-03,Delivered,Paid
SYSPO0001456,PO612081,SUP736059,WH658582,2026-05-07,2026-05-21,Delivered,Paid
SYSPO0001457,PO950874,SUP765095,WH785197,2025-10-05,2025-11-09,Delivered,Pending
SYSPO0001458,PO311559,SUP391668,WH656116,2025-12-03,2025-12-16,Delivered,Paid
SYSPO0001459,PO991640,SUP728492,WH515011,2026-03-06,2026-03-22,Delivered,Pending
SYSPO0001460,PO521556,SUP427110,WH785197,2025-08-10,2025-08-28,Delivered,Paid
SYSPO0001461,PO706279,SUP300896,WH205907,2026-03-07,2026-03-15,Delivered,Paid
SYSPO0001462,PO656860,SUP519093,WH829716,2026-01-10,2026-01-26,Delivered,Paid
SYSPO0001463,PO963752,SUP839677,WH460663,2025-09-10,2025-09-27,Delivered,Paid
SYSPO0001464,PO428574,SUP378361,WH526833,2025-10-31,2025-12-06,Delivered,Paid
SYSPO0001465,PO804181,SUP681343,WH429164,2026-06-27,2026-07-12,Cancelled,Cancelled
SYSPO0001466,PO837496,SUP989545,WH824586,2026-07-25,2026-08-10,In Transit,Pending
SYSPO0001467,PO963930,SUP870763,WH429164,2025-09-18,2025-10-04,Delivered,Paid
SYSPO0001468,PO994199,SUP972335,WH820221,2026-01-31,2026-03-10,Delayed,Pending
SYSPO0001469,PO162790,SUP221263,WH829716,2025-09-19,2025-10-13,Delivered,Paid
SYSPO0001470,PO818596,SUP211764,WH686075,2026-04-13,2026-04-30,Delivered,Paid
SYSPO0001471,PO167557,SUP736059,WH233470,2026-06-24,2026-07-08,Delivered,Paid
SYSPO0001472,PO777424,SUP449499,WH740967,2025-10-03,2025-10-08,Delivered,Paid
SYSPO0001473,PO219074,SUP696750,WH997546,2026-02-14,2026-02-21,Delivered,Paid
SYSPO0001474,PO586706,SUP642717,WH642717,2026-08-02,2026-08-16,In Transit,Pending
SYSPO0001475,PO778346,SUP624902,WH112038,2026-05-10,2026-05-23,Delivered,Paid
SYSPO0001476,PO928028,SUP944962,WH174441,2025-11-26,2025-12-10,Delivered,Paid
SYSPO0001477,PO857568,SUP755788,WH174441,2026-02-18,2026-03-15,Delivered,Paid
SYSPO0001478,PO429153,SUP642717,WH112038,2026-05-05,2026-05-19,Delivered,Pending
SYSPO0001479,PO481088,SUP429164,WH567574,2025-11-19,2025-12-06,Delivered,Paid
SYSPO0001480,PO347507,SUP904150,WH785197,2026-01-13,2026-02-08,Delivered,Paid
SYSPO0001481,PO796482,SUP273982,WH356150,2026-06-25,2026-07-11,Delayed,Pending
SYSPO0001482,PO364039,SUP972064,WH174441,2026-02-08,2026-02-26,Delivered,Paid
SYSPO0001483,PO945872,SUP614663,WH662336,2026-02-04,2026-02-21,Delivered,Paid
SYSPO0001484,PO884727,SUP589710,WH422451,2025-11-07,2025-11-26,Delivered,Paid
SYSPO0001485,PO283662,SUP597732,WH479201,2026-01-29,2026-02-24,Delayed,Pending
SYSPO0001486,PO366659,SUP736059,WH356150,2026-03-07,2026-03-21,Delivered,Paid
SYSPO0001487,PO218448,SUP256294,WH191161,2025-09-30,2025-10-13,Delivered,Paid
SYSPO0001488,PO391224,SUP572700,WH112038,2025-12-31,2026-01-11,Delivered,Paid
SYSPO0001489,PO122097,SUP459536,WH112038,2025-10-18,2025-11-01,Delayed,Pending
SYSPO0001490,PO982348,SUP344098,WH582662,2026-07-29,2026-08-14,In Transit,Pending
SYSPO0001491,PO824233,SUP437408,WH567574,2026-03-25,2026-04-09,Delivered,Paid
SYSPO0001492,PO834649,SUP639593,WH526117,2026-02-18,2026-02-25,Delayed,Pending
SYSPO0001493,PO660894,SUP955662,WH686075,2026-05-21,2026-06-09,Delivered,Paid
SYSPO0001494,PO512064,SUP260422,WH329974,2026-07-12,2026-07-21,Delivered,Paid
SYSPO0001495,PO411870,SUP671858,WH460663,2025-09-27,2025-10-13,Delivered,Paid
SYSPO0001496,PO432591,SUP813536,WH662336,2026-07-06,2026-07-27,Cancelled,Cancelled
SYSPO0001497,PO183985,SUP307428,WH781453,2025-09-01,2025-09-12,Delivered,Paid
SYSPO0001498,PO852233,SUP260263,WH690341,2025-11-20,2025-11-27,Delivered,Paid
SYSPO0001499,PO832411,SUP804318,WH642717,2026-06-01,2026-06-22,Delivered,Paid
SYSPO0001500,PO952941,SUP385470,WH262316,2026-06-07,2026-06-27,Delivered,Paid
SYSPO0001501,PO154629,SUP865990,WH482364,2026-07-02,2026-07-23,Delivered,Paid
SYSPO0001502,PO520124,SUP934794,WH356150,2026-01-13,2026-01-19,Delivered,Paid
SYSPO0001503,PO265488,SUP755788,WH380746,2025-12-14,2026-01-08,Delivered,Paid
SYSPO0001504,PO900234,SUP688508,WH482364,2026-08-02,2026-08-12,Processing,Pending
SYSPO0001505,PO931145,SUP839677,WH379766,2026-06-06,2026-06-23,Delivered,Paid
SYSPO0001506,PO281905,SUP420214,WH997546,2026-02-18,2026-03-03,Delivered,Paid
SYSPO0001507,PO188498,SUP639593,WH380746,2025-11-16,2025-11-23,Delivered,Paid
SYSPO0001508,PO975224,SUP870763,WH274389,2026-06-19,2026-07-05,Cancelled,Cancelled
SYSPO0001509,PO685661,SUP972335,WH515011,2025-08-05,2025-09-12,Delayed,Pending
SYSPO0001510,PO307897,SUP725084,WH205907,2025-11-22,2025-12-09,Delivered,Paid
SYSPO0001511,PO549737,SUP650121,WH262316,2026-05-13,2026-05-19,Delivered,Paid
SYSPO0001512,PO694797,SUP813536,WH422451,2025-11-28,2025-12-19,Delivered,Paid
SYSPO0001513,PO575747,SUP240814,WH324082,2026-06-26,2026-07-02,Delivered,Paid
SYSPO0001514,PO952924,SUP259784,WH324082,2026-03-20,2026-03-27,Delivered,Paid
SYSPO0001515,PO997935,SUP256294,WH526833,2026-03-18,2026-03-31,Delivered,Paid
SYSPO0001516,PO810083,SUP972064,WH654634,2026-04-18,2026-05-06,Delivered,Paid
SYSPO0001517,PO404289,SUP804318,WH539589,2026-02-11,2026-03-04,Delivered,Paid
SYSPO0001518,PO711218,SUP887625,WH324082,2026-07-07,2026-07-20,Delivered,Paid
SYSPO0001519,PO438947,SUP728492,WH526117,2025-10-01,2025-10-17,Delivered,Paid
SYSPO0001520,PO871861,SUP725084,WH373903,2026-01-25,2026-02-11,Delivered,Paid
SYSPO0001521,PO449031,SUP446954,WH910891,2026-03-02,2026-03-12,Delivered,Paid
SYSPO0001522,PO803375,SUP880879,WH832052,2026-02-09,2026-03-19,Delivered,Paid
SYSPO0001523,PO513869,SUP472060,WH658582,2025-12-17,2026-01-02,Delivered,Paid
SYSPO0001524,PO288085,SUP728492,WH820221,2025-12-12,2025-12-28,Delivered,Paid
SYSPO0001525,PO590822,SUP887625,WH112038,2026-03-07,2026-03-20,Delivered,Paid
SYSPO0001526,PO373055,SUP920652,WH460663,2026-05-28,2026-06-20,Delivered,Paid
SYSPO0001527,PO975355,SUP356150,WH824586,2026-03-04,2026-03-22,Delivered,Paid
SYSPO0001528,PO376002,SUP446954,WH771088,2025-12-29,2026-01-08,Delivered,Paid
SYSPO0001529,PO872663,SUP356150,WH922157,2026-01-28,2026-02-15,Delivered,Paid
SYSPO0001530,PO789354,SUP184491,WH567574,2026-08-02,2026-09-03,In Transit,Pending
SYSPO0001531,PO341026,SUP881177,WH237174,2025-12-07,2025-12-21,Delivered,Paid
SYSPO0001532,PO557629,SUP736059,WH174441,2026-07-08,2026-07-22,Delayed,Pending
SYSPO0001533,PO142773,SUP955662,WH526117,2025-10-17,2025-11-05,Delivered,Paid
SYSPO0001534,PO616935,SUP755788,WH958179,2026-05-02,2026-05-27,Delivered,Paid
SYSPO0001535,PO198123,SUP519093,WH356150,2025-11-05,2025-11-21,Delivered,Paid
SYSPO0001536,PO633450,SUP904150,WH526833,2026-03-15,2026-04-10,Delivered,Paid
SYSPO0001537,PO104326,SUP245051,WH380746,2025-12-31,2026-01-21,Delivered,Paid
SYSPO0001538,PO809790,SUP259784,WH781453,2025-11-03,2025-11-10,Cancelled,Cancelled
SYSPO0001539,PO814407,SUP757711,WH237174,2026-07-03,2026-07-08,Delivered,Pending
SYSPO0001540,PO977634,SUP330914,WH824586,2026-06-02,2026-06-21,Delivered,Paid
SYSPO0001541,PO791577,SUP965845,WH380746,2026-01-11,2026-01-18,Delivered,Paid
SYSPO0001542,PO106087,SUP608257,WH922157,2025-08-21,2025-09-06,Delayed,Pending
SYSPO0001543,PO575111,SUP446954,WH519066,2025-12-06,2025-12-16,Delayed,Pending
SYSPO0001544,PO935750,SUP300896,WH356150,2026-05-21,2026-05-29,Delivered,Paid
SYSPO0001545,PO438869,SUP755788,WH770487,2026-02-04,2026-03-01,Delivered,Paid
SYSPO0001546,PO197046,SUP595631,WH539589,2026-05-05,2026-05-30,Delivered,Paid
SYSPO0001547,PO518295,SUP572700,WH380746,2026-07-25,2026-08-05,Delivered,Paid
SYSPO0001548,PO521943,SUP221263,WH922157,2026-06-16,2026-07-10,Delivered,Paid
SYSPO0001549,PO413048,SUP350867,WH322086,2025-12-31,2026-01-15,Delivered,Paid
SYSPO0001550,PO818234,SUP526117,WH515011,2026-01-01,2026-01-17,Delivered,Paid
SYSPO0001551,PO309580,SUP216970,WH100425,2026-04-19,2026-05-08,Delivered,Paid
SYSPO0001552,PO729502,SUP877236,WH526117,2026-06-08,2026-06-15,Delivered,Paid
SYSPO0001553,PO295408,SUP624902,WH322086,2026-06-19,2026-07-02,Delivered,Paid
SYSPO0001554,PO586041,SUP133659,WH515011,2026-04-15,2026-05-03,Delivered,Paid
SYSPO0001555,PO619383,SUP273982,WH324082,2025-10-03,2025-10-19,Delivered,Paid
SYSPO0001556,PO558600,SUP437408,WH262316,2026-02-13,2026-02-28,Delayed,Pending
SYSPO0001557,PO255825,SUP671858,WH582662,2025-08-19,2025-09-04,Delivered,Paid
SYSPO0001558,PO548509,SUP639593,WH322086,2025-09-23,2025-09-30,Delivered,Paid
SYSPO0001559,PO638354,SUP260263,WH801474,2026-02-16,2026-02-23,Delivered,Paid
SYSPO0001560,PO855299,SUP420214,WH910891,2026-03-22,2026-04-04,Delivered,Paid
SYSPO0001561,PO905984,SUP802729,WH740967,2025-12-11,2025-12-22,Delivered,Paid
SYSPO0001562,PO924366,SUP350867,WH930555,2026-07-08,2026-07-23,Delivered,Paid
SYSPO0001563,PO838594,SUP572387,WH820221,2025-09-12,2025-09-28,Delivered,Paid
SYSPO0001564,PO571804,SUP273982,WH262316,2026-07-10,2026-07-26,Delivered,Paid
SYSPO0001565,PO949352,SUP350867,WH656116,2026-06-29,2026-07-14,Delivered,Pending
SYSPO0001566,PO371914,SUP608257,WH599948,2026-01-22,2026-02-07,Cancelled,Cancelled
SYSPO0001567,PO514118,SUP221263,WH642717,2025-09-12,2025-10-06,Delivered,Paid
SYSPO0001568,PO524769,SUP497382,WH832052,2026-02-25,2026-03-15,Delivered,Paid
SYSPO0001569,PO824211,SUP881177,WH262316,2026-07-24,2026-08-07,Processing,Pending
SYSPO0001570,PO943726,SUP446954,WH526833,2026-01-29,2026-02-08,Delivered,Paid
SYSPO0001571,PO955604,SUP681343,WH100425,2025-08-10,2025-08-25,Delivered,Paid
SYSPO0001572,PO604487,SUP965845,WH654634,2026-05-12,2026-05-19,Delivered,Paid
SYSPO0001573,PO928387,SUP705397,WH958179,2025-09-29,2025-10-27,Delivered,Paid
SYSPO0001574,PO542372,SUP736059,WH380746,2026-01-11,2026-01-25,Delivered,Paid
SYSPO0001575,PO566895,SUP429164,WH212235,2026-07-09,2026-07-26,Delivered,Paid
SYSPO0001576,PO311118,SUP121753,WH958179,2026-04-16,2026-04-27,Delivered,Paid
SYSPO0001577,PO108256,SUP925981,WH832052,2025-10-03,2025-10-21,Delivered,Pending
SYSPO0001578,PO989838,SUP990844,WH380746,2025-09-03,2025-09-22,Delivered,Paid
SYSPO0001579,PO404899,SUP372793,WH233470,2026-02-03,2026-02-17,Delivered,Paid
SYSPO0001580,PO741199,SUP877236,WH824586,2026-06-04,2026-06-11,Delivered,Paid
SYSPO0001581,PO704402,SUP802729,WH801474,2025-11-15,2025-11-26,Delivered,Paid
SYSPO0001582,PO596330,SUP728492,WH412942,2025-12-14,2025-12-30,Delivered,Paid
SYSPO0001583,PO831396,SUP372793,WH324082,2026-04-04,2026-04-18,Delivered,Paid
SYSPO0001584,PO460550,SUP472060,WH636265,2026-05-01,2026-05-17,Delivered,Paid
SYSPO0001585,PO731347,SUP437408,WH781453,2026-01-06,2026-01-21,Delivered,Paid
SYSPO0001586,PO845941,SUP925981,WH377746,2026-04-14,2026-05-02,Delayed,Pending
SYSPO0001587,PO805804,SUP437408,WH930555,2025-09-05,2025-09-20,Delivered,Paid
SYSPO0001588,PO985555,SUP216970,WH770487,2026-07-01,2026-07-20,Delivered,Paid
SYSPO0001589,PO799459,SUP765095,WH412942,2025-12-10,2026-01-14,Delivered,Paid
SYSPO0001590,PO205805,SUP802729,WH808011,2026-07-02,2026-07-13,Delayed,Pending
SYSPO0001591,PO346120,SUP344098,WH262316,2026-04-23,2026-05-09,Delivered,Paid
SYSPO0001592,PO373477,SUP322955,WH412942,2026-07-04,2026-07-17,Delivered,Paid
SYSPO0001593,PO627935,SUP420214,WH519066,2026-02-28,2026-03-13,Delivered,Paid
SYSPO0001594,PO337701,SUP378361,WH770487,2025-12-30,2026-02-04,Delivered,Pending
SYSPO0001595,PO923012,SUP446954,WH781453,2025-12-05,2025-12-15,Delivered,Paid
SYSPO0001596,PO258522,SUP595631,WH636265,2026-04-05,2026-04-30,Delivered,Paid
SYSPO0001597,PO579341,SUP728492,WH690341,2026-05-11,2026-05-27,Delayed,Pending
SYSPO0001598,PO739270,SUP624902,WH526117,2026-07-15,2026-07-28,Delivered,Paid
SYSPO0001599,PO760525,SUP989545,WH686075,2026-05-26,2026-06-11,Delivered,Paid
SYSPO0001600,PO406313,SUP472060,WH816751,2026-02-10,2026-02-26,Delivered,Paid
SYSPO0001601,PO261790,SUP260263,WH112038,2026-07-09,2026-07-16,Delivered,Paid
SYSPO0001602,PO560438,SUP598216,WH233470,2026-03-03,2026-03-15,Cancelled,Cancelled
SYSPO0001603,PO975365,SUP696750,WH658582,2025-08-18,2025-08-25,Delivered,Paid
SYSPO0001604,PO490527,SUP156213,WH174441,2026-04-01,2026-04-14,Delivered,Paid
SYSPO0001605,PO258975,SUP955662,WH740967,2025-08-31,2025-09-19,Delivered,Paid
SYSPO0001606,PO533491,SUP523389,WH656116,2025-11-04,2025-11-20,Delivered,Paid
SYSPO0001607,PO815337,SUP513160,WH740967,2026-04-07,2026-05-01,Delayed,Pending
SYSPO0001608,PO907562,SUP696750,WH112038,2026-04-27,2026-05-04,Delivered,Paid
SYSPO0001609,PO454737,SUP300896,WH686075,2026-07-28,2026-08-05,Delivered,Paid
SYSPO0001610,PO512369,SUP801364,WH519066,2025-11-24,2025-12-16,Delivered,Paid
SYSPO0001611,PO160617,SUP391668,WH771088,2025-11-01,2025-11-14,Delayed,Pending
SYSPO0001612,PO645027,SUP335615,WH654634,2026-05-22,2026-05-28,Delivered,Paid
SYSPO0001613,PO419105,SUP829308,WH356150,2025-09-09,2025-09-17,Cancelled,Cancelled
SYSPO0001614,PO393371,SUP211764,WH526833,2026-01-20,2026-02-06,Delivered,Paid
SYSPO0001615,PO670871,SUP523389,WH832052,2025-09-12,2025-09-28,Delivered,Paid
SYSPO0001616,PO524154,SUP260263,WH422451,2026-05-27,2026-06-03,Delivered,Paid
SYSPO0001617,PO508937,SUP728492,WH539589,2026-04-08,2026-04-24,Delivered,Paid
SYSPO0001618,PO636526,SUP302511,WH100425,2026-05-05,2026-05-23,Delivered,Paid
SYSPO0001619,PO124559,SUP801364,WH205907,2026-07-09,2026-07-31,Delivered,Paid
SYSPO0001620,PO972655,SUP589710,WH174441,2025-09-13,2025-10-02,Delivered,Paid
SYSPO0001621,PO162857,SUP904150,WH599948,2026-01-24,2026-02-19,Delivered,Paid
SYSPO0001622,PO893310,SUP671858,WH599948,2025-10-08,2025-10-24,Delivered,Paid
SYSPO0001623,PO455446,SUP260263,WH829716,2026-05-01,2026-05-08,Delivered,Paid
SYSPO0001624,PO758237,SUP420214,WH274389,2025-11-29,2025-12-12,Delivered,Paid
SYSPO0001625,PO398357,SUP300337,WH824586,2026-07-21,2026-08-03,Delivered,Paid
SYSPO0001626,PO443772,SUP614663,WH781453,2025-08-16,2025-09-02,Delivered,Paid
SYSPO0001627,PO202747,SUP446954,WH112038,2025-08-22,2025-09-01,Delivered,Paid
SYSPO0001628,PO165214,SUP437902,WH958179,2025-12-08,2025-12-25,Delivered,Paid
SYSPO0001629,PO487233,SUP449499,WH429164,2026-06-10,2026-06-15,Delivered,Paid
SYSPO0001630,PO376502,SUP829308,WH377746,2025-08-26,2025-09-03,Delivered,Paid
SYSPO0001631,PO613321,SUP260263,WH801474,2025-11-26,2025-12-03,Delivered,Paid
SYSPO0001632,PO845695,SUP446954,WH237174,2025-12-22,2026-01-01,Delivered,Paid
SYSPO0001633,PO223792,SUP330914,WH329974,2025-12-28,2026-01-16,Cancelled,Cancelled
SYSPO0001634,PO264458,SUP891937,WH636265,2026-01-19,2026-02-16,Delayed,Pending
SYSPO0001635,PO993719,SUP322955,WH582662,2025-09-30,2025-10-13,Delivered,Paid
SYSPO0001636,PO648171,SUP813536,WH519066,2025-11-07,2025-11-28,Delivered,Paid
SYSPO0001637,PO408261,SUP899213,WH262316,2026-02-27,2026-03-17,Delivered,Paid
SYSPO0001638,PO542244,SUP965845,WH233470,2026-01-12,2026-01-19,Delayed,Pending
SYSPO0001639,PO397252,SUP692683,WH324082,2026-03-12,2026-04-06,Delivered,Paid
SYSPO0001640,PO674134,SUP768854,WH770487,2026-04-26,2026-05-13,Delivered,Paid
SYSPO0001641,PO424745,SUP944962,WH930555,2026-06-08,2026-06-22,Delayed,Pending
SYSPO0001642,PO598312,SUP335113,WH356150,2025-10-13,2025-10-24,Delivered,Paid
SYSPO0001643,PO571785,SUP526117,WH100425,2025-10-10,2025-10-26,Delivered,Paid
SYSPO0001644,PO755119,SUP870763,WH958179,2025-10-11,2025-10-27,Delivered,Paid
SYSPO0001645,PO148045,SUP770487,WH808011,2025-09-04,2025-09-18,Delivered,Paid
SYSPO0001646,PO273659,SUP972335,WH958179,2026-03-29,2026-05-06,Delivered,Paid
SYSPO0001647,PO688297,SUP865990,WH412942,2026-07-09,2026-07-30,Delivered,Pending
SYSPO0001648,PO668154,SUP429164,WH479201,2025-12-31,2026-01-17,Delayed,Pending
SYSPO0001649,PO887017,SUP302511,WH377746,2026-04-02,2026-04-20,Cancelled,Cancelled
SYSPO0001650,PO790229,SUP153872,WH526117,2026-04-27,2026-05-04,Delayed,Pending
SYSPO0001651,PO315802,SUP887625,WH324082,2025-11-06,2025-11-19,Delivered,Paid
SYSPO0001652,PO188759,SUP216970,WH690341,2026-02-14,2026-03-05,Delivered,Paid
SYSPO0001653,PO124393,SUP597732,WH412942,2026-07-25,2026-08-20,In Transit,Pending
SYSPO0001654,PO653545,SUP733039,WH567574,2026-03-19,2026-04-04,Delivered,Pending
SYSPO0001655,PO668096,SUP589710,WH690341,2025-09-29,2025-10-18,Delivered,Paid
SYSPO0001656,PO261719,SUP725084,WH958179,2025-11-03,2025-11-20,Delayed,Pending
SYSPO0001657,PO161775,SUP330914,WH322086,2026-01-31,2026-02-19,Delivered,Paid
SYSPO0001658,PO203540,SUP391668,WH958179,2026-04-09,2026-04-22,Delivered,Paid
SYSPO0001659,PO967949,SUP765095,WH380746,2025-11-11,2025-12-16,Delivered,Paid
SYSPO0001660,PO347978,SUP770487,WH379766,2026-01-30,2026-02-13,Delivered,Paid
SYSPO0001661,PO382368,SUP156213,WH997546,2025-11-12,2025-11-25,Delivered,Paid
SYSPO0001662,PO130310,SUP768854,WH212235,2026-04-20,2026-05-07,Delivered,Paid
SYSPO0001663,PO680990,SUP920652,WH785197,2025-08-08,2025-08-31,Delivered,Paid
SYSPO0001664,PO419409,SUP757711,WH205907,2026-07-20,2026-07-25,Delivered,Paid
SYSPO0001665,PO920910,SUP497382,WH412942,2026-06-13,2026-07-01,Delivered,Paid
SYSPO0001666,PO663646,SUP705397,WH781453,2026-02-01,2026-03-01,Delayed,Pending
SYSPO0001667,PO143822,SUP692683,WH100425,2026-07-20,2026-08-14,Processing,Pending
SYSPO0001668,PO750882,SUP765095,WH930555,2025-11-24,2025-12-29,Delivered,Paid
SYSPO0001669,PO605608,SUP302511,WH324082,2026-04-25,2026-05-13,Delivered,Paid
SYSPO0001670,PO468488,SUP865990,WH329974,2026-03-05,2026-03-26,Delivered,Paid
SYSPO0001671,PO875089,SUP519904,WH801474,2025-10-05,2025-10-19,Delivered,Paid
SYSPO0001672,PO228950,SUP356150,WH482364,2025-09-02,2025-09-20,Delivered,Paid
SYSPO0001673,PO321092,SUP302511,WH205907,2026-01-23,2026-02-10,Delivered,Paid
SYSPO0001674,PO459279,SUP624902,WH377746,2025-12-17,2025-12-30,Delivered,Paid
SYSPO0001675,PO357874,SUP449499,WH820221,2026-03-21,2026-03-26,Delivered,Paid
SYSPO0001676,PO116645,SUP920652,WH658582,2025-11-29,2025-12-22,Cancelled,Cancelled
SYSPO0001677,PO599676,SUP572700,WH356150,2026-04-10,2026-04-21,Delayed,Pending
SYSPO0001678,PO533232,SUP472060,WH376807,2026-01-16,2026-02-01,Delivered,Paid
SYSPO0001679,PO780627,SUP639593,WH801474,2026-04-30,2026-05-07,Delivered,Paid
SYSPO0001680,PO566801,SUP335113,WH686075,2025-11-10,2025-11-21,Delivered,Paid
SYSPO0001681,PO475354,SUP972335,WH429164,2026-01-29,2026-03-08,Delivered,Paid
SYSPO0001682,PO108840,SUP260422,WH816751,2026-06-29,2026-07-08,Delivered,Paid
SYSPO0001683,PO332281,SUP990844,WH654634,2025-11-30,2025-12-19,Delivered,Paid
SYSPO0001684,PO300814,SUP804318,WH429164,2025-10-21,2025-11-11,Delivered,Paid
SYSPO0001685,PO331890,SUP598216,WH922157,2026-01-01,2026-01-13,Delayed,Pending
SYSPO0001686,PO138583,SUP639593,WH515011,2026-07-02,2026-07-09,Delivered,Paid
SYSPO0001687,PO107482,SUP614663,WH205907,2026-02-08,2026-02-25,Delayed,Pending
SYSPO0001688,PO216335,SUP839677,WH770487,2025-09-15,2025-10-02,Delivered,Paid
SYSPO0001689,PO791890,SUP372793,WH377746,2025-11-05,2025-11-19,Delivered,Paid
SYSPO0001690,PO168535,SUP259784,WH373903,2025-12-31,2026-01-07,Delivered,Paid
SYSPO0001691,PO997034,SUP446954,WH829716,2026-03-15,2026-03-25,Delivered,Paid
SYSPO0001692,PO988843,SUP728492,WH832052,2025-12-22,2026-01-07,Delayed,Pending
SYSPO0001693,PO658829,SUP598216,WH686075,2026-03-16,2026-03-28,Delivered,Paid
SYSPO0001694,PO547861,SUP486945,WH567574,2025-11-27,2025-12-20,Delivered,Paid
SYSPO0001695,PO526640,SUP300337,WH205907,2026-05-03,2026-05-16,Delivered,Paid
SYSPO0001696,PO642383,SUP642717,WH801474,2025-11-27,2025-12-11,Delivered,Paid
SYSPO0001697,PO540467,SUP513160,WH820221,2025-08-13,2025-09-06,Delivered,Paid
SYSPO0001698,PO699596,SUP302511,WH380746,2026-06-23,2026-07-11,Delayed,Pending
SYSPO0001699,PO823044,SUP427110,WH376807,2026-04-17,2026-05-05,Delayed,Pending
SYSPO0001700,PO306440,SUP572700,WH380746,2026-01-05,2026-01-16,Delivered,Paid
SYSPO0001701,PO129226,SUP965845,WH100425,2025-11-19,2025-11-26,Cancelled,Cancelled
SYSPO0001702,PO935946,SUP839677,WH555884,2025-08-08,2025-08-25,Delivered,Paid
SYSPO0001703,PO457356,SUP664607,WH662336,2026-03-12,2026-04-14,Delivered,Paid
SYSPO0001704,PO176452,SUP728492,WH233470,2026-07-06,2026-07-22,Delivered,Paid
SYSPO0001705,PO189689,SUP335615,WH654634,2026-04-28,2026-05-04,Delayed,Pending
SYSPO0001706,PO988869,SUP349565,WH930555,2026-06-03,2026-06-29,Delivered,Paid
SYSPO0001707,PO157450,SUP427110,WH376807,2026-05-21,2026-06-08,Delivered,Paid
SYSPO0001708,PO158500,SUP736059,WH997546,2025-08-24,2025-09-07,Delivered,Paid
SYSPO0001709,PO747288,SUP725084,WH808011,2026-07-24,2026-08-10,In Transit,Pending
SYSPO0001710,PO791770,SUP427110,WH555884,2026-03-28,2026-04-15,Delivered,Paid
SYSPO0001711,PO750338,SUP221263,WH930555,2026-05-21,2026-06-14,Delivered,Paid
SYSPO0001712,PO576133,SUP990844,WH785197,2026-02-13,2026-03-04,Delivered,Paid
SYSPO0001713,PO847948,SUP680099,WH829716,2026-06-24,2026-07-11,Delivered,Paid
SYSPO0001714,PO232101,SUP614663,WH515011,2026-07-22,2026-08-08,In Transit,Pending
SYSPO0001715,PO604783,SUP891937,WH910891,2026-07-21,2026-08-18,In Transit,Pending
SYSPO0001716,PO146211,SUP934794,WH785197,2025-11-24,2025-11-30,Delivered,Paid
SYSPO0001717,PO783362,SUP221263,WH555884,2026-06-02,2026-06-26,Delivered,Paid
SYSPO0001718,PO254569,SUP904150,WH690341,2026-06-11,2026-07-07,Delivered,Paid
SYSPO0001719,PO108474,SUP842411,WH205907,2025-11-02,2025-11-10,Delivered,Paid
SYSPO0001720,PO157259,SUP446954,WH539589,2026-03-28,2026-04-07,Delivered,Paid
SYSPO0001721,PO311037,SUP260422,WH429164,2026-06-12,2026-06-21,Delivered,Paid
SYSPO0001722,PO590106,SUP427110,WH808011,2025-12-19,2026-01-06,Delivered,Paid
SYSPO0001723,PO451965,SUP273982,WH233470,2025-10-29,2025-11-14,Delivered,Paid
SYSPO0001724,PO927527,SUP989545,WH205907,2026-04-09,2026-04-25,Delivered,Paid
SYSPO0001725,PO826894,SUP680099,WH781453,2025-10-17,2025-11-03,Delivered,Paid
SYSPO0001726,PO905671,SUP321275,WH526833,2026-04-03,2026-04-10,Delivered,Paid
SYSPO0001727,PO966212,SUP179046,WH770487,2025-11-10,2025-11-30,Delivered,Paid
SYSPO0001728,PO220784,SUP890170,WH322086,2026-04-25,2026-05-02,Delivered,Paid
SYSPO0001729,PO902719,SUP871711,WH515011,2026-05-25,2026-06-04,Cancelled,Cancelled
SYSPO0001730,PO307434,SUP307428,WH654634,2026-05-11,2026-05-22,Delivered,Paid
SYSPO0001731,PO456324,SUP572700,WH816751,2026-05-30,2026-06-10,Cancelled,Cancelled
SYSPO0001732,PO983825,SUP880879,WH958179,2026-04-18,2026-05-26,Cancelled,Cancelled
SYSPO0001733,PO810360,SUP302511,WH329974,2026-04-26,2026-05-14,Delivered,Paid
SYSPO0001734,PO320449,SUP972064,WH380746,2026-06-26,2026-07-14,Delivered,Paid
SYSPO0001735,PO279683,SUP692683,WH930555,2025-09-27,2025-10-22,Delivered,Paid
SYSPO0001736,PO237148,SUP427110,WH801474,2026-04-05,2026-04-23,Delivered,Paid
SYSPO0001737,PO728672,SUP420214,WH958179,2025-09-11,2025-09-24,Delayed,Pending
SYSPO0001738,PO148439,SUP668532,WH781453,2026-07-21,2026-08-03,Delivered,Paid
SYSPO0001739,PO359178,SUP184491,WH377746,2026-04-05,2026-05-07,Delivered,Paid
SYSPO0001740,PO632959,SUP668532,WH824586,2026-04-13,2026-04-26,Delivered,Paid
SYSPO0001741,PO795732,SUP385470,WH205907,2025-08-20,2025-09-09,Delivered,Paid
SYSPO0001742,PO776406,SUP688508,WH526117,2025-12-02,2025-12-12,Delivered,Paid
SYSPO0001743,PO492040,SUP333238,WH233470,2026-06-07,2026-06-26,Delivered,Paid
SYSPO0001744,PO381370,SUP688508,WH686075,2026-01-23,2026-02-02,Delivered,Paid
SYSPO0001745,PO317264,SUP755788,WH582662,2025-08-17,2025-09-11,Delivered,Paid
SYSPO0001746,PO329212,SUP613425,WH656116,2026-03-18,2026-03-29,Delivered,Paid
SYSPO0001747,PO983353,SUP335615,WH808011,2025-12-24,2025-12-30,Delivered,Paid
SYSPO0001748,PO409380,SUP497382,WH100425,2026-05-16,2026-06-03,Delivered,Paid
SYSPO0001749,PO637145,SUP692683,WH174441,2025-09-25,2025-10-20,Delivered,Paid
SYSPO0001750,PO943584,SUP497887,WH599948,2025-09-09,2025-09-27,Delivered,Paid
SYSPO0001751,PO345147,SUP681343,WH801474,2026-07-24,2026-08-08,In Transit,Pending
SYSPO0001752,PO186422,SUP121753,WH686075,2025-11-27,2025-12-08,Delivered,Paid
SYSPO0001753,PO924047,SUP972064,WH539589,2025-12-09,2025-12-27,Delayed,Pending
SYSPO0001754,PO174814,SUP513160,WH771088,2026-05-22,2026-06-15,Delivered,Paid
SYSPO0001755,PO445234,SUP121753,WH412942,2026-01-13,2026-01-24,Delivered,Paid
SYSPO0001756,PO387796,SUP184491,WH539589,2025-10-12,2025-11-13,Delivered,Pending
SYSPO0001757,PO888931,SUP839677,WH910891,2025-10-21,2025-11-07,Delivered,Paid
SYSPO0001758,PO921169,SUP664607,WH690341,2025-09-25,2025-10-28,Delayed,Pending
SYSPO0001759,PO894617,SUP519093,WH233470,2026-06-06,2026-06-22,Delivered,Paid
SYSPO0001760,PO256532,SUP972335,WH771088,2026-03-02,2026-04-09,Delivered,Paid
SYSPO0001761,PO345076,SUP240814,WH824586,2026-07-11,2026-07-17,Delivered,Paid
SYSPO0001762,PO428282,SUP523389,WH233470,2025-12-25,2026-01-10,Delivered,Paid
SYSPO0001763,PO559990,SUP865990,WH356150,2026-02-27,2026-03-20,Cancelled,Cancelled
SYSPO0001764,PO245699,SUP705397,WH820221,2026-02-15,2026-03-15,Delivered,Paid
SYSPO0001765,PO790852,SUP497887,WH482364,2026-07-25,2026-08-12,In Transit,Pending
SYSPO0001766,PO819074,SUP696750,WH274389,2025-11-18,2025-11-25,Delivered,Paid
SYSPO0001767,PO715467,SUP639593,WH422451,2026-06-23,2026-06-30,Cancelled,Cancelled
SYSPO0001768,PO245893,SUP513160,WH526117,2025-10-07,2025-10-31,Delayed,Pending
SYSPO0001769,PO695791,SUP920652,WH808011,2025-11-12,2025-12-05,Delayed,Pending
SYSPO0001770,PO509611,SUP946305,WH781453,2026-07-25,2026-08-22,In Transit,Pending
SYSPO0001771,PO213915,SUP755788,WH910891,2026-06-21,2026-07-16,Delivered,Paid
SYSPO0001772,PO197770,SUP887625,WH686075,2026-02-08,2026-02-21,Delivered,Paid
SYSPO0001773,PO822494,SUP285652,WH832052,2026-06-14,2026-07-15,Delivered,Paid
SYSPO0001774,PO504639,SUP472060,WH379766,2025-11-27,2025-12-13,Delivered,Paid
SYSPO0001775,PO576749,SUP839677,WH377746,2026-05-21,2026-06-07,Cancelled,Cancelled
SYSPO0001776,PO442645,SUP519904,WH658582,2026-07-09,2026-07-23,Delivered,Paid
SYSPO0001777,PO538738,SUP349565,WH642717,2025-12-14,2026-01-09,Delivered,Paid
SYSPO0001778,PO316509,SUP829308,WH781453,2026-06-13,2026-06-21,Delivered,Paid
SYSPO0001779,PO797085,SUP989545,WH770487,2025-09-18,2025-10-04,Delivered,Paid
SYSPO0001780,PO312832,SUP705397,WH212235,2026-02-02,2026-03-02,Cancelled,Cancelled
SYSPO0001781,PO249623,SUP344098,WH526833,2025-09-03,2025-09-19,Delivered,Paid
SYSPO0001782,PO651400,SUP121753,WH322086,2025-09-28,2025-10-09,Delayed,Pending
SYSPO0001783,PO582559,SUP944962,WH656116,2026-05-24,2026-06-07,Delivered,Paid
SYSPO0001784,PO578472,SUP965845,WH997546,2025-10-31,2025-11-07,Delivered,Paid
SYSPO0001785,PO742805,SUP671858,WH781453,2026-07-05,2026-07-21,Delivered,Paid
SYSPO0001786,PO553065,SUP976325,WH376807,2026-04-24,2026-05-07,Delivered,Paid
SYSPO0001787,PO200174,SUP598216,WH519066,2026-05-13,2026-05-25,Delivered,Paid
SYSPO0001788,PO265603,SUP688508,WH922157,2026-04-23,2026-05-03,Delivered,Paid
SYSPO0001789,PO169986,SUP595631,WH820221,2026-01-06,2026-01-31,Delayed,Pending
SYSPO0001790,PO898868,SUP725084,WH212235,2026-06-29,2026-07-16,Delivered,Paid
SYSPO0001791,PO628896,SUP755788,WH816751,2026-06-13,2026-07-08,Delivered,Paid
SYSPO0001792,PO146803,SUP728492,WH824586,2026-03-09,2026-03-25,Delivered,Paid
SYSPO0001793,PO584341,SUP572387,WH515011,2025-12-25,2026-01-10,Delivered,Paid
SYSPO0001794,PO139609,SUP595631,WH690341,2025-09-09,2025-10-04,Delivered,Paid
SYSPO0001795,PO802855,SUP887625,WH816751,2026-06-08,2026-06-21,Delivered,Paid
SYSPO0001796,PO788938,SUP681343,WH274389,2026-01-05,2026-01-20,Delivered,Paid
SYSPO0001797,PO392701,SUP378361,WH740967,2025-08-10,2025-09-15,Cancelled,Cancelled
SYSPO0001798,PO205397,SUP240814,WH356150,2025-11-15,2025-11-21,Delivered,Paid
SYSPO0001799,PO181354,SUP589710,WH686075,2026-03-01,2026-03-20,Delivered,Paid
SYSPO0001800,PO475481,SUP725084,WH322086,2025-09-21,2025-10-08,Cancelled,Cancelled
SYSPO0001801,PO807835,SUP890170,WH100425,2026-01-28,2026-02-04,Delivered,Paid
SYSPO0001802,PO648273,SUP870763,WH356150,2025-12-26,2026-01-11,Delivered,Paid
SYSPO0001803,PO104892,SUP486945,WH191161,2026-04-23,2026-05-16,Delivered,Paid
SYSPO0001804,PO492843,SUP589710,WH662336,2026-05-22,2026-06-10,Cancelled,Cancelled
SYSPO0001805,PO129301,SUP519904,WH770487,2026-04-23,2026-05-07,Delivered,Paid
SYSPO0001806,PO331282,SUP265080,WH829716,2025-11-14,2025-11-30,Delivered,Paid
SYSPO0001807,PO275161,SUP664607,WH174441,2026-03-20,2026-04-22,Delivered,Paid
SYSPO0001808,PO689356,SUP121753,WH205907,2025-12-30,2026-01-10,Delivered,Paid
SYSPO0001809,PO548665,SUP690341,WH205907,2026-06-20,2026-06-25,Delivered,Paid
SYSPO0001810,PO115722,SUP519904,WH174441,2026-04-09,2026-04-23,Cancelled,Cancelled
SYSPO0001811,PO323103,SUP265080,WH233470,2026-08-05,2026-08-21,In Transit,Pending
SYSPO0001812,PO391983,SUP802729,WH100425,2025-12-27,2026-01-07,Delivered,Paid
SYSPO0001813,PO531066,SUP449499,WH526117,2025-09-16,2025-09-21,Delivered,Pending
SYSPO0001814,PO847143,SUP765095,WH412942,2026-04-24,2026-05-29,Delivered,Paid
SYSPO0001815,PO761519,SUP613425,WH112038,2025-11-03,2025-11-14,Delivered,Paid
SYSPO0001816,PO448176,SUP801364,WH686075,2026-02-04,2026-02-26,Delivered,Paid
SYSPO0001817,PO992919,SUP349565,WH820221,2025-08-14,2025-09-09,Cancelled,Cancelled
SYSPO0001818,PO713455,SUP449499,WH820221,2026-04-02,2026-04-07,Delivered,Paid
SYSPO0001819,PO716005,SUP839677,WH690341,2026-07-14,2026-07-31,Delivered,Paid
SYSPO0001820,PO423851,SUP925981,WH910891,2026-03-11,2026-03-29,Delivered,Paid
SYSPO0001821,PO162833,SUP497382,WH212235,2025-12-10,2025-12-28,Delivered,Paid
SYSPO0001822,PO314313,SUP887625,WH482364,2026-07-26,2026-08-08,In Transit,Pending
SYSPO0001823,PO727127,SUP256294,WH373903,2026-03-29,2026-04-11,Delivered,Paid
SYSPO0001824,PO774865,SUP757711,WH654634,2025-10-29,2025-11-03,Delivered,Paid
SYSPO0001825,PO402467,SUP925981,WH771088,2026-04-13,2026-05-01,Delivered,Paid
SYSPO0001826,PO315815,SUP934794,WH930555,2025-08-29,2025-09-04,Delayed,Pending
SYSPO0001827,PO360401,SUP899213,WH582662,2026-04-08,2026-04-26,Delivered,Paid
SYSPO0001828,PO563849,SUP384076,WH373903,2026-06-20,2026-07-05,Delivered,Pending
SYSPO0001829,PO154638,SUP519093,WH112038,2026-02-01,2026-02-17,Delayed,Pending
SYSPO0001830,PO282112,SUP285652,WH567574,2026-07-24,2026-08-24,In Transit,Pending
SYSPO0001831,PO860206,SUP350867,WH274389,2026-05-04,2026-05-19,Delivered,Paid
SYSPO0001832,PO285006,SUP881177,WH233470,2025-11-30,2025-12-14,Delivered,Paid
SYSPO0001833,PO766478,SUP523389,WH322086,2026-04-14,2026-04-30,Delivered,Paid
SYSPO0001834,PO477048,SUP813536,WH532322,2026-01-10,2026-01-31,Delivered,Paid
SYSPO0001835,PO738996,SUP427110,WH532322,2025-09-19,2025-10-07,Delivered,Pending
SYSPO0001836,PO605414,SUP696750,WH237174,2025-09-28,2025-10-05,Delivered,Paid
SYSPO0001837,PO414815,SUP990844,WH686075,2025-08-22,2025-09-10,Delivered,Paid
SYSPO0001838,PO420704,SUP391668,WH636265,2025-08-19,2025-09-01,Delivered,Paid
SYSPO0001839,PO449421,SUP965845,WH801474,2025-12-01,2025-12-08,Delivered,Paid
SYSPO0001840,PO104383,SUP871711,WH781453,2026-02-12,2026-02-22,Delivered,Paid
SYSPO0001841,PO524206,SUP765095,WH662336,2025-09-19,2025-10-24,Delayed,Pending
SYSPO0001842,PO491270,SUP972335,WH910891,2025-09-11,2025-10-19,Delivered,Paid
SYSPO0001843,PO528644,SUP813536,WH324082,2025-11-04,2025-11-25,Delayed,Pending
SYSPO0001844,PO693083,SUP437408,WH112038,2026-07-15,2026-07-30,Delivered,Paid
SYSPO0001845,PO888086,SUP972335,WH539589,2026-03-01,2026-04-08,Delivered,Paid
SYSPO0001846,PO830286,SUP696750,WH205907,2025-09-26,2025-10-03,Delivered,Paid
SYSPO0001847,PO354125,SUP335113,WH324082,2026-01-02,2026-01-13,Delivered,Paid
SYSPO0001848,PO809283,SUP877236,WH519066,2026-01-28,2026-02-04,Delivered,Paid
SYSPO0001849,PO577595,SUP965845,WH324082,2025-12-27,2026-01-03,Delivered,Pending
SYSPO0001850,PO982393,SUP865990,WH212235,2026-04-22,2026-05-13,Delivered,Paid
SYSPO0001851,PO503017,SUP618392,WH174441,2026-05-20,2026-06-02,Delivered,Paid
SYSPO0001852,PO297995,SUP437408,WH922157,2026-05-02,2026-05-17,Delivered,Paid
SYSPO0001853,PO624966,SUP618392,WH654634,2026-03-02,2026-03-15,Delivered,Paid
SYSPO0001854,PO531603,SUP904150,WH582662,2026-01-14,2026-02-09,Delivered,Paid
SYSPO0001855,PO953779,SUP877236,WH100425,2026-03-21,2026-03-28,Delivered,Paid
SYSPO0001856,PO832964,SUP260263,WH824586,2026-05-20,2026-05-27,Delivered,Paid
SYSPO0001857,PO201576,SUP350867,WH567574,2026-05-14,2026-05-29,Delivered,Paid
SYSPO0001858,PO402346,SUP598216,WH532322,2025-10-04,2025-10-16,Delivered,Paid
SYSPO0001859,PO307639,SUP650121,WH262316,2026-07-14,2026-07-20,Delivered,Paid
SYSPO0001860,PO953929,SUP523389,WH997546,2026-01-13,2026-01-29,Delivered,Paid
SYSPO0001861,PO896041,SUP972335,WH770487,2026-04-16,2026-05-24,Delivered,Paid
SYSPO0001862,PO757286,SUP871711,WH785197,2025-09-12,2025-09-22,Delivered,Paid
SYSPO0001863,PO496077,SUP427110,WH429164,2026-06-24,2026-07-12,Delivered,Paid
SYSPO0001864,PO601111,SUP972064,WH380746,2026-02-11,2026-03-01,Delivered,Paid
SYSPO0001865,PO888318,SUP880879,WH829716,2026-04-01,2026-05-09,Delivered,Paid
SYSPO0001866,PO321321,SUP429164,WH373903,2026-01-10,2026-01-27,Delivered,Pending
SYSPO0001867,PO378749,SUP920652,WH555884,2026-08-04,2026-08-27,In Transit,Pending
SYSPO0001868,PO550314,SUP705397,WH373903,2025-11-21,2025-12-19,Delivered,Pending
SYSPO0001869,PO956526,SUP598216,WH801474,2025-08-17,2025-08-29,Delayed,Pending
SYSPO0001870,PO496818,SUP881177,WH532322,2026-04-30,2026-05-14,Delivered,Paid
SYSPO0001871,PO205043,SUP770487,WH322086,2025-12-26,2026-01-09,Delivered,Paid
SYSPO0001872,PO245608,SUP572700,WH380746,2025-10-28,2025-11-08,Delivered,Paid
SYSPO0001873,PO833232,SUP925981,WH636265,2026-01-24,2026-02-11,Delivered,Paid
SYSPO0001874,PO598282,SUP990844,WH380746,2026-01-24,2026-02-12,Cancelled,Cancelled
SYSPO0001875,PO769068,SUP642717,WH191161,2025-11-04,2025-11-18,Delivered,Paid
SYSPO0001876,PO946785,SUP259784,WH922157,2026-07-03,2026-07-10,Delivered,Paid
SYSPO0001877,PO875112,SUP725084,WH656116,2025-12-23,2026-01-09,Delivered,Paid
SYSPO0001878,PO599250,SUP972335,WH832052,2025-09-12,2025-10-20,Delivered,Paid
SYSPO0001879,PO250115,SUP472060,WH262316,2026-04-28,2026-05-14,Delivered,Paid
SYSPO0001880,PO805756,SUP668532,WH329974,2025-12-25,2026-01-07,Delivered,Paid
SYSPO0001881,PO794830,SUP668532,WH205907,2026-03-04,2026-03-17,Delivered,Paid
SYSPO0001882,PO833907,SUP437408,WH205907,2026-07-21,2026-08-05,Delivered,Paid
SYSPO0001883,PO442360,SUP608257,WH801474,2026-04-12,2026-04-28,Delivered,Paid
SYSPO0001884,PO599439,SUP696750,WH519066,2025-12-22,2025-12-29,Delivered,Paid
SYSPO0001885,PO615856,SUP871711,WH636265,2025-08-28,2025-09-07,Delivered,Paid
SYSPO0001886,PO703950,SUP920652,WH642717,2026-01-06,2026-01-29,Delivered,Paid
SYSPO0001887,PO871754,SUP427110,WH686075,2025-11-20,2025-12-08,Delivered,Paid
SYSPO0001888,PO997728,SUP705397,WH174441,2025-10-17,2025-11-14,Delivered,Paid
SYSPO0001889,PO191939,SUP211764,WH380746,2025-09-21,2025-10-08,Delivered,Paid
SYSPO0001890,PO880788,SUP335615,WH274389,2026-06-30,2026-07-06,Delivered,Paid
SYSPO0001891,PO498663,SUP664607,WH212235,2026-06-21,2026-07-24,Delivered,Paid
SYSPO0001892,PO507000,SUP688508,WH262316,2026-01-28,2026-02-07,Delivered,Paid
SYSPO0001893,PO935259,SUP519904,WH412942,2025-09-09,2025-09-23,Delivered,Paid
SYSPO0001894,PO514515,SUP881177,WH832052,2026-04-19,2026-05-03,Delivered,Paid
SYSPO0001895,PO411242,SUP184491,WH662336,2025-10-26,2025-11-27,Delivered,Paid
SYSPO0001896,PO252956,SUP899213,WH690341,2026-04-11,2026-04-29,Delivered,Pending
SYSPO0001897,PO229461,SUP597732,WH770487,2026-04-10,2026-05-06,Delayed,Pending
SYSPO0001898,PO601515,SUP378361,WH539589,2026-03-24,2026-04-29,Delivered,Paid
SYSPO0001899,PO949566,SUP265080,WH801474,2025-08-13,2025-08-29,Delivered,Paid
SYSPO0001900,PO949785,SUP197251,WH422451,2025-08-24,2025-08-31,Delivered,Paid
SYSPO0001901,PO287716,SUP335615,WH356150,2026-06-06,2026-06-12,Delivered,Paid
SYSPO0001902,PO989735,SUP285652,WH515011,2025-12-12,2026-01-12,Delayed,Pending
SYSPO0001903,PO453800,SUP946305,WH781453,2025-11-07,2025-12-05,Delivered,Paid
SYSPO0001904,PO510059,SUP372793,WH519066,2025-09-22,2025-10-06,Delivered,Paid
SYSPO0001905,PO304568,SUP335615,WH422451,2026-06-06,2026-06-12,Delivered,Paid
SYSPO0001906,PO944178,SUP572387,WH642717,2026-03-12,2026-03-28,Delivered,Paid
SYSPO0001907,PO271646,SUP523389,WH322086,2025-10-23,2025-11-08,Delivered,Paid
SYSPO0001908,PO319955,SUP497382,WH636265,2025-08-31,2025-09-18,Delivered,Paid
SYSPO0001909,PO479821,SUP597732,WH642717,2026-06-23,2026-07-19,Delivered,Paid
SYSPO0001910,PO547858,SUP472060,WH930555,2026-05-29,2026-06-14,Delayed,Pending
SYSPO0001911,PO596894,SUP608257,WH377746,2026-03-08,2026-03-24,Delayed,Pending
SYSPO0001912,PO640472,SUP216970,WH526117,2025-10-24,2025-11-12,Delivered,Paid
SYSPO0001913,PO857649,SUP330914,WH824586,2026-03-20,2026-04-08,Delivered,Paid
SYSPO0001914,PO417393,SUP965845,WH526117,2025-10-27,2025-11-03,Delivered,Paid
SYSPO0001915,PO933958,SUP880879,WH820221,2026-06-16,2026-07-24,Delivered,Paid
SYSPO0001916,PO388584,SUP728492,WH380746,2026-07-08,2026-07-24,Delivered,Paid
SYSPO0001917,PO612982,SUP664607,WH212235,2025-11-03,2025-12-06,Delivered,Paid
SYSPO0001918,PO387021,SUP801364,WH808011,2025-12-10,2026-01-01,Delivered,Paid
SYSPO0001919,PO775908,SUP597732,WH380746,2026-06-01,2026-06-27,Delivered,Paid
SYSPO0001920,PO848440,SUP813536,WH662336,2025-10-01,2025-10-22,Delivered,Paid
SYSPO0001921,PO683071,SUP265080,WH373903,2026-06-07,2026-06-23,Delivered,Paid
SYSPO0001922,PO958602,SUP904150,WH526833,2026-07-20,2026-08-15,Processing,Pending
SYSPO0001923,PO790573,SUP705397,WH429164,2026-03-24,2026-04-21,Delivered,Paid
SYSPO0001924,PO681667,SUP133659,WH322086,2025-08-06,2025-08-24,Delivered,Paid
SYSPO0001925,PO316247,SUP384076,WH380746,2025-11-20,2025-12-05,Delivered,Paid
SYSPO0001926,PO188720,SUP472060,WH539589,2026-07-04,2026-07-20,Delivered,Paid
SYSPO0001927,PO543601,SUP681343,WH526833,2025-09-30,2025-10-15,Delivered,Paid
SYSPO0001928,PO644675,SUP613425,WH930555,2025-09-24,2025-10-05,Delivered,Paid
SYSPO0001929,PO828866,SUP526117,WH785197,2026-03-02,2026-03-18,Delivered,Paid
SYSPO0001930,PO664353,SUP989545,WH324082,2025-11-10,2025-11-26,Delivered,Paid
SYSPO0001931,PO138518,SUP595631,WH460663,2026-06-11,2026-07-06,Delivered,Paid
SYSPO0001932,PO240727,SUP572700,WH519066,2025-10-11,2025-10-22,Delivered,Paid
SYSPO0001933,PO542514,SUP256294,WH829716,2025-09-16,2025-09-29,Delivered,Paid
SYSPO0001934,PO271252,SUP350867,WH233470,2026-04-18,2026-05-03,Delivered,Paid
SYSPO0001935,PO828252,SUP865990,WH376807,2026-07-07,2026-07-28,Delivered,Paid
SYSPO0001936,PO763874,SUP429164,WH636265,2025-08-15,2025-09-01,Delivered,Paid
SYSPO0001937,PO636270,SUP618392,WH422451,2025-09-25,2025-10-08,Delivered,Paid
SYSPO0001938,PO926051,SUP259784,WH808011,2025-08-10,2025-08-17,Delivered,Paid
SYSPO0001939,PO383246,SUP321275,WH412942,2025-12-22,2025-12-29,Delivered,Paid
SYSPO0001940,PO445356,SUP842411,WH801474,2026-06-07,2026-06-15,Delivered,Paid
SYSPO0001941,PO936865,SUP322955,WH274389,2026-06-07,2026-06-20,Delivered,Pending
SYSPO0001942,PO333020,SUP842411,WH422451,2025-11-05,2025-11-13,Delayed,Pending
SYSPO0001943,PO229502,SUP871711,WH801474,2026-03-21,2026-03-31,Delivered,Paid
SYSPO0001944,PO945989,SUP614663,WH930555,2025-12-08,2025-12-25,Delivered,Paid
SYSPO0001945,PO395694,SUP829308,WH801474,2025-08-11,2025-08-19,Delivered,Paid
SYSPO0001946,PO888395,SUP664607,WH539589,2025-10-11,2025-11-13,Delivered,Paid
SYSPO0001947,PO927061,SUP680099,WH808011,2025-11-16,2025-12-03,Delivered,Paid
SYSPO0001948,PO638512,SUP197251,WH824586,2025-08-25,2025-09-01,Delivered,Paid
SYSPO0001949,PO380357,SUP179046,WH482364,2025-09-23,2025-10-13,Delayed,Pending
SYSPO0001950,PO488131,SUP871711,WH237174,2026-05-20,2026-05-30,Delivered,Paid
SYSPO0001951,PO560282,SUP681343,WH539589,2026-01-15,2026-01-30,Delivered,Paid
SYSPO0001952,PO548544,SUP880879,WH567574,2026-02-25,2026-04-04,Delivered,Paid
SYSPO0001953,PO526261,SUP523389,WH212235,2025-09-18,2025-10-04,Delivered,Paid
SYSPO0001954,PO351696,SUP681343,WH526117,2026-05-21,2026-06-05,Delivered,Paid
SYSPO0001955,PO681078,SUP523389,WH376807,2025-08-29,2025-09-14,Cancelled,Cancelled
SYSPO0001956,PO544579,SUP946305,WH690341,2026-02-05,2026-03-05,Delivered,Pending
SYSPO0001957,PO658271,SUP891937,WH377746,2026-01-26,2026-02-23,Delivered,Paid
SYSPO0001958,PO882150,SUP668532,WH356150,2026-06-03,2026-06-16,Delivered,Paid
SYSPO0001959,PO356089,SUP513160,WH274389,2025-12-23,2026-01-16,Delivered,Paid
SYSPO0001960,PO900808,SUP133659,WH662336,2026-02-20,2026-03-10,Delayed,Pending
SYSPO0001961,PO484880,SUP285652,WH329974,2026-03-23,2026-04-23,Delivered,Paid
SYSPO0001962,PO497509,SUP757711,WH808011,2025-09-16,2025-09-21,Delivered,Paid
SYSPO0001963,PO361897,SUP890170,WH532322,2026-01-27,2026-02-03,Delivered,Paid
SYSPO0001964,PO102342,SUP449499,WH322086,2026-02-16,2026-02-21,Delivered,Paid
SYSPO0001965,PO774206,SUP259784,WH212235,2025-10-30,2025-11-06,Delayed,Pending
SYSPO0001966,PO989561,SUP925981,WH460663,2026-03-31,2026-04-18,Cancelled,Cancelled
SYSPO0001967,PO582716,SUP526117,WH910891,2025-08-21,2025-09-06,Delivered,Paid
SYSPO0001968,PO857526,SUP245051,WH832052,2026-05-14,2026-06-04,Cancelled,Cancelled
SYSPO0001969,PO551730,SUP519904,WH785197,2026-06-05,2026-06-19,Delivered,Paid
SYSPO0001970,PO530670,SUP519904,WH801474,2026-07-23,2026-08-06,Cancelled,Cancelled
SYSPO0001971,PO906824,SUP449499,WH112038,2026-07-07,2026-07-12,Delivered,Paid
SYSPO0001972,PO549148,SUP976325,WH539589,2026-04-17,2026-04-30,Delivered,Pending
SYSPO0001973,PO788159,SUP211764,WH910891,2026-02-23,2026-03-12,Delivered,Paid
SYSPO0001974,PO476687,SUP757711,WH997546,2025-11-30,2025-12-05,Delivered,Paid
SYSPO0001975,PO541508,SUP865990,WH526117,2026-01-29,2026-02-19,Delayed,Pending
SYSPO0001976,PO308658,SUP920652,WH100425,2026-04-11,2026-05-04,Delayed,Pending
SYSPO0001977,PO224562,SUP265080,WH801474,2025-08-17,2025-09-02,Delivered,Paid
SYSPO0001978,PO233624,SUP513160,WH642717,2025-08-28,2025-09-21,Delivered,Paid
SYSPO0001979,PO861260,SUP349565,WH515011,2026-02-07,2026-03-05,Delivered,Paid
SYSPO0001980,PO232250,SUP725084,WH801474,2026-06-30,2026-07-17,Cancelled,Cancelled
SYSPO0001981,PO817684,SUP497382,WH429164,2026-01-07,2026-01-25,Delivered,Paid
SYSPO0001982,PO726090,SUP972064,WH274389,2026-01-17,2026-02-04,Delivered,Paid
SYSPO0001983,PO186627,SUP300337,WH237174,2026-04-28,2026-05-11,Delivered,Paid
SYSPO0001984,PO361584,SUP519904,WH599948,2025-09-15,2025-09-29,Delivered,Pending
SYSPO0001985,PO359369,SUP733039,WH599948,2026-02-11,2026-02-27,Delivered,Paid
SYSPO0001986,PO949296,SUP890170,WH262316,2026-05-08,2026-05-15,Delivered,Paid
SYSPO0001987,PO996398,SUP300896,WH262316,2026-07-24,2026-08-01,Delivered,Paid
SYSPO0001988,PO301512,SUP976325,WH820221,2026-01-24,2026-02-06,Delivered,Paid
SYSPO0001989,PO153430,SUP595631,WH373903,2025-09-02,2025-09-27,Delivered,Paid
SYSPO0001990,PO342669,SUP891937,WH479201,2026-07-20,2026-08-17,In Transit,Pending
SYSPO0001991,PO634630,SUP576086,WH801474,2025-09-05,2025-09-11,Delivered,Paid
SYSPO0001992,PO394184,SUP322955,WH582662,2025-12-08,2025-12-21,Delivered,Paid
SYSPO0001993,PO290580,SUP755788,WH515011,2026-03-29,2026-04-23,Delivered,Paid
SYSPO0001994,PO399176,SUP245051,WH686075,2025-10-01,2025-10-22,Delivered,Paid
SYSPO0001995,PO364516,SUP523389,WH479201,2025-08-30,2025-09-15,Delivered,Paid
SYSPO0001996,PO114325,SUP437408,WH690341,2025-09-23,2025-10-08,Delivered,Paid
SYSPO0001997,PO877301,SUP597732,WH785197,2025-11-19,2025-12-15,Delivered,Paid
SYSPO0001998,PO349825,SUP865990,WH824586,2026-04-04,2026-04-25,Delivered,Paid
SYSPO0001999,PO236823,SUP519904,WH519066,2026-04-07,2026-04-21,Delivered,Paid
SYSPO0002000,PO786141,SUP121753,WH324082,2026-03-20,2026-03-31,Delivered,Paid
SYSPO0002001,PO673129,SUP372793,WH829716,2026-03-05,2026-03-19,Delivered,Pending
SYSPO0002002,PO311811,SUP384076,WH771088,2026-05-08,2026-05-23,Delivered,Paid
SYSPO0002003,PO364792,SUP944962,WH515011,2025-12-09,2025-12-23,Delivered,Paid
SYSPO0002004,PO557311,SUP688508,WH785197,2025-12-30,2026-01-09,Delivered,Pending
SYSPO0002005,PO929303,SUP668532,WH771088,2026-03-25,2026-04-07,Delivered,Pending
SYSPO0002006,PO403726,SUP944962,WH785197,2026-02-27,2026-03-13,Delayed,Pending
SYSPO0002007,PO827505,SUP384076,WH656116,2025-11-27,2025-12-12,Delivered,Paid
SYSPO0002008,PO638430,SUP642717,WH356150,2026-01-28,2026-02-11,Delivered,Paid
SYSPO0002009,PO917230,SUP770487,WH910891,2026-02-17,2026-03-03,Delivered,Paid
SYSPO0002010,PO267775,SUP662275,WH824586,2026-03-28,2026-04-09,Cancelled,Cancelled
SYSPO0002011,PO929053,SUP839677,WH532322,2026-01-19,2026-02-05,Delivered,Paid
SYSPO0002012,PO993884,SUP662275,WH555884,2025-09-12,2025-09-24,Delivered,Paid
SYSPO0002013,PO334807,SUP322955,WH100425,2026-06-09,2026-06-22,Delivered,Paid
SYSPO0002014,PO391248,SUP256294,WH262316,2026-05-04,2026-05-17,Delivered,Paid
SYSPO0002015,PO361103,SUP576086,WH785197,2025-09-18,2025-09-24,Cancelled,Cancelled
SYSPO0002016,PO464340,SUP728492,WH824586,2026-07-02,2026-07-18,Delivered,Paid
SYSPO0002017,PO376864,SUP513160,WH422451,2026-04-16,2026-05-10,Delivered,Paid
SYSPO0002018,PO160045,SUP813536,WH567574,2026-04-14,2026-05-05,Delivered,Paid
SYSPO0002019,PO393276,SUP497382,WH329974,2026-07-11,2026-07-29,Cancelled,Cancelled
SYSPO0002020,PO789247,SUP378361,WH599948,2026-05-30,2026-07-05,Delivered,Paid
SYSPO0002021,PO369845,SUP757711,WH519066,2026-03-07,2026-03-12,Delivered,Paid
SYSPO0002022,PO709918,SUP372793,WH373903,2026-05-11,2026-05-25,Delivered,Paid
SYSPO0002023,PO342979,SUP733039,WH771088,2026-07-07,2026-07-23,Delivered,Paid
SYSPO0002024,PO198242,SUP613425,WH832052,2025-10-27,2025-11-07,Delivered,Paid
SYSPO0002025,PO298033,SUP801364,WH412942,2026-01-19,2026-02-10,Delayed,Pending
SYSPO0002026,PO395744,SUP576086,WH910891,2026-01-27,2026-02-02,Delivered,Paid
SYSPO0002027,PO820756,SUP613425,WH373903,2026-07-15,2026-07-26,Delivered,Paid
SYSPO0002028,PO776456,SUP671858,WH686075,2025-11-01,2025-11-17,Delivered,Paid
SYSPO0002029,PO947241,SUP705397,WH412942,2026-01-12,2026-02-09,Delivered,Paid
SYSPO0002030,PO966713,SUP671858,WH515011,2025-12-14,2025-12-30,Delivered,Paid
SYSPO0002031,PO360406,SUP880879,WH690341,2026-06-22,2026-07-30,Delivered,Paid
SYSPO0002032,PO930892,SUP449499,WH555884,2026-01-28,2026-02-02,Delayed,Pending
SYSPO0002033,PO871889,SUP216970,WH422451,2026-01-06,2026-01-25,Delivered,Paid
SYSPO0002034,PO896573,SUP972335,WH479201,2026-01-13,2026-02-20,Delivered,Paid
SYSPO0002035,PO355652,SUP597732,WH373903,2026-05-15,2026-06-10,Delivered,Paid
SYSPO0002036,PO122238,SUP437408,WH205907,2025-09-10,2025-09-25,Delivered,Paid
SYSPO0002037,PO977116,SUP259784,WH519066,2025-12-04,2025-12-11,Delivered,Paid
SYSPO0002038,PO547883,SUP904150,WH526833,2026-01-17,2026-02-12,Delivered,Paid
SYSPO0002039,PO817663,SUP920652,WH422451,2025-12-04,2025-12-27,Delivered,Paid
SYSPO0002040,PO615711,SUP335113,WH322086,2026-04-20,2026-05-01,Delayed,Pending
SYSPO0002041,PO395503,SUP662275,WH274389,2025-11-11,2025-11-23,Delivered,Paid
SYSPO0002042,PO188923,SUP572700,WH656116,2025-12-28,2026-01-08,Delivered,Paid
SYSPO0002043,PO728738,SUP668532,WH922157,2025-10-03,2025-10-16,Delivered,Paid
SYSPO0002044,PO416212,SUP955662,WH526833,2026-04-28,2026-05-17,Delivered,Paid
SYSPO0002045,PO623502,SUP302511,WH324082,2026-07-29,2026-08-16,In Transit,Pending
SYSPO0002046,PO845859,SUP972064,WH567574,2026-02-05,2026-02-23,Delivered,Pending
SYSPO0002047,PO915565,SUP259784,WH656116,2025-08-31,2025-09-07,Delivered,Paid
SYSPO0002048,PO923704,SUP526117,WH429164,2025-09-09,2025-09-25,Delivered,Paid
SYSPO0002049,PO862008,SUP598216,WH233470,2026-06-24,2026-07-06,Delivered,Paid
SYSPO0002050,PO904819,SUP696750,WH820221,2025-09-07,2025-09-14,Delivered,Paid
SYSPO0002051,PO534052,SUP449499,WH781453,2025-09-10,2025-09-15,Delivered,Paid
SYSPO0002052,PO501798,SUP333238,WH662336,2026-01-19,2026-02-07,Delivered,Paid
SYSPO0002053,PO662259,SUP420214,WH801474,2025-09-11,2025-09-24,Delivered,Paid
SYSPO0002054,PO705947,SUP259784,WH322086,2026-05-21,2026-05-28,Delivered,Paid
SYSPO0002055,PO991913,SUP891937,WH599948,2026-05-18,2026-06-15,Delivered,Paid
SYSPO0002056,PO215507,SUP972064,WH824586,2025-12-27,2026-01-14,Delayed,Pending
SYSPO0002057,PO990586,SUP245051,WH662336,2026-06-16,2026-07-07,Delivered,Paid
SYSPO0002058,PO541531,SUP662275,WH422451,2025-09-24,2025-10-06,Delivered,Paid
SYSPO0002059,PO222930,SUP523389,WH237174,2026-03-09,2026-03-25,Cancelled,Cancelled
SYSPO0002060,PO545339,SUP880879,WH656116,2025-08-28,2025-10-05,Delivered,Paid
SYSPO0002061,PO599988,SUP221263,WH582662,2026-03-20,2026-04-13,Delivered,Paid
SYSPO0002062,PO180808,SUP300896,WH100425,2026-03-11,2026-03-19,Delivered,Paid
SYSPO0002063,PO291285,SUP614663,WH429164,2026-03-11,2026-03-28,Delivered,Paid
SYSPO0002064,PO414056,SUP681343,WH824586,2025-12-11,2025-12-26,Delivered,Paid
SYSPO0002065,PO829019,SUP813536,WH112038,2026-04-22,2026-05-13,Delivered,Paid
SYSPO0002066,PO133679,SUP680099,WH582662,2025-09-21,2025-10-08,Cancelled,Cancelled
SYSPO0002067,PO973128,SUP692683,WH582662,2026-01-11,2026-02-05,Delivered,Paid
SYSPO0002068,PO969812,SUP870763,WH212235,2025-12-20,2026-01-05,Delayed,Pending
SYSPO0002069,PO843810,SUP589710,WH237174,2026-07-10,2026-07-29,Delivered,Pending
SYSPO0002070,PO646833,SUP877236,WH233470,2026-04-20,2026-04-27,Delayed,Pending
SYSPO0002071,PO322155,SUP179046,WH526117,2026-08-05,2026-08-25,In Transit,Pending
SYSPO0002072,PO292616,SUP335615,WH801474,2026-05-23,2026-05-29,Delivered,Paid
SYSPO0002073,PO773071,SUP121753,WH526833,2026-01-16,2026-01-27,Delivered,Paid
SYSPO0002074,PO778058,SUP576086,WH233470,2026-07-08,2026-07-14,Delivered,Paid
SYSPO0002075,PO732490,SUP156213,WH519066,2026-07-26,2026-08-08,In Transit,Pending
SYSPO0002076,PO667875,SUP335113,WH824586,2026-05-12,2026-05-23,Delivered,Paid
SYSPO0002077,PO424135,SUP770487,WH237174,2025-08-24,2025-09-07,Delivered,Paid
SYSPO0002078,PO382243,SUP965845,WH100425,2025-11-24,2025-12-01,Delayed,Pending
SYSPO0002079,PO691123,SUP333238,WH662336,2026-03-26,2026-04-14,Delivered,Paid
SYSPO0002080,PO108890,SUP736059,WH654634,2025-12-04,2025-12-18,Delivered,Paid
SYSPO0002081,PO429748,SUP690341,WH429164,2025-12-19,2025-12-24,Delivered,Paid
SYSPO0002082,PO202110,SUP427110,WH429164,2025-09-14,2025-10-02,Delivered,Paid
SYSPO0002083,PO946719,SUP378361,WH832052,2026-03-17,2026-04-22,Delivered,Paid
SYSPO0002084,PO993415,SUP768854,WH781453,2026-02-18,2026-03-07,Delivered,Paid
SYSPO0002085,PO756359,SUP955662,WH356150,2025-10-26,2025-11-14,Delayed,Pending
SYSPO0002086,PO326122,SUP335615,WH922157,2025-10-04,2025-10-10,Delivered,Pending
SYSPO0002087,PO641380,SUP904150,WH832052,2026-04-17,2026-05-13,Delivered,Paid
SYSPO0002088,PO753756,SUP321275,WH997546,2026-02-08,2026-02-15,Delivered,Paid
SYSPO0002089,PO350725,SUP597732,WH377746,2025-10-31,2025-11-26,Delayed,Pending
SYSPO0002090,PO259804,SUP690341,WH380746,2026-06-30,2026-07-05,Cancelled,Cancelled
SYSPO0002091,PO903541,SUP420214,WH690341,2025-09-16,2025-09-29,Delivered,Paid
SYSPO0002092,PO191401,SUP322955,WH567574,2025-12-18,2025-12-31,Delivered,Paid
SYSPO0002093,PO269316,SUP770487,WH205907,2026-06-29,2026-07-13,Delivered,Paid
SYSPO0002094,PO287890,SUP259784,WH532322,2026-03-09,2026-03-16,Delivered,Paid
SYSPO0002095,PO563518,SUP259784,WH781453,2025-12-25,2026-01-01,Delayed,Pending
SYSPO0002096,PO611976,SUP804318,WH379766,2025-09-18,2025-10-09,Delivered,Paid
SYSPO0002097,PO749785,SUP300337,WH526117,2026-05-28,2026-06-10,Delivered,Paid
SYSPO0002098,PO428881,SUP802729,WH274389,2025-11-21,2025-12-02,Delivered,Paid
SYSPO0002099,PO815711,SUP802729,WH770487,2026-03-15,2026-03-26,Delivered,Paid
SYSPO0002100,PO356709,SUP437408,WH174441,2025-10-31,2025-11-15,Cancelled,Cancelled
SYSPO0002101,PO994498,SUP427110,WH816751,2026-06-14,2026-07-02,Delivered,Paid
SYSPO0002102,PO176523,SUP768854,WH816751,2026-01-18,2026-02-04,Delivered,Paid
SYSPO0002103,PO588508,SUP813536,WH555884,2026-06-29,2026-07-20,Delivered,Paid
SYSPO0002104,PO189991,SUP650121,WH801474,2026-03-10,2026-03-16,Delivered,Paid
SYSPO0002105,PO905533,SUP887625,WH191161,2026-05-30,2026-06-12,Delivered,Paid
SYSPO0002106,PO733727,SUP486945,WH808011,2026-06-18,2026-07-11,Delivered,Paid
SYSPO0002107,PO576660,SUP285652,WH515011,2026-04-03,2026-05-04,Delivered,Paid
SYSPO0002108,PO323839,SUP618392,WH379766,2026-03-31,2026-04-13,Delivered,Paid
SYSPO0002109,PO165431,SUP335615,WH324082,2026-04-24,2026-04-30,Delivered,Paid
SYSPO0002110,PO321766,SUP765095,WH582662,2026-04-11,2026-05-16,Delayed,Pending
SYSPO0002111,PO382956,SUP597732,WH582662,2026-03-09,2026-04-04,Delivered,Paid
SYSPO0002112,PO524745,SUP668532,WH205907,2025-08-15,2025-08-28,Delivered,Paid
SYSPO0002113,PO650269,SUP259784,WH771088,2026-03-29,2026-04-05,Delivered,Paid
SYSPO0002114,PO196931,SUP321275,WH356150,2026-07-31,2026-08-07,In Transit,Pending
SYSPO0002115,PO272525,SUP891937,WH379766,2026-04-17,2026-05-15,Delivered,Paid
SYSPO0002116,PO822291,SUP891937,WH636265,2026-06-23,2026-07-21,Delayed,Pending
SYSPO0002117,PO826559,SUP965845,WH922157,2026-05-01,2026-05-08,Delivered,Paid
SYSPO0002118,PO308205,SUP321275,WH770487,2025-11-16,2025-11-23,Delivered,Paid
SYSPO0002119,PO796320,SUP321275,WH740967,2025-08-16,2025-08-23,Delivered,Paid
SYSPO0002120,PO623706,SUP321275,WH377746,2025-10-14,2025-10-21,Delivered,Paid
SYSPO0002121,PO645984,SUP211764,WH174441,2025-11-19,2025-12-06,Delayed,Pending
SYSPO0002122,PO998909,SUP725084,WH526117,2026-05-04,2026-05-21,Delivered,Paid
SYSPO0002123,PO138258,SUP449499,WH910891,2026-05-28,2026-06-02,Delivered,Paid
SYSPO0002124,PO912000,SUP595631,WH329974,2025-12-02,2025-12-27,Delivered,Paid
SYSPO0002125,PO300444,SUP618392,WH274389,2026-07-28,2026-08-10,Cancelled,Cancelled
SYSPO0002126,PO953309,SUP385470,WH519066,2025-12-14,2026-01-03,Delivered,Paid
SYSPO0002127,PO230804,SUP613425,WH379766,2025-12-19,2025-12-30,Delivered,Paid
SYSPO0002128,PO469320,SUP245051,WH100425,2025-08-07,2025-08-28,Delivered,Paid
SYSPO0002129,PO284354,SUP486945,WH690341,2025-10-14,2025-11-06,Delivered,Paid
SYSPO0002130,PO669128,SUP526117,WH380746,2026-07-08,2026-07-24,Delivered,Paid
SYSPO0002131,PO558745,SUP385470,WH532322,2025-09-29,2025-10-19,Delivered,Paid
SYSPO0002132,PO998626,SUP446954,WH212235,2026-03-12,2026-03-22,Delayed,Pending
SYSPO0002133,PO208854,SUP330914,WH820221,2026-04-17,2026-05-06,Delivered,Paid
SYSPO0002134,PO620518,SUP813536,WH376807,2026-01-07,2026-01-28,Delivered,Paid
SYSPO0002135,PO565676,SUP153872,WH356150,2025-09-01,2025-09-08,Delivered,Paid
SYSPO0002136,PO914617,SUP608257,WH112038,2025-09-29,2025-10-15,Delivered,Paid
SYSPO0002137,PO230485,SUP608257,WH274389,2026-05-19,2026-06-04,Delayed,Pending
SYSPO0002138,PO532993,SUP829308,WH262316,2026-04-07,2026-04-15,Delivered,Paid
SYSPO0002139,PO397380,SUP880879,WH658582,2025-08-16,2025-09-23,Delivered,Paid
SYSPO0002140,PO933762,SUP335113,WH526117,2025-09-09,2025-09-20,Cancelled,Cancelled
SYSPO0002141,PO534694,SUP768854,WH785197,2026-05-21,2026-06-07,Delivered,Paid
SYSPO0002142,PO956379,SUP265080,WH922157,2026-02-27,2026-03-15,Delivered,Pending
SYSPO0002143,PO353578,SUP211764,WH820221,2025-10-27,2025-11-13,Delivered,Paid
SYSPO0002144,PO940257,SUP259784,WH801474,2025-12-29,2026-01-05,Delivered,Pending
SYSPO0002145,PO282155,SUP486945,WH324082,2026-01-15,2026-02-07,Delayed,Pending
SYSPO0002146,PO558648,SUP446954,WH412942,2026-01-28,2026-02-07,Delivered,Paid
SYSPO0002147,PO762113,SUP696750,WH740967,2025-12-15,2025-12-22,Delivered,Paid
SYSPO0002148,PO679763,SUP934794,WH322086,2025-10-05,2025-10-11,Delayed,Pending
SYSPO0002149,PO197795,SUP335615,WH324082,2025-12-26,2026-01-01,Delivered,Paid
SYSPO0002150,PO129169,SUP813536,WH958179,2025-12-04,2025-12-25,Delivered,Paid
SYSPO0002151,PO500980,SUP842411,WH324082,2026-05-12,2026-05-20,Delivered,Paid
SYSPO0002152,PO762177,SUP344098,WH567574,2025-12-08,2025-12-24,Delivered,Paid
SYSPO0002153,PO303244,SUP300337,WH997546,2026-06-02,2026-06-15,Delivered,Paid
SYSPO0002154,PO373132,SUP624902,WH174441,2026-08-05,2026-08-18,In Transit,Pending
SYSPO0002155,PO250753,SUP307428,WH997546,2026-03-13,2026-03-24,Delivered,Paid
SYSPO0002156,PO581430,SUP589710,WH654634,2026-03-24,2026-04-12,Delivered,Paid
SYSPO0002157,PO289401,SUP429164,WH771088,2025-09-06,2025-09-23,Delivered,Paid
SYSPO0002158,PO318074,SUP216970,WH654634,2026-07-14,2026-08-02,Delivered,Paid
SYSPO0002159,PO610150,SUP197251,WH801474,2025-08-25,2025-09-01,Delivered,Paid
SYSPO0002160,PO764327,SUP801364,WH377746,2025-10-04,2025-10-26,Delivered,Paid
SYSPO0002161,PO287356,SUP972335,WH662336,2025-10-05,2025-11-12,Delivered,Paid
SYSPO0002162,PO743830,SUP589710,WH233470,2026-05-24,2026-06-12,Delivered,Paid
SYSPO0002163,PO227500,SUP153872,WH100425,2026-04-01,2026-04-08,Delivered,Paid
SYSPO0002164,PO897925,SUP356150,WH482364,2025-08-24,2025-09-11,Delivered,Paid
SYSPO0002165,PO130930,SUP260422,WH100425,2026-04-23,2026-05-02,Delivered,Paid
SYSPO0002166,PO232729,SUP880879,WH377746,2025-09-05,2025-10-13,Delivered,Paid
SYSPO0002167,PO842479,SUP613425,WH820221,2025-11-18,2025-11-29,Delivered,Paid
SYSPO0002168,PO519369,SUP690341,WH112038,2026-01-24,2026-01-29,Delivered,Paid
SYSPO0002169,PO852244,SUP216970,WH824586,2026-04-19,2026-05-08,Delayed,Pending
SYSPO0002170,PO931681,SUP736059,WH100425,2026-01-16,2026-01-30,Delivered,Pending
SYSPO0002171,PO611528,SUP344098,WH930555,2026-02-09,2026-02-25,Delivered,Paid
SYSPO0002172,PO955524,SUP259784,WH324082,2026-03-28,2026-04-04,Delivered,Paid
SYSPO0002173,PO694691,SUP260422,WH322086,2026-01-23,2026-02-01,Delivered,Paid
SYSPO0002174,PO275373,SUP865990,WH377746,2026-01-12,2026-02-02,Delayed,Pending
SYSPO0002175,PO529715,SUP333238,WH329974,2025-11-19,2025-12-08,Delivered,Pending
SYSPO0002176,PO656267,SUP349565,WH820221,2025-10-27,2025-11-22,Delivered,Paid
SYSPO0002177,PO550244,SUP245051,WH829716,2026-05-25,2026-06-15,Delivered,Paid
SYSPO0002178,PO490032,SUP572700,WH824586,2026-02-19,2026-03-02,Delivered,Paid
SYSPO0002179,PO111430,SUP378361,WH829716,2025-09-18,2025-10-24,Delivered,Paid
SYSPO0002180,PO343949,SUP273982,WH922157,2025-12-17,2026-01-02,Delivered,Paid
SYSPO0002181,PO328026,SUP595631,WH174441,2026-01-18,2026-02-12,Delivered,Paid
SYSPO0002182,PO946648,SUP497887,WH829716,2025-09-17,2025-10-05,Delivered,Paid
SYSPO0002183,PO892934,SUP690341,WH356150,2025-11-23,2025-11-28,Delivered,Paid
SYSPO0002184,PO941718,SUP934794,WH324082,2026-04-25,2026-05-01,Delivered,Paid
SYSPO0002185,PO230120,SUP904150,WH910891,2026-04-25,2026-05-21,Delivered,Paid
SYSPO0002186,PO704413,SUP429164,WH376807,2026-03-23,2026-04-09,Delivered,Paid
SYSPO0002187,PO104872,SUP608257,WH997546,2026-02-09,2026-02-25,Delivered,Paid
SYSPO0002188,PO659380,SUP330914,WH539589,2026-02-25,2026-03-16,Cancelled,Cancelled
SYSPO0002189,PO592718,SUP273982,WH820221,2026-04-21,2026-05-07,Delivered,Paid
SYSPO0002190,PO432597,SUP221263,WH801474,2025-12-02,2025-12-26,Delivered,Paid
SYSPO0002191,PO742064,SUP211764,WH832052,2025-08-22,2025-09-08,Delivered,Paid
SYSPO0002192,PO989897,SUP972064,WH262316,2025-10-29,2025-11-16,Delayed,Pending
SYSPO0002193,PO492068,SUP728492,WH642717,2026-01-05,2026-01-21,Delivered,Paid
SYSPO0002194,PO210242,SUP260263,WH515011,2026-03-25,2026-04-01,Delivered,Paid
SYSPO0002195,PO192292,SUP121753,WH997546,2025-08-26,2025-09-06,Delivered,Paid
SYSPO0002196,PO663670,SUP664607,WH816751,2025-08-07,2025-09-09,Delayed,Pending
SYSPO0002197,PO372302,SUP613425,WH771088,2025-10-23,2025-11-03,Delivered,Paid
SYSPO0002198,PO445326,SUP260422,WH958179,2025-11-30,2025-12-09,Delivered,Paid
SYSPO0002199,PO583072,SUP300896,WH322086,2025-10-26,2025-11-03,Delivered,Paid
SYSPO0002200,PO991450,SUP829308,WH212235,2026-05-30,2026-06-07,Delivered,Paid
SYSPO0002201,PO352207,SUP804318,WH479201,2025-09-27,2025-10-18,Delivered,Paid
SYSPO0002202,PO866367,SUP680099,WH781453,2026-05-28,2026-06-14,Delivered,Paid
SYSPO0002203,PO186816,SUP801364,WH329974,2025-11-12,2025-12-04,Delivered,Paid
SYSPO0002204,PO870984,SUP681343,WH356150,2025-11-25,2025-12-10,Delivered,Paid
SYSPO0002205,PO322796,SUP681343,WH686075,2025-12-10,2025-12-25,Delivered,Paid
SYSPO0002206,PO611333,SUP925981,WH599948,2025-09-20,2025-10-08,Delivered,Paid
SYSPO0002207,PO638891,SUP300896,WH555884,2025-08-08,2025-08-16,Delivered,Paid
SYSPO0002208,PO261479,SUP576086,WH237174,2026-02-14,2026-02-20,Delayed,Pending
SYSPO0002209,PO481308,SUP449499,WH770487,2026-05-22,2026-05-27,Delayed,Pending
SYSPO0002210,PO638406,SUP437902,WH829716,2026-01-19,2026-02-05,Delivered,Paid
SYSPO0002211,PO272172,SUP690341,WH539589,2025-10-12,2025-10-17,Delayed,Pending
SYSPO0002212,PO207022,SUP813536,WH801474,2025-09-24,2025-10-15,Delivered,Paid
SYSPO0002213,PO117393,SUP813536,WH373903,2025-12-30,2026-01-20,Cancelled,Cancelled
SYSPO0002214,PO794037,SUP179046,WH356150,2026-02-27,2026-03-19,Delivered,Paid
SYSPO0002215,PO188150,SUP333238,WH526833,2026-05-05,2026-05-24,Delivered,Paid
SYSPO0002216,PO632599,SUP446954,WH808011,2025-11-02,2025-11-12,Delivered,Paid
SYSPO0002217,PO780129,SUP890170,WH555884,2026-02-15,2026-02-22,Delivered,Paid
SYSPO0002218,PO522253,SUP728492,WH829716,2026-03-09,2026-03-25,Delivered,Paid
SYSPO0002219,PO554626,SUP681343,WH237174,2026-06-24,2026-07-09,Delivered,Pending
SYSPO0002220,PO330246,SUP307428,WH237174,2026-04-21,2026-05-02,Cancelled,Cancelled
SYSPO0002221,PO379108,SUP572387,WH662336,2026-06-14,2026-06-30,Delivered,Paid
SYSPO0002222,PO750348,SUP690341,WH771088,2025-12-20,2025-12-25,Delivered,Paid
SYSPO0002223,PO825283,SUP976325,WH910891,2025-09-01,2025-09-14,Delivered,Paid
SYSPO0002224,PO767837,SUP429164,WH532322,2026-01-06,2026-01-23,Delivered,Paid
SYSPO0002225,PO294069,SUP240814,WH233470,2026-07-05,2026-07-11,Delivered,Paid
SYSPO0002226,PO278501,SUP259784,WH322086,2026-05-20,2026-05-27,Delivered,Paid
SYSPO0002227,PO577328,SUP437408,WH555884,2025-08-21,2025-09-05,Delayed,Pending
SYSPO0002228,PO548709,SUP497382,WH808011,2026-01-21,2026-02-08,Delivered,Paid
SYSPO0002229,PO279018,SUP572700,WH636265,2025-08-12,2025-08-23,Delivered,Paid
SYSPO0002230,PO612027,SUP877236,WH997546,2026-01-30,2026-02-06,Delivered,Paid
SYSPO0002231,PO813080,SUP972335,WH539589,2026-07-28,2026-09-04,Processing,Pending
SYSPO0002232,PO275431,SUP221263,WH191161,2025-09-04,2025-09-28,Delivered,Paid
SYSPO0002233,PO451983,SUP184491,WH479201,2026-07-05,2026-08-06,In Transit,Pending
SYSPO0002234,PO672223,SUP972335,WH829716,2025-12-04,2026-01-11,Delivered,Paid
SYSPO0002235,PO967958,SUP526117,WH377746,2026-03-16,2026-04-01,Delivered,Paid
SYSPO0002236,PO796188,SUP680099,WH377746,2026-01-18,2026-02-04,Delivered,Paid
SYSPO0002237,PO121734,SUP877236,WH112038,2026-03-15,2026-03-22,Delayed,Pending
SYSPO0002238,PO791396,SUP350867,WH539589,2026-01-09,2026-01-24,Cancelled,Cancelled
SYSPO0002239,PO705640,SUP216970,WH770487,2026-05-07,2026-05-26,Delivered,Paid
SYSPO0002240,PO193610,SUP681343,WH654634,2026-04-10,2026-04-25,Delayed,Pending
SYSPO0002241,PO213174,SUP265080,WH567574,2026-01-14,2026-01-30,Delivered,Paid
SYSPO0002242,PO571093,SUP384076,WH329974,2025-11-25,2025-12-10,Delivered,Paid
SYSPO0002243,PO510020,SUP946305,WH174441,2025-09-18,2025-10-16,Delayed,Pending
SYSPO0002244,PO299829,SUP133659,WH567574,2026-01-09,2026-01-27,Delivered,Paid
SYSPO0002245,PO228934,SUP273982,WH922157,2025-08-13,2025-08-29,Delivered,Paid
SYSPO0002246,PO463853,SUP335113,WH112038,2025-12-09,2025-12-20,Cancelled,Cancelled
SYSPO0002247,PO818826,SUP259784,WH526117,2025-10-10,2025-10-17,Delivered,Pending
SYSPO0002248,PO754096,SUP300337,WH324082,2026-06-12,2026-06-25,Delivered,Paid
SYSPO0002249,PO116349,SUP356150,WH532322,2026-04-02,2026-04-20,Delivered,Paid
SYSPO0002250,PO155777,SUP595631,WH599948,2026-01-30,2026-02-24,Delivered,Paid
SYSPO0002251,PO100672,SUP378361,WH191161,2026-06-24,2026-07-30,Delivered,Paid
SYSPO0002252,PO626378,SUP437408,WH482364,2026-04-29,2026-05-14,Delayed,Pending
SYSPO0002253,PO190181,SUP356150,WH910891,2026-07-28,2026-08-15,In Transit,Pending
SYSPO0002254,PO306283,SUP976325,WH567574,2025-12-23,2026-01-05,Delivered,Paid
SYSPO0002255,PO596162,SUP989545,WH379766,2025-09-08,2025-09-24,Delivered,Paid
SYSPO0002256,PO518500,SUP804318,WH654634,2026-01-21,2026-02-11,Delivered,Paid
SYSPO0002257,PO281720,SUP608257,WH274389,2026-06-28,2026-07-14,Delivered,Paid
SYSPO0002258,PO816514,SUP446954,WH379766,2025-09-15,2025-09-25,Delivered,Paid
SYSPO0002259,PO419811,SUP899213,WH816751,2025-11-07,2025-11-25,Delivered,Paid
SYSPO0002260,PO292279,SUP349565,WH930555,2026-01-21,2026-02-16,Delivered,Paid
SYSPO0002261,PO652150,SUP349565,WH212235,2026-03-21,2026-04-16,Delivered,Paid
SYSPO0002262,PO474927,SUP877236,WH237174,2026-01-07,2026-01-14,Delivered,Pending
SYSPO0002263,PO583691,SUP350867,WH412942,2026-02-24,2026-03-11,Cancelled,Cancelled
SYSPO0002264,PO904016,SUP572387,WH770487,2025-09-04,2025-09-20,Delivered,Paid
SYSPO0002265,PO924843,SUP427110,WH567574,2026-01-05,2026-01-23,Delivered,Paid
SYSPO0002266,PO693047,SUP598216,WH233470,2026-07-09,2026-07-21,Delivered,Paid
SYSPO0002267,PO802629,SUP662275,WH526117,2025-12-03,2025-12-15,Delivered,Paid
SYSPO0002268,PO979962,SUP595631,WH539589,2026-05-21,2026-06-15,Delivered,Pending
SYSPO0002269,PO212248,SUP156213,WH526117,2025-12-14,2025-12-27,Delivered,Paid
SYSPO0002270,PO824139,SUP153872,WH205907,2025-10-30,2025-11-06,Delivered,Paid
SYSPO0002271,PO635634,SUP813536,WH690341,2025-12-12,2026-01-02,Delivered,Paid
SYSPO0002272,PO689351,SUP526117,WH379766,2026-06-03,2026-06-19,Delivered,Paid
SYSPO0002273,PO262293,SUP925981,WH832052,2025-10-09,2025-10-27,Delivered,Paid
SYSPO0002274,PO944750,SUP801364,WH460663,2025-09-03,2025-09-25,Delivered,Paid
SYSPO0002275,PO260455,SUP877236,WH519066,2026-02-19,2026-02-26,Delivered,Paid
SYSPO0002276,PO125854,SUP497382,WH429164,2026-04-07,2026-04-25,Delivered,Paid
SYSPO0002277,PO607216,SUP608257,WH770487,2025-09-18,2025-10-04,Delivered,Paid
SYSPO0002278,PO961600,SUP572700,WH526117,2026-02-27,2026-03-10,Delivered,Paid
SYSPO0002279,PO767101,SUP497382,WH785197,2026-02-19,2026-03-09,Delivered,Paid
SYSPO0002280,PO279071,SUP639593,WH205907,2025-10-19,2025-10-26,Delivered,Paid
SYSPO0002281,PO717363,SUP705397,WH460663,2026-07-22,2026-08-19,In Transit,Pending
SYSPO0002282,PO504562,SUP391668,WH582662,2026-06-02,2026-06-15,Delivered,Paid
SYSPO0002283,PO255363,SUP221263,WH636265,2025-12-18,2026-01-11,Delivered,Paid
SYSPO0002284,PO708738,SUP385470,WH379766,2025-12-19,2026-01-08,Delivered,Paid
SYSPO0002285,PO566070,SUP344098,WH654634,2026-05-14,2026-05-30,Delayed,Pending
SYSPO0002286,PO246070,SUP690341,WH636265,2026-06-19,2026-06-24,Delivered,Paid
SYSPO0002287,PO266004,SUP881177,WH910891,2026-04-12,2026-04-26,Delivered,Paid
SYSPO0002288,PO840530,SUP598216,WH322086,2026-06-17,2026-06-29,Delivered,Paid
SYSPO0002289,PO787796,SUP153872,WH422451,2025-10-01,2025-10-08,Delivered,Paid
SYSPO0002290,PO923091,SUP330914,WH922157,2025-11-04,2025-11-23,Delayed,Pending
SYSPO0002291,PO980096,SUP437902,WH820221,2025-09-13,2025-09-30,Delivered,Paid
SYSPO0002292,PO704020,SUP839677,WH824586,2025-09-30,2025-10-17,Delivered,Pending
SYSPO0002293,PO465004,SUP624902,WH740967,2025-11-12,2025-11-25,Delivered,Paid
SYSPO0002294,PO993419,SUP624902,WH429164,2025-10-20,2025-11-02,Delivered,Paid
SYSPO0002295,PO812321,SUP650121,WH237174,2025-10-11,2025-10-17,Delivered,Paid
SYSPO0002296,PO868236,SUP728492,WH212235,2026-03-26,2026-04-11,Delivered,Paid
SYSPO0002297,PO502740,SUP614663,WH429164,2025-10-03,2025-10-20,Delayed,Pending
SYSPO0002298,PO362651,SUP965845,WH808011,2026-05-27,2026-06-03,Delivered,Paid
SYSPO0002299,PO492505,SUP156213,WH599948,2026-05-26,2026-06-08,Cancelled,Cancelled
SYSPO0002300,PO282522,SUP273982,WH422451,2026-04-16,2026-05-02,Delivered,Paid
SYSPO0002301,PO768357,SUP877236,WH824586,2025-09-03,2025-09-10,Delivered,Paid
SYSPO0002302,PO336450,SUP497382,WH380746,2025-10-12,2025-10-30,Delivered,Paid
SYSPO0002303,PO928379,SUP221263,WH329974,2026-06-01,2026-06-25,Cancelled,Cancelled
SYSPO0002304,PO801138,SUP733039,WH422451,2026-04-05,2026-04-21,Delivered,Paid
SYSPO0002305,PO477027,SUP668532,WH377746,2026-02-12,2026-02-25,Delivered,Paid
SYSPO0002306,PO815507,SUP285652,WH958179,2026-02-01,2026-03-04,Delivered,Paid
SYSPO0002307,PO625179,SUP614663,WH479201,2026-05-24,2026-06-10,Delivered,Paid
SYSPO0002308,PO940534,SUP344098,WH100425,2026-03-11,2026-03-27,Delivered,Paid
SYSPO0002309,PO696799,SUP887625,WH801474,2026-05-27,2026-06-09,Delivered,Paid
SYSPO0002310,PO622937,SUP904150,WH412942,2026-03-18,2026-04-13,Delivered,Paid
SYSPO0002311,PO961224,SUP437408,WH770487,2026-01-26,2026-02-10,Delayed,Pending
SYSPO0002312,PO837435,SUP804318,WH379766,2026-04-26,2026-05-17,Delivered,Pending
SYSPO0002313,PO178409,SUP681343,WH930555,2026-07-29,2026-08-13,In Transit,Pending
SYSPO0002314,PO740939,SUP804318,WH690341,2026-07-13,2026-08-03,Delivered,Paid
SYSPO0002315,PO216260,SUP273982,WH532322,2026-03-12,2026-03-28,Delivered,Paid
SYSPO0002316,PO131434,SUP121753,WH801474,2026-04-11,2026-04-22,Delivered,Paid
SYSPO0002317,PO901883,SUP572700,WH322086,2026-04-08,2026-04-19,Delivered,Paid
SYSPO0002318,PO894133,SUP497887,WH526117,2026-04-04,2026-04-22,Delayed,Pending
SYSPO0002319,PO617530,SUP526117,WH820221,2025-12-08,2025-12-24,Delivered,Paid
SYSPO0002320,PO975564,SUP497887,WH526117,2026-07-06,2026-07-24,Delivered,Paid
SYSPO0002321,PO875201,SUP692683,WH322086,2026-04-05,2026-04-30,Delivered,Paid
SYSPO0002322,PO858466,SUP156213,WH237174,2025-12-05,2025-12-18,Delivered,Paid
SYSPO0002323,PO467271,SUP513160,WH599948,2025-10-02,2025-10-26,Delivered,Paid
SYSPO0002324,PO338818,SUP497887,WH322086,2026-01-22,2026-02-09,Cancelled,Cancelled
SYSPO0002325,PO919800,SUP765095,WH829716,2025-08-31,2025-10-05,Delivered,Paid
SYSPO0002326,PO873768,SUP946305,WH373903,2026-02-03,2026-03-03,Delivered,Paid
SYSPO0002327,PO829222,SUP378361,WH958179,2026-01-23,2026-02-28,Delivered,Paid
SYSPO0002328,PO559226,SUP598216,WH654634,2026-04-07,2026-04-19,Delivered,Paid
SYSPO0002329,PO303052,SUP576086,WH526117,2025-11-30,2025-12-06,Delivered,Paid
SYSPO0002330,PO717210,SUP925981,WH656116,2026-06-10,2026-06-28,Delivered,Paid
SYSPO0002331,PO931710,SUP842411,WH654634,2025-11-19,2025-11-27,Cancelled,Cancelled
SYSPO0002332,PO854793,SUP613425,WH377746,2026-03-22,2026-04-02,Delivered,Paid
SYSPO0002333,PO289365,SUP121753,WH526117,2025-08-26,2025-09-06,Delivered,Paid
SYSPO0002334,PO356108,SUP486945,WH801474,2025-12-19,2026-01-11,Delivered,Paid
SYSPO0002335,PO788484,SUP804318,WH997546,2026-02-18,2026-03-11,Delivered,Paid
SYSPO0002336,PO839513,SUP990844,WH930555,2025-09-02,2025-09-21,Delivered,Paid
SYSPO0002337,PO417423,SUP384076,WH555884,2025-12-03,2025-12-18,Delivered,Paid
SYSPO0002338,PO652436,SUP890170,WH324082,2026-01-31,2026-02-07,Delivered,Paid
SYSPO0002339,PO463473,SUP179046,WH654634,2026-01-27,2026-02-16,Delivered,Paid
SYSPO0002340,PO313442,SUP437408,WH808011,2025-08-19,2025-09-03,Delivered,Paid
SYSPO0002341,PO679826,SUP321275,WH958179,2025-08-27,2025-09-03,Delivered,Paid
SYSPO0002342,PO137609,SUP728492,WH820221,2025-12-26,2026-01-11,Delivered,Paid
SYSPO0002343,PO219787,SUP472060,WH910891,2026-06-23,2026-07-09,Cancelled,Cancelled
SYSPO0002344,PO391469,SUP768854,WH526833,2025-11-24,2025-12-11,Delivered,Paid
SYSPO0002345,PO996086,SUP372793,WH526833,2025-09-03,2025-09-17,Cancelled,Cancelled
SYSPO0002346,PO501172,SUP437408,WH329974,2026-04-12,2026-04-27,Delivered,Paid
SYSPO0002347,PO791982,SUP356150,WH205907,2026-07-06,2026-07-24,Delivered,Paid
SYSPO0002348,PO900059,SUP184491,WH910891,2026-07-03,2026-08-04,Delayed,Pending
SYSPO0002349,PO891127,SUP197251,WH515011,2025-09-09,2025-09-16,Delayed,Pending
SYSPO0002350,PO949602,SUP449499,WH112038,2026-03-31,2026-04-05,Delivered,Paid
SYSPO0002351,PO555161,SUP335113,WH526117,2026-03-23,2026-04-03,Delivered,Paid
SYSPO0002352,PO946616,SUP614663,WH112038,2026-02-17,2026-03-06,Delivered,Paid
SYSPO0002353,PO401380,SUP240814,WH922157,2026-01-01,2026-01-07,Delivered,Paid
SYSPO0002354,PO372735,SUP420214,WH322086,2026-01-31,2026-02-13,Delayed,Pending
SYSPO0002355,PO349799,SUP221263,WH910891,2026-03-18,2026-04-11,Delayed,Pending
SYSPO0002356,PO815756,SUP260422,WH808011,2026-03-08,2026-03-17,Delivered,Paid
SYSPO0002357,PO453928,SUP755788,WH412942,2026-06-08,2026-07-03,Delivered,Paid
SYSPO0002358,PO362682,SUP990844,WH808011,2026-05-18,2026-06-06,Delivered,Paid
SYSPO0002359,PO377366,SUP179046,WH212235,2026-07-18,2026-08-07,Cancelled,Cancelled
SYSPO0002360,PO109301,SUP156213,WH922157,2025-08-20,2025-09-02,Delivered,Paid
SYSPO0002361,PO683646,SUP349565,WH820221,2026-01-26,2026-02-21,Delivered,Paid
SYSPO0002362,PO739975,SUP437902,WH212235,2026-07-24,2026-08-10,Processing,Pending
SYSPO0002363,PO370539,SUP133659,WH205907,2026-06-15,2026-07-03,Delivered,Paid
SYSPO0002364,PO282971,SUP891937,WH656116,2026-03-15,2026-04-12,Delivered,Paid
SYSPO0002365,PO786398,SUP757711,WH237174,2026-04-15,2026-04-20,Delivered,Paid
SYSPO0002366,PO432749,SUP972335,WH373903,2025-10-17,2025-11-24,Delivered,Pending
SYSPO0002367,PO371638,SUP589710,WH429164,2025-12-07,2025-12-26,Delivered,Paid
SYSPO0002368,PO666693,SUP437902,WH376807,2026-03-27,2026-04-13,Delivered,Paid
SYSPO0002369,PO565371,SUP350867,WH820221,2026-02-05,2026-02-20,Delivered,Paid
SYSPO0002370,PO489398,SUP613425,WH233470,2026-02-15,2026-02-26,Delivered,Paid
SYSPO0002371,PO125894,SUP614663,WH740967,2025-10-02,2025-10-19,Delivered,Pending
SYSPO0002372,PO783648,SUP972335,WH656116,2025-08-29,2025-10-06,Delivered,Paid
SYSPO0002373,PO268100,SUP260422,WH690341,2026-01-26,2026-02-04,Delivered,Paid
SYSPO0002374,PO126775,SUP259784,WH997546,2025-09-14,2025-09-21,Delivered,Paid
SYSPO0002375,PO918805,SUP804318,WH820221,2026-06-15,2026-07-06,Delayed,Pending
SYSPO0002376,PO710990,SUP486945,WH642717,2026-07-20,2026-08-12,In Transit,Pending
SYSPO0002377,PO899656,SUP624902,WH429164,2026-06-26,2026-07-09,Delivered,Paid
SYSPO0002378,PO335490,SUP497382,WH482364,2025-12-16,2026-01-03,Delivered,Paid
SYSPO0002379,PO936979,SUP333238,WH801474,2026-05-09,2026-05-28,Delivered,Paid
SYSPO0002380,PO432335,SUP934794,WH356150,2025-09-06,2025-09-12,Delivered,Paid
SYSPO0002381,PO444650,SUP871711,WH205907,2026-02-16,2026-02-26,Delivered,Paid
SYSPO0002382,PO430108,SUP624902,WH820221,2026-04-12,2026-04-25,Delayed,Pending
SYSPO0002383,PO566624,SUP989545,WH329974,2025-10-11,2025-10-27,Delivered,Paid
SYSPO0002384,PO479895,SUP976325,WH922157,2025-08-20,2025-09-02,Delivered,Paid
SYSPO0002385,PO340924,SUP757711,WH262316,2025-11-09,2025-11-14,Delayed,Pending
SYSPO0002386,PO527417,SUP330914,WH785197,2026-05-06,2026-05-25,Delivered,Paid
SYSPO0002387,PO223694,SUP437408,WH532322,2026-01-22,2026-02-06,Delivered,Paid
SYSPO0002388,PO618206,SUP589710,WH233470,2026-01-22,2026-02-10,Delivered,Paid
SYSPO0002389,PO576126,SUP757711,WH274389,2026-02-24,2026-03-01,Delivered,Paid
SYSPO0002390,PO845937,SUP322955,WH958179,2026-02-24,2026-03-09,Delivered,Paid
SYSPO0002391,PO552376,SUP184491,WH642717,2026-03-29,2026-04-30,Delivered,Paid
SYSPO0002392,PO655021,SUP333238,WH930555,2025-10-05,2025-10-24,Delayed,Pending
SYSPO0002393,PO521860,SUP265080,WH212235,2025-12-24,2026-01-09,Delivered,Paid
SYSPO0002394,PO452993,SUP972064,WH555884,2025-12-27,2026-01-14,Delivered,Paid
SYSPO0002395,PO177335,SUP427110,WH324082,2026-07-27,2026-08-14,Processing,Pending
SYSPO0002396,PO528736,SUP671858,WH482364,2025-11-22,2025-12-08,Delivered,Paid
SYSPO0002397,PO834122,SUP899213,WH642717,2026-01-02,2026-01-20,Delivered,Paid
SYSPO0002398,PO959943,SUP260422,WH482364,2026-01-10,2026-01-19,Cancelled,Cancelled
SYSPO0002399,PO721856,SUP322955,WH174441,2026-06-01,2026-06-14,Delivered,Paid
SYSPO0002400,PO285306,SUP934794,WH567574,2025-12-14,2025-12-20,Delayed,Pending
SYSPO0002401,PO411792,SUP335113,WH808011,2026-04-25,2026-05-06,Delivered,Paid
SYSPO0002402,PO707993,SUP184491,WH599948,2026-03-25,2026-04-26,Delivered,Paid
SYSPO0002403,PO250152,SUP449499,WH555884,2025-08-25,2025-08-30,Delivered,Pending
SYSPO0002404,PO320914,SUP300337,WH526117,2026-06-07,2026-06-20,Delivered,Paid
SYSPO0002405,PO204298,SUP920652,WH100425,2026-04-07,2026-04-30,Delivered,Paid
SYSPO0002406,PO560237,SUP870763,WH100425,2026-04-13,2026-04-29,Delivered,Paid
SYSPO0002407,PO735615,SUP321275,WH322086,2025-12-12,2025-12-19,Delayed,Pending
SYSPO0002408,PO247852,SUP681343,WH356150,2025-08-30,2025-09-14,Delivered,Paid
SYSPO0002409,PO128678,SUP572387,WH582662,2025-12-11,2025-12-27,Delayed,Pending
SYSPO0002410,PO937803,SUP216970,WH785197,2025-09-10,2025-09-29,Delivered,Paid
SYSPO0002411,PO313008,SUP680099,WH532322,2026-03-09,2026-03-26,Delayed,Pending
SYSPO0002412,PO867651,SUP696750,WH379766,2026-04-25,2026-05-02,Delivered,Paid
SYSPO0002413,PO214939,SUP385470,WH233470,2026-01-02,2026-01-22,Delivered,Paid
SYSPO0002414,PO553263,SUP944962,WH376807,2025-11-23,2025-12-07,Delivered,Pending
SYSPO0002415,PO867173,SUP260263,WH771088,2025-11-10,2025-11-17,Delayed,Pending
SYSPO0002416,PO880431,SUP350867,WH539589,2026-05-13,2026-05-28,Delivered,Paid
SYSPO0002417,PO389520,SUP880879,WH930555,2026-07-01,2026-08-08,In Transit,Pending
SYSPO0002418,PO914791,SUP391668,WH824586,2026-04-16,2026-04-29,Delivered,Paid
SYSPO0002419,PO554429,SUP330914,WH785197,2026-07-22,2026-08-10,Processing,Pending
SYSPO0002420,PO432951,SUP378361,WH642717,2026-03-27,2026-05-02,Delivered,Paid
SYSPO0002421,PO137367,SUP179046,WH801474,2026-07-10,2026-07-30,Delivered,Paid
SYSPO0002422,PO330906,SUP598216,WH422451,2025-10-02,2025-10-14,Delivered,Paid
SYSPO0002423,PO869194,SUP344098,WH781453,2025-12-12,2025-12-28,Delivered,Paid
SYSPO0002424,PO641386,SUP184491,WH658582,2025-09-05,2025-10-07,Delivered,Paid
SYSPO0002425,PO318677,SUP613425,WH740967,2026-03-19,2026-03-30,Delivered,Paid
SYSPO0002426,PO761679,SUP572700,WH801474,2026-04-19,2026-04-30,Delivered,Paid
SYSPO0002427,PO288811,SUP133659,WH555884,2025-09-28,2025-10-16,Delivered,Paid
SYSPO0002428,PO614034,SUP650121,WH922157,2026-07-27,2026-08-02,Delivered,Paid
SYSPO0002429,PO329565,SUP307428,WH519066,2025-12-18,2025-12-29,Delayed,Pending
SYSPO0002430,PO901045,SUP946305,WH642717,2025-12-03,2025-12-31,Delivered,Paid
SYSPO0002431,PO545503,SUP955662,WH539589,2026-04-16,2026-05-05,Delivered,Paid
SYSPO0002432,PO464462,SUP736059,WH997546,2026-05-03,2026-05-17,Delivered,Paid
SYSPO0002433,PO980930,SUP121753,WH832052,2026-04-19,2026-04-30,Delivered,Paid
SYSPO0002434,PO380938,SUP920652,WH567574,2026-01-04,2026-01-27,Delivered,Paid
SYSPO0002435,PO909289,SUP391668,WH997546,2025-09-24,2025-10-07,Delivered,Paid
SYSPO0002436,PO563419,SUP260263,WH526833,2026-03-24,2026-03-31,Delivered,Paid
SYSPO0002437,PO863559,SUP899213,WH379766,2026-05-07,2026-05-25,Delivered,Paid
SYSPO0002438,PO529718,SUP330914,WH829716,2026-08-04,2026-08-23,In Transit,Pending
SYSPO0002439,PO316217,SUP378361,WH329974,2025-09-06,2025-10-12,Delayed,Pending
SYSPO0002440,PO445698,SUP829308,WH422451,2025-12-03,2025-12-11,Cancelled,Cancelled
SYSPO0002441,PO857311,SUP842411,WH262316,2026-03-10,2026-03-18,Delivered,Paid
SYSPO0002442,PO469833,SUP179046,WH567574,2025-12-29,2026-01-18,Delivered,Paid
SYSPO0002443,PO661483,SUP265080,WH832052,2026-04-11,2026-04-27,Delayed,Pending
SYSPO0002444,PO514739,SUP990844,WH997546,2026-06-08,2026-06-27,Delivered,Paid
SYSPO0002445,PO533476,SUP121753,WH100425,2025-12-10,2025-12-21,Delivered,Paid
SYSPO0002446,PO986552,SUP302511,WH785197,2026-06-16,2026-07-04,Delivered,Paid
SYSPO0002447,PO929783,SUP870763,WH582662,2025-09-23,2025-10-09,Delivered,Paid
SYSPO0002448,PO762233,SUP519904,WH808011,2026-04-22,2026-05-06,Delivered,Paid
SYSPO0002449,PO922139,SUP153872,WH412942,2026-05-04,2026-05-11,Delivered,Paid
SYSPO0002450,PO383114,SUP804318,WH356150,2026-06-22,2026-07-13,Delivered,Paid
SYSPO0002451,PO868227,SUP650121,WH555884,2026-05-18,2026-05-24,Delivered,Paid
SYSPO0002452,PO259223,SUP589710,WH380746,2026-04-28,2026-05-17,Delivered,Paid
SYSPO0002453,PO735113,SUP497887,WH930555,2026-07-25,2026-08-12,Processing,Pending
SYSPO0002454,PO879598,SUP925981,WH740967,2026-02-25,2026-03-15,Delivered,Paid
SYSPO0002455,PO787919,SUP725084,WH829716,2025-09-10,2025-09-27,Delivered,Paid
SYSPO0002456,PO526068,SUP870763,WH662336,2026-04-12,2026-04-28,Delivered,Paid
SYSPO0002457,PO356496,SUP972335,WH582662,2026-04-22,2026-05-30,Delivered,Paid
SYSPO0002458,PO490843,SUP589710,WH997546,2026-01-16,2026-02-04,Delivered,Paid
SYSPO0002459,PO126101,SUP378361,WH380746,2026-02-18,2026-03-26,Delivered,Paid
SYSPO0002460,PO214240,SUP184491,WH599948,2025-12-23,2026-01-24,Delivered,Pending
SYSPO0002461,PO200022,SUP385470,WH808011,2025-08-12,2025-09-01,Delivered,Paid
SYSPO0002462,PO362111,SUP519904,WH519066,2025-12-23,2026-01-06,Delivered,Paid
SYSPO0002463,PO858154,SUP668532,WH662336,2025-12-02,2025-12-15,Delivered,Paid
SYSPO0002464,PO876482,SUP804318,WH212235,2025-10-14,2025-11-04,Cancelled,Cancelled
SYSPO0002465,PO822466,SUP976325,WH555884,2025-10-27,2025-11-09,Delivered,Paid
SYSPO0002466,PO319387,SUP184491,WH377746,2025-12-15,2026-01-16,Delivered,Paid
SYSPO0002467,PO437471,SUP330914,WH997546,2026-05-29,2026-06-17,Delivered,Paid
SYSPO0002468,PO868678,SUP757711,WH808011,2026-02-09,2026-02-14,Delayed,Pending
SYSPO0002469,PO181269,SUP240814,WH824586,2025-10-18,2025-10-24,Cancelled,Cancelled
SYSPO0002470,PO645195,SUP608257,WH429164,2025-10-31,2025-11-16,Delivered,Pending
SYSPO0002471,PO140959,SUP211764,WH654634,2025-09-27,2025-10-14,Delivered,Paid
SYSPO0002472,PO246659,SUP608257,WH808011,2025-10-04,2025-10-20,Delivered,Paid
SYSPO0002473,PO408515,SUP597732,WH377746,2025-09-03,2025-09-29,Delivered,Paid
SYSPO0002474,PO781805,SUP801364,WH555884,2025-11-27,2025-12-19,Delivered,Paid
SYSPO0002475,PO743825,SUP307428,WH373903,2026-06-28,2026-07-09,Delivered,Paid
SYSPO0002476,PO446215,SUP770487,WH801474,2026-06-07,2026-06-21,Delivered,Paid
SYSPO0002477,PO649850,SUP307428,WH324082,2025-09-13,2025-09-24,Delivered,Paid
SYSPO0002478,PO170304,SUP920652,WH781453,2026-02-18,2026-03-13,Delivered,Paid
SYSPO0002479,PO663852,SUP765095,WH930555,2026-05-31,2026-07-05,Delivered,Paid
SYSPO0002480,PO264052,SUP891937,WH781453,2026-03-02,2026-03-30,Delivered,Paid
SYSPO0002481,PO759367,SUP526117,WH599948,2026-06-25,2026-07-11,Delayed,Pending
SYSPO0002482,PO960623,SUP519093,WH212235,2026-05-18,2026-06-03,Delivered,Paid
SYSPO0002483,PO522857,SUP871711,WH412942,2026-07-14,2026-07-24,Delivered,Paid
SYSPO0002484,PO721427,SUP472060,WH422451,2026-02-25,2026-03-13,Delivered,Paid
SYSPO0002485,PO691040,SUP526117,WH526833,2025-08-19,2025-09-04,Delivered,Paid
SYSPO0002486,PO501548,SUP184491,WH212235,2026-04-19,2026-05-21,Delivered,Paid
SYSPO0002487,PO946514,SUP880879,WH380746,2025-12-13,2026-01-20,Cancelled,Cancelled
SYSPO0002488,PO343092,SUP420214,WH519066,2026-07-11,2026-07-24,Delivered,Paid
SYSPO0002489,PO272824,SUP459536,WH526833,2026-05-29,2026-06-12,Delivered,Paid
SYSPO0002490,PO154724,SUP497887,WH555884,2026-04-02,2026-04-20,Delivered,Paid
SYSPO0002491,PO442978,SUP934794,WH205907,2025-09-24,2025-09-30,Delivered,Paid
SYSPO0002492,PO495637,SUP256294,WH829716,2026-03-24,2026-04-06,Delivered,Paid
SYSPO0002493,PO432369,SUP260422,WH771088,2025-12-29,2026-01-07,Delivered,Pending
SYSPO0002494,PO764555,SUP179046,WH112038,2025-10-03,2025-10-23,Delivered,Paid
SYSPO0002495,PO613900,SUP705397,WH567574,2025-10-07,2025-11-04,Delivered,Paid
SYSPO0002496,PO465093,SUP211764,WH636265,2025-10-14,2025-10-31,Delivered,Paid
SYSPO0002497,PO802586,SUP946305,WH816751,2026-06-23,2026-07-21,Delivered,Paid
SYSPO0002498,PO300261,SUP211764,WH654634,2026-05-01,2026-05-18,Delivered,Pending
SYSPO0002499,PO305349,SUP245051,WH801474,2026-05-31,2026-06-21,Delivered,Paid
SYSPO0002500,PO444406,SUP211764,WH910891,2026-04-04,2026-04-21,Delayed,Pending
SYSPO0002501,PO627217,SUP572700,WH380746,2026-06-15,2026-06-26,Cancelled,Cancelled
SYSPO0002502,PO388307,SUP523389,WH599948,2026-07-21,2026-08-06,In Transit,Pending
SYSPO0002503,PO838474,SUP211764,WH567574,2025-10-08,2025-10-25,Delivered,Paid
SYSPO0002504,PO131904,SUP871711,WH636265,2026-05-12,2026-05-22,Delayed,Pending
SYSPO0002505,PO614117,SUP736059,WH599948,2026-01-21,2026-02-04,Delivered,Paid
SYSPO0002506,PO946652,SUP870763,WH422451,2025-08-21,2025-09-06,Cancelled,Cancelled
SYSPO0002507,PO847960,SUP372793,WH324082,2026-01-11,2026-01-25,Delivered,Paid
SYSPO0002508,PO186847,SUP668532,WH526833,2025-12-24,2026-01-06,Delivered,Paid
SYSPO0002509,PO845108,SUP664607,WH785197,2026-04-24,2026-05-27,Delivered,Paid
SYSPO0002510,PO993990,SUP920652,WH567574,2026-05-11,2026-06-03,Delivered,Paid
SYSPO0002511,PO804633,SUP880879,WH958179,2025-11-05,2025-12-13,Delivered,Pending
SYSPO0002512,PO857213,SUP197251,WH380746,2026-01-24,2026-01-31,Delivered,Paid
SYSPO0002513,PO978409,SUP890170,WH532322,2026-03-30,2026-04-06,Delivered,Paid
SYSPO0002514,PO864366,SUP736059,WH322086,2025-11-23,2025-12-07,Delivered,Paid
SYSPO0002515,PO308334,SUP662275,WH429164,2026-05-24,2026-06-05,Delivered,Paid
SYSPO0002516,PO103381,SUP802729,WH824586,2026-05-22,2026-06-02,Delivered,Paid
SYSPO0002517,PO695772,SUP829308,WH100425,2026-06-05,2026-06-13,Delivered,Paid
SYSPO0002518,PO194960,SUP302511,WH412942,2026-01-26,2026-02-13,Delivered,Paid
SYSPO0002519,PO121084,SUP946305,WH820221,2025-11-03,2025-12-01,Delivered,Paid
SYSPO0002520,PO185222,SUP273982,WH654634,2026-02-28,2026-03-16,Delayed,Pending
SYSPO0002521,PO813965,SUP770487,WH567574,2025-11-05,2025-11-19,Delayed,Pending
SYSPO0002522,PO883714,SUP705397,WH910891,2025-12-03,2025-12-31,Delivered,Paid
SYSPO0002523,PO392514,SUP211764,WH958179,2026-06-15,2026-07-02,Delivered,Paid
SYSPO0002524,PO386050,SUP589710,WH212235,2026-06-05,2026-06-24,Delivered,Paid
SYSPO0002525,PO377395,SUP572700,WH958179,2026-02-03,2026-02-14,Delivered,Paid
SYSPO0002526,PO773003,SUP920652,WH322086,2026-07-22,2026-08-14,Processing,Pending
SYSPO0002527,PO278755,SUP216970,WH829716,2026-06-25,2026-07-14,Delayed,Pending
SYSPO0002528,PO263267,SUP307428,WH808011,2025-10-19,2025-10-30,Delayed,Pending
SYSPO0002529,PO777388,SUP260263,WH412942,2025-12-25,2026-01-01,Delivered,Paid
SYSPO0002530,PO970168,SUP240814,WH100425,2026-04-25,2026-05-01,Delivered,Paid
SYSPO0002531,PO590406,SUP344098,WH515011,2026-03-14,2026-03-30,Delivered,Paid
SYSPO0002532,PO295481,SUP449499,WH324082,2026-01-23,2026-01-28,Delivered,Paid
SYSPO0002533,PO496267,SUP757711,WH555884,2026-01-31,2026-02-05,Delivered,Paid
SYSPO0002534,PO108281,SUP307428,WH801474,2026-05-30,2026-06-10,Delivered,Paid
SYSPO0002535,PO205075,SUP871711,WH526833,2025-11-22,2025-12-02,Delayed,Pending
SYSPO0002536,PO589518,SUP245051,WH539589,2026-06-03,2026-06-24,Delivered,Paid
SYSPO0002537,PO722408,SUP333238,WH262316,2025-12-31,2026-01-19,Delivered,Paid
SYSPO0002538,PO355421,SUP870763,WH479201,2026-02-16,2026-03-04,Delivered,Paid
SYSPO0002539,PO520639,SUP429164,WH662336,2026-02-25,2026-03-14,Delivered,Paid
SYSPO0002540,PO631586,SUP829308,WH829716,2026-01-14,2026-01-22,Delivered,Pending
SYSPO0002541,PO520216,SUP307428,WH237174,2025-10-06,2025-10-17,Delivered,Paid
SYSPO0002542,PO725843,SUP526117,WH636265,2026-06-18,2026-07-04,Delayed,Pending
SYSPO0002543,PO246327,SUP946305,WH376807,2025-10-21,2025-11-18,Delivered,Paid
SYSPO0002544,PO194789,SUP920652,WH532322,2026-06-12,2026-07-05,Delivered,Paid
SYSPO0002545,PO515229,SUP350867,WH329974,2026-03-27,2026-04-11,Delivered,Paid
SYSPO0002546,PO280426,SUP842411,WH555884,2025-09-27,2025-10-05,Delivered,Paid
SYSPO0002547,PO557754,SUP989545,WH526117,2026-07-10,2026-07-26,Delivered,Paid
SYSPO0002548,PO913284,SUP179046,WH422451,2025-11-10,2025-11-30,Delivered,Paid
SYSPO0002549,PO676537,SUP486945,WH820221,2025-08-25,2025-09-17,Delivered,Paid
SYSPO0002550,PO971730,SUP865990,WH112038,2026-04-11,2026-05-02,Delivered,Paid
SYSPO0002551,PO234744,SUP990844,WH832052,2026-02-07,2026-02-26,Delivered,Paid
SYSPO0002552,PO396951,SUP934794,WH100425,2026-07-10,2026-07-16,Delivered,Paid
SYSPO0002553,PO802416,SUP965845,WH532322,2025-12-27,2026-01-03,Delivered,Paid
SYSPO0002554,PO487063,SUP472060,WH690341,2026-03-08,2026-03-24,Delivered,Paid
SYSPO0002555,PO888198,SUP887625,WH770487,2026-08-02,2026-08-15,Processing,Pending
SYSPO0002556,PO244787,SUP877236,WH262316,2025-09-13,2025-09-20,Delivered,Paid
SYSPO0002557,PO456082,SUP757711,WH555884,2026-05-08,2026-05-13,Delivered,Paid
SYSPO0002558,PO505605,SUP989545,WH829716,2026-06-29,2026-07-15,Delivered,Paid
SYSPO0002559,PO271487,SUP728492,WH205907,2026-02-21,2026-03-09,Delivered,Paid
SYSPO0002560,PO186654,SUP813536,WH930555,2026-07-01,2026-07-22,Delivered,Paid
SYSPO0002561,PO942583,SUP934794,WH237174,2025-09-22,2025-09-28,Delivered,Paid
SYSPO0002562,PO819636,SUP300896,WH422451,2025-11-23,2025-12-01,Delivered,Paid
SYSPO0002563,PO542978,SUP681343,WH100425,2025-09-06,2025-09-21,Delivered,Paid
SYSPO0002564,PO732958,SUP624902,WH539589,2026-05-28,2026-06-10,Delivered,Paid
SYSPO0002565,PO985174,SUP437902,WH781453,2025-10-06,2025-10-23,Delivered,Paid
SYSPO0002566,PO896509,SUP965845,WH824586,2025-11-18,2025-11-25,Delivered,Paid
SYSPO0002567,PO841935,SUP260263,WH262316,2026-01-26,2026-02-02,Delivered,Paid
SYSPO0002568,PO577090,SUP307428,WH832052,2026-07-22,2026-08-02,Delivered,Paid
SYSPO0002569,PO613405,SUP904150,WH829716,2026-02-20,2026-03-18,Delivered,Paid
SYSPO0002570,PO364583,SUP459536,WH429164,2025-10-01,2025-10-15,Delivered,Paid
SYSPO0002571,PO669113,SUP881177,WH958179,2026-06-23,2026-07-07,Delivered,Paid
SYSPO0002572,PO440401,SUP300896,WH262316,2026-01-21,2026-01-29,Delivered,Paid
SYSPO0002573,PO138390,SUP285652,WH567574,2025-09-09,2025-10-10,Delivered,Paid
SYSPO0002574,PO862091,SUP449499,WH781453,2026-07-24,2026-07-29,Delivered,Paid
SYSPO0002575,PO580280,SUP350867,WH262316,2025-10-30,2025-11-14,Delivered,Paid
SYSPO0002576,PO868278,SUP245051,WH262316,2026-06-18,2026-07-09,Delivered,Paid
SYSPO0002577,PO738953,SUP757711,WH205907,2026-01-27,2026-02-01,Delivered,Paid
SYSPO0002578,PO767671,SUP725084,WH212235,2026-07-14,2026-07-31,Delivered,Paid
SYSPO0002579,PO369335,SUP989545,WH422451,2025-12-18,2026-01-03,Delivered,Paid
SYSPO0002580,PO300952,SUP597732,WH816751,2026-08-01,2026-08-27,Processing,Pending
SYSPO0002581,PO665347,SUP378361,WH910891,2025-08-15,2025-09-20,Delivered,Paid
SYSPO0002582,PO325663,SUP671858,WH212235,2026-01-13,2026-01-29,Delivered,Paid
SYSPO0002583,PO625927,SUP904150,WH379766,2025-08-25,2025-09-20,Delivered,Paid
SYSPO0002584,PO385925,SUP692683,WH801474,2026-01-05,2026-01-30,Cancelled,Cancelled
SYSPO0002585,PO534451,SUP285652,WH658582,2026-02-15,2026-03-18,Delivered,Paid
SYSPO0002586,PO765695,SUP513160,WH429164,2025-12-28,2026-01-21,Delivered,Paid
SYSPO0002587,PO331795,SUP356150,WH567574,2025-11-04,2025-11-22,Delivered,Paid
SYSPO0002588,PO583020,SUP121753,WH997546,2026-01-01,2026-01-12,Delivered,Paid
SYSPO0002589,PO684745,SUP576086,WH656116,2025-09-05,2025-09-11,Delivered,Paid
SYSPO0002590,PO259151,SUP349565,WH567574,2025-12-28,2026-01-23,Delivered,Paid
SYSPO0002591,PO278271,SUP486945,WH482364,2025-10-31,2025-11-23,Cancelled,Cancelled
SYSPO0002592,PO993692,SUP839677,WH656116,2025-08-15,2025-09-01,Delivered,Paid
SYSPO0002593,PO317633,SUP881177,WH324082,2025-12-06,2025-12-20,Delayed,Pending
SYSPO0002594,PO405998,SUP944962,WH373903,2026-08-01,2026-08-15,In Transit,Pending
SYSPO0002595,PO263473,SUP260263,WH816751,2025-09-12,2025-09-19,Delivered,Paid
SYSPO0002596,PO902097,SUP801364,WH526117,2026-06-26,2026-07-18,Delivered,Paid
SYSPO0002597,PO493514,SUP597732,WH373903,2026-05-09,2026-06-04,Delivered,Paid
SYSPO0002598,PO514973,SUP133659,WH958179,2026-04-14,2026-05-02,Delivered,Paid
SYSPO0002599,PO266846,SUP260422,WH922157,2025-12-13,2025-12-22,Delivered,Paid
SYSPO0002600,PO728357,SUP681343,WH460663,2026-06-08,2026-06-23,Delivered,Paid
SYSPO0002601,PO820208,SUP350867,WH654634,2025-09-30,2025-10-15,Delivered,Paid
SYSPO0002602,PO511223,SUP344098,WH262316,2025-09-27,2025-10-13,Delivered,Paid
SYSPO0002603,PO966268,SUP133659,WH233470,2025-08-19,2025-09-06,Delivered,Paid
SYSPO0002604,PO103499,SUP690341,WH824586,2025-11-24,2025-11-29,Delivered,Paid
SYSPO0002605,PO203099,SUP972335,WH690341,2026-07-27,2026-09-03,In Transit,Pending
SYSPO0002606,PO538587,SUP934794,WH654634,2026-06-23,2026-06-29,Cancelled,Cancelled
SYSPO0002607,PO335082,SUP614663,WH519066,2026-02-04,2026-02-21,Delivered,Paid
SYSPO0002608,PO698301,SUP920652,WH274389,2026-05-02,2026-05-25,Delayed,Pending
SYSPO0002609,PO362081,SUP880879,WH460663,2026-06-23,2026-07-31,Delivered,Paid
SYSPO0002610,PO488283,SUP765095,WH174441,2025-09-27,2025-11-01,Delivered,Paid
SYSPO0002611,PO678874,SUP472060,WH785197,2026-05-26,2026-06-11,Delivered,Paid
SYSPO0002612,PO350940,SUP572700,WH460663,2026-05-06,2026-05-17,Delivered,Paid
SYSPO0002613,PO239093,SUP865990,WH686075,2026-02-03,2026-02-24,Cancelled,Cancelled
SYSPO0002614,PO705659,SUP356150,WH532322,2026-01-26,2026-02-13,Delivered,Paid
SYSPO0002615,PO353633,SUP972064,WH373903,2026-03-31,2026-04-18,Delayed,Pending
SYSPO0002616,PO216556,SUP757711,WH922157,2025-08-07,2025-08-12,Delivered,Paid
SYSPO0002617,PO857120,SUP519093,WH519066,2026-07-22,2026-08-07,Cancelled,Cancelled
SYSPO0002618,PO809752,SUP733039,WH422451,2025-09-04,2025-09-20,Delivered,Paid
SYSPO0002619,PO173783,SUP330914,WH274389,2025-08-12,2025-08-31,Delayed,Pending
SYSPO0002620,PO663443,SUP813536,WH356150,2025-11-12,2025-12-03,Delivered,Pending
SYSPO0002621,PO849484,SUP642717,WH373903,2025-10-27,2025-11-10,Delivered,Paid
SYSPO0002622,PO951089,SUP880879,WH515011,2026-06-25,2026-08-02,Delivered,Paid
SYSPO0002623,PO518832,SUP802729,WH212235,2025-10-02,2025-10-13,Delayed,Pending
SYSPO0002624,PO561421,SUP307428,WH832052,2026-03-06,2026-03-17,Delivered,Paid
SYSPO0002625,PO894758,SUP335113,WH532322,2026-08-05,2026-08-16,In Transit,Pending
SYSPO0002626,PO788428,SUP904150,WH910891,2026-05-14,2026-06-09,Delivered,Paid
SYSPO0002627,PO377356,SUP608257,WH376807,2026-03-29,2026-04-14,Delivered,Paid
SYSPO0002628,PO843527,SUP624902,WH829716,2026-02-25,2026-03-10,Delivered,Paid
SYSPO0002629,PO822672,SUP920652,WH532322,2026-01-16,2026-02-08,Delivered,Paid
SYSPO0002630,PO388671,SUP459536,WH112038,2025-09-17,2025-10-01,Delivered,Paid
SYSPO0002631,PO127200,SUP891937,WH376807,2026-06-02,2026-06-30,Delivered,Paid
SYSPO0002632,PO421559,SUP639593,WH824586,2025-11-24,2025-12-01,Delivered,Paid
SYSPO0002633,PO805983,SUP256294,WH636265,2025-11-05,2025-11-18,Delivered,Paid
SYSPO0002634,PO736956,SUP690341,WH329974,2025-11-29,2025-12-04,Delivered,Paid
SYSPO0002635,PO992253,SUP757711,WH100425,2025-09-21,2025-09-26,Delivered,Paid
SYSPO0002636,PO481851,SUP934794,WH237174,2025-08-23,2025-08-29,Delivered,Pending
SYSPO0002637,PO775127,SUP333238,WH526117,2025-11-05,2025-11-24,Delivered,Paid
SYSPO0002638,PO496339,SUP618392,WH690341,2026-01-15,2026-01-28,Delivered,Paid
SYSPO0002639,PO607509,SUP595631,WH567574,2026-04-10,2026-05-05,Delivered,Paid
SYSPO0002640,PO424333,SUP662275,WH324082,2026-06-09,2026-06-21,Delivered,Paid
SYSPO0002641,PO927614,SUP829308,WH930555,2026-04-03,2026-04-11,Delivered,Paid
SYSPO0002642,PO769658,SUP955662,WH958179,2026-01-29,2026-02-17,Delivered,Paid
SYSPO0002643,PO649577,SUP211764,WH930555,2025-08-29,2025-09-15,Delivered,Paid
SYSPO0002644,PO756830,SUP523389,WH324082,2025-09-17,2025-10-03,Delayed,Pending
SYSPO0002645,PO384660,SUP904150,WH636265,2026-06-25,2026-07-21,Delayed,Pending
SYSPO0002646,PO694230,SUP437902,WH785197,2026-07-22,2026-08-08,In Transit,Pending
SYSPO0002647,PO291558,SUP260422,WH829716,2026-02-15,2026-02-24,Delivered,Paid
SYSPO0002648,PO738727,SUP523389,WH656116,2026-03-24,2026-04-09,Delivered,Paid
SYSPO0002649,PO971044,SUP256294,WH781453,2026-03-01,2026-03-14,Delayed,Pending
SYSPO0002650,PO417467,SUP449499,WH233470,2025-08-11,2025-08-16,Delivered,Paid
SYSPO0002651,PO600466,SUP179046,WH654634,2026-04-07,2026-04-27,Delivered,Paid
SYSPO0002652,PO928391,SUP613425,WH356150,2026-02-21,2026-03-04,Delivered,Paid
SYSPO0002653,PO306984,SUP618392,WH356150,2026-03-16,2026-03-29,Delivered,Paid
SYSPO0002654,PO696985,SUP680099,WH377746,2025-11-06,2025-11-23,Delivered,Paid
SYSPO0002655,PO564143,SUP765095,WH174441,2026-05-11,2026-06-15,Delivered,Paid
SYSPO0002656,PO100519,SUP976325,WH329974,2025-09-29,2025-10-12,Delivered,Paid
SYSPO0002657,PO285107,SUP330914,WH824586,2025-11-26,2025-12-15,Delivered,Pending
SYSPO0002658,PO414192,SUP335113,WH112038,2026-01-18,2026-01-29,Delivered,Paid
SYSPO0002659,PO688528,SUP179046,WH373903,2025-08-05,2025-08-25,Delivered,Pending
SYSPO0002660,PO291029,SUP519093,WH816751,2026-03-31,2026-04-16,Delivered,Paid
SYSPO0002661,PO619871,SUP121753,WH824586,2025-12-20,2025-12-31,Delivered,Paid
SYSPO0002662,PO199161,SUP736059,WH636265,2025-11-06,2025-11-20,Delivered,Paid
SYSPO0002663,PO302999,SUP899213,WH329974,2026-03-14,2026-04-01,Delivered,Paid
SYSPO0002664,PO435560,SUP681343,WH379766,2026-01-13,2026-01-28,Delivered,Paid
SYSPO0002665,PO320507,SUP877236,WH686075,2025-10-16,2025-10-23,Delivered,Paid
SYSPO0002666,PO280121,SUP526117,WH373903,2026-04-20,2026-05-06,Delivered,Pending
SYSPO0002667,PO596789,SUP302511,WH555884,2026-04-21,2026-05-09,Delivered,Paid
SYSPO0002668,PO339834,SUP890170,WH526117,2025-09-07,2025-09-14,Delivered,Paid
SYSPO0002669,PO252029,SUP133659,WH233470,2026-02-24,2026-03-14,Delivered,Paid
SYSPO0002670,PO571552,SUP770487,WH642717,2025-12-23,2026-01-06,Delivered,Paid
SYSPO0002671,PO899248,SUP302511,WH781453,2025-08-31,2025-09-18,Delivered,Paid
SYSPO0002672,PO246727,SUP153872,WH781453,2026-02-25,2026-03-04,Cancelled,Cancelled
SYSPO0002673,PO838552,SUP618392,WH422451,2026-03-04,2026-03-17,Delivered,Paid
SYSPO0002674,PO491617,SUP572387,WH329974,2026-02-18,2026-03-06,Delivered,Paid
SYSPO0002675,PO687173,SUP273982,WH532322,2026-06-06,2026-06-22,Delivered,Paid
SYSPO0002676,PO998004,SUP300896,WH555884,2026-02-18,2026-02-26,Delivered,Paid
SYSPO0002677,PO602983,SUP736059,WH356150,2026-03-08,2026-03-22,Delivered,Paid
SYSPO0002678,PO919176,SUP804318,WH380746,2025-08-12,2025-09-02,Delivered,Paid
SYSPO0002679,PO393750,SUP802729,WH555884,2026-01-03,2026-01-14,Delivered,Paid
SYSPO0002680,PO459338,SUP356150,WH801474,2026-07-10,2026-07-28,Delivered,Paid
SYSPO0002681,PO594761,SUP513160,WH356150,2026-02-03,2026-02-27,Delivered,Pending
SYSPO0002682,PO868028,SUP384076,WH555884,2025-08-21,2025-09-05,Delivered,Paid
SYSPO0002683,PO701975,SUP486945,WH539589,2026-04-08,2026-05-01,Delivered,Paid
SYSPO0002684,PO673136,SUP378361,WH376807,2026-01-02,2026-02-07,Delivered,Paid
SYSPO0002685,PO247290,SUP802729,WH958179,2025-12-27,2026-01-07,Delivered,Paid
SYSPO0002686,PO994889,SUP384076,WH824586,2025-11-11,2025-11-26,Delayed,Pending
SYSPO0002687,PO325247,SUP944962,WH820221,2026-05-22,2026-06-05,Delivered,Paid
SYSPO0002688,PO308651,SUP372793,WH770487,2025-08-11,2025-08-25,Delayed,Pending
SYSPO0002689,PO732938,SUP333238,WH526833,2025-12-21,2026-01-09,Delayed,Pending
SYSPO0002690,PO773437,SUP696750,WH958179,2026-06-07,2026-06-14,Delivered,Paid
SYSPO0002691,PO972073,SUP121753,WH237174,2025-08-31,2025-09-11,Delayed,Pending
SYSPO0002692,PO116988,SUP671858,WH567574,2025-12-16,2026-01-01,Delayed,Pending
SYSPO0002693,PO937055,SUP350867,WH262316,2025-11-06,2025-11-21,Delivered,Paid
SYSPO0002694,PO765189,SUP871711,WH770487,2026-05-16,2026-05-26,Delivered,Pending
SYSPO0002695,PO918506,SUP265080,WH832052,2026-04-17,2026-05-03,Delivered,Paid
SYSPO0002696,PO191991,SUP680099,WH205907,2026-04-05,2026-04-22,Delivered,Paid
SYSPO0002697,PO904378,SUP437902,WH997546,2025-09-14,2025-10-01,Delivered,Paid
SYSPO0002698,PO874831,SUP302511,WH376807,2026-05-31,2026-06-18,Delivered,Paid
SYSPO0002699,PO456316,SUP904150,WH526833,2026-03-18,2026-04-13,Delivered,Paid
SYSPO0002700,PO553401,SUP427110,WH532322,2026-05-17,2026-06-04,Delivered,Paid
SYSPO0002701,PO508889,SUP335615,WH519066,2026-05-25,2026-05-31,Delivered,Paid
SYSPO0002702,PO997135,SUP486945,WH930555,2025-12-12,2026-01-04,Delivered,Paid
SYSPO0002703,PO785362,SUP804318,WH377746,2025-09-25,2025-10-16,Delivered,Paid
SYSPO0002704,PO849631,SUP642717,WH205907,2025-08-22,2025-09-05,Delivered,Paid
SYSPO0002705,PO290407,SUP877236,WH274389,2025-12-19,2025-12-26,Delivered,Paid
SYSPO0002706,PO917326,SUP598216,WH205907,2026-03-05,2026-03-17,Delivered,Paid
SYSPO0002707,PO430654,SUP372793,WH237174,2025-12-14,2025-12-28,Delivered,Paid
SYSPO0002708,PO384245,SUP330914,WH515011,2026-06-16,2026-07-05,Delayed,Pending
SYSPO0002709,PO472605,SUP618392,WH770487,2026-04-11,2026-04-24,Delivered,Paid
SYSPO0002710,PO974677,SUP804318,WH329974,2025-10-11,2025-11-01,Delivered,Paid
SYSPO0002711,PO318716,SUP519904,WH174441,2026-06-23,2026-07-07,Delivered,Paid
SYSPO0002712,PO908435,SUP572387,WH205907,2026-06-03,2026-06-19,Delivered,Pending
SYSPO0002713,PO631316,SUP300896,WH205907,2026-04-27,2026-05-05,Delivered,Paid
SYSPO0002714,PO876619,SUP519093,WH690341,2026-02-01,2026-02-17,Delivered,Paid
SYSPO0002715,PO195201,SUP385470,WH262316,2026-05-02,2026-05-22,Delivered,Paid
SYSPO0002716,PO579150,SUP335113,WH997546,2026-02-06,2026-02-17,Delivered,Paid
SYSPO0002717,PO999146,SUP322955,WH526117,2026-04-07,2026-04-20,Delivered,Paid
SYSPO0002718,PO555238,SUP285652,WH191161,2025-10-14,2025-11-14,Delivered,Paid
SYSPO0002719,PO949524,SUP770487,WH379766,2026-06-16,2026-06-30,Cancelled,Cancelled
SYSPO0002720,PO388060,SUP265080,WH519066,2025-09-26,2025-10-12,Delivered,Paid
SYSPO0002721,PO109724,SUP598216,WH233470,2025-08-29,2025-09-10,Delivered,Paid
SYSPO0002722,PO140884,SUP427110,WH262316,2026-05-10,2026-05-28,Delivered,Paid
SYSPO0002723,PO407321,SUP613425,WH460663,2026-06-02,2026-06-13,Delivered,Paid
SYSPO0002724,PO283120,SUP322955,WH829716,2026-01-29,2026-02-11,Delayed,Pending
SYSPO0002725,PO949681,SUP240814,WH519066,2025-08-19,2025-08-25,Delivered,Paid
SYSPO0002726,PO131436,SUP770487,WH174441,2025-11-26,2025-12-10,Delivered,Paid
SYSPO0002727,PO982298,SUP696750,WH262316,2025-10-22,2025-10-29,Cancelled,Cancelled
SYSPO0002728,PO127084,SUP608257,WH526117,2025-08-22,2025-09-07,Delivered,Paid
SYSPO0002729,PO251352,SUP692683,WH662336,2026-06-08,2026-07-03,Delivered,Paid
SYSPO0002730,PO650716,SUP356150,WH519066,2025-10-21,2025-11-08,Cancelled,Cancelled
SYSPO0002731,PO333517,SUP725084,WH526117,2026-07-15,2026-08-01,Delivered,Pending
SYSPO0002732,PO586993,SUP728492,WH820221,2025-08-21,2025-09-06,Delivered,Paid
SYSPO0002733,PO732575,SUP680099,WH662336,2025-12-05,2025-12-22,Delivered,Paid
SYSPO0002734,PO234425,SUP965845,WH329974,2026-08-02,2026-08-09,In Transit,Pending
SYSPO0002735,PO743416,SUP692683,WH526117,2025-12-03,2025-12-28,Delivered,Paid
SYSPO0002736,PO305821,SUP245051,WH376807,2026-02-21,2026-03-14,Delivered,Paid
SYSPO0002737,PO336508,SUP639593,WH824586,2026-01-06,2026-01-13,Delivered,Paid
SYSPO0002738,PO744889,SUP989545,WH686075,2026-06-17,2026-07-03,Delivered,Paid
SYSPO0002739,PO415734,SUP333238,WH770487,2026-03-03,2026-03-22,Delivered,Paid
SYSPO0002740,PO642013,SUP133659,WH832052,2026-02-04,2026-02-22,Delayed,Pending
SYSPO0002741,PO238104,SUP349565,WH770487,2025-11-11,2025-12-07,Delivered,Paid
SYSPO0002742,PO992074,SUP589710,WH460663,2025-08-19,2025-09-07,Delivered,Paid
SYSPO0002743,PO932773,SUP349565,WH658582,2026-05-24,2026-06-19,Cancelled,Cancelled
SYSPO0002744,PO765458,SUP671858,WH658582,2026-04-13,2026-04-29,Delivered,Paid
SYSPO0002745,PO112281,SUP681343,WH191161,2025-10-18,2025-11-02,Delivered,Paid
SYSPO0002746,PO956675,SUP153872,WH237174,2025-11-24,2025-12-01,Delivered,Paid
SYSPO0002747,PO672396,SUP259784,WH100425,2025-12-21,2025-12-28,Delivered,Paid
SYSPO0002748,PO453737,SUP153872,WH532322,2026-07-05,2026-07-12,Delayed,Pending
SYSPO0002749,PO457546,SUP472060,WH567574,2026-06-04,2026-06-20,Delivered,Paid
SYSPO0002750,PO997805,SUP256294,WH599948,2025-08-23,2025-09-05,Delivered,Paid
SYSPO0002751,PO547232,SUP728492,WH376807,2026-07-07,2026-07-23,Delayed,Pending
SYSPO0002752,PO338157,SUP391668,WH412942,2026-04-16,2026-04-29,Delivered,Paid
SYSPO0002753,PO232434,SUP925981,WH324082,2025-12-11,2025-12-29,Delivered,Pending
SYSPO0002754,PO186997,SUP335113,WH922157,2025-11-19,2025-11-30,Delivered,Pending
SYSPO0002755,PO304344,SUP179046,WH539589,2025-09-22,2025-10-12,Delivered,Paid
SYSPO0002756,PO869038,SUP153872,WH690341,2026-06-11,2026-06-18,Delivered,Paid
SYSPO0002757,PO656334,SUP899213,WH373903,2025-12-25,2026-01-12,Delivered,Paid
SYSPO0002758,PO656657,SUP216970,WH377746,2026-01-21,2026-02-09,Delivered,Paid
SYSPO0002759,PO765124,SUP990844,WH356150,2026-07-16,2026-08-04,Delivered,Paid
SYSPO0002760,PO739280,SUP322955,WH376807,2026-01-07,2026-01-20,Delivered,Pending
SYSPO0002761,PO520345,SUP829308,WH662336,2026-05-20,2026-05-28,Delivered,Paid
SYSPO0002762,PO599694,SUP221263,WH422451,2026-01-22,2026-02-15,Delivered,Paid
SYSPO0002763,PO178507,SUP668532,WH515011,2026-07-18,2026-07-31,Delivered,Paid
SYSPO0002764,PO869089,SUP690341,WH205907,2026-01-02,2026-01-07,Delivered,Paid
SYSPO0002765,PO962392,SUP486945,WH376807,2025-12-14,2026-01-06,Delivered,Pending
SYSPO0002766,PO354240,SUP576086,WH820221,2025-10-16,2025-10-22,Delivered,Paid
SYSPO0002767,PO302764,SUP121753,WH922157,2026-02-13,2026-02-24,Delivered,Pending
SYSPO0002768,PO389635,SUP813536,WH654634,2026-04-30,2026-05-21,Delivered,Paid
SYSPO0002769,PO804975,SUP842411,WH205907,2026-02-14,2026-02-22,Delivered,Paid
SYSPO0002770,PO443376,SUP333238,WH237174,2025-12-25,2026-01-13,Delivered,Paid
SYSPO0002771,PO909142,SUP300896,WH233470,2026-07-29,2026-08-06,In Transit,Pending
SYSPO0002772,PO962181,SUP449499,WH539589,2026-06-10,2026-06-15,Delivered,Paid
SYSPO0002773,PO890888,SUP944962,WH930555,2026-02-22,2026-03-08,Delivered,Paid
SYSPO0002774,PO978683,SUP802729,WH233470,2025-11-16,2025-11-27,Delivered,Paid
SYSPO0002775,PO844238,SUP624902,WH479201,2026-06-12,2026-06-25,Delivered,Paid
SYSPO0002776,PO648236,SUP391668,WH274389,2025-09-06,2025-09-19,Delivered,Pending
SYSPO0002777,PO480160,SUP526117,WH642717,2026-05-14,2026-05-30,Delivered,Paid
SYSPO0002778,PO553485,SUP330914,WH205907,2026-01-16,2026-02-04,Delivered,Paid
SYSPO0002779,PO983241,SUP614663,WH658582,2025-09-04,2025-09-21,Delivered,Paid
SYSPO0002780,PO444802,SUP302511,WH958179,2026-01-19,2026-02-06,Delivered,Paid
SYSPO0002781,PO113554,SUP925981,WH376807,2026-03-26,2026-04-13,Delivered,Paid
SYSPO0002782,PO332142,SUP449499,WH233470,2026-06-20,2026-06-25,Delivered,Paid
SYSPO0002783,PO842946,SUP197251,WH816751,2025-10-14,2025-10-21,Delivered,Paid
SYSPO0002784,PO644176,SUP613425,WH539589,2026-03-04,2026-03-15,Delivered,Paid
SYSPO0002785,PO773896,SUP829308,WH922157,2025-11-27,2025-12-05,Delivered,Paid
SYSPO0002786,PO478222,SUP887625,WH771088,2025-12-07,2025-12-20,Delivered,Paid
SYSPO0002787,PO512871,SUP934794,WH412942,2025-09-13,2025-09-19,Delivered,Paid
SYSPO0002788,PO701195,SUP736059,WH555884,2025-09-05,2025-09-19,Delivered,Paid
SYSPO0002789,PO880545,SUP934794,WH910891,2025-12-10,2025-12-16,Cancelled,Cancelled
SYSPO0002790,PO694469,SUP179046,WH816751,2026-04-18,2026-05-08,Delivered,Paid
SYSPO0002791,PO532164,SUP384076,WH526833,2025-11-27,2025-12-12,Delivered,Paid
SYSPO0002792,PO958121,SUP920652,WH519066,2025-12-02,2025-12-25,Delivered,Paid
SYSPO0002793,PO921779,SUP608257,WH329974,2026-01-25,2026-02-10,Delivered,Paid
SYSPO0002794,PO905947,SUP613425,WH324082,2026-03-27,2026-04-07,Delivered,Paid
SYSPO0002795,PO437516,SUP121753,WH356150,2026-05-10,2026-05-21,Delivered,Paid
SYSPO0002796,PO624116,SUP184491,WH599948,2026-01-17,2026-02-18,Delivered,Paid
SYSPO0002797,PO976856,SUP955662,WH656116,2025-10-08,2025-10-27,Delivered,Paid
SYSPO0002798,PO194825,SUP946305,WH820221,2026-04-29,2026-05-27,Delivered,Paid
SYSPO0002799,PO501286,SUP497382,WH212235,2026-01-24,2026-02-11,Delivered,Paid
SYSPO0002800,PO945044,SUP576086,WH930555,2025-12-19,2025-12-25,Delivered,Pending
SYSPO0002801,PO438438,SUP705397,WH662336,2026-01-25,2026-02-22,Delivered,Paid
SYSPO0002802,PO834242,SUP804318,WH482364,2025-08-21,2025-09-11,Delivered,Paid
SYSPO0002803,PO829427,SUP946305,WH479201,2026-05-14,2026-06-11,Delivered,Paid
SYSPO0002804,PO795405,SUP597732,WH740967,2026-07-08,2026-08-03,Delivered,Paid
SYSPO0002805,PO470985,SUP608257,WH233470,2026-07-25,2026-08-10,In Transit,Pending
SYSPO0002806,PO986056,SUP321275,WH274389,2025-12-19,2025-12-26,Delivered,Paid
SYSPO0002807,PO335745,SUP156213,WH816751,2026-03-31,2026-04-13,Delivered,Paid
SYSPO0002808,PO387087,SUP768854,WH785197,2026-01-20,2026-02-06,Delivered,Pending
SYSPO0002809,PO357269,SUP211764,WH515011,2025-11-19,2025-12-06,Delivered,Paid
SYSPO0002810,PO411210,SUP664607,WH910891,2026-04-10,2026-05-13,Delayed,Pending
SYSPO0002811,PO606748,SUP877236,WH262316,2026-06-08,2026-06-15,Delivered,Paid
SYSPO0002812,PO532352,SUP300337,WH112038,2025-08-27,2025-09-09,Delivered,Paid
SYSPO0002813,PO505907,SUP725084,WH599948,2025-09-03,2025-09-20,Delivered,Paid
SYSPO0002814,PO940669,SUP322955,WH582662,2026-04-22,2026-05-05,Delivered,Paid
SYSPO0002815,PO346106,SUP356150,WH205907,2026-04-09,2026-04-27,Delivered,Paid
SYSPO0002816,PO437287,SUP891937,WH429164,2026-01-09,2026-02-06,Delivered,Paid
SYSPO0002817,PO922312,SUP880879,WH479201,2025-12-24,2026-01-31,Delivered,Paid
SYSPO0002818,PO338891,SUP690341,WH482364,2026-02-20,2026-02-25,Delivered,Paid
SYSPO0002819,PO334843,SUP920652,WH262316,2026-06-12,2026-07-05,Delivered,Paid
SYSPO0002820,PO559140,SUP725084,WH422451,2026-05-23,2026-06-09,Delivered,Pending
SYSPO0002821,PO123189,SUP733039,WH329974,2026-04-25,2026-05-11,Delivered,Paid
SYSPO0002822,PO599779,SUP459536,WH322086,2025-10-06,2025-10-20,Delivered,Paid
SYSPO0002823,PO853788,SUP842411,WH997546,2025-08-17,2025-08-25,Delivered,Paid
SYSPO0002824,PO848276,SUP385470,WH555884,2025-09-29,2025-10-19,Delivered,Paid
SYSPO0002825,PO515494,SUP690341,WH324082,2026-06-30,2026-07-05,Delivered,Paid
SYSPO0002826,PO419460,SUP420214,WH429164,2026-03-28,2026-04-10,Delivered,Paid
SYSPO0002827,PO526919,SUP804318,WH690341,2026-04-25,2026-05-16,Delivered,Paid
SYSPO0002828,PO107104,SUP472060,WH740967,2026-06-04,2026-06-20,Delivered,Paid
SYSPO0002829,PO174462,SUP322955,WH237174,2026-01-22,2026-02-04,Delivered,Paid
SYSPO0002830,PO304072,SUP890170,WH824586,2025-08-18,2025-08-25,Delayed,Pending
SYSPO0002831,PO288052,SUP965845,WH654634,2025-09-23,2025-09-30,Delivered,Paid
SYSPO0002832,PO447907,SUP639593,WH801474,2025-08-31,2025-09-07,Delivered,Paid
SYSPO0002833,PO818644,SUP526117,WH771088,2025-11-04,2025-11-20,Delivered,Paid
SYSPO0002834,PO988422,SUP519093,WH662336,2026-06-03,2026-06-19,Delivered,Paid
SYSPO0002835,PO551266,SUP681343,WH808011,2026-04-12,2026-04-27,Delivered,Paid
SYSPO0002836,PO337649,SUP768854,WH515011,2025-12-25,2026-01-11,Delayed,Pending
SYSPO0002837,PO456222,SUP904150,WH642717,2025-12-23,2026-01-18,Delivered,Paid
SYSPO0002838,PO735604,SUP899213,WH656116,2025-12-31,2026-01-18,Delayed,Pending
SYSPO0002839,PO491272,SUP899213,WH770487,2026-03-13,2026-03-31,Delivered,Paid
SYSPO0002840,PO104887,SUP285652,WH567574,2025-08-17,2025-09-17,Cancelled,Cancelled
SYSPO0002841,PO695673,SUP378361,WH212235,2026-03-27,2026-05-02,Delivered,Paid
SYSPO0002842,PO751031,SUP692683,WH526833,2025-10-03,2025-10-28,Delivered,Paid
SYSPO0002843,PO816367,SUP755788,WH329974,2026-04-25,2026-05-20,Delivered,Paid
SYSPO0002844,PO840680,SUP639593,WH100425,2026-01-26,2026-02-02,Delivered,Paid
SYSPO0002845,PO752300,SUP523389,WH112038,2025-12-27,2026-01-12,Delayed,Pending
SYSPO0002846,PO932199,SUP671858,WH829716,2025-12-27,2026-01-12,Delivered,Paid
SYSPO0002847,PO466009,SUP972064,WH654634,2026-01-24,2026-02-11,Delivered,Paid
SYSPO0002848,PO621824,SUP804318,WH237174,2026-05-28,2026-06-18,Delivered,Paid
SYSPO0002849,PO576752,SUP614663,WH373903,2025-09-03,2025-09-20,Delivered,Paid
SYSPO0002850,PO222034,SUP664607,WH212235,2026-03-15,2026-04-17,Delivered,Paid
SYSPO0002851,PO957300,SUP156213,WH519066,2025-09-27,2025-10-10,Delivered,Paid
SYSPO0002852,PO603760,SUP221263,WH412942,2026-02-26,2026-03-22,Delivered,Paid
SYSPO0002853,PO652953,SUP519093,WH690341,2025-12-25,2026-01-10,Delivered,Paid
SYSPO0002854,PO242056,SUP184491,WH662336,2026-01-06,2026-02-07,Delivered,Paid
SYSPO0002855,PO523874,SUP865990,WH324082,2025-12-05,2025-12-26,Delivered,Paid
SYSPO0002856,PO437132,SUP513160,WH412942,2026-04-14,2026-05-08,Delivered,Pending
SYSPO0002857,PO908180,SUP946305,WH662336,2025-11-21,2025-12-19,Delivered,Paid
SYSPO0002858,PO143654,SUP934794,WH532322,2025-11-09,2025-11-15,Delayed,Pending
SYSPO0002859,PO716006,SUP692683,WH100425,2025-09-18,2025-10-13,Delivered,Paid
SYSPO0002860,PO149500,SUP446954,WH829716,2025-08-15,2025-08-25,Delivered,Paid
SYSPO0002861,PO963760,SUP887625,WH771088,2026-05-17,2026-05-30,Delivered,Paid
SYSPO0002862,PO286950,SUP608257,WH322086,2025-10-16,2025-11-01,Delivered,Paid
SYSPO0002863,PO579444,SUP725084,WH274389,2026-02-14,2026-03-03,Delivered,Paid
SYSPO0002864,PO313498,SUP904150,WH191161,2026-02-22,2026-03-20,Delivered,Paid
SYSPO0002865,PO500019,SUP904150,WH690341,2026-01-02,2026-01-28,Delayed,Pending
SYSPO0002866,PO404550,SUP519093,WH356150,2026-07-25,2026-08-10,Processing,Pending
SYSPO0002867,PO971685,SUP519904,WH379766,2026-03-11,2026-03-25,Delayed,Pending
SYSPO0002868,PO966723,SUP989545,WH356150,2025-09-19,2025-10-05,Delivered,Paid
SYSPO0002869,PO248551,SUP121753,WH237174,2025-11-14,2025-11-25,Delivered,Paid
SYSPO0002870,PO813446,SUP302511,WH519066,2026-06-01,2026-06-19,Delivered,Paid
SYSPO0002871,PO785072,SUP692683,WH642717,2025-11-14,2025-12-09,Cancelled,Cancelled
SYSPO0002872,PO963559,SUP260263,WH100425,2026-05-05,2026-05-12,Delivered,Paid
SYSPO0002873,PO917076,SUP736059,WH567574,2026-01-25,2026-02-08,Cancelled,Cancelled
SYSPO0002874,PO826163,SUP356150,WH808011,2025-10-27,2025-11-14,Delivered,Paid
SYSPO0002875,PO822992,SUP598216,WH526117,2026-03-30,2026-04-11,Delivered,Paid
SYSPO0002876,PO929622,SUP944962,WH820221,2025-11-23,2025-12-07,Delivered,Paid
SYSPO0002877,PO876043,SUP597732,WH958179,2026-05-01,2026-05-27,Delayed,Pending
SYSPO0002878,PO828780,SUP972064,WH582662,2026-07-26,2026-08-13,In Transit,Pending
SYSPO0002879,PO997065,SUP576086,WH740967,2026-02-11,2026-02-17,Delivered,Paid
SYSPO0002880,PO311944,SUP260263,WH429164,2025-10-21,2025-10-28,Delivered,Paid
SYSPO0002881,PO137429,SUP321275,WH526833,2025-09-21,2025-09-28,Delivered,Paid
SYSPO0002882,PO506914,SUP990844,WH262316,2025-09-26,2025-10-15,Delivered,Paid
SYSPO0002883,PO557125,SUP523389,WH373903,2026-07-02,2026-07-18,Delivered,Paid
SYSPO0002884,PO143046,SUP589710,WH997546,2025-09-02,2025-09-21,Delayed,Pending
SYSPO0002885,PO298148,SUP736059,WH642717,2026-01-27,2026-02-10,Delivered,Paid
SYSPO0002886,PO260128,SUP385470,WH770487,2025-10-11,2025-10-31,Delivered,Paid
SYSPO0002887,PO584479,SUP804318,WH781453,2026-07-20,2026-08-10,Processing,Pending
SYSPO0002888,PO498494,SUP692683,WH356150,2026-05-09,2026-06-03,Delayed,Pending
SYSPO0002889,PO336176,SUP765095,WH930555,2026-01-24,2026-02-28,Delivered,Paid
SYSPO0002890,PO126539,SUP972335,WH816751,2025-09-08,2025-10-16,Delivered,Paid
SYSPO0002891,PO683902,SUP736059,WH482364,2026-06-15,2026-06-29,Delivered,Paid
SYSPO0002892,PO818025,SUP813536,WH205907,2026-04-26,2026-05-17,Delivered,Paid
SYSPO0002893,PO278169,SUP133659,WH930555,2026-06-29,2026-07-17,Delayed,Pending
SYSPO0002894,PO250456,SUP497382,WH820221,2025-12-07,2025-12-25,Cancelled,Cancelled
SYSPO0002895,PO103587,SUP429164,WH656116,2026-04-21,2026-05-08,Delivered,Paid
SYSPO0002896,PO335424,SUP344098,WH636265,2025-12-17,2026-01-02,Delivered,Paid
SYSPO0002897,PO964024,SUP733039,WH112038,2026-05-07,2026-05-23,Delayed,Pending
SYSPO0002898,PO396189,SUP624902,WH656116,2025-08-30,2025-09-12,Delivered,Paid
SYSPO0002899,PO816052,SUP197251,WH412942,2026-03-06,2026-03-13,Delivered,Pending
SYSPO0002900,PO577085,SUP372793,WH770487,2026-03-03,2026-03-17,Delayed,Pending
SYSPO0002901,PO662513,SUP300896,WH519066,2025-11-25,2025-12-03,Delivered,Paid
SYSPO0002902,PO507321,SUP372793,WH567574,2026-07-17,2026-07-31,Delivered,Paid
SYSPO0002903,PO944576,SUP391668,WH662336,2025-11-29,2025-12-12,Delivered,Paid
SYSPO0002904,PO667802,SUP681343,WH555884,2026-07-01,2026-07-16,Delayed,Pending
SYSPO0002905,PO756932,SUP153872,WH770487,2025-10-05,2025-10-12,Delivered,Paid
SYSPO0002906,PO582954,SUP736059,WH324082,2026-05-08,2026-05-22,Delivered,Paid
SYSPO0002907,PO454210,SUP302511,WH958179,2026-05-07,2026-05-25,Delivered,Paid
SYSPO0002908,PO357957,SUP804318,WH233470,2026-07-31,2026-08-21,In Transit,Pending
SYSPO0002909,PO864733,SUP680099,WH112038,2026-05-03,2026-05-20,Delayed,Pending
SYSPO0002910,PO901087,SUP650121,WH922157,2026-04-09,2026-04-15,Delivered,Paid
SYSPO0002911,PO593074,SUP839677,WH658582,2025-10-11,2025-10-28,Delivered,Paid
SYSPO0002912,PO912203,SUP307428,WH519066,2026-06-09,2026-06-20,Delivered,Paid
SYSPO0002913,PO264332,SUP221263,WH686075,2025-12-23,2026-01-16,Delayed,Pending
SYSPO0002914,PO564498,SUP770487,WH824586,2026-02-18,2026-03-04,Delivered,Paid
SYSPO0002915,PO386596,SUP589710,WH237174,2025-10-31,2025-11-19,Delivered,Paid
SYSPO0002916,PO703003,SUP523389,WH322086,2025-09-21,2025-10-07,Delivered,Paid
SYSPO0002917,PO874337,SUP156213,WH532322,2025-10-22,2025-11-04,Delivered,Paid
SYSPO0002918,PO900475,SUP639593,WH824586,2026-06-08,2026-06-15,Delivered,Paid
SYSPO0002919,PO109089,SUP668532,WH997546,2025-09-27,2025-10-10,Delivered,Paid
SYSPO0002920,PO474023,SUP259784,WH801474,2025-11-04,2025-11-11,Delivered,Paid
SYSPO0002921,PO169230,SUP437902,WH100425,2026-06-07,2026-06-24,Delivered,Paid
SYSPO0002922,PO568311,SUP613425,WH460663,2026-02-12,2026-02-23,Delivered,Paid
SYSPO0002923,PO941310,SUP650121,WH997546,2025-08-15,2025-08-21,Delayed,Pending
SYSPO0002924,PO535353,SUP302511,WH832052,2025-12-23,2026-01-10,Delivered,Paid
SYSPO0002925,PO679150,SUP576086,WH656116,2026-03-08,2026-03-14,Delivered,Paid
SYSPO0002926,PO361504,SUP965845,WH526117,2026-03-15,2026-03-22,Delivered,Paid
SYSPO0002927,PO892381,SUP899213,WH567574,2025-12-26,2026-01-13,Delivered,Paid
SYSPO0002928,PO278738,SUP736059,WH770487,2026-02-02,2026-02-16,Delivered,Paid
SYSPO0002929,PO562355,SUP344098,WH412942,2026-06-13,2026-06-29,Delivered,Paid
SYSPO0002930,PO615655,SUP965845,WH636265,2026-03-07,2026-03-14,Delivered,Paid
SYSPO0002931,PO172236,SUP372793,WH824586,2025-09-24,2025-10-08,Delivered,Paid
SYSPO0002932,PO256747,SUP333238,WH356150,2026-03-30,2026-04-18,Delayed,Pending
SYSPO0002933,PO801396,SUP589710,WH567574,2026-07-14,2026-08-02,Delayed,Pending
SYSPO0002934,PO845965,SUP813536,WH532322,2025-09-07,2025-09-28,Delivered,Paid
SYSPO0002935,PO752069,SUP920652,WH237174,2025-08-30,2025-09-22,Delayed,Pending
SYSPO0002936,PO364991,SUP184491,WH930555,2025-12-03,2026-01-04,Delivered,Paid
SYSPO0002937,PO124583,SUP839677,WH829716,2026-01-06,2026-01-23,Delivered,Paid
SYSPO0002938,PO834543,SUP184491,WH930555,2026-05-10,2026-06-11,Delivered,Paid
SYSPO0002939,PO386089,SUP221263,WH808011,2026-05-11,2026-06-04,Delivered,Paid
SYSPO0002940,PO754489,SUP437408,WH205907,2026-02-06,2026-02-21,Cancelled,Cancelled
SYSPO0002941,PO499162,SUP597732,WH479201,2026-02-25,2026-03-23,Delayed,Pending
SYSPO0002942,PO137731,SUP899213,WH654634,2026-01-11,2026-01-29,Delivered,Paid
SYSPO0002943,PO995092,SUP497887,WH910891,2026-05-30,2026-06-17,Delivered,Paid
SYSPO0002944,PO854048,SUP755788,WH829716,2026-01-11,2026-02-05,Delivered,Paid
SYSPO0002945,PO571727,SUP614663,WH322086,2026-06-20,2026-07-07,Delivered,Paid
SYSPO0002946,PO633506,SUP614663,WH555884,2026-03-16,2026-04-02,Delivered,Paid
SYSPO0002947,PO354763,SUP965845,WH324082,2025-09-02,2025-09-09,Delivered,Paid
SYSPO0002948,PO348455,SUP946305,WH832052,2025-09-22,2025-10-20,Cancelled,Cancelled
SYSPO0002949,PO114100,SUP768854,WH460663,2025-12-06,2025-12-23,Delivered,Paid
SYSPO0002950,PO756541,SUP642717,WH460663,2026-04-11,2026-04-25,Delivered,Paid
SYSPO0002951,PO742321,SUP801364,WH262316,2025-09-02,2025-09-24,Delivered,Paid
SYSPO0002952,PO185097,SUP690341,WH997546,2026-01-26,2026-01-31,Delivered,Paid
SYSPO0002953,PO930045,SUP944962,WH922157,2026-02-01,2026-02-15,Delivered,Paid
SYSPO0002954,PO755833,SUP642717,WH801474,2026-04-26,2026-05-10,Delivered,Paid
SYSPO0002955,PO619360,SUP976325,WH532322,2026-02-21,2026-03-06,Delivered,Paid
SYSPO0002956,PO720559,SUP618392,WH824586,2025-12-16,2025-12-29,Delivered,Paid
SYSPO0002957,PO307324,SUP472060,WH191161,2025-09-23,2025-10-09,Delivered,Pending
SYSPO0002958,PO833968,SUP757711,WH100425,2026-07-11,2026-07-16,Delivered,Paid
SYSPO0002959,PO437018,SUP156213,WH532322,2026-06-22,2026-07-05,Delivered,Paid
SYSPO0002960,PO730775,SUP519904,WH526833,2026-06-04,2026-06-18,Delivered,Paid
SYSPO0002961,PO964517,SUP989545,WH329974,2026-03-07,2026-03-23,Delivered,Paid
SYSPO0002962,PO816734,SUP881177,WH526833,2026-04-10,2026-04-24,Delivered,Paid
SYSPO0002963,PO617915,SUP904150,WH380746,2026-03-21,2026-04-16,Delayed,Pending
SYSPO0002964,PO892356,SUP904150,WH658582,2025-10-14,2025-11-09,Delivered,Paid
SYSPO0002965,PO112581,SUP989545,WH322086,2026-05-30,2026-06-15,Delivered,Paid
SYSPO0002966,PO831985,SUP736059,WH801474,2025-09-24,2025-10-08,Delivered,Paid
SYSPO0002967,PO862470,SUP597732,WH690341,2026-01-20,2026-02-15,Delivered,Paid
SYSPO0002968,PO623968,SUP302511,WH770487,2026-02-16,2026-03-06,Delivered,Pending
SYSPO0002969,PO299528,SUP662275,WH112038,2026-07-24,2026-08-05,Delivered,Paid
SYSPO0002970,PO587529,SUP990844,WH377746,2026-07-08,2026-07-27,Delivered,Paid
SYSPO0002971,PO522829,SUP572700,WH808011,2025-08-26,2025-09-06,Delivered,Paid
SYSPO0002972,PO873701,SUP757711,WH532322,2026-06-23,2026-06-28,Cancelled,Cancelled
SYSPO0002973,PO246205,SUP705397,WH658582,2025-09-22,2025-10-20,Delivered,Paid
SYSPO0002974,PO483474,SUP972064,WH656116,2026-02-22,2026-03-12,Delivered,Paid
SYSPO0002975,PO258375,SUP216970,WH100425,2025-10-03,2025-10-22,Delayed,Pending
SYSPO0002976,PO117185,SUP802729,WH801474,2025-12-01,2025-12-12,Delivered,Paid
SYSPO0002977,PO621480,SUP944962,WH539589,2025-10-07,2025-10-21,Delivered,Paid
SYSPO0002978,PO391157,SUP705397,WH656116,2025-10-06,2025-11-03,Delivered,Paid
SYSPO0002979,PO556243,SUP572700,WH237174,2025-12-08,2025-12-19,Delivered,Paid
SYSPO0002980,PO211161,SUP920652,WH771088,2026-08-03,2026-08-26,Processing,Pending
SYSPO0002981,PO737343,SUP378361,WH582662,2026-05-07,2026-06-12,Delivered,Paid
SYSPO0002982,PO326915,SUP427110,WH820221,2025-10-31,2025-11-18,Delivered,Paid
SYSPO0002983,PO455027,SUP486945,WH324082,2025-12-17,2026-01-09,Delivered,Paid
SYSPO0002984,PO235715,SUP890170,WH808011,2026-08-05,2026-08-12,In Transit,Pending
SYSPO0002985,PO821959,SUP802729,WH816751,2026-02-22,2026-03-05,Delivered,Paid
SYSPO0002986,PO568795,SUP519904,WH479201,2026-07-18,2026-08-01,Delivered,Paid
SYSPO0002987,PO344777,SUP614663,WH910891,2025-11-23,2025-12-10,Delivered,Paid
SYSPO0002988,PO394158,SUP624902,WH930555,2026-06-29,2026-07-12,Delivered,Paid
SYSPO0002989,PO233308,SUP989545,WH373903,2025-09-04,2025-09-20,Delivered,Paid
SYSPO0002990,PO842501,SUP519093,WH997546,2025-11-10,2025-11-26,Delivered,Paid
SYSPO0002991,PO120339,SUP618392,WH958179,2025-10-20,2025-11-02,Delivered,Paid
SYSPO0002992,PO753899,SUP513160,WH658582,2026-04-08,2026-05-02,Delivered,Paid
SYSPO0002993,PO863181,SUP804318,WH539589,2026-03-06,2026-03-27,Delivered,Paid
SYSPO0002994,PO907346,SUP372793,WH658582,2025-11-19,2025-12-03,Delivered,Paid
SYSPO0002995,PO596759,SUP589710,WH373903,2025-09-22,2025-10-11,Cancelled,Cancelled
SYSPO0002996,PO473470,SUP725084,WH832052,2026-04-04,2026-04-21,Delivered,Paid
SYSPO0002997,PO435581,SUP801364,WH662336,2025-11-30,2025-12-22,Delayed,Pending
SYSPO0002998,PO662361,SUP770487,WH997546,2026-03-31,2026-04-14,Delivered,Pending
SYSPO0002999,PO726615,SUP300896,WH422451,2026-02-28,2026-03-08,Delivered,Paid
SYSPO0003000,PO648931,SUP598216,WH100425,2025-09-10,2025-09-22,Delivered,Paid
SYSPO0003001,PO994121,SUP989545,WH555884,2026-02-16,2026-03-04,Delivered,Paid
SYSPO0003002,PO130221,SUP597732,WH930555,2026-04-10,2026-05-06,Delivered,Paid
SYSPO0003003,PO254785,SUP302511,WH274389,2025-10-09,2025-10-27,Delivered,Paid
SYSPO0003004,PO895304,SUP618392,WH656116,2026-03-22,2026-04-04,Delivered,Paid
SYSPO0003005,PO840605,SUP497382,WH555884,2026-08-05,2026-08-23,In Transit,Pending
SYSPO0003006,PO438484,SUP757711,WH356150,2026-03-18,2026-03-23,Delivered,Paid
SYSPO0003007,PO486737,SUP728492,WH771088,2025-10-03,2025-10-19,Delivered,Paid
SYSPO0003008,PO759439,SUP260263,WH567574,2025-10-10,2025-10-17,Delivered,Paid
SYSPO0003009,PO976686,SUP576086,WH460663,2026-04-17,2026-04-23,Delivered,Paid
SYSPO0003010,PO141294,SUP221263,WH820221,2026-04-04,2026-04-28,Delivered,Paid
SYSPO0003011,PO171192,SUP420214,WH324082,2026-05-11,2026-05-24,Delivered,Paid
SYSPO0003012,PO346429,SUP597732,WH479201,2026-07-21,2026-08-16,Processing,Pending
SYSPO0003013,PO454584,SUP829308,WH460663,2026-03-28,2026-04-05,Delivered,Paid
SYSPO0003014,PO671590,SUP639593,WH686075,2025-12-14,2025-12-21,Delivered,Paid
SYSPO0003015,PO262512,SUP385470,WH997546,2026-06-28,2026-07-18,Delivered,Paid
SYSPO0003016,PO220847,SUP437902,WH832052,2026-07-29,2026-08-15,In Transit,Pending
SYSPO0003017,PO816724,SUP197251,WH532322,2026-03-11,2026-03-18,Delivered,Paid
SYSPO0003018,PO144454,SUP121753,WH997546,2025-08-20,2025-08-31,Delivered,Paid
SYSPO0003019,PO244360,SUP211764,WH958179,2026-06-21,2026-07-08,Delivered,Paid
SYSPO0003020,PO120191,SUP925981,WH519066,2026-07-06,2026-07-24,Delivered,Paid
SYSPO0003021,PO830988,SUP696750,WH662336,2025-08-16,2025-08-23,Delivered,Paid
SYSPO0003022,PO318981,SUP662275,WH922157,2025-09-05,2025-09-17,Cancelled,Cancelled
SYSPO0003023,PO835916,SUP608257,WH567574,2025-08-22,2025-09-07,Delivered,Paid
SYSPO0003024,PO272154,SUP384076,WH922157,2026-04-11,2026-04-26,Delivered,Paid
SYSPO0003025,PO880406,SUP356150,WH781453,2026-05-31,2026-06-18,Delivered,Paid
SYSPO0003026,PO267628,SUP197251,WH205907,2026-03-16,2026-03-23,Delivered,Paid
SYSPO0003027,PO372988,SUP877236,WH322086,2025-11-15,2025-11-22,Delivered,Paid
SYSPO0003028,PO732677,SUP391668,WH599948,2026-04-14,2026-04-27,Delivered,Paid
SYSPO0003029,PO218167,SUP385470,WH429164,2025-10-25,2025-11-14,Delivered,Paid
SYSPO0003030,PO315569,SUP576086,WH922157,2026-05-29,2026-06-04,Delivered,Paid
SYSPO0003031,PO823255,SUP384076,WH373903,2026-03-15,2026-03-30,Delivered,Paid
SYSPO0003032,PO157008,SUP259784,WH274389,2026-01-13,2026-01-20,Delivered,Paid
SYSPO0003033,PO635926,SUP335615,WH422451,2026-04-02,2026-04-08,Delivered,Paid
SYSPO0003034,PO450153,SUP121753,WH262316,2026-04-10,2026-04-21,Delivered,Paid
SYSPO0003035,PO580126,SUP307428,WH662336,2025-08-16,2025-08-27,Delivered,Paid
SYSPO0003036,PO688072,SUP668532,WH274389,2026-02-14,2026-02-27,Delivered,Paid
SYSPO0003037,PO181447,SUP335113,WH356150,2026-07-16,2026-07-27,Delivered,Paid
SYSPO0003038,PO998803,SUP664607,WH832052,2026-04-05,2026-05-08,Delayed,Pending
SYSPO0003039,PO418186,SUP662275,WH654634,2026-03-04,2026-03-16,Delivered,Paid
SYSPO0003040,PO156138,SUP179046,WH532322,2025-11-25,2025-12-15,Delivered,Paid
SYSPO0003041,PO490931,SUP934794,WH658582,2026-04-11,2026-04-17,Delivered,Paid
SYSPO0003042,PO136692,SUP572700,WH997546,2025-11-30,2025-12-11,Delivered,Paid
SYSPO0003043,PO939444,SUP449499,WH785197,2026-02-08,2026-02-13,Delivered,Pending
SYSPO0003044,PO931271,SUP216970,WH460663,2025-11-08,2025-11-27,Delivered,Paid
SYSPO0003045,PO218055,SUP519093,WH654634,2026-06-13,2026-06-29,Delivered,Paid
SYSPO0003046,PO828674,SUP887625,WH686075,2026-06-14,2026-06-27,Cancelled,Cancelled
SYSPO0003047,PO690590,SUP472060,WH539589,2026-04-28,2026-05-14,Delivered,Paid
SYSPO0003048,PO516849,SUP736059,WH654634,2026-01-09,2026-01-23,Cancelled,Cancelled
SYSPO0003049,PO553496,SUP385470,WH808011,2025-11-28,2025-12-18,Delivered,Paid
SYSPO0003050,PO146172,SUP662275,WH112038,2026-01-28,2026-02-09,Delayed,Pending
SYSPO0003051,PO844385,SUP946305,WH636265,2025-09-02,2025-09-30,Delivered,Paid
SYSPO0003052,PO803848,SUP690341,WH373903,2026-04-29,2026-05-04,Delayed,Pending
SYSPO0003053,PO823176,SUP624902,WH824586,2025-08-28,2025-09-10,Delivered,Paid
SYSPO0003054,PO690570,SUP802729,WH262316,2025-10-05,2025-10-16,Delivered,Paid
SYSPO0003055,PO850328,SUP121753,WH324082,2026-01-22,2026-02-02,Delivered,Paid
SYSPO0003056,PO960581,SUP197251,WH233470,2026-01-13,2026-01-20,Delivered,Paid
SYSPO0003057,PO861474,SUP690341,WH274389,2026-02-09,2026-02-14,Delivered,Paid
SYSPO0003058,PO708396,SUP335113,WH801474,2026-02-01,2026-02-12,Delivered,Paid
SYSPO0003059,PO254804,SUP335615,WH205907,2025-10-23,2025-10-29,Delivered,Pending
SYSPO0003060,PO190644,SUP121753,WH532322,2025-12-15,2025-12-26,Delivered,Paid
SYSPO0003061,PO589218,SUP597732,WH539589,2026-03-28,2026-04-23,Delivered,Paid
SYSPO0003062,PO144832,SUP344098,WH662336,2025-09-29,2025-10-15,Delivered,Paid
SYSPO0003063,PO727879,SUP688508,WH526117,2025-12-04,2025-12-14,Delivered,Paid
SYSPO0003064,PO937534,SUP350867,WH233470,2026-07-05,2026-07-20,Delivered,Paid
SYSPO0003065,PO826888,SUP696750,WH781453,2026-05-10,2026-05-17,Delivered,Paid
SYSPO0003066,PO625738,SUP446954,WH555884,2025-12-07,2025-12-17,Delivered,Paid
SYSPO0003067,PO677187,SUP946305,WH658582,2026-05-17,2026-06-14,Delivered,Paid
SYSPO0003068,PO612942,SUP802729,WH373903,2026-07-05,2026-07-16,Delivered,Paid
SYSPO0003069,PO514146,SUP459536,WH422451,2025-12-17,2025-12-31,Delivered,Paid
SYSPO0003070,PO886249,SUP446954,WH212235,2026-01-06,2026-01-16,Delivered,Paid
SYSPO0003071,PO775180,SUP990844,WH690341,2025-09-24,2025-10-13,Delivered,Paid
SYSPO0003072,PO850992,SUP870763,WH997546,2026-05-27,2026-06-12,Delivered,Paid
SYSPO0003073,PO619257,SUP519093,WH112038,2025-12-26,2026-01-11,Delayed,Pending
SYSPO0003074,PO421447,SUP420214,WH322086,2026-02-20,2026-03-05,Delivered,Paid
SYSPO0003075,PO769252,SUP934794,WH532322,2026-03-11,2026-03-17,Delayed,Pending
SYSPO0003076,PO132608,SUP420214,WH373903,2025-09-15,2025-09-28,Delivered,Paid
SYSPO0003077,PO174801,SUP446954,WH958179,2025-12-06,2025-12-16,Delivered,Paid
SYSPO0003078,PO474880,SUP391668,WH174441,2025-11-06,2025-11-19,Delivered,Paid
SYSPO0003079,PO506582,SUP899213,WH997546,2026-02-02,2026-02-20,Delivered,Paid
SYSPO0003080,PO601680,SUP642717,WH324082,2025-09-21,2025-10-05,Delivered,Paid
SYSPO0003081,PO133049,SUP333238,WH958179,2025-11-16,2025-12-05,Cancelled,Cancelled
SYSPO0003082,PO834665,SUP197251,WH324082,2026-01-26,2026-02-02,Delivered,Paid
SYSPO0003083,PO202767,SUP595631,WH785197,2025-11-09,2025-12-04,Delivered,Paid
SYSPO0003084,PO818115,SUP755788,WH212235,2025-09-28,2025-10-23,Delayed,Pending
SYSPO0003085,PO611126,SUP662275,WH686075,2025-09-11,2025-09-23,Delivered,Paid
SYSPO0003086,PO859461,SUP891937,WH662336,2025-08-24,2025-09-21,Delivered,Paid
SYSPO0003087,PO592075,SUP333238,WH322086,2025-11-25,2025-12-14,Delivered,Paid
SYSPO0003088,PO573116,SUP216970,WH642717,2026-01-01,2026-01-20,Delivered,Paid
SYSPO0003089,PO722255,SUP384076,WH376807,2026-07-06,2026-07-21,Delayed,Pending
SYSPO0003090,PO626461,SUP871711,WH100425,2026-03-31,2026-04-10,Delivered,Paid
SYSPO0003091,PO661683,SUP378361,WH662336,2026-01-14,2026-02-19,Delivered,Paid
SYSPO0003092,PO282366,SUP668532,WH930555,2025-11-09,2025-11-22,Delivered,Paid
SYSPO0003093,PO447514,SUP240814,WH112038,2026-07-07,2026-07-13,Delivered,Paid
SYSPO0003094,PO308795,SUP765095,WH958179,2026-07-21,2026-08-25,Cancelled,Cancelled
SYSPO0003095,PO913422,SUP513160,WH324082,2025-10-06,2025-10-30,Delivered,Paid
SYSPO0003096,PO456589,SUP891937,WH740967,2026-06-16,2026-07-14,Delivered,Paid
SYSPO0003097,PO221728,SUP768854,WH770487,2025-12-10,2025-12-27,Delivered,Pending
SYSPO0003098,PO734604,SUP486945,WH515011,2026-08-02,2026-08-25,In Transit,Pending
SYSPO0003099,PO832871,SUP156213,WH958179,2026-03-17,2026-03-30,Delivered,Paid
SYSPO0003100,PO765669,SUP211764,WH740967,2026-05-12,2026-05-29,Cancelled,Cancelled
SYSPO0003101,PO557484,SUP300337,WH555884,2025-12-04,2025-12-17,Delivered,Paid
SYSPO0003102,PO796990,SUP770487,WH740967,2025-10-17,2025-10-31,Delivered,Paid
SYSPO0003103,PO244207,SUP870763,WH322086,2026-05-28,2026-06-13,Delivered,Paid
SYSPO0003104,PO306063,SUP350867,WH539589,2025-10-05,2025-10-20,Delivered,Paid
SYSPO0003105,PO601093,SUP770487,WH686075,2026-02-14,2026-02-28,Delayed,Pending
SYSPO0003106,PO710397,SUP668532,WH832052,2026-02-20,2026-03-05,Cancelled,Cancelled
SYSPO0003107,PO312281,SUP770487,WH100425,2026-02-02,2026-02-16,Delivered,Paid
SYSPO0003108,PO489921,SUP608257,WH958179,2026-02-14,2026-03-02,Cancelled,Cancelled
SYSPO0003109,PO650044,SUP595631,WH379766,2026-07-12,2026-08-06,Cancelled,Cancelled
SYSPO0003110,PO950879,SUP881177,WH482364,2025-12-02,2025-12-16,Delivered,Paid
SYSPO0003111,PO323934,SUP240814,WH526117,2026-02-14,2026-02-20,Delivered,Paid
SYSPO0003112,PO280793,SUP642717,WH690341,2025-08-14,2025-08-28,Delivered,Paid
SYSPO0003113,PO174363,SUP526117,WH380746,2025-09-08,2025-09-24,Delivered,Paid
SYSPO0003114,PO897460,SUP944962,WH205907,2026-01-04,2026-01-18,Delivered,Paid
SYSPO0003115,PO272734,SUP690341,WH233470,2026-02-17,2026-02-22,Delivered,Paid
SYSPO0003116,PO336288,SUP572387,WH771088,2026-01-29,2026-02-14,Delivered,Paid
SYSPO0003117,PO436055,SUP804318,WH479201,2025-11-06,2025-11-27,Delivered,Paid
SYSPO0003118,PO509758,SUP613425,WH329974,2025-10-27,2025-11-07,Delivered,Paid
SYSPO0003119,PO233511,SUP153872,WH233470,2026-03-19,2026-03-26,Delivered,Paid
SYSPO0003120,PO777423,SUP650121,WH997546,2025-12-20,2025-12-26,Delivered,Paid
SYSPO0003121,PO178701,SUP519904,WH379766,2025-08-23,2025-09-06,Delivered,Paid
SYSPO0003122,PO838694,SUP153872,WH422451,2025-08-24,2025-08-31,Cancelled,Cancelled
SYSPO0003123,PO390863,SUP664607,WH482364,2025-11-22,2025-12-25,Delivered,Pending
SYSPO0003124,PO458070,SUP946305,WH662336,2026-02-13,2026-03-13,Delivered,Paid
SYSPO0003125,PO996929,SUP472060,WH482364,2026-03-25,2026-04-10,Delivered,Paid
SYSPO0003126,PO821893,SUP696750,WH100425,2026-07-13,2026-07-20,Delivered,Paid
SYSPO0003127,PO459042,SUP356150,WH910891,2026-06-28,2026-07-16,Delivered,Paid
SYSPO0003128,PO381240,SUP335615,WH555884,2026-04-16,2026-04-22,Delivered,Paid
SYSPO0003129,PO439910,SUP880879,WH662336,2026-04-23,2026-05-31,Delivered,Paid
SYSPO0003130,PO965846,SUP321275,WH100425,2026-02-03,2026-02-10,Delivered,Paid
SYSPO0003131,PO544436,SUP523389,WH205907,2025-11-23,2025-12-09,Delivered,Paid
SYSPO0003132,PO907308,SUP349565,WH191161,2026-03-01,2026-03-27,Delivered,Paid
SYSPO0003133,PO679761,SUP519904,WH740967,2025-08-08,2025-08-22,Delivered,Paid
SYSPO0003134,PO222904,SUP526117,WH526117,2026-06-30,2026-07-16,Delivered,Paid
SYSPO0003135,PO970726,SUP608257,WH532322,2025-09-15,2025-10-01,Delivered,Paid
SYSPO0003136,PO357565,SUP813536,WH356150,2026-01-19,2026-02-09,Delivered,Paid
SYSPO0003137,PO663513,SUP265080,WH422451,2025-09-26,2025-10-12,Delivered,Paid
SYSPO0003138,PO494853,SUP618392,WH801474,2026-07-13,2026-07-26,Cancelled,Cancelled
SYSPO0003139,PO298105,SUP662275,WH832052,2025-11-15,2025-11-27,Delayed,Pending
SYSPO0003140,PO677392,SUP302511,WH922157,2026-05-14,2026-06-01,Delivered,Paid
SYSPO0003141,PO378607,SUP437408,WH801474,2025-12-25,2026-01-09,Delayed,Pending
SYSPO0003142,PO613340,SUP842411,WH801474,2026-05-28,2026-06-05,Delivered,Paid
SYSPO0003143,PO289902,SUP755788,WH174441,2026-01-08,2026-02-02,Delivered,Paid
SYSPO0003144,PO988327,SUP259784,WH771088,2025-12-25,2026-01-01,Delivered,Paid
SYSPO0003145,PO921947,SUP642717,WH654634,2025-08-22,2025-09-05,Delayed,Pending
SYSPO0003146,PO314845,SUP472060,WH205907,2026-01-07,2026-01-23,Delivered,Paid
SYSPO0003147,PO454005,SUP891937,WH379766,2025-08-24,2025-09-21,Delivered,Paid
SYSPO0003148,PO732984,SUP273982,WH422451,2026-03-14,2026-03-30,Delivered,Paid
SYSPO0003149,PO347843,SUP333238,WH654634,2026-03-11,2026-03-30,Delivered,Paid
SYSPO0003150,PO280189,SUP156213,WH658582,2025-10-19,2025-11-01,Delivered,Pending
SYSPO0003151,PO195606,SUP344098,WH781453,2025-12-23,2026-01-08,Delivered,Paid
SYSPO0003152,PO609877,SUP946305,WH599948,2026-03-07,2026-04-04,Delivered,Paid
SYSPO0003153,PO581827,SUP692683,WH322086,2025-11-25,2025-12-20,Delivered,Paid
SYSPO0003154,PO103322,SUP179046,WH832052,2025-09-02,2025-09-22,Delivered,Paid
SYSPO0003155,PO990859,SUP705397,WH770487,2026-01-02,2026-01-30,Delivered,Paid
SYSPO0003156,PO528379,SUP965845,WH356150,2026-02-16,2026-02-23,Delivered,Paid
SYSPO0003157,PO744929,SUP801364,WH930555,2026-01-26,2026-02-17,Delivered,Paid
SYSPO0003158,PO806017,SUP335113,WH808011,2026-05-28,2026-06-08,Delivered,Paid
SYSPO0003159,PO121722,SUP497887,WH690341,2026-03-06,2026-03-24,Delivered,Paid
SYSPO0003160,PO315450,SUP976325,WH785197,2025-11-21,2025-12-04,Delivered,Paid
SYSPO0003161,PO816469,SUP608257,WH112038,2026-06-21,2026-07-07,Delivered,Paid
SYSPO0003162,PO470425,SUP344098,WH658582,2026-04-04,2026-04-20,Delivered,Paid
SYSPO0003163,PO497875,SUP804318,WH377746,2026-04-26,2026-05-17,Delayed,Pending
SYSPO0003164,PO690672,SUP972335,WH380746,2026-03-30,2026-05-07,Delivered,Paid
SYSPO0003165,PO122942,SUP877236,WH532322,2025-09-20,2025-09-27,Delivered,Paid
SYSPO0003166,PO557485,SUP349565,WH785197,2025-09-23,2025-10-19,Delayed,Pending
SYSPO0003167,PO367309,SUP420214,WH380746,2025-09-11,2025-09-24,Delivered,Pending
SYSPO0003168,PO601775,SUP333238,WH237174,2026-01-04,2026-01-23,Delivered,Paid
SYSPO0003169,PO728207,SUP671858,WH740967,2025-12-27,2026-01-12,Delivered,Paid
SYSPO0003170,PO897662,SUP513160,WH532322,2026-06-09,2026-07-03,Delivered,Paid
SYSPO0003171,PO829088,SUP880879,WH690341,2025-12-14,2026-01-21,Delivered,Paid
SYSPO0003172,PO256268,SUP688508,WH237174,2026-03-09,2026-03-19,Delivered,Paid
SYSPO0003173,PO295056,SUP259784,WH379766,2026-08-04,2026-08-11,In Transit,Pending
SYSPO0003174,PO170022,SUP624902,WH824586,2025-12-24,2026-01-06,Delivered,Paid
SYSPO0003175,PO921140,SUP260263,WH233470,2026-05-25,2026-06-01,Delivered,Paid
SYSPO0003176,PO276083,SUP904150,WH662336,2025-09-30,2025-10-26,Delivered,Paid
SYSPO0003177,PO180790,SUP944962,WH373903,2025-10-21,2025-11-04,Delivered,Paid
SYSPO0003178,PO659890,SUP920652,WH820221,2026-03-26,2026-04-18,Delivered,Paid
SYSPO0003179,PO287615,SUP842411,WH100425,2026-02-18,2026-02-26,Delivered,Paid
SYSPO0003180,PO441288,SUP972064,WH356150,2026-01-07,2026-01-25,Delivered,Paid
SYSPO0003181,PO629016,SUP829308,WH324082,2026-02-15,2026-02-23,Delivered,Paid
SYSPO0003182,PO987658,SUP497382,WH479201,2025-08-20,2025-09-07,Delivered,Paid
SYSPO0003183,PO921200,SUP589710,WH460663,2025-08-22,2025-09-10,Delivered,Paid
SYSPO0003184,PO848085,SUP179046,WH958179,2025-08-20,2025-09-09,Delivered,Paid
SYSPO0003185,PO495758,SUP576086,WH658582,2025-09-27,2025-10-03,Delivered,Paid
SYSPO0003186,PO810436,SUP179046,WH422451,2026-05-09,2026-05-29,Delivered,Paid
SYSPO0003187,PO589286,SUP211764,WH377746,2025-12-12,2025-12-29,Delivered,Paid
SYSPO0003188,PO524881,SUP335113,WH322086,2026-06-13,2026-06-24,Delivered,Paid
SYSPO0003189,PO624001,SUP946305,WH429164,2026-02-04,2026-03-04,Delivered,Paid
SYSPO0003190,PO485353,SUP989545,WH832052,2026-02-22,2026-03-10,Delivered,Paid
SYSPO0003191,PO414067,SUP757711,WH356150,2026-01-29,2026-02-03,Delivered,Paid
SYSPO0003192,PO326041,SUP216970,WH922157,2025-10-01,2025-10-20,Delivered,Paid
SYSPO0003193,PO719110,SUP335113,WH205907,2026-03-28,2026-04-08,Delivered,Paid
SYSPO0003194,PO117173,SUP378361,WH412942,2026-07-17,2026-08-22,Processing,Pending
SYSPO0003195,PO518632,SUP330914,WH801474,2026-02-21,2026-03-12,Delivered,Paid
SYSPO0003196,PO236749,SUP768854,WH526117,2025-09-28,2025-10-15,Delayed,Pending
SYSPO0003197,PO252607,SUP881177,WH205907,2025-12-10,2025-12-24,Delayed,Pending
SYSPO0003198,PO155699,SUP757711,WH519066,2026-08-01,2026-08-06,In Transit,Pending
SYSPO0003199,PO785173,SUP887625,WH376807,2026-03-31,2026-04-13,Delivered,Paid
SYSPO0003200,PO678401,SUP356150,WH686075,2025-12-06,2025-12-24,Delivered,Paid
SYSPO0003201,PO171046,SUP696750,WH532322,2025-10-07,2025-10-14,Delivered,Paid
SYSPO0003202,PO111593,SUP925981,WH770487,2026-01-04,2026-01-22,Delivered,Paid
SYSPO0003203,PO125882,SUP429164,WH829716,2026-04-01,2026-04-18,Delivered,Paid
SYSPO0003204,PO450267,SUP965845,WH274389,2026-05-19,2026-05-26,Delivered,Paid
SYSPO0003205,PO940144,SUP179046,WH656116,2026-06-28,2026-07-18,Delivered,Paid
SYSPO0003206,PO554461,SUP256294,WH422451,2025-11-29,2025-12-12,Delivered,Paid
SYSPO0003207,PO693861,SUP322955,WH958179,2026-03-23,2026-04-05,Delivered,Paid
SYSPO0003208,PO496283,SUP680099,WH380746,2025-12-13,2025-12-30,Delivered,Paid
SYSPO0003209,PO380080,SUP378361,WH582662,2026-02-18,2026-03-26,Delivered,Paid
SYSPO0003210,PO502537,SUP733039,WH997546,2026-06-22,2026-07-08,Delivered,Paid
SYSPO0003211,PO239399,SUP842411,WH324082,2026-02-18,2026-02-26,Delivered,Paid
SYSPO0003212,PO259012,SUP925981,WH930555,2026-02-27,2026-03-17,Delivered,Paid
SYSPO0003213,PO100594,SUP813536,WH519066,2026-02-11,2026-03-04,Cancelled,Cancelled
SYSPO0003214,PO862564,SUP904150,WH376807,2026-05-07,2026-06-02,Delivered,Paid
SYSPO0003215,PO273648,SUP307428,WH329974,2026-03-11,2026-03-22,Delivered,Paid
SYSPO0003216,PO459385,SUP608257,WH997546,2025-11-29,2025-12-15,Delivered,Paid
SYSPO0003217,PO685701,SUP519904,WH274389,2026-02-05,2026-02-19,Delivered,Paid
SYSPO0003218,PO797241,SUP642717,WH820221,2026-06-17,2026-07-01,Delivered,Paid
SYSPO0003219,PO718428,SUP572387,WH422451,2025-08-11,2025-08-27,Delivered,Paid
SYSPO0003220,PO954517,SUP240814,WH801474,2025-12-26,2026-01-01,Delivered,Paid
SYSPO0003221,PO415169,SUP765095,WH690341,2025-12-11,2026-01-15,Delayed,Pending
SYSPO0003222,PO153777,SUP925981,WH262316,2026-04-23,2026-05-11,Delivered,Paid
SYSPO0003223,PO255159,SUP330914,WH816751,2025-09-16,2025-10-05,Delivered,Pending
SYSPO0003224,PO586903,SUP273982,WH482364,2026-01-13,2026-01-29,Delayed,Pending
SYSPO0003225,PO630415,SUP572387,WH997546,2026-03-19,2026-04-04,Delivered,Paid
SYSPO0003226,PO413612,SUP429164,WH191161,2025-12-02,2025-12-19,Delivered,Paid
SYSPO0003227,PO795082,SUP302511,WH740967,2026-06-10,2026-06-28,Delivered,Paid
SYSPO0003228,PO525642,SUP842411,WH801474,2026-07-20,2026-07-28,Delivered,Paid
SYSPO0003229,PO488371,SUP925981,WH816751,2026-05-13,2026-05-31,Delivered,Pending
SYSPO0003230,PO515597,SUP680099,WH785197,2026-07-09,2026-07-26,Delivered,Paid
SYSPO0003231,PO740231,SUP681343,WH112038,2026-04-29,2026-05-14,Delivered,Paid
SYSPO0003232,PO994643,SUP256294,WH237174,2026-04-06,2026-04-19,Delivered,Paid
SYSPO0003233,PO257334,SUP598216,WH322086,2025-08-15,2025-08-27,Delivered,Pending
SYSPO0003234,PO947352,SUP335113,WH808011,2026-03-24,2026-04-04,Cancelled,Cancelled
SYSPO0003235,PO286198,SUP755788,WH377746,2026-02-05,2026-03-02,Delivered,Paid
SYSPO0003236,PO818968,SUP437408,WH656116,2025-11-16,2025-12-01,Delivered,Paid
SYSPO0003237,PO424814,SUP449499,WH460663,2026-04-16,2026-04-21,Delivered,Paid
SYSPO0003238,PO141433,SUP890170,WH324082,2026-06-05,2026-06-12,Delivered,Paid
SYSPO0003239,PO509850,SUP870763,WH526833,2026-06-02,2026-06-18,Delivered,Paid
SYSPO0003240,PO651642,SUP965845,WH274389,2026-03-17,2026-03-24,Delivered,Paid
SYSPO0003241,PO735612,SUP736059,WH274389,2026-03-17,2026-03-31,Delivered,Paid
SYSPO0003242,PO620529,SUP725084,WH662336,2025-11-01,2025-11-18,Delivered,Paid
SYSPO0003243,PO455108,SUP121753,WH824586,2026-05-12,2026-05-23,Delivered,Paid
SYSPO0003244,PO633595,SUP608257,WH324082,2025-08-24,2025-09-09,Delivered,Paid
SYSPO0003245,PO946165,SUP692683,WH922157,2026-03-19,2026-04-13,Delivered,Paid
SYSPO0003246,PO320774,SUP925981,WH656116,2026-02-07,2026-02-25,Delivered,Paid
SYSPO0003247,PO161601,SUP256294,WH274389,2025-10-10,2025-10-23,Delivered,Pending
SYSPO0003248,PO232235,SUP197251,WH233470,2026-02-24,2026-03-03,Delivered,Paid
SYSPO0003249,PO435492,SUP804318,WH460663,2026-04-06,2026-04-27,Delivered,Paid
SYSPO0003250,PO775609,SUP133659,WH532322,2026-05-12,2026-05-30,Delayed,Pending
SYSPO0003251,PO716217,SUP245051,WH100425,2026-04-02,2026-04-23,Delayed,Pending
SYSPO0003252,PO596215,SUP944962,WH380746,2026-06-01,2026-06-15,Delivered,Paid
SYSPO0003253,PO151288,SUP877236,WH100425,2026-06-27,2026-07-04,Delivered,Paid
SYSPO0003254,PO951987,SUP865990,WH808011,2025-12-30,2026-01-20,Delivered,Paid
SYSPO0003255,PO439297,SUP899213,WH112038,2025-10-01,2025-10-19,Delivered,Pending
SYSPO0003256,PO542864,SUP427110,WH997546,2026-06-20,2026-07-08,Delivered,Paid
SYSPO0003257,PO833851,SUP768854,WH816751,2026-04-26,2026-05-13,Delivered,Pending
SYSPO0003258,PO535998,SUP618392,WH555884,2025-11-07,2025-11-20,Delivered,Paid
SYSPO0003259,PO247158,SUP736059,WH412942,2025-08-17,2025-08-31,Delivered,Paid
SYSPO0003260,PO312080,SUP801364,WH422451,2026-03-15,2026-04-06,Delivered,Paid
SYSPO0003261,PO845920,SUP384076,WH356150,2026-05-04,2026-05-19,Delivered,Paid
SYSPO0003262,PO606250,SUP519093,WH808011,2025-09-16,2025-10-02,Delivered,Paid
SYSPO0003263,PO872323,SUP755788,WH582662,2025-10-18,2025-11-12,Delivered,Pending
SYSPO0003264,PO742214,SUP216970,WH539589,2025-08-12,2025-08-31,Delivered,Paid
SYSPO0003265,PO141340,SUP322955,WH656116,2026-01-23,2026-02-05,Delayed,Pending
SYSPO0003266,PO664964,SUP378361,WH642717,2025-12-04,2026-01-09,Delivered,Paid
SYSPO0003267,PO757501,SUP692683,WH274389,2026-01-14,2026-02-08,Delivered,Paid
SYSPO0003268,PO738331,SUP221263,WH429164,2025-10-02,2025-10-26,Delayed,Pending
SYSPO0003269,PO333727,SUP688508,WH322086,2026-01-12,2026-01-22,Delivered,Paid
SYSPO0003270,PO956410,SUP302511,WH656116,2026-04-30,2026-05-18,Delivered,Paid
SYSPO0003271,PO104493,SUP765095,WH930555,2025-10-23,2025-11-27,Delivered,Paid
SYSPO0003272,PO516263,SUP572700,WH429164,2026-01-11,2026-01-22,Delivered,Paid
SYSPO0003273,PO386926,SUP216970,WH801474,2026-02-15,2026-03-06,Delivered,Paid
SYSPO0003274,PO626124,SUP300896,WH324082,2026-06-01,2026-06-09,Delivered,Paid
SYSPO0003275,PO708358,SUP526117,WH690341,2026-03-30,2026-04-15,Delivered,Paid
SYSPO0003276,PO996777,SUP690341,WH356150,2026-07-28,2026-08-02,Delayed,Pending
SYSPO0003277,PO860973,SUP801364,WH820221,2026-02-04,2026-02-26,Delivered,Paid
SYSPO0003278,PO550363,SUP688508,WH373903,2026-07-09,2026-07-19,Delivered,Paid
SYSPO0003279,PO204291,SUP265080,WH479201,2026-06-30,2026-07-16,Delayed,Pending
SYSPO0003280,PO277233,SUP385470,WH808011,2026-05-17,2026-06-06,Delivered,Paid
SYSPO0003281,PO547164,SUP259784,WH233470,2026-05-14,2026-05-21,Delivered,Paid
SYSPO0003282,PO402806,SUP664607,WH479201,2025-08-29,2025-10-01,Delayed,Pending
SYSPO0003283,PO770063,SUP664607,WH174441,2026-05-06,2026-06-08,Delivered,Paid
SYSPO0003284,PO103489,SUP692683,WH532322,2025-09-27,2025-10-22,Delivered,Paid
SYSPO0003285,PO383169,SUP696750,WH808011,2026-02-22,2026-03-01,Delivered,Paid
SYSPO0003286,PO903208,SUP870763,WH770487,2025-10-24,2025-11-09,Delivered,Paid
SYSPO0003287,PO923653,SUP692683,WH274389,2026-03-10,2026-04-04,Delivered,Paid
SYSPO0003288,PO945783,SUP613425,WH770487,2025-12-09,2025-12-20,Delivered,Paid
SYSPO0003289,PO750475,SUP259784,WH262316,2026-04-19,2026-04-26,Delayed,Pending
SYSPO0003290,PO458719,SUP887625,WH205907,2026-02-06,2026-02-19,Delivered,Paid
SYSPO0003291,PO894101,SUP133659,WH785197,2026-02-25,2026-03-15,Delivered,Paid
SYSPO0003292,PO893516,SUP839677,WH829716,2025-12-29,2026-01-15,Delivered,Paid
SYSPO0003293,PO322675,SUP990844,WH205907,2025-12-04,2025-12-23,Delivered,Paid
SYSPO0003294,PO831229,SUP153872,WH233470,2025-10-11,2025-10-18,Delayed,Pending
SYSPO0003295,PO975048,SUP624902,WH376807,2026-01-30,2026-02-12,Delayed,Pending
SYSPO0003296,PO684536,SUP765095,WH212235,2026-07-25,2026-08-29,In Transit,Pending
SYSPO0003297,PO308785,SUP486945,WH377746,2026-02-28,2026-03-23,Delivered,Paid
SYSPO0003298,PO117953,SUP891937,WH636265,2025-12-15,2026-01-12,Delivered,Paid
SYSPO0003299,PO430479,SUP664607,WH636265,2026-03-05,2026-04-07,Delivered,Paid
SYSPO0003300,PO688683,SUP972335,WH785197,2025-12-20,2026-01-27,Delivered,Paid
SYSPO0003301,PO678399,SUP437408,WH656116,2026-04-24,2026-05-09,Delivered,Paid
SYSPO0003302,PO924334,SUP300337,WH237174,2026-05-31,2026-06-13,Delivered,Paid
SYSPO0003303,PO140830,SUP378361,WH380746,2026-07-07,2026-08-12,In Transit,Pending
SYSPO0003304,PO243570,SUP179046,WH377746,2026-05-11,2026-05-31,Delivered,Paid
SYSPO0003305,PO456454,SUP420214,WH662336,2026-04-26,2026-05-09,Delayed,Pending
SYSPO0003306,PO481456,SUP642717,WH380746,2026-04-11,2026-04-25,Delivered,Paid
SYSPO0003307,PO127417,SUP384076,WH555884,2026-06-13,2026-06-28,Delivered,Paid
SYSPO0003308,PO650454,SUP302511,WH555884,2026-05-01,2026-05-19,Delivered,Paid
SYSPO0003309,PO377033,SUP497887,WH515011,2025-11-15,2025-12-03,Delivered,Paid
SYSPO0003310,PO710510,SUP813536,WH519066,2026-03-29,2026-04-19,Delivered,Paid
SYSPO0003311,PO676935,SUP624902,WH526833,2026-02-09,2026-02-22,Delayed,Pending
SYSPO0003312,PO847439,SUP513160,WH582662,2025-10-18,2025-11-11,Delayed,Pending
SYSPO0003313,PO205314,SUP429164,WH930555,2025-11-08,2025-11-25,Delivered,Paid
SYSPO0003314,PO540581,SUP881177,WH377746,2025-11-21,2025-12-05,Delivered,Paid
SYSPO0003315,PO172087,SUP965845,WH922157,2026-03-09,2026-03-16,Delayed,Pending
SYSPO0003316,PO212018,SUP391668,WH820221,2025-11-28,2025-12-11,Delivered,Paid
SYSPO0003317,PO212083,SUP427110,WH515011,2025-10-31,2025-11-18,Delivered,Paid
SYSPO0003318,PO359602,SUP871711,WH379766,2026-08-05,2026-08-15,In Transit,Pending
SYSPO0003319,PO696655,SUP829308,WH322086,2025-11-28,2025-12-06,Cancelled,Cancelled
SYSPO0003320,PO329027,SUP302511,WH205907,2026-05-31,2026-06-18,Delivered,Pending
SYSPO0003321,PO815598,SUP768854,WH658582,2025-11-25,2025-12-12,Cancelled,Cancelled
SYSPO0003322,PO648379,SUP598216,WH686075,2026-05-05,2026-05-17,Delivered,Paid
SYSPO0003323,PO616583,SUP890170,WH356150,2025-10-24,2025-10-31,Delivered,Paid
SYSPO0003324,PO301821,SUP765095,WH910891,2026-04-30,2026-06-04,Delivered,Paid
SYSPO0003325,PO706424,SUP519904,WH379766,2026-05-05,2026-05-19,Delivered,Paid
SYSPO0003326,PO841242,SUP842411,WH532322,2026-02-10,2026-02-18,Delivered,Paid
SYSPO0003327,PO220178,SUP378361,WH656116,2025-12-06,2026-01-11,Delivered,Paid
SYSPO0003328,PO704625,SUP497382,WH785197,2026-02-07,2026-02-25,Delivered,Pending
SYSPO0003329,PO360864,SUP156213,WH274389,2025-12-18,2025-12-31,Delivered,Paid
SYSPO0003330,PO148826,SUP595631,WH429164,2026-03-10,2026-04-04,Delivered,Paid
SYSPO0003331,PO218083,SUP890170,WH532322,2026-08-02,2026-08-09,In Transit,Pending
SYSPO0003332,PO970287,SUP624902,WH910891,2026-08-02,2026-08-15,In Transit,Pending
SYSPO0003333,PO316356,SUP576086,WH740967,2026-06-09,2026-06-15,Delivered,Paid
SYSPO0003334,PO486669,SUP576086,WH654634,2026-05-12,2026-05-18,Delayed,Pending
SYSPO0003335,PO644070,SUP285652,WH212235,2025-11-19,2025-12-20,Delivered,Paid
SYSPO0003336,PO316826,SUP260422,WH958179,2025-11-24,2025-12-03,Delivered,Paid
SYSPO0003337,PO794475,SUP285652,WH816751,2025-09-21,2025-10-22,Delivered,Paid
SYSPO0003338,PO364357,SUP595631,WH781453,2026-03-15,2026-04-09,Delivered,Paid
SYSPO0003339,PO974187,SUP519904,WH686075,2026-04-24,2026-05-08,Delivered,Paid
SYSPO0003340,PO215780,SUP688508,WH922157,2026-03-03,2026-03-13,Delivered,Paid
SYSPO0003341,PO114436,SUP618392,WH460663,2025-12-30,2026-01-12,Delivered,Paid
SYSPO0003342,PO464739,SUP757711,WH686075,2026-07-18,2026-07-23,Delivered,Paid
SYSPO0003343,PO389003,SUP881177,WH515011,2026-01-05,2026-01-19,Delayed,Pending
SYSPO0003344,PO603683,SUP865990,WH567574,2026-06-18,2026-07-09,Delivered,Paid
SYSPO0003345,PO776562,SUP256294,WH829716,2025-12-17,2025-12-30,Delivered,Paid
SYSPO0003346,PO773068,SUP497382,WH820221,2026-06-01,2026-06-19,Delivered,Paid
SYSPO0003347,PO823420,SUP572387,WH539589,2026-06-13,2026-06-29,Delivered,Paid
SYSPO0003348,PO882660,SUP829308,WH539589,2025-09-30,2025-10-08,Delivered,Paid
SYSPO0003349,PO352943,SUP446954,WH532322,2025-11-25,2025-12-05,Delivered,Pending
SYSPO0003350,PO682964,SUP870763,WH322086,2025-08-21,2025-09-06,Delivered,Paid
SYSPO0003351,PO120520,SUP705397,WH658582,2025-11-24,2025-12-22,Delivered,Paid
SYSPO0003352,PO457875,SUP639593,WH322086,2026-05-09,2026-05-16,Delivered,Paid
SYSPO0003353,PO855898,SUP829308,WH329974,2025-09-04,2025-09-12,Delivered,Paid
SYSPO0003354,PO759393,SUP513160,WH642717,2025-12-17,2026-01-10,Delivered,Paid
SYSPO0003355,PO474223,SUP934794,WH910891,2026-07-29,2026-08-04,Delivered,Paid
SYSPO0003356,PO440488,SUP692683,WH922157,2026-01-23,2026-02-17,Delivered,Paid
SYSPO0003357,PO658352,SUP618392,WH379766,2026-04-16,2026-04-29,Delivered,Paid
SYSPO0003358,PO823233,SUP733039,WH519066,2025-11-12,2025-11-28,Delivered,Paid
SYSPO0003359,PO146008,SUP813536,WH526117,2026-05-22,2026-06-12,Delivered,Paid
SYSPO0003360,PO207599,SUP576086,WH808011,2026-02-07,2026-02-13,Delivered,Paid
SYSPO0003361,PO488892,SUP899213,WH526833,2025-10-27,2025-11-14,Cancelled,Cancelled
SYSPO0003362,PO716038,SUP624902,WH770487,2025-10-22,2025-11-04,Delivered,Paid
SYSPO0003363,PO571688,SUP990844,WH233470,2026-06-22,2026-07-11,Delivered,Paid
SYSPO0003364,PO198052,SUP804318,WH599948,2026-03-02,2026-03-23,Delivered,Paid
SYSPO0003365,PO897872,SUP589710,WH515011,2025-11-18,2025-12-07,Delivered,Paid
SYSPO0003366,PO789225,SUP598216,WH422451,2026-08-02,2026-08-14,Processing,Pending
SYSPO0003367,PO326868,SUP865990,WH555884,2026-03-11,2026-04-01,Delivered,Paid
SYSPO0003368,PO340469,SUP989545,WH376807,2026-05-02,2026-05-18,Delivered,Paid
SYSPO0003369,PO889921,SUP378361,WH429164,2025-11-18,2025-12-24,Delivered,Paid
SYSPO0003370,PO757673,SUP302511,WH801474,2025-09-27,2025-10-15,Delivered,Paid
SYSPO0003371,PO264578,SUP692683,WH686075,2025-09-16,2025-10-11,Delivered,Paid
SYSPO0003372,PO319226,SUP589710,WH380746,2026-04-01,2026-04-20,Delivered,Paid
SYSPO0003373,PO336585,SUP256294,WH262316,2026-05-19,2026-06-01,Delivered,Paid
SYSPO0003374,PO314081,SUP256294,WH379766,2026-03-20,2026-04-02,Delivered,Paid
SYSPO0003375,PO820119,SUP839677,WH329974,2025-11-05,2025-11-22,Delivered,Paid
SYSPO0003376,PO596741,SUP598216,WH233470,2025-11-07,2025-11-19,Delivered,Paid
SYSPO0003377,PO817686,SUP486945,WH910891,2025-08-24,2025-09-16,Delivered,Paid
SYSPO0003378,PO261207,SUP618392,WH690341,2026-04-22,2026-05-05,Delivered,Paid
SYSPO0003379,PO379068,SUP690341,WH329974,2026-07-22,2026-07-27,Delivered,Pending
SYSPO0003380,PO658731,SUP153872,WH922157,2026-02-27,2026-03-06,Delayed,Pending
SYSPO0003381,PO740626,SUP813536,WH658582,2025-10-31,2025-11-21,Delivered,Paid
SYSPO0003382,PO869040,SUP736059,WH482364,2026-04-09,2026-04-23,Delivered,Paid
SYSPO0003383,PO587449,SUP664607,WH771088,2025-11-03,2025-12-06,Delivered,Paid
SYSPO0003384,PO156405,SUP378361,WH460663,2025-08-25,2025-09-30,Delivered,Paid
SYSPO0003385,PO687270,SUP344098,WH781453,2025-09-12,2025-09-28,Delivered,Paid
SYSPO0003386,PO956376,SUP335113,WH922157,2026-01-12,2026-01-23,Delivered,Paid
SYSPO0003387,PO937752,SUP273982,WH429164,2025-12-11,2025-12-27,Delivered,Paid
SYSPO0003388,PO670079,SUP881177,WH429164,2026-05-10,2026-05-24,Delivered,Paid
SYSPO0003389,PO663679,SUP768854,WH658582,2026-02-04,2026-02-21,Delivered,Paid
SYSPO0003390,PO286971,SUP372793,WH322086,2025-09-13,2025-09-27,Delivered,Paid
SYSPO0003391,PO941870,SUP576086,WH824586,2026-04-26,2026-05-02,Delivered,Paid
SYSPO0003392,PO563835,SUP519093,WH422451,2026-05-31,2026-06-16,Delivered,Paid
SYSPO0003393,PO897064,SUP302511,WH412942,2025-09-27,2025-10-15,Delivered,Pending
SYSPO0003394,PO454084,SUP378361,WH329974,2025-08-07,2025-09-12,Cancelled,Cancelled
SYSPO0003395,PO128648,SUP946305,WH958179,2026-03-06,2026-04-03,Delivered,Paid
SYSPO0003396,PO272935,SUP804318,WH656116,2026-07-31,2026-08-21,In Transit,Pending
SYSPO0003397,PO944495,SUP899213,WH690341,2025-10-05,2025-10-23,Delivered,Paid
SYSPO0003398,PO160028,SUP302511,WH555884,2026-01-10,2026-01-28,Delivered,Paid
SYSPO0003399,PO470500,SUP184491,WH910891,2026-04-15,2026-05-17,Delivered,Paid
SYSPO0003400,PO776968,SUP526117,WH377746,2026-08-03,2026-08-19,Processing,Pending
SYSPO0003401,PO189171,SUP211764,WH658582,2026-07-13,2026-07-30,Delivered,Paid
SYSPO0003402,PO614996,SUP391668,WH582662,2026-07-12,2026-07-25,Delayed,Pending
SYSPO0003403,PO284260,SUP813536,WH112038,2026-02-05,2026-02-26,Delivered,Paid
SYSPO0003404,PO591650,SUP349565,WH567574,2026-02-06,2026-03-04,Delivered,Paid
SYSPO0003405,PO151226,SUP519904,WH922157,2026-04-14,2026-04-28,Delivered,Paid
SYSPO0003406,PO767594,SUP696750,WH324082,2025-10-21,2025-10-28,Delivered,Paid
SYSPO0003407,PO257242,SUP801364,WH526833,2026-05-25,2026-06-16,Delivered,Paid
SYSPO0003408,PO936449,SUP589710,WH460663,2025-11-24,2025-12-13,Delivered,Paid
SYSPO0003409,PO151378,SUP300337,WH356150,2025-12-07,2025-12-20,Delivered,Paid
SYSPO0003410,PO865040,SUP642717,WH322086,2025-11-23,2025-12-07,Cancelled,Cancelled
SYSPO0003411,PO592588,SUP813536,WH922157,2026-04-12,2026-05-03,Delivered,Paid
SYSPO0003412,PO744044,SUP597732,WH515011,2025-08-27,2025-09-22,Delivered,Paid
SYSPO0003413,PO754728,SUP240814,WH555884,2026-07-23,2026-07-29,Delivered,Paid
SYSPO0003414,PO228356,SUP350867,WH233470,2026-05-30,2026-06-14,Delivered,Paid
SYSPO0003415,PO655000,SUP197251,WH686075,2025-09-08,2025-09-15,Delivered,Pending
SYSPO0003416,PO775049,SUP595631,WH785197,2026-04-15,2026-05-10,Delivered,Paid
SYSPO0003417,PO361111,SUP880879,WH656116,2026-03-15,2026-04-22,Delivered,Paid
SYSPO0003418,PO167282,SUP572387,WH212235,2025-11-03,2025-11-19,Delivered,Paid
SYSPO0003419,PO830484,SUP614663,WH690341,2026-02-28,2026-03-17,Delivered,Paid
SYSPO0003420,PO699177,SUP526117,WH781453,2026-05-18,2026-06-03,Delivered,Paid
SYSPO0003421,PO540191,SUP179046,WH112038,2026-05-12,2026-06-01,Delivered,Paid
SYSPO0003422,PO551819,SUP881177,WH380746,2026-07-01,2026-07-15,Delivered,Paid
SYSPO0003423,PO584405,SUP221263,WH656116,2026-08-03,2026-08-27,Processing,Pending
SYSPO0003424,PO762314,SUP259784,WH555884,2025-08-19,2025-08-26,Delivered,Paid
SYSPO0003425,PO404728,SUP671858,WH829716,2026-07-25,2026-08-10,In Transit,Pending
SYSPO0003426,PO856153,SUP705397,WH376807,2026-07-28,2026-08-25,In Transit,Pending
SYSPO0003427,PO408106,SUP614663,WH262316,2025-10-11,2025-10-28,Delayed,Pending
SYSPO0003428,PO124394,SUP184491,WH662336,2026-01-14,2026-02-15,Delivered,Paid
SYSPO0003429,PO404716,SUP757711,WH356150,2026-07-13,2026-07-18,Delivered,Paid
SYSPO0003430,PO683102,SUP519093,WH356150,2026-06-26,2026-07-12,Delivered,Paid
SYSPO0003431,PO240775,SUP260263,WH770487,2025-10-12,2025-10-19,Delivered,Paid
SYSPO0003432,PO456441,SUP523389,WH262316,2026-08-02,2026-08-18,In Transit,Pending
SYSPO0003433,PO994399,SUP887625,WH771088,2026-07-28,2026-08-10,In Transit,Pending
SYSPO0003434,PO319086,SUP944962,WH212235,2025-08-19,2025-09-02,Delivered,Paid
SYSPO0003435,PO843312,SUP887625,WH824586,2026-06-25,2026-07-08,Delivered,Paid
SYSPO0003436,PO207138,SUP899213,WH567574,2026-01-06,2026-01-24,Delivered,Paid
SYSPO0003437,PO856287,SUP680099,WH479201,2026-06-07,2026-06-24,Delivered,Paid
SYSPO0003438,PO722138,SUP642717,WH379766,2026-02-13,2026-02-27,Delivered,Paid
SYSPO0003439,PO524667,SUP245051,WH532322,2025-10-16,2025-11-06,Cancelled,Cancelled
SYSPO0003440,PO526400,SUP955662,WH829716,2026-08-03,2026-08-22,In Transit,Pending
SYSPO0003441,PO886476,SUP690341,WH771088,2026-05-22,2026-05-27,Delivered,Paid
SYSPO0003442,PO584141,SUP335113,WH526117,2026-07-09,2026-07-20,Delivered,Paid
SYSPO0003443,PO108789,SUP446954,WH801474,2026-07-30,2026-08-09,Processing,Pending
SYSPO0003444,PO127859,SUP597732,WH642717,2025-11-25,2025-12-21,Delivered,Paid
SYSPO0003445,PO676444,SUP350867,WH816751,2026-07-11,2026-07-26,Delivered,Paid
SYSPO0003446,PO821836,SUP595631,WH515011,2025-08-19,2025-09-13,Delivered,Paid
SYSPO0003447,PO864685,SUP965845,WH654634,2025-08-08,2025-08-15,Delivered,Pending
SYSPO0003448,PO535694,SUP333238,WH100425,2025-11-28,2025-12-17,Delivered,Paid
SYSPO0003449,PO739361,SUP216970,WH322086,2026-03-13,2026-04-01,Delivered,Paid
SYSPO0003450,PO174357,SUP608257,WH212235,2026-03-27,2026-04-12,Delivered,Paid
SYSPO0003451,PO214143,SUP755788,WH832052,2025-09-15,2025-10-10,Delivered,Paid
SYSPO0003452,PO978775,SUP321275,WH515011,2026-07-31,2026-08-07,In Transit,Pending
SYSPO0003453,PO527063,SUP839677,WH816751,2025-12-13,2025-12-30,Delivered,Paid
SYSPO0003454,PO736032,SUP121753,WH262316,2025-11-23,2025-12-04,Delivered,Paid
SYSPO0003455,PO538586,SUP755788,WH567574,2026-01-28,2026-02-22,Delivered,Paid
SYSPO0003456,PO998920,SUP211764,WH526833,2026-04-11,2026-04-28,Delivered,Paid
SYSPO0003457,PO144935,SUP321275,WH808011,2026-03-03,2026-03-10,Delivered,Paid
SYSPO0003458,PO616293,SUP976325,WH377746,2026-02-24,2026-03-09,Delivered,Paid
SYSPO0003459,PO644566,SUP728492,WH690341,2026-02-12,2026-02-28,Delivered,Paid
SYSPO0003460,PO118841,SUP662275,WH324082,2026-07-16,2026-07-28,Delayed,Pending
SYSPO0003461,PO158077,SUP671858,WH329974,2026-08-04,2026-08-20,In Transit,Pending
SYSPO0003462,PO736933,SUP273982,WH785197,2025-09-26,2025-10-12,Delivered,Paid
SYSPO0003463,PO818178,SUP976325,WH380746,2026-07-01,2026-07-14,Delivered,Paid
SYSPO0003464,PO284033,SUP526117,WH515011,2026-02-16,2026-03-04,Delivered,Paid
SYSPO0003465,PO550671,SUP804318,WH770487,2026-02-02,2026-02-23,Delivered,Paid
SYSPO0003466,PO608842,SUP972335,WH770487,2025-11-18,2025-12-26,Delivered,Paid
SYSPO0003467,PO321101,SUP273982,WH205907,2025-10-18,2025-11-03,Delivered,Pending
SYSPO0003468,PO221455,SUP211764,WH599948,2026-06-15,2026-07-02,Delivered,Paid
SYSPO0003469,PO569164,SUP356150,WH930555,2025-09-17,2025-10-05,Delivered,Paid
SYSPO0003470,PO677019,SUP523389,WH422451,2025-12-11,2025-12-27,Delivered,Paid
SYSPO0003471,PO744358,SUP356150,WH329974,2025-10-07,2025-10-25,Delivered,Paid
SYSPO0003472,PO824679,SUP335113,WH274389,2026-05-15,2026-05-26,Delivered,Paid
SYSPO0003473,PO691881,SUP972335,WH515011,2026-01-30,2026-03-09,Delivered,Paid
SYSPO0003474,PO116539,SUP437902,WH412942,2026-04-13,2026-04-30,Delayed,Pending
SYSPO0003475,PO273645,SUP472060,WH377746,2025-11-12,2025-11-28,Delivered,Paid
SYSPO0003476,PO756369,SUP349565,WH567574,2026-05-11,2026-06-06,Delivered,Paid
SYSPO0003477,PO918433,SUP216970,WH100425,2025-10-16,2025-11-04,Delivered,Paid
SYSPO0003478,PO729471,SUP608257,WH997546,2025-08-10,2025-08-26,Delivered,Paid
SYSPO0003479,PO921591,SUP624902,WH519066,2026-05-18,2026-05-31,Delivered,Paid
SYSPO0003480,PO254069,SUP688508,WH205907,2025-12-13,2025-12-23,Delivered,Paid
SYSPO0003481,PO424632,SUP608257,WH642717,2026-06-08,2026-06-24,Delayed,Pending
SYSPO0003482,PO213618,SUP260422,WH274389,2025-11-27,2025-12-06,Delivered,Paid
SYSPO0003483,PO918443,SUP920652,WH829716,2026-03-13,2026-04-05,Delivered,Paid
SYSPO0003484,PO157433,SUP322955,WH526833,2026-04-23,2026-05-06,Cancelled,Cancelled
SYSPO0003485,PO685009,SUP668532,WH829716,2026-05-26,2026-06-08,Delivered,Paid
SYSPO0003486,PO537994,SUP877236,WH100425,2025-10-19,2025-10-26,Delivered,Paid
SYSPO0003487,PO688942,SUP877236,WH922157,2025-10-12,2025-10-19,Delivered,Paid
SYSPO0003488,PO731662,SUP955662,WH654634,2026-03-30,2026-04-18,Delivered,Paid
SYSPO0003489,PO789186,SUP865990,WH642717,2026-07-03,2026-07-24,Delivered,Paid
SYSPO0003490,PO461426,SUP955662,WH801474,2026-04-10,2026-04-29,Delivered,Paid
SYSPO0003491,PO828910,SUP813536,WH582662,2026-07-19,2026-08-09,In Transit,Pending
SYSPO0003492,PO675932,SUP976325,WH380746,2026-01-09,2026-01-22,Delivered,Paid
SYSPO0003493,PO253734,SUP899213,WH526117,2026-06-22,2026-07-10,Delivered,Paid
SYSPO0003494,PO700743,SUP989545,WH781453,2026-01-18,2026-02-03,Delivered,Paid
SYSPO0003495,PO327155,SUP829308,WH532322,2026-02-21,2026-03-01,Delivered,Paid
SYSPO0003496,PO970962,SUP197251,WH824586,2025-12-10,2025-12-17,Delivered,Paid
SYSPO0003497,PO453215,SUP184491,WH379766,2025-09-07,2025-10-09,Delivered,Paid
SYSPO0003498,PO667770,SUP300896,WH801474,2026-01-07,2026-01-15,Delivered,Paid
SYSPO0003499,PO633757,SUP671858,WH324082,2026-04-21,2026-05-07,Delivered,Paid
SYSPO0003500,PO272223,SUP890170,WH526117,2025-09-11,2025-09-18,Cancelled,Cancelled
SYSPO0003501,PO800151,SUP245051,WH532322,2025-10-15,2025-11-05,Delivered,Paid
SYSPO0003502,PO157829,SUP121753,WH262316,2025-09-28,2025-10-09,Delivered,Paid
SYSPO0003503,PO178702,SUP330914,WH781453,2026-02-06,2026-02-25,Delivered,Paid
SYSPO0003504,PO963318,SUP156213,WH686075,2025-12-08,2025-12-21,Delivered,Paid
SYSPO0003505,PO741799,SUP955662,WH526833,2026-08-03,2026-08-22,In Transit,Pending
SYSPO0003506,PO735996,SUP333238,WH322086,2025-11-09,2025-11-28,Delivered,Paid
SYSPO0003507,PO911235,SUP300337,WH322086,2025-08-07,2025-08-20,Delivered,Paid
SYSPO0003508,PO564848,SUP925981,WH237174,2025-11-14,2025-12-02,Delivered,Paid
SYSPO0003509,PO331222,SUP216970,WH422451,2025-12-31,2026-01-19,Cancelled,Cancelled
SYSPO0003510,PO619326,SUP300337,WH801474,2025-11-04,2025-11-17,Delivered,Paid
SYSPO0003511,PO849013,SUP437408,WH274389,2026-01-25,2026-02-09,Delivered,Paid
SYSPO0003512,PO531642,SUP946305,WH539589,2026-05-24,2026-06-21,Delivered,Paid
SYSPO0003513,PO196541,SUP523389,WH816751,2025-11-16,2025-12-02,Delivered,Paid
SYSPO0003514,PO150011,SUP768854,WH658582,2025-12-11,2025-12-28,Delivered,Paid
SYSPO0003515,PO915519,SUP321275,WH997546,2025-11-30,2025-12-07,Delivered,Paid
SYSPO0003516,PO375564,SUP989545,WH237174,2026-03-19,2026-04-04,Delayed,Pending
SYSPO0003517,PO575913,SUP595631,WH781453,2026-05-12,2026-06-06,Delivered,Paid
SYSPO0003518,PO475263,SUP378361,WH785197,2026-03-15,2026-04-20,Delivered,Paid
SYSPO0003519,PO589887,SUP608257,WH785197,2025-08-09,2025-08-25,Delivered,Pending
SYSPO0003520,PO272252,SUP944962,WH380746,2025-11-14,2025-11-28,Delivered,Paid
SYSPO0003521,PO329502,SUP662275,WH329974,2026-04-15,2026-04-27,Delivered,Paid
SYSPO0003522,PO238785,SUP696750,WH526117,2025-12-22,2025-12-29,Delivered,Paid
SYSPO0003523,PO227154,SUP216970,WH930555,2026-05-01,2026-05-20,Delivered,Paid
SYSPO0003524,PO411142,SUP153872,WH377746,2025-11-04,2025-11-11,Delivered,Pending
SYSPO0003525,PO706922,SUP350867,WH820221,2025-08-29,2025-09-13,Delivered,Paid
SYSPO0003526,PO145090,SUP920652,WH958179,2026-04-21,2026-05-14,Delivered,Paid
SYSPO0003527,PO573682,SUP497887,WH686075,2025-09-19,2025-10-07,Delivered,Paid
SYSPO0003528,PO660130,SUP184491,WH479201,2026-02-01,2026-03-05,Delayed,Pending
SYSPO0003529,PO876907,SUP671858,WH519066,2025-12-02,2025-12-18,Delivered,Paid
SYSPO0003530,PO114694,SUP733039,WH997546,2025-10-06,2025-10-22,Delivered,Paid
SYSPO0003531,PO717604,SUP802729,WH262316,2026-01-09,2026-01-20,Delivered,Paid
SYSPO0003532,PO644656,SUP972064,WH460663,2026-04-28,2026-05-16,Delivered,Paid
SYSPO0003533,PO615171,SUP705397,WH599948,2026-02-16,2026-03-16,Delivered,Paid
SYSPO0003534,PO962500,SUP240814,WH100425,2026-07-29,2026-08-04,Delivered,Paid
SYSPO0003535,PO814637,SUP891937,WH910891,2026-07-18,2026-08-15,In Transit,Pending
SYSPO0003536,PO700231,SUP472060,WH582662,2026-07-15,2026-07-31,Cancelled,Cancelled
SYSPO0003537,PO923769,SUP890170,WH922157,2026-05-05,2026-05-12,Delivered,Paid
SYSPO0003538,PO601556,SUP356150,WH785197,2026-05-30,2026-06-17,Delivered,Paid
SYSPO0003539,PO524762,SUP472060,WH740967,2025-12-03,2025-12-19,Cancelled,Cancelled
SYSPO0003540,PO901674,SUP692683,WH356150,2026-04-30,2026-05-25,Delivered,Paid
SYSPO0003541,PO279243,SUP156213,WH801474,2025-09-19,2025-10-02,Delivered,Paid
SYSPO0003542,PO190375,SUP260263,WH785197,2026-04-10,2026-04-17,Delivered,Paid
SYSPO0003543,PO451326,SUP598216,WH100425,2026-07-26,2026-08-07,Processing,Pending
SYSPO0003544,PO524604,SUP972064,WH555884,2026-08-05,2026-08-23,In Transit,Pending
SYSPO0003545,PO782939,SUP300896,WH922157,2025-11-27,2025-12-05,Delivered,Paid
SYSPO0003546,PO517260,SUP211764,WH519066,2025-12-25,2026-01-11,Delivered,Paid
SYSPO0003547,PO660211,SUP757711,WH356150,2026-03-31,2026-04-05,Delivered,Paid
SYSPO0003548,PO921401,SUP429164,WH526833,2025-10-29,2025-11-15,Delayed,Pending
SYSPO0003549,PO139623,SUP725084,WH658582,2025-10-29,2025-11-15,Delivered,Paid
SYSPO0003550,PO340961,SUP934794,WH212235,2025-09-25,2025-10-01,Delayed,Pending
SYSPO0003551,PO824992,SUP350867,WH532322,2026-02-06,2026-02-21,Delivered,Paid
SYSPO0003552,PO735015,SUP598216,WH205907,2025-10-03,2025-10-15,Delivered,Paid
SYSPO0003553,PO169224,SUP802729,WH555884,2026-01-28,2026-02-08,Delivered,Paid
SYSPO0003554,PO632188,SUP733039,WH658582,2026-05-22,2026-06-07,Delayed,Pending
SYSPO0003555,PO137538,SUP486945,WH740967,2026-03-28,2026-04-20,Delivered,Paid
SYSPO0003556,PO670392,SUP245051,WH555884,2025-12-28,2026-01-18,Delivered,Paid
SYSPO0003557,PO788627,SUP768854,WH377746,2026-01-13,2026-01-30,Delivered,Paid
SYSPO0003558,PO918149,SUP899213,WH412942,2026-05-04,2026-05-22,Delayed,Pending
SYSPO0003559,PO758315,SUP946305,WH816751,2026-03-06,2026-04-03,Delivered,Paid
SYSPO0003560,PO257199,SUP356150,WH656116,2026-07-25,2026-08-12,In Transit,Pending
SYSPO0003561,PO621379,SUP486945,WH829716,2026-02-03,2026-02-26,Delivered,Paid
SYSPO0003562,PO305681,SUP865990,WH526117,2026-05-26,2026-06-16,Cancelled,Cancelled
SYSPO0003563,PO774554,SUP681343,WH820221,2026-03-01,2026-03-16,Delivered,Paid
SYSPO0003564,PO295283,SUP881177,WH801474,2026-06-12,2026-06-26,Delivered,Paid
SYSPO0003565,PO382410,SUP944962,WH205907,2026-04-19,2026-05-03,Delivered,Paid
SYSPO0003566,PO509106,SUP385470,WH930555,2026-06-21,2026-07-11,Delivered,Paid
SYSPO0003567,PO140177,SUP944962,WH771088,2025-10-28,2025-11-11,Delivered,Paid
SYSPO0003568,PO284452,SUP437408,WH658582,2026-05-27,2026-06-11,Delivered,Paid
SYSPO0003569,PO649018,SUP356150,WH112038,2025-11-09,2025-11-27,Delivered,Paid
SYSPO0003570,PO966614,SUP598216,WH555884,2026-04-26,2026-05-08,Delivered,Pending
SYSPO0003571,PO816728,SUP839677,WH770487,2026-05-25,2026-06-11,Delivered,Paid
SYSPO0003572,PO304019,SUP899213,WH429164,2026-03-24,2026-04-11,Delivered,Paid
SYSPO0003573,PO813586,SUP639593,WH771088,2026-07-10,2026-07-17,Delivered,Paid
SYSPO0003574,PO606779,SUP813536,WH686075,2026-06-06,2026-06-27,Delayed,Pending
SYSPO0003575,PO275824,SUP965845,WH324082,2025-09-05,2025-09-12,Delivered,Paid
SYSPO0003576,PO333067,SUP245051,WH801474,2026-02-25,2026-03-18,Delivered,Paid
SYSPO0003577,PO334412,SUP437902,WH910891,2026-01-25,2026-02-11,Delivered,Paid
SYSPO0003578,PO777192,SUP372793,WH237174,2026-02-26,2026-03-12,Delivered,Paid
SYSPO0003579,PO685823,SUP260422,WH539589,2026-05-05,2026-05-14,Delivered,Paid
SYSPO0003580,PO813139,SUP890170,WH274389,2025-12-23,2025-12-30,Delivered,Paid
SYSPO0003581,PO758639,SUP437902,WH479201,2025-09-04,2025-09-21,Delivered,Paid
SYSPO0003582,PO178129,SUP265080,WH832052,2026-07-27,2026-08-12,Processing,Pending
SYSPO0003583,PO272820,SUP285652,WH740967,2026-03-12,2026-04-12,Delivered,Paid
SYSPO0003584,PO347482,SUP598216,WH324082,2025-09-17,2025-09-29,Delivered,Paid
SYSPO0003585,PO513695,SUP680099,WH820221,2025-08-28,2025-09-14,Delivered,Paid
SYSPO0003586,PO967800,SUP589710,WH526833,2026-06-22,2026-07-11,Delivered,Paid
SYSPO0003587,PO749466,SUP300337,WH205907,2026-03-05,2026-03-18,Delivered,Paid
SYSPO0003588,PO650004,SUP265080,WH658582,2026-07-21,2026-08-06,In Transit,Pending
SYSPO0003589,PO992924,SUP965845,WH412942,2026-02-17,2026-02-24,Delivered,Paid
SYSPO0003590,PO987729,SUP624902,WH808011,2025-10-22,2025-11-04,Delivered,Paid
SYSPO0003591,PO907151,SUP300337,WH555884,2026-03-15,2026-03-28,Delivered,Paid
SYSPO0003592,PO745627,SUP572387,WH377746,2026-03-01,2026-03-17,Delivered,Paid
SYSPO0003593,PO734463,SUP519093,WH997546,2025-10-02,2025-10-18,Cancelled,Cancelled
SYSPO0003594,PO478521,SUP572387,WH429164,2025-10-07,2025-10-23,Delivered,Paid
SYSPO0003595,PO904243,SUP446954,WH829716,2025-12-10,2025-12-20,Delivered,Paid
SYSPO0003596,PO684483,SUP133659,WH519066,2026-07-02,2026-07-20,Delivered,Paid
SYSPO0003597,PO711914,SUP842411,WH526117,2026-02-23,2026-03-03,Delivered,Paid
SYSPO0003598,PO413157,SUP765095,WH212235,2026-01-23,2026-02-27,Delivered,Paid
SYSPO0003599,PO876787,SUP842411,WH997546,2025-09-19,2025-09-27,Delivered,Paid
SYSPO0003600,PO481377,SUP523389,WH771088,2026-04-26,2026-05-12,Delivered,Paid
SYSPO0003601,PO626417,SUP595631,WH526833,2025-10-23,2025-11-17,Delivered,Paid
SYSPO0003602,PO187008,SUP197251,WH100425,2026-05-10,2026-05-17,Cancelled,Cancelled
SYSPO0003603,PO992351,SUP668532,WH274389,2026-03-19,2026-04-01,Delivered,Paid
SYSPO0003604,PO490598,SUP904150,WH373903,2026-02-10,2026-03-08,Delivered,Paid
SYSPO0003605,PO347905,SUP265080,WH377746,2025-09-09,2025-09-25,Delivered,Pending
SYSPO0003606,PO221355,SUP887625,WH515011,2026-07-20,2026-08-02,Delivered,Paid
SYSPO0003607,PO456442,SUP265080,WH555884,2026-02-19,2026-03-07,Delivered,Paid
SYSPO0003608,PO682532,SUP613425,WH329974,2026-01-25,2026-02-05,Delivered,Paid
SYSPO0003609,PO645059,SUP680099,WH740967,2026-06-15,2026-07-02,Delivered,Paid
SYSPO0003610,PO251070,SUP240814,WH237174,2025-08-26,2025-09-01,Delayed,Pending
SYSPO0003611,PO332873,SUP472060,WH376807,2026-01-28,2026-02-13,Delivered,Paid
SYSPO0003612,PO406884,SUP437408,WH771088,2025-09-25,2025-10-10,Delivered,Paid
SYSPO0003613,PO987056,SUP804318,WH656116,2026-02-20,2026-03-13,Delayed,Pending
SYSPO0003614,PO172973,SUP802729,WH801474,2026-01-13,2026-01-24,Delivered,Paid
SYSPO0003615,PO946965,SUP736059,WH460663,2026-01-29,2026-02-12,Delivered,Paid
SYSPO0003616,PO309905,SUP378361,WH191161,2026-03-12,2026-04-17,Delivered,Paid
SYSPO0003617,PO754382,SUP356150,WH808011,2025-08-27,2025-09-14,Delivered,Paid
SYSPO0003618,PO644830,SUP768854,WH771088,2026-03-10,2026-03-27,Delivered,Paid
SYSPO0003619,PO679596,SUP260422,WH322086,2026-01-31,2026-02-09,Delivered,Paid
SYSPO0003620,PO523651,SUP302511,WH808011,2026-04-23,2026-05-11,Delivered,Paid
SYSPO0003621,PO289441,SUP576086,WH824586,2026-06-14,2026-06-20,Delivered,Paid
SYSPO0003622,PO480829,SUP891937,WH816751,2025-12-02,2025-12-30,Delivered,Paid
SYSPO0003623,PO134281,SUP307428,WH373903,2026-05-12,2026-05-23,Delivered,Paid
SYSPO0003624,PO996405,SUP755788,WH599948,2025-08-13,2025-09-07,Delivered,Paid
SYSPO0003625,PO207216,SUP156213,WH910891,2026-01-05,2026-01-18,Delivered,Paid
SYSPO0003626,PO226804,SUP920652,WH262316,2025-11-11,2025-12-04,Delivered,Paid
SYSPO0003627,PO564412,SUP624902,WH599948,2026-06-18,2026-07-01,Delivered,Paid
SYSPO0003628,PO295190,SUP197251,WH100425,2025-08-06,2025-08-13,Delivered,Paid
SYSPO0003629,PO694411,SUP256294,WH519066,2026-05-21,2026-06-03,Delivered,Paid
SYSPO0003630,PO205706,SUP497382,WH770487,2025-10-28,2025-11-15,Delivered,Paid
SYSPO0003631,PO771463,SUP925981,WH377746,2026-03-17,2026-04-04,Delivered,Paid
SYSPO0003632,PO274654,SUP526117,WH373903,2025-09-02,2025-09-18,Delivered,Paid
SYSPO0003633,PO705662,SUP572700,WH539589,2025-08-22,2025-09-02,Delivered,Paid
SYSPO0003634,PO228090,SUP877236,WH205907,2026-01-16,2026-01-23,Delivered,Paid
SYSPO0003635,PO617054,SUP728492,WH740967,2025-12-16,2026-01-01,Delivered,Paid
SYSPO0003636,PO120510,SUP725084,WH662336,2026-05-04,2026-05-21,Delivered,Paid
SYSPO0003637,PO912574,SUP526117,WH690341,2025-08-29,2025-09-14,Delivered,Paid
SYSPO0003638,PO568531,SUP972335,WH820221,2026-03-03,2026-04-10,Delivered,Paid
SYSPO0003639,PO269963,SUP705397,WH212235,2025-08-28,2025-09-25,Delivered,Paid
SYSPO0003640,PO896651,SUP624902,WH582662,2026-08-02,2026-08-15,Processing,Pending
SYSPO0003641,PO614145,SUP285652,WH329974,2026-07-18,2026-08-18,In Transit,Pending
SYSPO0003642,PO644153,SUP378361,WH482364,2025-08-31,2025-10-06,Cancelled,Cancelled
SYSPO0003643,PO808020,SUP497887,WH808011,2026-08-02,2026-08-20,In Transit,Pending
SYSPO0003644,PO864624,SUP972335,WH380746,2026-02-04,2026-03-14,Delivered,Paid
SYSPO0003645,PO378199,SUP757711,WH824586,2025-08-17,2025-08-22,Delivered,Paid
SYSPO0003646,PO643816,SUP801364,WH832052,2025-11-24,2025-12-16,Delivered,Paid
SYSPO0003647,PO839196,SUP245051,WH262316,2026-01-10,2026-01-31,Delivered,Paid
SYSPO0003648,PO660977,SUP184491,WH816751,2025-10-13,2025-11-14,Delayed,Pending
SYSPO0003649,PO887068,SUP813536,WH519066,2026-05-30,2026-06-20,Delivered,Paid
SYSPO0003650,PO506691,SUP420214,WH482364,2025-09-26,2025-10-09,Delivered,Paid
SYSPO0003651,PO436314,SUP133659,WH380746,2026-05-29,2026-06-16,Delivered,Paid
SYSPO0003652,PO320254,SUP333238,WH770487,2026-04-11,2026-04-30,Delivered,Paid
SYSPO0003653,PO916782,SUP256294,WH112038,2026-05-15,2026-05-28,Delivered,Paid
SYSPO0003654,PO715387,SUP944962,WH820221,2026-04-12,2026-04-26,Delivered,Paid
SYSPO0003655,PO390648,SUP865990,WH820221,2026-01-15,2026-02-05,Delivered,Paid
SYSPO0003656,PO704555,SUP302511,WH824586,2025-12-28,2026-01-15,Delayed,Pending
SYSPO0003657,PO820134,SUP768854,WH526117,2026-07-17,2026-08-03,Delivered,Paid
SYSPO0003658,PO150768,SUP736059,WH526117,2025-12-31,2026-01-14,Delivered,Paid
SYSPO0003659,PO223815,SUP755788,WH515011,2026-01-26,2026-02-20,Delivered,Paid
SYSPO0003660,PO220760,SUP865990,WH770487,2026-07-08,2026-07-29,Delivered,Paid
SYSPO0003661,PO289485,SUP642717,WH770487,2026-07-27,2026-08-10,In Transit,Pending
SYSPO0003662,PO568179,SUP662275,WH274389,2026-07-23,2026-08-04,Delivered,Paid
SYSPO0003663,PO896867,SUP829308,WH262316,2025-12-29,2026-01-06,Delayed,Pending
SYSPO0003664,PO753235,SUP598216,WH322086,2025-12-28,2026-01-09,Delivered,Paid
SYSPO0003665,PO453698,SUP934794,WH656116,2025-09-05,2025-09-11,Delivered,Paid
SYSPO0003666,PO797453,SUP639593,WH740967,2026-04-27,2026-05-04,Delivered,Paid
SYSPO0003667,PO395745,SUP877236,WH808011,2026-04-19,2026-04-26,Delivered,Paid
SYSPO0003668,PO816221,SUP871711,WH816751,2026-07-10,2026-07-20,Delivered,Paid
SYSPO0003669,PO109166,SUP300337,WH274389,2026-03-02,2026-03-15,Delayed,Pending
SYSPO0003670,PO400640,SUP156213,WH212235,2025-09-25,2025-10-08,Delivered,Paid
SYSPO0003671,PO834659,SUP322955,WH191161,2026-04-15,2026-04-28,Delayed,Pending
SYSPO0003672,PO498978,SUP890170,WH237174,2026-07-05,2026-07-12,Delivered,Paid
SYSPO0003673,PO325043,SUP842411,WH654634,2025-12-18,2025-12-26,Delivered,Paid
SYSPO0003674,PO117918,SUP197251,WH519066,2025-09-20,2025-09-27,Delivered,Paid
SYSPO0003675,PO300022,SUP696750,WH532322,2025-10-13,2025-10-20,Delayed,Pending
SYSPO0003676,PO665852,SUP211764,WH816751,2026-03-01,2026-03-18,Delivered,Paid
SYSPO0003677,PO987454,SUP608257,WH820221,2026-01-04,2026-01-20,Delivered,Paid
SYSPO0003678,PO263756,SUP829308,WH212235,2026-02-26,2026-03-06,Delivered,Paid
SYSPO0003679,PO229093,SUP671858,WH820221,2025-09-23,2025-10-09,Delivered,Paid
SYSPO0003680,PO391431,SUP624902,WH422451,2026-05-14,2026-05-27,Delivered,Paid
SYSPO0003681,PO856597,SUP184491,WH582662,2025-10-30,2025-12-01,Delivered,Paid
SYSPO0003682,PO339286,SUP976325,WH526833,2026-06-25,2026-07-08,Delivered,Paid
SYSPO0003683,PO212239,SUP350867,WH379766,2025-08-06,2025-08-21,Delivered,Paid
SYSPO0003684,PO817696,SUP972335,WH380746,2026-05-25,2026-07-02,Delivered,Paid
SYSPO0003685,PO361826,SUP899213,WH526833,2025-08-13,2025-08-31,Delivered,Paid
SYSPO0003686,PO525239,SUP865990,WH205907,2025-11-28,2025-12-19,Delivered,Paid
SYSPO0003687,PO543745,SUP333238,WH376807,2026-01-31,2026-02-19,Delivered,Paid
SYSPO0003688,PO916190,SUP260263,WH539589,2026-04-23,2026-04-30,Delivered,Paid
SYSPO0003689,PO358051,SUP216970,WH322086,2026-05-11,2026-05-30,Delivered,Paid
SYSPO0003690,PO363296,SUP420214,WH785197,2026-03-04,2026-03-17,Delivered,Paid
SYSPO0003691,PO906519,SUP728492,WH429164,2026-01-16,2026-02-01,Delivered,Paid
SYSPO0003692,PO127939,SUP322955,WH377746,2026-02-27,2026-03-12,Delivered,Paid
SYSPO0003693,PO518002,SUP572387,WH785197,2025-12-30,2026-01-15,Delivered,Paid
SYSPO0003694,PO641358,SUP688508,WH922157,2026-06-20,2026-06-30,Delivered,Paid
SYSPO0003695,PO802749,SUP300337,WH205907,2025-11-02,2025-11-15,Delivered,Paid
SYSPO0003696,PO854757,SUP330914,WH832052,2025-11-09,2025-11-28,Delayed,Pending
SYSPO0003697,PO585968,SUP681343,WH262316,2026-01-30,2026-02-14,Delivered,Paid
SYSPO0003698,PO358477,SUP526117,WH930555,2025-12-17,2026-01-02,Delivered,Paid
SYSPO0003699,PO150120,SUP427110,WH642717,2025-10-04,2025-10-22,Delivered,Paid
SYSPO0003700,PO414820,SUP497382,WH636265,2025-11-20,2025-12-08,Delivered,Paid
SYSPO0003701,PO125994,SUP356150,WH519066,2025-10-17,2025-11-04,Delivered,Paid
SYSPO0003702,PO653776,SUP576086,WH380746,2026-08-04,2026-08-10,In Transit,Pending
SYSPO0003703,PO725119,SUP427110,WH910891,2026-07-10,2026-07-28,Delivered,Paid
SYSPO0003704,PO449975,SUP300337,WH324082,2026-05-13,2026-05-26,Delayed,Pending
SYSPO0003705,PO914748,SUP891937,WH380746,2026-05-29,2026-06-26,Delivered,Paid
SYSPO0003706,PO560824,SUP681343,WH422451,2025-09-17,2025-10-02,Delivered,Paid
SYSPO0003707,PO256147,SUP589710,WH329974,2025-08-17,2025-09-05,Delivered,Paid
SYSPO0003708,PO244936,SUP614663,WH824586,2026-06-15,2026-07-02,Cancelled,Cancelled
SYSPO0003709,PO160377,SUP300896,WH526117,2026-04-18,2026-04-26,Delivered,Paid
SYSPO0003710,PO446377,SUP990844,WH654634,2026-01-14,2026-02-02,Delivered,Paid
SYSPO0003711,PO717101,SUP486945,WH832052,2026-03-31,2026-04-23,Delivered,Paid
SYSPO0003712,PO120602,SUP804318,WH829716,2026-05-29,2026-06-19,Delivered,Paid
SYSPO0003713,PO171245,SUP356150,WH820221,2026-08-03,2026-08-21,In Transit,Pending
SYSPO0003714,PO841875,SUP449499,WH526117,2026-07-14,2026-07-19,Delivered,Paid
SYSPO0003715,PO842107,SUP920652,WH658582,2026-07-16,2026-08-08,In Transit,Pending
SYSPO0003716,PO367933,SUP662275,WH100425,2025-08-11,2025-08-23,Delivered,Paid
SYSPO0003717,PO961627,SUP240814,WH274389,2025-11-06,2025-11-12,Delayed,Pending
SYSPO0003718,PO735551,SUP880879,WH656116,2025-10-24,2025-12-01,Delivered,Paid
SYSPO0003719,PO718992,SUP321275,WH380746,2025-08-31,2025-09-07,Delivered,Paid
SYSPO0003720,PO683576,SUP696750,WH654634,2025-09-13,2025-09-20,Delivered,Pending
SYSPO0003721,PO255650,SUP572700,WH329974,2026-03-23,2026-04-03,Delivered,Paid
SYSPO0003722,PO698755,SUP755788,WH770487,2025-08-18,2025-09-12,Delivered,Paid
SYSPO0003723,PO558116,SUP385470,WH460663,2026-01-25,2026-02-14,Delivered,Paid
SYSPO0003724,PO719682,SUP153872,WH460663,2026-03-25,2026-04-01,Delivered,Pending
SYSPO0003725,PO567736,SUP839677,WH174441,2026-04-22,2026-05-09,Delivered,Paid
SYSPO0003726,PO551712,SUP335615,WH654634,2026-05-05,2026-05-11,Delivered,Paid
SYSPO0003727,PO959636,SUP391668,WH771088,2026-07-09,2026-07-22,Delivered,Paid
SYSPO0003728,PO981881,SUP802729,WH910891,2025-08-23,2025-09-03,Delivered,Paid
SYSPO0003729,PO792521,SUP446954,WH820221,2025-11-08,2025-11-18,Delivered,Paid
SYSPO0003730,PO938007,SUP486945,WH690341,2026-05-19,2026-06-11,Delivered,Paid
SYSPO0003731,PO699326,SUP285652,WH820221,2025-08-22,2025-09-22,Delayed,Pending
SYSPO0003732,PO187556,SUP133659,WH519066,2026-01-08,2026-01-26,Delayed,Pending
SYSPO0003733,PO663611,SUP642717,WH356150,2026-01-22,2026-02-05,Delivered,Paid
SYSPO0003734,PO632904,SUP153872,WH262316,2025-11-04,2025-11-11,Delivered,Pending
SYSPO0003735,PO518383,SUP955662,WH262316,2026-03-02,2026-03-21,Delivered,Paid
SYSPO0003736,PO573213,SUP349565,WH662336,2025-10-28,2025-11-23,Delivered,Paid
SYSPO0003737,PO561744,SUP197251,WH429164,2026-05-24,2026-05-31,Cancelled,Cancelled
SYSPO0003738,PO280958,SUP378361,WH539589,2026-07-06,2026-08-11,Processing,Pending
SYSPO0003739,PO149096,SUP705397,WH460663,2026-06-02,2026-06-30,Delivered,Paid
SYSPO0003740,PO983522,SUP725084,WH262316,2025-08-26,2025-09-12,Delivered,Paid
SYSPO0003741,PO724616,SUP523389,WH412942,2025-09-28,2025-10-14,Delivered,Paid
SYSPO0003742,PO265497,SUP335615,WH237174,2026-02-16,2026-02-22,Delivered,Paid
SYSPO0003743,PO729042,SUP349565,WH832052,2025-11-25,2025-12-21,Delivered,Paid
SYSPO0003744,PO888693,SUP427110,WH958179,2025-11-03,2025-11-21,Delivered,Paid
SYSPO0003745,PO600313,SUP486945,WH599948,2026-06-17,2026-07-10,Delivered,Paid
SYSPO0003746,PO223641,SUP420214,WH482364,2026-07-26,2026-08-08,Processing,Pending
SYSPO0003747,PO709196,SUP153872,WH460663,2026-05-16,2026-05-23,Delivered,Paid
SYSPO0003748,PO678654,SUP497382,WH771088,2026-03-16,2026-04-03,Delivered,Paid
SYSPO0003749,PO824493,SUP650121,WH322086,2025-12-06,2025-12-12,Delivered,Paid
SYSPO0003750,PO582596,SUP459536,WH808011,2026-03-17,2026-03-31,Delivered,Paid
SYSPO0003751,PO517499,SUP260422,WH785197,2026-03-25,2026-04-03,Delivered,Paid
SYSPO0003752,PO542113,SUP265080,WH922157,2026-06-01,2026-06-17,Delivered,Paid
SYSPO0003753,PO855346,SUP920652,WH686075,2026-04-23,2026-05-16,Delayed,Pending
SYSPO0003754,PO378548,SUP598216,WH808011,2026-06-18,2026-06-30,Delivered,Paid
SYSPO0003755,PO260378,SUP688508,WH526117,2025-12-07,2025-12-17,Delivered,Pending
SYSPO0003756,PO472843,SUP972335,WH582662,2025-11-05,2025-12-13,Delivered,Paid
SYSPO0003757,PO231132,SUP598216,WH100425,2025-11-30,2025-12-12,Delivered,Paid
SYSPO0003758,PO332786,SUP156213,WH329974,2026-07-11,2026-07-24,Delivered,Paid
SYSPO0003759,PO743909,SUP813536,WH322086,2025-09-29,2025-10-20,Delivered,Paid
SYSPO0003760,PO602816,SUP260422,WH460663,2026-04-18,2026-04-27,Delayed,Pending
SYSPO0003761,PO566799,SUP321275,WH379766,2026-02-23,2026-03-02,Delivered,Paid
SYSPO0003762,PO414467,SUP302511,WH429164,2025-10-29,2025-11-16,Delivered,Paid
SYSPO0003763,PO893445,SUP804318,WH808011,2026-01-12,2026-02-02,Delivered,Paid
SYSPO0003764,PO954446,SUP944962,WH377746,2025-11-29,2025-12-13,Delayed,Pending
SYSPO0003765,PO849453,SUP955662,WH422451,2025-11-19,2025-12-08,Delivered,Paid
SYSPO0003766,PO100445,SUP333238,WH412942,2025-08-28,2025-09-16,Delivered,Paid
SYSPO0003767,PO436821,SUP865990,WH479201,2026-03-09,2026-03-30,Delivered,Paid
SYSPO0003768,PO273616,SUP639593,WH274389,2026-03-22,2026-03-29,Delayed,Pending
SYSPO0003769,PO416762,SUP526117,WH322086,2026-07-12,2026-07-28,Delivered,Paid
SYSPO0003770,PO433325,SUP598216,WH422451,2026-05-17,2026-05-29,Delivered,Paid
SYSPO0003771,PO925961,SUP333238,WH930555,2026-07-25,2026-08-13,In Transit,Pending
SYSPO0003772,PO592879,SUP671858,WH429164,2025-10-12,2025-10-28,Delivered,Paid
SYSPO0003773,PO640842,SUP664607,WH174441,2026-04-05,2026-05-08,Delivered,Paid
SYSPO0003774,PO673173,SUP925981,WH824586,2026-04-25,2026-05-13,Delivered,Paid
SYSPO0003775,PO102990,SUP733039,WH654634,2026-01-17,2026-02-02,Delivered,Paid
SYSPO0003776,PO183487,SUP891937,WH515011,2026-03-08,2026-04-05,Delivered,Pending
SYSPO0003777,PO925519,SUP349565,WH526833,2026-02-13,2026-03-11,Delivered,Paid
SYSPO0003778,PO757027,SUP472060,WH329974,2025-08-23,2025-09-08,Delayed,Pending
SYSPO0003779,PO746413,SUP513160,WH324082,2025-12-16,2026-01-09,Delivered,Paid
SYSPO0003780,PO676247,SUP240814,WH422451,2026-08-05,2026-08-11,In Transit,Pending
SYSPO0003781,PO694774,SUP642717,WH658582,2026-04-11,2026-04-25,Delivered,Paid
SYSPO0003782,PO716931,SUP618392,WH526833,2026-04-22,2026-05-05,Delayed,Pending
SYSPO0003783,PO151695,SUP944962,WH781453,2025-12-31,2026-01-14,Delivered,Paid
SYSPO0003784,PO289353,SUP153872,WH824586,2026-06-06,2026-06-13,Delivered,Pending
SYSPO0003785,PO358365,SUP946305,WH690341,2026-02-24,2026-03-24,Delivered,Paid
SYSPO0003786,PO597529,SUP972335,WH816751,2025-12-06,2026-01-13,Delivered,Paid
SYSPO0003787,PO724958,SUP519904,WH356150,2026-05-02,2026-05-16,Delivered,Paid
SYSPO0003788,PO541711,SUP513160,WH479201,2026-01-13,2026-02-06,Delivered,Paid
SYSPO0003789,PO204866,SUP972335,WH174441,2026-01-10,2026-02-17,Delivered,Paid
SYSPO0003790,PO108051,SUP870763,WH526117,2025-10-01,2025-10-17,Delivered,Paid
SYSPO0003791,PO946194,SUP356150,WH785197,2025-11-29,2025-12-17,Delivered,Paid
SYSPO0003792,PO149239,SUP990844,WH539589,2025-12-29,2026-01-17,Delayed,Pending
SYSPO0003793,PO815557,SUP725084,WH808011,2025-10-15,2025-11-01,Delivered,Paid
SYSPO0003794,PO556034,SUP572700,WH262316,2026-05-24,2026-06-04,Delivered,Paid
SYSPO0003795,PO374864,SUP662275,WH205907,2026-03-01,2026-03-13,Delivered,Paid
SYSPO0003796,PO544167,SUP211764,WH274389,2026-02-04,2026-02-21,Delivered,Paid
SYSPO0003797,PO130601,SUP121753,WH205907,2025-11-06,2025-11-17,Delivered,Paid
SYSPO0003798,PO331454,SUP990844,WH324082,2026-06-30,2026-07-19,Delivered,Paid
SYSPO0003799,PO237212,SUP184491,WH816751,2025-10-31,2025-12-02,Delivered,Paid
SYSPO0003800,PO499780,SUP285652,WH212235,2025-11-29,2025-12-30,Delivered,Paid
SYSPO0003801,PO834630,SUP842411,WH322086,2026-07-04,2026-07-12,Delivered,Paid
SYSPO0003802,PO737786,SUP813536,WH801474,2026-05-06,2026-05-27,Delivered,Paid
SYSPO0003803,PO808069,SUP618392,WH429164,2025-09-30,2025-10-13,Delivered,Paid
SYSPO0003804,PO408399,SUP671858,WH582662,2026-06-13,2026-06-29,Delayed,Pending
SYSPO0003805,PO548981,SUP285652,WH526833,2026-01-31,2026-03-03,Delivered,Paid
SYSPO0003806,PO900911,SUP335615,WH654634,2026-07-26,2026-08-01,Delivered,Paid
SYSPO0003807,PO285469,SUP990844,WH460663,2025-08-27,2025-09-15,Delivered,Paid
SYSPO0003808,PO993163,SUP322955,WH205907,2026-03-11,2026-03-24,Delivered,Paid
SYSPO0003809,PO770478,SUP813536,WH636265,2026-01-12,2026-02-02,Cancelled,Cancelled
SYSPO0003810,PO662928,SUP736059,WH816751,2026-01-13,2026-01-27,Delivered,Pending
SYSPO0003811,PO604575,SUP335615,WH532322,2026-03-09,2026-03-15,Delayed,Pending
SYSPO0003812,PO182976,SUP302511,WH479201,2026-02-26,2026-03-16,Delivered,Paid
SYSPO0003813,PO923754,SUP972335,WH829716,2025-09-26,2025-11-03,Delayed,Pending
SYSPO0003814,PO241463,SUP307428,WH373903,2026-01-02,2026-01-13,Delivered,Paid
SYSPO0003815,PO545632,SUP572387,WH376807,2025-11-07,2025-11-23,Delivered,Paid
SYSPO0003816,PO313795,SUP842411,WH324082,2025-11-12,2025-11-20,Delivered,Paid
SYSPO0003817,PO339050,SUP378361,WH829716,2025-10-22,2025-11-27,Delivered,Paid
SYSPO0003818,PO889115,SUP990844,WH422451,2025-12-11,2025-12-30,Delivered,Paid
SYSPO0003819,PO277003,SUP211764,WH233470,2026-04-13,2026-04-30,Delayed,Pending
SYSPO0003820,PO283320,SUP437408,WH324082,2025-09-04,2025-09-19,Delivered,Paid
SYSPO0003821,PO343857,SUP690341,WH422451,2026-07-29,2026-08-03,Delivered,Paid
SYSPO0003822,PO381390,SUP976325,WH482364,2026-01-26,2026-02-08,Delivered,Paid
SYSPO0003823,PO784532,SUP472060,WH816751,2026-06-29,2026-07-15,Delivered,Paid
SYSPO0003824,PO306369,SUP733039,WH532322,2025-12-27,2026-01-12,Delivered,Paid
SYSPO0003825,PO847556,SUP335113,WH422451,2025-09-09,2025-09-20,Delivered,Paid
SYSPO0003826,PO866479,SUP420214,WH662336,2026-03-01,2026-03-14,Delivered,Paid
SYSPO0003827,PO188989,SUP497887,WH642717,2026-05-13,2026-05-31,Delivered,Paid
SYSPO0003828,PO354695,SUP614663,WH690341,2026-06-23,2026-07-10,Delivered,Paid
SYSPO0003829,PO613052,SUP589710,WH662336,2025-10-17,2025-11-05,Delivered,Paid
SYSPO0003830,PO497941,SUP662275,WH922157,2025-08-25,2025-09-06,Delivered,Paid
SYSPO0003831,PO113228,SUP349565,WH599948,2025-11-17,2025-12-13,Delivered,Paid
SYSPO0003832,PO358933,SUP497382,WH785197,2025-12-29,2026-01-16,Delivered,Paid
SYSPO0003833,PO505393,SUP356150,WH479201,2026-04-23,2026-05-11,Delayed,Pending
SYSPO0003834,PO440786,SUP871711,WH829716,2026-03-27,2026-04-06,Delivered,Paid
SYSPO0003835,PO340667,SUP285652,WH567574,2026-03-27,2026-04-27,Delivered,Paid
SYSPO0003836,PO926109,SUP839677,WH656116,2025-08-20,2025-09-06,Delivered,Paid
SYSPO0003837,PO597203,SUP870763,WH820221,2026-07-10,2026-07-26,Delivered,Paid
SYSPO0003838,PO280617,SUP881177,WH412942,2025-09-02,2025-09-16,Delivered,Pending
SYSPO0003839,PO374362,SUP437408,WH820221,2025-10-17,2025-11-01,Delivered,Paid
SYSPO0003840,PO661072,SUP690341,WH526117,2026-06-13,2026-06-18,Delivered,Paid
SYSPO0003841,PO572211,SUP736059,WH205907,2026-05-27,2026-06-10,Delivered,Paid
SYSPO0003842,PO782529,SUP344098,WH379766,2026-03-21,2026-04-06,Delivered,Paid
SYSPO0003843,PO254228,SUP330914,WH519066,2026-05-13,2026-06-01,Delayed,Pending
SYSPO0003844,PO665042,SUP429164,WH412942,2026-04-22,2026-05-09,Delivered,Paid
SYSPO0003845,PO714807,SUP121753,WH100425,2026-03-10,2026-03-21,Delivered,Paid
SYSPO0003846,PO420942,SUP865990,WH801474,2025-10-28,2025-11-18,Delivered,Paid
SYSPO0003847,PO209737,SUP650121,WH532322,2026-02-07,2026-02-13,Delivered,Paid
SYSPO0003848,PO343847,SUP184491,WH191161,2025-10-25,2025-11-26,Delivered,Pending
SYSPO0003849,PO666699,SUP696750,WH654634,2026-07-08,2026-07-15,Delivered,Paid
SYSPO0003850,PO313631,SUP801364,WH422451,2026-07-23,2026-08-14,In Transit,Pending
SYSPO0003851,PO346903,SUP330914,WH740967,2025-12-12,2025-12-31,Delivered,Pending
SYSPO0003852,PO777454,SUP589710,WH654634,2025-11-30,2025-12-19,Cancelled,Cancelled
SYSPO0003853,PO956593,SUP260263,WH237174,2026-07-24,2026-07-31,Delayed,Pending
SYSPO0003854,PO280777,SUP265080,WH412942,2025-08-10,2025-08-26,Delivered,Paid
SYSPO0003855,PO252783,SUP307428,WH100425,2025-10-26,2025-11-06,Delivered,Paid
SYSPO0003856,PO284265,SUP598216,WH205907,2026-08-03,2026-08-15,In Transit,Pending
SYSPO0003857,PO504687,SUP259784,WH205907,2025-10-17,2025-10-24,Delivered,Paid
SYSPO0003858,PO632596,SUP613425,WH555884,2026-05-19,2026-05-30,Delivered,Paid
SYSPO0003859,PO957556,SUP920652,WH997546,2025-09-19,2025-10-12,Delivered,Paid
SYSPO0003860,PO164709,SUP664607,WH515011,2026-05-22,2026-06-24,Delivered,Paid
SYSPO0003861,PO355819,SUP459536,WH519066,2026-05-24,2026-06-07,Delayed,Pending
SYSPO0003862,PO891797,SUP156213,WH205907,2026-02-06,2026-02-19,Delivered,Paid
SYSPO0003863,PO903664,SUP976325,WH422451,2026-07-26,2026-08-08,In Transit,Pending
SYSPO0003864,PO424356,SUP221263,WH100425,2025-11-07,2025-12-01,Delivered,Paid
SYSPO0003865,PO928485,SUP344098,WH324082,2026-05-02,2026-05-18,Delivered,Paid
SYSPO0003866,PO117722,SUP121753,WH532322,2026-03-27,2026-04-07,Delivered,Paid
SYSPO0003867,PO488034,SUP153872,WH997546,2026-05-05,2026-05-12,Delayed,Pending
SYSPO0003868,PO716904,SUP887625,WH380746,2025-10-23,2025-11-05,Delivered,Paid
SYSPO0003869,PO822502,SUP990844,WH532322,2026-01-06,2026-01-25,Delivered,Paid
SYSPO0003870,PO542584,SUP904150,WH829716,2026-07-26,2026-08-21,Cancelled,Cancelled
SYSPO0003871,PO778748,SUP300337,WH824586,2025-11-05,2025-11-18,Delayed,Pending
SYSPO0003872,PO190745,SUP378361,WH832052,2026-03-07,2026-04-12,Delivered,Paid
SYSPO0003873,PO395900,SUP184491,WH930555,2025-12-07,2026-01-08,Delivered,Paid
SYSPO0003874,PO743949,SUP839677,WH801474,2026-06-02,2026-06-19,Delivered,Paid
SYSPO0003875,PO115775,SUP391668,WH233470,2025-11-22,2025-12-05,Delivered,Paid
SYSPO0003876,PO674865,SUP972064,WH329974,2025-12-30,2026-01-17,Delivered,Paid
SYSPO0003877,PO695033,SUP880879,WH910891,2026-02-02,2026-03-12,Delivered,Paid
SYSPO0003878,PO653600,SUP650121,WH274389,2026-02-28,2026-03-06,Delivered,Paid
SYSPO0003879,PO766138,SUP391668,WH599948,2026-04-13,2026-04-26,Delivered,Paid
SYSPO0003880,PO771968,SUP904150,WH479201,2025-12-22,2026-01-17,Delivered,Paid
SYSPO0003881,PO941850,SUP965845,WH781453,2025-12-02,2025-12-09,Delivered,Paid
SYSPO0003882,PO576547,SUP335615,WH824586,2025-11-14,2025-11-20,Delivered,Paid
SYSPO0003883,PO191200,SUP880879,WH930555,2025-12-22,2026-01-29,Delivered,Pending
SYSPO0003884,PO576632,SUP692683,WH555884,2026-02-20,2026-03-17,Delivered,Paid
SYSPO0003885,PO996302,SUP725084,WH233470,2026-07-13,2026-07-30,Delivered,Paid
SYSPO0003886,PO245961,SUP925981,WH376807,2026-02-14,2026-03-04,Delivered,Paid
SYSPO0003887,PO223499,SUP891937,WH832052,2026-02-01,2026-03-01,Delivered,Paid
SYSPO0003888,PO884285,SUP300896,WH237174,2025-09-12,2025-09-20,Delivered,Paid
SYSPO0003889,PO178253,SUP976325,WH740967,2026-06-12,2026-06-25,Delivered,Paid
SYSPO0003890,PO251680,SUP259784,WH262316,2026-05-12,2026-05-19,Delivered,Paid
SYSPO0003891,PO244463,SUP245051,WH356150,2026-02-03,2026-02-24,Delivered,Paid
SYSPO0003892,PO600724,SUP613425,WH412942,2026-05-27,2026-06-07,Delivered,Paid
SYSPO0003893,PO841482,SUP572700,WH233470,2026-06-27,2026-07-08,Delivered,Paid
SYSPO0003894,PO210347,SUP965845,WH654634,2025-12-07,2025-12-14,Delivered,Paid
SYSPO0003895,PO147575,SUP976325,WH930555,2026-07-26,2026-08-08,In Transit,Pending
SYSPO0003896,PO103026,SUP429164,WH781453,2025-10-22,2025-11-08,Delivered,Paid
SYSPO0003897,PO100063,SUP650121,WH100425,2025-12-26,2026-01-01,Delayed,Pending
SYSPO0003898,PO762824,SUP680099,WH958179,2025-12-04,2025-12-21,Delivered,Paid
SYSPO0003899,PO388472,SUP300896,WH112038,2026-01-12,2026-01-20,Delivered,Paid
SYSPO0003900,PO988792,SUP300337,WH233470,2025-08-22,2025-09-04,Delayed,Pending
SYSPO0003901,PO687192,SUP688508,WH532322,2026-03-11,2026-03-21,Delivered,Paid
SYSPO0003902,PO161248,SUP449499,WH532322,2026-07-06,2026-07-11,Delivered,Paid
SYSPO0003903,PO641809,SUP813536,WH422451,2025-10-29,2025-11-19,Delivered,Paid
SYSPO0003904,PO194465,SUP899213,WH515011,2026-05-19,2026-06-06,Delayed,Pending
SYSPO0003905,PO668585,SUP871711,WH539589,2025-09-30,2025-10-10,Delivered,Paid
SYSPO0003906,PO689780,SUP946305,WH479201,2025-08-11,2025-09-08,Delivered,Pending
SYSPO0003907,PO740070,SUP887625,WH555884,2025-11-14,2025-11-27,Delivered,Paid
SYSPO0003908,PO955933,SUP877236,WH100425,2026-03-07,2026-03-14,Delivered,Paid
SYSPO0003909,PO145738,SUP330914,WH237174,2026-08-03,2026-08-22,In Transit,Pending
SYSPO0003910,PO932511,SUP725084,WH816751,2026-03-19,2026-04-05,Delivered,Paid
SYSPO0003911,PO134422,SUP572700,WH555884,2026-03-17,2026-03-28,Delivered,Paid
SYSPO0003912,PO115420,SUP153872,WH324082,2026-05-11,2026-05-18,Delayed,Pending
SYSPO0003913,PO834696,SUP829308,WH356150,2026-01-14,2026-01-22,Delivered,Paid
SYSPO0003914,PO845932,SUP449499,WH567574,2025-11-27,2025-12-02,Delivered,Paid
SYSPO0003915,PO936185,SUP990844,WH380746,2025-10-03,2025-10-22,Delivered,Paid
SYSPO0003916,PO999115,SUP420214,WH599948,2025-10-20,2025-11-02,Delivered,Paid
SYSPO0003917,PO595155,SUP197251,WH237174,2025-12-11,2025-12-18,Delivered,Pending
SYSPO0003918,PO931553,SUP920652,WH690341,2025-11-02,2025-11-25,Delayed,Pending
SYSPO0003919,PO425954,SUP877236,WH824586,2025-12-30,2026-01-06,Delivered,Paid
SYSPO0003920,PO137247,SUP765095,WH373903,2026-03-14,2026-04-18,Delivered,Paid
SYSPO0003921,PO796241,SUP197251,WH412942,2026-06-24,2026-07-01,Delivered,Paid
SYSPO0003922,PO411185,SUP925981,WH212235,2025-11-08,2025-11-26,Delayed,Pending
SYSPO0003923,PO863753,SUP768854,WH519066,2026-02-14,2026-03-03,Delivered,Paid
SYSPO0003924,PO353709,SUP300337,WH654634,2026-03-06,2026-03-19,Delivered,Paid
SYSPO0003925,PO525335,SUP870763,WH740967,2026-04-16,2026-05-02,Delayed,Pending
SYSPO0003926,PO881537,SUP211764,WH770487,2026-04-27,2026-05-14,Delivered,Paid
SYSPO0003927,PO852613,SUP688508,WH824586,2025-12-14,2025-12-24,Delivered,Paid
SYSPO0003928,PO673741,SUP598216,WH555884,2025-11-12,2025-11-24,Delayed,Pending
SYSPO0003929,PO338919,SUP899213,WH237174,2026-05-28,2026-06-15,Delayed,Pending
SYSPO0003930,PO761255,SUP733039,WH482364,2026-06-20,2026-07-06,Delivered,Paid
SYSPO0003931,PO450216,SUP350867,WH515011,2026-02-10,2026-02-25,Delivered,Paid
SYSPO0003932,PO152555,SUP449499,WH380746,2026-05-13,2026-05-18,Delivered,Paid
SYSPO0003933,PO481914,SUP725084,WH636265,2026-04-11,2026-04-28,Delivered,Paid
SYSPO0003934,PO110205,SUP736059,WH356150,2026-05-19,2026-06-02,Delivered,Paid
SYSPO0003935,PO440317,SUP497887,WH997546,2026-02-11,2026-03-01,Delivered,Paid
SYSPO0003936,PO128894,SUP688508,WH379766,2026-01-30,2026-02-09,Delivered,Paid
SYSPO0003937,PO204980,SUP639593,WH930555,2025-10-09,2025-10-16,Delivered,Paid
SYSPO0003938,PO820034,SUP765095,WH829716,2026-05-16,2026-06-20,Delivered,Paid
SYSPO0003939,PO566810,SUP870763,WH412942,2026-06-09,2026-06-25,Delivered,Paid
SYSPO0003940,PO124948,SUP260422,WH740967,2025-12-19,2025-12-28,Delivered,Paid
SYSPO0003941,PO957287,SUP613425,WH690341,2025-10-09,2025-10-20,Delivered,Paid
SYSPO0003942,PO100681,SUP513160,WH519066,2025-09-28,2025-10-22,Delivered,Paid
SYSPO0003943,PO923062,SUP871711,WH212235,2026-05-11,2026-05-21,Delivered,Paid
SYSPO0003944,PO537970,SUP497887,WH379766,2026-03-05,2026-03-23,Delayed,Pending
SYSPO0003945,PO216385,SUP519904,WH770487,2026-02-10,2026-02-24,Delivered,Paid
SYSPO0003946,PO463881,SUP662275,WH740967,2025-10-15,2025-10-27,Delivered,Paid
SYSPO0003947,PO559340,SUP598216,WH112038,2026-07-27,2026-08-08,In Transit,Pending
SYSPO0003948,PO204745,SUP920652,WH262316,2026-07-16,2026-08-08,In Transit,Pending
SYSPO0003949,PO586220,SUP920652,WH460663,2026-03-03,2026-03-26,Delayed,Pending
SYSPO0003950,PO718541,SUP523389,WH930555,2026-04-11,2026-04-27,Delivered,Paid
SYSPO0003951,PO969514,SUP680099,WH910891,2025-08-27,2025-09-13,Delivered,Paid
SYSPO0003952,PO810450,SUP664607,WH373903,2026-02-24,2026-03-29,Delayed,Pending
SYSPO0003953,PO112797,SUP989545,WH322086,2025-08-18,2025-09-03,Delivered,Paid
SYSPO0003954,PO465124,SUP597732,WH212235,2026-06-26,2026-07-22,Delayed,Pending
SYSPO0003955,PO549218,SUP839677,WH781453,2026-06-29,2026-07-16,Delivered,Paid
SYSPO0003956,PO167538,SUP322955,WH801474,2025-09-02,2025-09-15,Delivered,Paid
SYSPO0003957,PO332135,SUP240814,WH274389,2026-06-18,2026-06-24,Delivered,Paid
SYSPO0003958,PO671938,SUP944962,WH770487,2026-04-21,2026-05-05,Delivered,Paid
SYSPO0003959,PO819349,SUP614663,WH658582,2025-08-23,2025-09-09,Delivered,Paid
SYSPO0003960,PO134873,SUP829308,WH324082,2026-05-28,2026-06-05,Delivered,Paid
SYSPO0003961,PO113682,SUP614663,WH816751,2025-08-07,2025-08-24,Delivered,Paid
SYSPO0003962,PO964286,SUP322955,WH112038,2026-01-12,2026-01-25,Delivered,Paid
SYSPO0003963,PO600695,SUP349565,WH662336,2025-09-27,2025-10-23,Delivered,Paid
SYSPO0003964,PO602249,SUP880879,WH174441,2026-06-28,2026-08-05,Delivered,Paid
SYSPO0003965,PO328384,SUP597732,WH832052,2026-04-06,2026-05-02,Delivered,Paid
SYSPO0003966,PO493183,SUP972064,WH740967,2025-11-02,2025-11-20,Delivered,Paid
SYSPO0003967,PO895620,SUP671858,WH482364,2025-08-31,2025-09-16,Cancelled,Cancelled
SYSPO0003968,PO268485,SUP265080,WH329974,2026-05-06,2026-05-22,Delivered,Paid
SYSPO0003969,PO497916,SUP871711,WH262316,2025-10-02,2025-10-12,Delivered,Paid
SYSPO0003970,PO210905,SUP972064,WH582662,2025-08-08,2025-08-26,Delivered,Paid
SYSPO0003971,PO295842,SUP870763,WH526117,2025-10-28,2025-11-13,Delivered,Paid
SYSPO0003972,PO199875,SUP934794,WH555884,2026-02-17,2026-02-23,Delivered,Paid
SYSPO0003973,PO774392,SUP330914,WH324082,2026-01-29,2026-02-17,Delivered,Paid
SYSPO0003974,PO768159,SUP513160,WH785197,2025-12-27,2026-01-20,Delivered,Paid
SYSPO0003975,PO222314,SUP650121,WH422451,2025-08-28,2025-09-03,Delivered,Paid
SYSPO0003976,PO746202,SUP330914,WH771088,2026-04-01,2026-04-20,Delivered,Pending
SYSPO0003977,PO578715,SUP240814,WH519066,2026-04-09,2026-04-15,Delivered,Paid
SYSPO0003978,PO669408,SUP662275,WH380746,2026-04-20,2026-05-02,Delivered,Paid
SYSPO0003979,PO279298,SUP437408,WH567574,2026-08-02,2026-08-17,In Transit,Pending
SYSPO0003980,PO426825,SUP925981,WH662336,2026-04-01,2026-04-19,Delivered,Paid
SYSPO0003981,PO539437,SUP121753,WH205907,2026-07-25,2026-08-05,Delivered,Paid
SYSPO0003982,PO488019,SUP842411,WH808011,2026-02-08,2026-02-16,Delivered,Paid
SYSPO0003983,PO585875,SUP770487,WH824586,2026-04-18,2026-05-02,Delivered,Paid
SYSPO0003984,PO220098,SUP384076,WH582662,2026-02-10,2026-02-25,Delivered,Paid
SYSPO0003985,PO888460,SUP300896,WH422451,2025-08-11,2025-08-19,Delivered,Pending
SYSPO0003986,PO203782,SUP757711,WH997546,2025-08-07,2025-08-12,Delivered,Paid
SYSPO0003987,PO230540,SUP680099,WH555884,2026-02-27,2026-03-16,Delivered,Paid
SYSPO0003988,PO554803,SUP871711,WH958179,2026-03-07,2026-03-17,Delivered,Paid
SYSPO0003989,PO489470,SUP870763,WH515011,2026-01-11,2026-01-27,Delivered,Paid
SYSPO0003990,PO428149,SUP813536,WH771088,2025-08-09,2025-08-30,Delivered,Paid
SYSPO0003991,PO838174,SUP870763,WH997546,2025-08-11,2025-08-27,Delivered,Paid
SYSPO0003992,PO886864,SUP690341,WH324082,2026-02-26,2026-03-03,Delayed,Pending
SYSPO0003993,PO902777,SUP613425,WH526833,2026-05-12,2026-05-23,Delivered,Paid
SYSPO0003994,PO262081,SUP372793,WH567574,2025-11-19,2025-12-03,Delayed,Pending
SYSPO0003995,PO280751,SUP614663,WH322086,2026-03-01,2026-03-18,Delivered,Paid
SYSPO0003996,PO156015,SUP330914,WH429164,2025-11-24,2025-12-13,Delayed,Pending
SYSPO0003997,PO857472,SUP302511,WH808011,2025-08-11,2025-08-29,Delivered,Paid
SYSPO0003998,PO744918,SUP459536,WH656116,2026-02-16,2026-03-02,Delivered,Paid
SYSPO0003999,PO339744,SUP133659,WH429164,2026-06-16,2026-07-04,Delivered,Paid
SYSPO0004000,PO390900,SUP335615,WH233470,2026-05-03,2026-05-09,Delivered,Paid
SYSPO0004001,PO238075,SUP725084,WH599948,2026-04-23,2026-05-10,Delivered,Paid
SYSPO0004002,PO477384,SUP285652,WH599948,2026-01-19,2026-02-19,Delivered,Paid
SYSPO0004003,PO870479,SUP802729,WH479201,2026-06-14,2026-06-25,Delivered,Pending
SYSPO0004004,PO390453,SUP589710,WH237174,2026-08-04,2026-08-23,In Transit,Pending
SYSPO0004005,PO237573,SUP259784,WH380746,2026-07-24,2026-07-31,Delivered,Paid
SYSPO0004006,PO233370,SUP335615,WH100425,2025-10-13,2025-10-19,Delivered,Paid
SYSPO0004007,PO914582,SUP595631,WH785197,2025-09-15,2025-10-10,Delivered,Paid
SYSPO0004008,PO526936,SUP890170,WH233470,2026-07-27,2026-08-03,Cancelled,Cancelled
SYSPO0004009,PO964947,SUP285652,WH515011,2025-09-11,2025-10-12,Delivered,Paid
SYSPO0004010,PO968406,SUP891937,WH539589,2026-02-24,2026-03-24,Delivered,Paid
SYSPO0004011,PO200614,SUP692683,WH555884,2025-10-01,2025-10-26,Delivered,Paid
SYSPO0004012,PO269763,SUP642717,WH100425,2025-11-06,2025-11-20,Delivered,Paid
SYSPO0004013,PO878354,SUP446954,WH329974,2025-10-18,2025-10-28,Delivered,Paid
SYSPO0004014,PO266850,SUP526117,WH771088,2026-04-02,2026-04-18,Delivered,Paid
SYSPO0004015,PO983054,SUP925981,WH922157,2026-02-25,2026-03-15,Delivered,Paid
SYSPO0004016,PO510918,SUP526117,WH412942,2025-11-11,2025-11-27,Delivered,Paid
SYSPO0004017,PO224272,SUP372793,WH808011,2026-06-17,2026-07-01,Delivered,Paid
SYSPO0004018,PO684245,SUP668532,WH555884,2025-12-20,2026-01-02,Delayed,Pending
SYSPO0004019,PO512359,SUP871711,WH740967,2025-11-16,2025-11-26,Delayed,Pending
SYSPO0004020,PO142550,SUP335113,WH100425,2026-06-09,2026-06-20,Delivered,Paid
SYSPO0004021,PO698032,SUP216970,WH658582,2026-01-06,2026-01-25,Delivered,Paid
SYSPO0004022,PO709446,SUP321275,WH636265,2025-09-04,2025-09-11,Delivered,Paid
SYSPO0004023,PO137935,SUP335113,WH237174,2025-12-27,2026-01-07,Delayed,Pending
SYSPO0004024,PO305884,SUP696750,WH816751,2026-01-09,2026-01-16,Delivered,Paid
SYSPO0004025,PO537080,SUP839677,WH377746,2026-01-30,2026-02-16,Delivered,Paid
SYSPO0004026,PO575650,SUP736059,WH479201,2026-03-12,2026-03-26,Delivered,Paid
SYSPO0004027,PO974536,SUP989545,WH686075,2025-11-07,2025-11-23,Delivered,Paid
SYSPO0004028,PO924002,SUP891937,WH771088,2026-05-02,2026-05-30,Delivered,Paid
SYSPO0004029,PO681755,SUP965845,WH205907,2025-10-31,2025-11-07,Delivered,Paid
SYSPO0004030,PO991447,SUP216970,WH379766,2025-11-29,2025-12-18,Delivered,Paid
SYSPO0004031,PO616939,SUP459536,WH422451,2026-04-27,2026-05-11,Delayed,Pending
SYSPO0004032,PO875846,SUP576086,WH377746,2026-06-22,2026-06-28,Delivered,Paid
SYSPO0004033,PO960525,SUP887625,WH380746,2026-06-30,2026-07-13,Delivered,Paid
SYSPO0004034,PO376477,SUP240814,WH322086,2025-09-05,2025-09-11,Delivered,Paid
SYSPO0004035,PO240486,SUP990844,WH373903,2026-04-15,2026-05-04,Delayed,Pending
SYSPO0004036,PO295726,SUP770487,WH642717,2026-07-04,2026-07-18,Delivered,Paid
SYSPO0004037,PO357449,SUP639593,WH771088,2026-04-14,2026-04-21,Delayed,Pending
SYSPO0004038,PO136421,SUP260263,WH380746,2026-05-26,2026-06-02,Delivered,Paid
SYSPO0004039,PO800932,SUP259784,WH233470,2025-08-17,2025-08-24,Delivered,Paid
SYSPO0004040,PO487758,SUP891937,WH376807,2025-09-10,2025-10-08,Delivered,Paid
SYSPO0004041,PO807935,SUP639593,WH785197,2026-01-09,2026-01-16,Delivered,Paid
SYSPO0004042,PO846697,SUP770487,WH801474,2025-12-30,2026-01-13,Delivered,Paid
SYSPO0004043,PO766608,SUP934794,WH824586,2025-12-29,2026-01-04,Delayed,Pending
SYSPO0004044,PO351583,SUP613425,WH262316,2026-03-07,2026-03-18,Delivered,Paid
SYSPO0004045,PO512119,SUP690341,WH770487,2026-02-05,2026-02-10,Delayed,Pending
SYSPO0004046,PO627213,SUP300896,WH532322,2025-08-26,2025-09-03,Delayed,Pending
SYSPO0004047,PO318755,SUP486945,WH356150,2026-04-09,2026-05-02,Delivered,Paid
SYSPO0004048,PO123200,SUP770487,WH922157,2025-08-08,2025-08-22,Cancelled,Cancelled
SYSPO0004049,PO448169,SUP899213,WH324082,2026-05-04,2026-05-22,Delivered,Paid
SYSPO0004050,PO518487,SUP671858,WH820221,2025-10-10,2025-10-26,Delivered,Paid
SYSPO0004051,PO516363,SUP925981,WH801474,2025-09-06,2025-09-24,Delivered,Paid
SYSPO0004052,PO351164,SUP597732,WH329974,2026-02-15,2026-03-13,Delivered,Paid
SYSPO0004053,PO485815,SUP877236,WH112038,2026-06-29,2026-07-06,Delivered,Paid
SYSPO0004054,PO399803,SUP976325,WH329974,2026-01-20,2026-02-02,Delayed,Pending
SYSPO0004055,PO782271,SUP179046,WH801474,2026-04-12,2026-05-02,Delivered,Paid
SYSPO0004056,PO535637,SUP877236,WH801474,2026-06-05,2026-06-12,Delivered,Paid
SYSPO0004057,PO853291,SUP245051,WH771088,2025-12-11,2026-01-01,Delivered,Paid
SYSPO0004058,PO580140,SUP624902,WH997546,2026-03-12,2026-03-25,Delivered,Paid
SYSPO0004059,PO131444,SUP650121,WH112038,2026-07-04,2026-07-10,Delivered,Paid
SYSPO0004060,PO275124,SUP955662,WH930555,2025-09-11,2025-09-30,Delayed,Pending
SYSPO0004061,PO675650,SUP639593,WH112038,2026-07-18,2026-07-25,Delivered,Paid
SYSPO0004062,PO264016,SUP335113,WH519066,2026-02-26,2026-03-09,Delivered,Paid
SYSPO0004063,PO284778,SUP624902,WH690341,2026-07-27,2026-08-09,Processing,Pending
SYSPO0004064,PO583031,SUP804318,WH191161,2025-08-21,2025-09-11,Delivered,Paid
SYSPO0004065,PO622248,SUP572387,WH482364,2025-11-02,2025-11-18,Delivered,Pending
SYSPO0004066,PO779587,SUP260422,WH356150,2025-10-26,2025-11-04,Delivered,Paid
SYSPO0004067,PO878013,SUP705397,WH740967,2026-07-21,2026-08-18,In Transit,Pending
SYSPO0004068,PO574969,SUP887625,WH322086,2026-07-08,2026-07-21,Delivered,Paid
SYSPO0004069,PO297447,SUP497382,WH820221,2026-04-30,2026-05-18,Delivered,Paid
SYSPO0004070,PO777071,SUP497887,WH555884,2026-07-15,2026-08-02,Delayed,Pending
SYSPO0004071,PO474456,SUP757711,WH322086,2026-03-13,2026-03-18,Delivered,Paid
SYSPO0004072,PO485338,SUP946305,WH832052,2026-02-05,2026-03-05,Delivered,Paid
SYSPO0004073,PO126547,SUP624902,WH422451,2025-11-18,2025-12-01,Delivered,Paid
SYSPO0004074,PO168904,SUP391668,WH356150,2025-08-23,2025-09-05,Delivered,Paid
SYSPO0004075,PO304333,SUP472060,WH237174,2026-07-29,2026-08-14,In Transit,Pending
SYSPO0004076,PO337721,SUP335615,WH555884,2025-09-02,2025-09-08,Delivered,Paid
SYSPO0004077,PO945281,SUP197251,WH555884,2026-04-27,2026-05-04,Delivered,Paid
SYSPO0004078,PO227531,SUP890170,WH808011,2026-07-30,2026-08-06,In Transit,Pending
SYSPO0004079,PO843636,SUP871711,WH526117,2025-11-21,2025-12-01,Delivered,Paid
SYSPO0004080,PO128090,SUP736059,WH824586,2026-07-20,2026-08-03,Delivered,Paid
SYSPO0004081,PO608181,SUP804318,WH262316,2026-03-03,2026-03-24,Delivered,Pending
SYSPO0004082,PO469359,SUP322955,WH205907,2026-03-11,2026-03-24,Delivered,Paid
SYSPO0004083,PO258100,SUP871711,WH379766,2026-04-17,2026-04-27,Delivered,Paid
SYSPO0004084,PO732700,SUP842411,WH422451,2025-08-17,2025-08-25,Delivered,Paid
SYSPO0004085,PO827179,SUP307428,WH112038,2025-10-13,2025-10-24,Delivered,Paid
SYSPO0004086,PO547554,SUP459536,WH770487,2026-07-31,2026-08-14,In Transit,Pending
SYSPO0004087,PO592350,SUP887625,WH781453,2026-07-01,2026-07-14,Delivered,Pending
SYSPO0004088,PO147774,SUP598216,WH100425,2025-12-05,2025-12-17,Delivered,Pending
SYSPO0004089,PO901627,SUP179046,WH829716,2025-08-11,2025-08-31,Delivered,Paid
SYSPO0004090,PO140448,SUP372793,WH555884,2025-10-24,2025-11-07,Delivered,Paid
SYSPO0004091,PO471427,SUP459536,WH532322,2026-03-20,2026-04-03,Delivered,Paid
SYSPO0004092,PO685394,SUP925981,WH237174,2025-09-29,2025-10-17,Delivered,Paid
SYSPO0004093,PO616942,SUP523389,WH460663,2026-05-24,2026-06-09,Delayed,Pending
SYSPO0004094,PO660078,SUP955662,WH555884,2026-06-19,2026-07-08,Delivered,Paid
SYSPO0004095,PO890365,SUP839677,WH771088,2026-05-08,2026-05-25,Delivered,Pending
SYSPO0004096,PO327216,SUP904150,WH816751,2026-06-19,2026-07-15,Delivered,Paid
SYSPO0004097,PO117707,SUP378361,WH820221,2026-01-06,2026-02-11,Delivered,Pending
SYSPO0004098,PO462918,SUP664607,WH412942,2026-07-31,2026-09-02,In Transit,Pending
SYSPO0004099,PO818618,SUP688508,WH100425,2025-09-03,2025-09-13,Delivered,Paid
SYSPO0004100,PO495341,SUP429164,WH910891,2025-11-29,2025-12-16,Delivered,Pending
SYSPO0004101,PO321316,SUP273982,WH233470,2025-10-07,2025-10-23,Delivered,Paid
SYSPO0004102,PO766298,SUP121753,WH519066,2026-03-12,2026-03-23,Delivered,Paid
SYSPO0004103,PO220313,SUP688508,WH429164,2025-11-06,2025-11-16,Delivered,Paid
SYSPO0004104,PO209619,SUP690341,WH997546,2026-03-13,2026-03-18,Delivered,Paid
SYSPO0004105,PO686039,SUP429164,WH654634,2026-06-25,2026-07-12,Delivered,Paid
SYSPO0004106,PO114210,SUP427110,WH112038,2026-06-30,2026-07-18,Delivered,Paid
SYSPO0004107,PO793211,SUP333238,WH801474,2026-01-03,2026-01-22,Delivered,Paid
SYSPO0004108,PO698643,SUP839677,WH636265,2026-04-24,2026-05-11,Delivered,Paid
SYSPO0004109,PO390297,SUP801364,WH785197,2026-07-19,2026-08-10,In Transit,Pending
SYSPO0004110,PO696301,SUP598216,WH997546,2026-03-02,2026-03-14,Delivered,Paid
SYSPO0004111,PO486177,SUP519093,WH100425,2025-12-11,2025-12-27,Delivered,Paid
SYSPO0004112,PO693731,SUP662275,WH412942,2026-01-01,2026-01-13,Delivered,Paid
SYSPO0004113,PO803096,SUP955662,WH482364,2026-05-25,2026-06-13,Delivered,Pending
SYSPO0004114,PO719639,SUP639593,WH829716,2026-05-19,2026-05-26,Delivered,Paid
SYSPO0004115,PO163122,SUP260422,WH112038,2025-09-28,2025-10-07,Delivered,Paid
SYSPO0004116,PO276923,SUP378361,WH212235,2026-06-07,2026-07-13,Delayed,Pending
SYSPO0004117,PO174575,SUP976325,WH526117,2026-04-29,2026-05-12,Delivered,Paid
SYSPO0004118,PO793771,SUP449499,WH262316,2026-05-13,2026-05-18,Delivered,Paid
SYSPO0004119,PO355486,SUP839677,WH322086,2025-09-04,2025-09-21,Delayed,Pending
SYSPO0004120,PO585236,SUP300896,WH356150,2026-02-15,2026-02-23,Delivered,Paid
SYSPO0004121,PO326093,SUP887625,WH555884,2026-05-21,2026-06-03,Delivered,Paid
SYSPO0004122,PO183784,SUP197251,WH654634,2025-12-17,2025-12-24,Delivered,Paid
SYSPO0004123,PO129693,SUP184491,WH377746,2025-08-25,2025-09-26,Delayed,Pending
SYSPO0004124,PO656183,SUP446954,WH429164,2025-09-11,2025-09-21,Delivered,Paid
SYSPO0004125,PO768364,SUP944962,WH274389,2026-01-21,2026-02-04,Delayed,Pending
SYSPO0004126,PO832203,SUP934794,WH567574,2025-11-03,2025-11-09,Delivered,Paid
SYSPO0004127,PO500798,SUP497382,WH555884,2026-06-26,2026-07-14,Cancelled,Cancelled
SYSPO0004128,PO637389,SUP519093,WH460663,2025-09-03,2025-09-19,Delivered,Paid
SYSPO0004129,PO226931,SUP245051,WH816751,2025-12-15,2026-01-05,Cancelled,Cancelled
SYSPO0004130,PO466063,SUP420214,WH429164,2026-03-28,2026-04-10,Delivered,Paid
SYSPO0004131,PO771176,SUP891937,WH379766,2026-05-30,2026-06-27,Delivered,Paid
SYSPO0004132,PO152367,SUP650121,WH237174,2026-03-31,2026-04-06,Delivered,Paid
SYSPO0004133,PO421042,SUP184491,WH832052,2026-03-24,2026-04-25,Delivered,Paid
SYSPO0004134,PO412207,SUP572700,WH997546,2026-01-06,2026-01-17,Delivered,Paid
SYSPO0004135,PO193351,SUP990844,WH526833,2026-06-01,2026-06-20,Delivered,Paid
SYSPO0004136,PO824174,SUP972064,WH460663,2025-12-09,2025-12-27,Delivered,Paid
SYSPO0004137,PO356129,SUP757711,WH654634,2025-08-16,2025-08-21,Delivered,Paid
SYSPO0004138,PO717467,SUP642717,WH356150,2026-04-08,2026-04-22,Delivered,Paid
SYSPO0004139,PO295529,SUP420214,WH376807,2025-11-19,2025-12-02,Delivered,Paid
SYSPO0004140,PO781651,SUP121753,WH262316,2026-06-05,2026-06-16,Delivered,Paid
SYSPO0004141,PO315889,SUP391668,WH997546,2026-01-26,2026-02-08,Delivered,Paid
SYSPO0004142,PO287953,SUP802729,WH654634,2026-02-11,2026-02-22,Delivered,Paid
SYSPO0004143,PO533612,SUP801364,WH555884,2025-11-01,2025-11-23,Delivered,Paid
SYSPO0004144,PO429267,SUP335615,WH233470,2025-12-21,2025-12-27,Delayed,Pending
SYSPO0004145,PO686773,SUP446954,WH112038,2026-03-07,2026-03-17,Delivered,Paid
SYSPO0004146,PO789395,SUP870763,WH376807,2026-08-05,2026-08-21,In Transit,Pending
SYSPO0004147,PO890331,SUP576086,WH373903,2025-12-28,2026-01-03,Delivered,Paid
SYSPO0004148,PO332161,SUP350867,WH379766,2026-01-19,2026-02-03,Delivered,Paid
SYSPO0004149,PO420185,SUP671858,WH479201,2025-10-16,2025-11-01,Delivered,Paid
SYSPO0004150,PO889558,SUP755788,WH930555,2026-04-25,2026-05-20,Delivered,Paid
SYSPO0004151,PO706411,SUP385470,WH212235,2026-03-20,2026-04-09,Delivered,Paid
SYSPO0004152,PO529830,SUP688508,WH824586,2026-04-18,2026-04-28,Delivered,Paid
SYSPO0004153,PO833592,SUP829308,WH930555,2025-12-30,2026-01-07,Delivered,Paid
SYSPO0004154,PO540536,SUP989545,WH519066,2025-09-07,2025-09-23,Delivered,Paid
SYSPO0004155,PO703580,SUP497887,WH515011,2026-05-31,2026-06-18,Delivered,Paid
SYSPO0004156,PO710939,SUP572700,WH519066,2026-04-02,2026-04-13,Delivered,Pending
SYSPO0004157,PO897178,SUP804318,WH174441,2025-11-27,2025-12-18,Delivered,Paid
SYSPO0004158,PO601992,SUP829308,WH785197,2026-06-10,2026-06-18,Delivered,Paid
SYSPO0004159,PO464639,SUP925981,WH539589,2025-11-08,2025-11-26,Delivered,Paid
SYSPO0004160,PO453032,SUP572700,WH262316,2026-05-08,2026-05-19,Delivered,Paid
SYSPO0004161,PO139103,SUP589710,WH377746,2025-09-02,2025-09-21,Delivered,Paid
SYSPO0004162,PO989461,SUP330914,WH112038,2025-09-05,2025-09-24,Delivered,Paid
SYSPO0004163,PO334300,SUP690341,WH824586,2025-11-17,2025-11-22,Delivered,Paid
SYSPO0004164,PO473053,SUP881177,WH662336,2025-10-03,2025-10-17,Delivered,Paid
SYSPO0004165,PO583887,SUP321275,WH922157,2025-12-30,2026-01-06,Delivered,Paid
SYSPO0004166,PO723803,SUP356150,WH997546,2026-05-08,2026-05-26,Delivered,Paid
SYSPO0004167,PO980366,SUP153872,WH930555,2026-06-05,2026-06-12,Delayed,Pending
SYSPO0004168,PO551143,SUP624902,WH100425,2026-04-08,2026-04-21,Delayed,Pending
SYSPO0004169,PO172125,SUP121753,WH379766,2025-10-03,2025-10-14,Delivered,Paid
SYSPO0004170,PO829560,SUP624902,WH808011,2026-05-19,2026-06-01,Delivered,Paid
SYSPO0004171,PO668369,SUP705397,WH212235,2026-01-03,2026-01-31,Delivered,Paid
SYSPO0004172,PO299747,SUP650121,WH801474,2025-12-05,2025-12-11,Delivered,Paid
SYSPO0004173,PO999652,SUP944962,WH656116,2025-12-23,2026-01-06,Delivered,Paid
SYSPO0004174,PO526327,SUP972064,WH422451,2025-09-15,2025-10-03,Cancelled,Cancelled
SYSPO0004175,PO343259,SUP589710,WH237174,2025-09-09,2025-09-28,Delivered,Paid
SYSPO0004176,PO826816,SUP589710,WH237174,2025-08-07,2025-08-26,Delivered,Paid
SYSPO0004177,PO971571,SUP765095,WH832052,2025-12-02,2026-01-06,Delivered,Pending
SYSPO0004178,PO782754,SUP642717,WH379766,2026-01-24,2026-02-07,Delivered,Paid
SYSPO0004179,PO394209,SUP728492,WH322086,2025-12-22,2026-01-07,Delivered,Paid
SYSPO0004180,PO943807,SUP595631,WH662336,2026-05-27,2026-06-21,Delivered,Paid
SYSPO0004181,PO399941,SUP618392,WH771088,2025-11-17,2025-11-30,Delivered,Paid
SYSPO0004182,PO317935,SUP216970,WH322086,2025-09-13,2025-10-02,Delivered,Paid
SYSPO0004183,PO975262,SUP920652,WH532322,2025-09-25,2025-10-18,Delayed,Pending
SYSPO0004184,PO954659,SUP519904,WH324082,2025-09-07,2025-09-21,Delivered,Paid
SYSPO0004185,PO289974,SUP688508,WH322086,2025-10-16,2025-10-26,Delivered,Paid
SYSPO0004186,PO895634,SUP330914,WH771088,2026-01-19,2026-02-07,Delivered,Pending
SYSPO0004187,PO753900,SUP384076,WH770487,2026-01-26,2026-02-10,Cancelled,Cancelled
SYSPO0004188,PO446228,SUP946305,WH212235,2026-03-09,2026-04-06,Delivered,Paid
SYSPO0004189,PO110444,SUP335615,WH356150,2026-03-08,2026-03-14,Delivered,Paid
SYSPO0004190,PO562393,SUP801364,WH824586,2026-02-20,2026-03-14,Delivered,Paid
SYSPO0004191,PO921363,SUP333238,WH740967,2026-01-10,2026-01-29,Delivered,Paid
SYSPO0004192,PO547603,SUP755788,WH582662,2025-09-14,2025-10-09,Delivered,Paid
SYSPO0004193,PO953363,SUP356150,WH237174,2025-08-15,2025-09-02,Delivered,Paid
SYSPO0004194,PO772928,SUP613425,WH356150,2025-09-08,2025-09-19,Delivered,Paid
SYSPO0004195,PO342043,SUP449499,WH429164,2025-12-20,2025-12-25,Delivered,Paid
SYSPO0004196,PO384010,SUP285652,WH174441,2026-03-08,2026-04-08,Delivered,Paid
SYSPO0004197,PO938394,SUP391668,WH662336,2025-09-10,2025-09-23,Delivered,Paid
SYSPO0004198,PO117181,SUP427110,WH740967,2026-03-24,2026-04-11,Delivered,Paid
SYSPO0004199,PO935787,SUP990844,WH801474,2026-03-25,2026-04-13,Delivered,Paid
SYSPO0004200,PO953880,SUP486945,WH515011,2026-06-05,2026-06-28,Delayed,Pending
SYSPO0004201,PO673009,SUP881177,WH829716,2025-12-08,2025-12-22,Delivered,Paid
SYSPO0004202,PO599423,SUP595631,WH642717,2026-07-06,2026-07-31,Delivered,Paid
SYSPO0004203,PO924872,SUP335113,WH654634,2026-01-01,2026-01-12,Delayed,Pending
SYSPO0004204,PO477236,SUP459536,WH262316,2025-08-09,2025-08-23,Delivered,Paid
SYSPO0004205,PO261571,SUP802729,WH832052,2025-11-26,2025-12-07,Delivered,Paid
SYSPO0004206,PO167202,SUP881177,WH785197,2026-01-12,2026-01-26,Delivered,Paid
SYSPO0004207,PO713346,SUP285652,WH771088,2026-01-02,2026-02-02,Delivered,Paid
SYSPO0004208,PO367095,SUP944962,WH824586,2026-06-03,2026-06-17,Delayed,Pending
SYSPO0004209,PO757667,SUP156213,WH824586,2025-09-06,2025-09-19,Delivered,Paid
SYSPO0004210,PO295356,SUP384076,WH658582,2026-05-13,2026-05-28,Delivered,Paid
SYSPO0004211,PO656705,SUP523389,WH460663,2026-07-20,2026-08-05,Delayed,Pending
SYSPO0004212,PO830741,SUP259784,WH274389,2026-03-10,2026-03-17,Delayed,Pending
SYSPO0004213,PO946559,SUP335113,WH532322,2026-07-22,2026-08-02,Delivered,Paid
SYSPO0004214,PO576488,SUP260422,WH829716,2025-11-07,2025-11-16,Delivered,Paid
SYSPO0004215,PO936698,SUP662275,WH262316,2026-03-15,2026-03-27,Delivered,Paid
SYSPO0004216,PO749515,SUP890170,WH532322,2026-02-23,2026-03-02,Delivered,Paid
SYSPO0004217,PO901445,SUP245051,WH379766,2025-10-09,2025-10-30,Delivered,Paid
SYSPO0004218,PO616140,SUP668532,WH322086,2026-04-28,2026-05-11,Delivered,Paid
SYSPO0004219,PO290618,SUP829308,WH205907,2025-12-30,2026-01-07,Delivered,Paid
SYSPO0004220,PO218475,SUP216970,WH519066,2025-10-09,2025-10-28,Delivered,Paid
SYSPO0004221,PO373335,SUP321275,WH824586,2025-09-27,2025-10-04,Delivered,Paid
SYSPO0004222,PO871689,SUP513160,WH997546,2025-11-17,2025-12-11,Delivered,Paid
SYSPO0004223,PO403978,SUP813536,WH519066,2025-11-29,2025-12-20,Delivered,Paid
SYSPO0004224,PO419535,SUP865990,WH205907,2025-11-17,2025-12-08,Delivered,Paid
SYSPO0004225,PO384124,SUP321275,WH567574,2026-02-12,2026-02-19,Delivered,Paid
SYSPO0004226,PO743668,SUP576086,WH771088,2025-09-30,2025-10-06,Delivered,Paid
SYSPO0004227,PO903302,SUP725084,WH658582,2025-08-29,2025-09-15,Delivered,Paid
SYSPO0004228,PO754221,SUP891937,WH930555,2025-10-08,2025-11-05,Delivered,Paid
SYSPO0004229,PO726768,SUP639593,WH654634,2026-01-20,2026-01-27,Delivered,Paid
SYSPO0004230,PO622199,SUP813536,WH771088,2025-11-20,2025-12-11,Delivered,Paid
SYSPO0004231,PO694792,SUP344098,WH100425,2026-01-15,2026-01-31,Delivered,Paid
SYSPO0004232,PO669100,SUP121753,WH801474,2025-11-29,2025-12-10,Delivered,Paid
SYSPO0004233,PO486804,SUP427110,WH322086,2026-02-09,2026-02-27,Delivered,Paid
SYSPO0004234,PO222710,SUP642717,WH824586,2026-06-04,2026-06-18,Delivered,Paid
SYSPO0004235,PO530453,SUP765095,WH662336,2025-09-03,2025-10-08,Delivered,Paid
SYSPO0004236,PO797135,SUP335113,WH205907,2025-12-23,2026-01-03,Delivered,Paid
SYSPO0004237,PO951825,SUP639593,WH922157,2025-11-10,2025-11-17,Delivered,Paid
SYSPO0004238,PO411069,SUP842411,WH112038,2025-11-08,2025-11-16,Delivered,Paid
SYSPO0004239,PO371800,SUP614663,WH808011,2026-05-11,2026-05-28,Delivered,Paid
SYSPO0004240,PO201812,SUP671858,WH379766,2026-04-04,2026-04-20,Delivered,Paid
SYSPO0004241,PO897214,SUP839677,WH658582,2026-02-13,2026-03-02,Delivered,Paid
SYSPO0004242,PO335352,SUP335113,WH519066,2026-03-23,2026-04-03,Delivered,Paid
SYSPO0004243,PO259215,SUP179046,WH567574,2026-04-01,2026-04-21,Delayed,Pending
SYSPO0004244,PO179974,SUP240814,WH686075,2025-10-19,2025-10-25,Delivered,Paid
SYSPO0004245,PO218124,SUP302511,WH824586,2026-01-29,2026-02-16,Delivered,Paid
SYSPO0004246,PO537420,SUP842411,WH112038,2025-09-15,2025-09-23,Delayed,Pending
SYSPO0004247,PO108845,SUP671858,WH832052,2025-09-26,2025-10-12,Delivered,Paid
SYSPO0004248,PO683293,SUP989545,WH824586,2025-12-01,2025-12-17,Delivered,Paid
SYSPO0004249,PO977838,SUP427110,WH922157,2025-08-07,2025-08-25,Delivered,Paid
SYSPO0004250,PO626884,SUP472060,WH832052,2026-01-05,2026-01-21,Delivered,Paid
SYSPO0004251,PO428915,SUP344098,WH526833,2025-12-12,2025-12-28,Delivered,Paid
SYSPO0004252,PO521240,SUP613425,WH785197,2026-06-27,2026-07-08,Delayed,Pending
SYSPO0004253,PO425889,SUP589710,WH997546,2026-04-02,2026-04-21,Delivered,Paid
SYSPO0004254,PO410582,SUP245051,WH658582,2025-12-30,2026-01-20,Delivered,Paid
SYSPO0004255,PO947944,SUP870763,WH112038,2026-06-13,2026-06-29,Delivered,Paid
SYSPO0004256,PO823703,SUP690341,WH324082,2026-07-05,2026-07-10,Delivered,Paid
SYSPO0004257,PO327497,SUP920652,WH429164,2025-12-10,2026-01-02,Delivered,Paid
SYSPO0004258,PO695960,SUP829308,WH662336,2026-01-22,2026-01-30,Delivered,Paid
SYSPO0004259,PO965476,SUP384076,WH824586,2025-12-12,2025-12-27,Delivered,Paid
SYSPO0004260,PO703316,SUP216970,WH373903,2026-01-19,2026-02-07,Delivered,Paid
SYSPO0004261,PO308837,SUP880879,WH770487,2026-06-17,2026-07-25,Cancelled,Cancelled
SYSPO0004262,PO329994,SUP519904,WH816751,2026-06-20,2026-07-04,Cancelled,Cancelled
SYSPO0004263,PO821618,SUP273982,WH205907,2026-07-04,2026-07-20,Cancelled,Cancelled
SYSPO0004264,PO105644,SUP804318,WH482364,2026-04-14,2026-05-05,Delayed,Pending
SYSPO0004265,PO665435,SUP887625,WH636265,2026-03-23,2026-04-05,Delivered,Paid
SYSPO0004266,PO104035,SUP344098,WH205907,2025-09-26,2025-10-12,Delivered,Paid
SYSPO0004267,PO356137,SUP972335,WH599948,2025-11-29,2026-01-06,Cancelled,Cancelled
SYSPO0004268,PO472536,SUP613425,WH539589,2025-12-07,2025-12-18,Delayed,Pending
SYSPO0004269,PO745864,SUP597732,WH658582,2026-03-27,2026-04-22,Delivered,Paid
SYSPO0004270,PO162538,SUP829308,WH816751,2026-05-02,2026-05-10,Delivered,Paid
SYSPO0004271,PO579606,SUP350867,WH379766,2025-10-22,2025-11-06,Delayed,Pending
SYSPO0004272,PO285923,SUP664607,WH212235,2026-02-07,2026-03-12,Delivered,Paid
SYSPO0004273,PO805875,SUP302511,WH642717,2025-12-05,2025-12-23,Delivered,Paid
SYSPO0004274,PO187348,SUP880879,WH740967,2025-10-12,2025-11-19,Delivered,Pending
SYSPO0004275,PO950736,SUP526117,WH482364,2026-01-06,2026-01-22,Delivered,Paid
SYSPO0004276,PO678971,SUP733039,WH100425,2025-12-06,2025-12-22,Delayed,Pending
SYSPO0004277,PO177998,SUP572700,WH380746,2025-11-26,2025-12-07,Delivered,Paid
SYSPO0004278,PO336568,SUP437408,WH515011,2026-05-17,2026-06-01,Delivered,Paid
SYSPO0004279,PO632783,SUP946305,WH656116,2026-05-01,2026-05-29,Delivered,Paid
SYSPO0004280,PO863701,SUP184491,WH412942,2026-04-07,2026-05-09,Delivered,Paid
SYSPO0004281,PO872048,SUP420214,WH205907,2026-02-11,2026-02-24,Delivered,Paid
SYSPO0004282,PO504375,SUP755788,WH479201,2026-03-16,2026-04-10,Delivered,Paid
SYSPO0004283,PO488218,SUP429164,WH460663,2026-06-04,2026-06-21,Delivered,Paid
SYSPO0004284,PO205330,SUP121753,WH380746,2025-11-07,2025-11-18,Delivered,Paid
SYSPO0004285,PO736169,SUP944962,WH599948,2025-12-09,2025-12-23,Delayed,Pending
SYSPO0004286,PO627609,SUP904150,WH832052,2025-12-29,2026-01-24,Delivered,Paid
SYSPO0004287,PO659143,SUP690341,WH112038,2025-11-21,2025-11-26,Delivered,Paid
SYSPO0004288,PO286851,SUP871711,WH237174,2026-06-18,2026-06-28,Delayed,Pending
SYSPO0004289,PO257994,SUP372793,WH656116,2026-06-06,2026-06-20,Delivered,Pending
SYSPO0004290,PO518647,SUP877236,WH324082,2026-01-04,2026-01-11,Delivered,Paid
SYSPO0004291,PO969723,SUP197251,WH824586,2025-12-24,2025-12-31,Delivered,Paid
SYSPO0004292,PO631868,SUP519093,WH274389,2025-09-18,2025-10-04,Delivered,Paid
SYSPO0004293,PO556293,SUP624902,WH380746,2026-08-01,2026-08-14,In Transit,Pending
SYSPO0004294,PO874031,SUP804318,WH429164,2026-03-11,2026-04-01,Delivered,Paid
SYSPO0004295,PO566670,SUP608257,WH654634,2025-10-21,2025-11-06,Delivered,Paid
SYSPO0004296,PO718938,SUP265080,WH233470,2026-03-22,2026-04-07,Delivered,Paid
SYSPO0004297,PO607962,SUP221263,WH930555,2026-03-04,2026-03-28,Delivered,Paid
SYSPO0004298,PO421906,SUP256294,WH324082,2025-10-13,2025-10-26,Delivered,Paid
SYSPO0004299,PO747817,SUP768854,WH662336,2026-04-26,2026-05-13,Delivered,Paid
SYSPO0004300,PO941721,SUP427110,WH422451,2026-05-30,2026-06-17,Delivered,Paid
SYSPO0004301,PO584487,SUP472060,WH910891,2026-03-06,2026-03-22,Delivered,Paid
SYSPO0004302,PO460041,SUP523389,WH422451,2025-08-15,2025-08-31,Delivered,Paid
SYSPO0004303,PO212006,SUP285652,WH770487,2026-05-14,2026-06-14,Delivered,Paid
SYSPO0004304,PO404103,SUP333238,WH771088,2026-01-31,2026-02-19,Delivered,Paid
SYSPO0004305,PO639775,SUP955662,WH237174,2026-05-07,2026-05-26,Delivered,Paid
SYSPO0004306,PO976288,SUP133659,WH599948,2025-10-25,2025-11-12,Delivered,Paid
SYSPO0004307,PO515978,SUP705397,WH460663,2026-01-22,2026-02-19,Delivered,Paid
SYSPO0004308,PO980664,SUP920652,WH636265,2026-06-10,2026-07-03,Delivered,Paid
SYSPO0004309,PO209444,SUP335113,WH654634,2025-11-26,2025-12-07,Delivered,Paid
SYSPO0004310,PO299181,SUP887625,WH539589,2026-06-23,2026-07-06,Delivered,Paid
SYSPO0004311,PO954383,SUP725084,WH770487,2026-05-01,2026-05-18,Delivered,Paid
SYSPO0004312,PO374634,SUP642717,WH274389,2025-08-31,2025-09-14,Delayed,Pending
SYSPO0004313,PO536201,SUP273982,WH636265,2026-06-19,2026-07-05,Delivered,Paid
SYSPO0004314,PO488558,SUP322955,WH112038,2026-06-30,2026-07-13,Delivered,Paid
SYSPO0004315,PO855188,SUP497382,WH829716,2026-06-10,2026-06-28,Delivered,Paid
SYSPO0004316,PO916373,SUP990844,WH191161,2026-06-09,2026-06-28,Cancelled,Cancelled
SYSPO0004317,PO474799,SUP887625,WH820221,2026-01-10,2026-01-23,Delivered,Paid
SYSPO0004318,PO300888,SUP613425,WH356150,2026-04-23,2026-05-04,Delayed,Pending
SYSPO0004319,PO408480,SUP472060,WH958179,2026-02-14,2026-03-02,Delivered,Paid
SYSPO0004320,PO856037,SUP497382,WH212235,2025-09-28,2025-10-16,Delivered,Paid
SYSPO0004321,PO773960,SUP519093,WH654634,2026-04-07,2026-04-23,Delivered,Paid
SYSPO0004322,PO490449,SUP256294,WH555884,2025-11-30,2025-12-13,Delivered,Paid
SYSPO0004323,PO417735,SUP934794,WH785197,2025-11-06,2025-11-12,Delivered,Paid
SYSPO0004324,PO607456,SUP197251,WH997546,2025-11-11,2025-11-18,Delivered,Paid
SYSPO0004325,PO520341,SUP259784,WH112038,2026-04-17,2026-04-24,Delivered,Paid
SYSPO0004326,PO925646,SUP904150,WH958179,2025-10-03,2025-10-29,Delivered,Paid
SYSPO0004327,PO557376,SUP211764,WH262316,2026-05-09,2026-05-26,Delivered,Paid
SYSPO0004328,PO293186,SUP705397,WH460663,2026-01-16,2026-02-13,Cancelled,Cancelled
SYSPO0004329,PO347371,SUP690341,WH356150,2026-06-07,2026-06-12,Delayed,Pending
SYSPO0004330,PO409220,SUP572700,WH205907,2025-12-29,2026-01-09,Delivered,Paid
SYSPO0004331,PO507683,SUP770487,WH460663,2025-09-02,2025-09-16,Delivered,Paid
SYSPO0004332,PO726301,SUP770487,WH555884,2026-01-26,2026-02-09,Delivered,Paid
SYSPO0004333,PO964120,SUP965845,WH824586,2026-03-25,2026-04-01,Delivered,Paid
SYSPO0004334,PO185810,SUP757711,WH100425,2026-02-07,2026-02-12,Delivered,Paid
SYSPO0004335,PO274298,SUP322955,WH690341,2026-03-19,2026-04-01,Delivered,Paid
SYSPO0004336,PO877018,SUP211764,WH379766,2026-01-07,2026-01-24,Delivered,Paid
SYSPO0004337,PO171292,SUP333238,WH539589,2026-02-28,2026-03-19,Delivered,Paid
SYSPO0004338,PO250141,SUP613425,WH636265,2026-02-17,2026-02-28,Delivered,Paid
SYSPO0004339,PO773749,SUP842411,WH808011,2026-07-29,2026-08-06,In Transit,Pending
SYSPO0004340,PO846969,SUP427110,WH324082,2026-07-28,2026-08-15,In Transit,Pending
SYSPO0004341,PO289734,SUP427110,WH526117,2026-07-08,2026-07-26,Delivered,Paid
SYSPO0004342,PO246740,SUP705397,WH599948,2026-04-30,2026-05-28,Delivered,Paid
SYSPO0004343,PO613019,SUP133659,WH262316,2026-01-14,2026-02-01,Delivered,Paid
SYSPO0004344,PO154762,SUP133659,WH690341,2026-03-04,2026-03-22,Delivered,Paid
SYSPO0004345,PO197251,SUP595631,WH930555,2025-08-19,2025-09-13,Delivered,Paid
SYSPO0004346,PO901831,SUP372793,WH212235,2026-06-08,2026-06-22,Delivered,Paid
SYSPO0004347,PO559654,SUP519093,WH460663,2025-12-22,2026-01-07,Delivered,Paid
SYSPO0004348,PO473719,SUP449499,WH922157,2026-05-04,2026-05-09,Delivered,Paid
SYSPO0004349,PO372585,SUP259784,WH555884,2026-07-18,2026-07-25,Delivered,Paid
SYSPO0004350,PO342606,SUP865990,WH112038,2026-06-16,2026-07-07,Cancelled,Cancelled
SYSPO0004351,PO304719,SUP865990,WH690341,2026-03-01,2026-03-22,Delivered,Paid
SYSPO0004352,PO171982,SUP391668,WH740967,2026-03-23,2026-04-05,Delivered,Paid
SYSPO0004353,PO730063,SUP688508,WH824586,2026-04-09,2026-04-19,Cancelled,Cancelled
SYSPO0004354,PO597480,SUP877236,WH997546,2026-07-26,2026-08-02,Delivered,Paid
SYSPO0004355,PO282544,SUP256294,WH379766,2025-09-07,2025-09-20,Delivered,Paid
SYSPO0004356,PO681804,SUP197251,WH816751,2025-09-16,2025-09-23,Delivered,Paid
SYSPO0004357,PO228164,SUP662275,WH212235,2026-05-30,2026-06-11,Delivered,Paid
SYSPO0004358,PO323039,SUP839677,WH233470,2025-11-09,2025-11-26,Delivered,Paid
SYSPO0004359,PO636721,SUP302511,WH599948,2026-04-17,2026-05-05,Delivered,Paid
SYSPO0004360,PO545493,SUP613425,WH233470,2026-04-20,2026-05-01,Delivered,Paid
SYSPO0004361,PO191878,SUP576086,WH820221,2025-12-20,2025-12-26,Delivered,Paid
SYSPO0004362,PO948373,SUP613425,WH690341,2025-10-08,2025-10-19,Delivered,Paid
SYSPO0004363,PO320096,SUP589710,WH642717,2026-04-13,2026-05-02,Delivered,Paid
SYSPO0004364,PO494338,SUP259784,WH801474,2026-03-30,2026-04-06,Delivered,Paid
SYSPO0004365,PO716082,SUP378361,WH781453,2025-08-22,2025-09-27,Delivered,Paid
SYSPO0004366,PO681019,SUP877236,WH100425,2026-03-11,2026-03-18,Delivered,Paid
SYSPO0004367,PO345317,SUP519093,WH642717,2026-04-12,2026-04-28,Delivered,Paid
SYSPO0004368,PO529495,SUP680099,WH636265,2026-04-25,2026-05-12,Delayed,Pending
SYSPO0004369,PO409129,SUP333238,WH380746,2026-04-13,2026-05-02,Delivered,Paid
SYSPO0004370,PO411994,SUP842411,WH356150,2026-01-07,2026-01-15,Delivered,Paid
SYSPO0004371,PO488953,SUP240814,WH555884,2026-05-24,2026-05-30,Delivered,Paid
SYSPO0004372,PO645153,SUP887625,WH555884,2025-12-11,2025-12-24,Delayed,Pending
SYSPO0004373,PO983516,SUP829308,WH662336,2026-06-10,2026-06-18,Delivered,Paid
SYSPO0004374,PO585239,SUP259784,WH539589,2026-01-19,2026-01-26,Delivered,Paid
SYSPO0004375,PO770352,SUP671858,WH801474,2025-09-15,2025-10-01,Delivered,Paid
SYSPO0004376,PO887074,SUP121753,WH771088,2025-08-09,2025-08-20,Delayed,Pending
SYSPO0004377,PO444699,SUP989545,WH654634,2025-09-12,2025-09-28,Delivered,Paid
SYSPO0004378,PO620449,SUP705397,WH816751,2025-11-13,2025-12-11,Delivered,Paid
SYSPO0004379,PO187031,SUP804318,WH380746,2025-10-30,2025-11-20,Delivered,Paid
SYSPO0004380,PO627200,SUP598216,WH801474,2026-02-19,2026-03-03,Delivered,Paid
SYSPO0004381,PO185895,SUP614663,WH781453,2026-05-22,2026-06-08,Delivered,Paid
SYSPO0004382,PO664941,SUP446954,WH237174,2026-02-22,2026-03-04,Delivered,Paid
SYSPO0004383,PO960950,SUP513160,WH262316,2026-03-09,2026-04-02,Delivered,Paid
SYSPO0004384,PO984694,SUP692683,WH555884,2026-03-18,2026-04-12,Delivered,Paid
SYSPO0004385,PO488399,SUP259784,WH262316,2026-04-29,2026-05-06,Delivered,Paid
SYSPO0004386,PO713627,SUP427110,WH482364,2026-03-16,2026-04-03,Delivered,Paid
SYSPO0004387,PO969331,SUP179046,WH686075,2025-10-29,2025-11-18,Delivered,Paid
SYSPO0004388,PO891196,SUP597732,WH599948,2026-01-25,2026-02-20,Cancelled,Cancelled
SYSPO0004389,PO976750,SUP692683,WH373903,2025-12-28,2026-01-22,Delivered,Paid
SYSPO0004390,PO880573,SUP153872,WH801474,2026-01-03,2026-01-10,Delivered,Paid
SYSPO0004391,PO110942,SUP156213,WH519066,2026-01-31,2026-02-13,Delayed,Pending
SYSPO0004392,PO994258,SUP335615,WH237174,2026-05-31,2026-06-06,Delivered,Paid
SYSPO0004393,PO227153,SUP692683,WH808011,2026-04-25,2026-05-20,Delivered,Paid
SYSPO0004394,PO656918,SUP216970,WH356150,2026-03-21,2026-04-09,Delivered,Paid
SYSPO0004395,PO852016,SUP680099,WH599948,2026-04-30,2026-05-17,Delivered,Paid
SYSPO0004396,PO413877,SUP804318,WH771088,2026-02-15,2026-03-08,Delivered,Paid
SYSPO0004397,PO459924,SUP513160,WH820221,2025-10-02,2025-10-26,Delivered,Paid
SYSPO0004398,PO561237,SUP598216,WH922157,2025-12-16,2025-12-28,Delivered,Paid
SYSPO0004399,PO520419,SUP904150,WH958179,2025-08-14,2025-09-09,Delivered,Paid
SYSPO0004400,PO838527,SUP472060,WH373903,2026-02-08,2026-02-24,Delivered,Pending
SYSPO0004401,PO887769,SUP300337,WH274389,2025-09-14,2025-09-27,Delivered,Paid
SYSPO0004402,PO797994,SUP449499,WH237174,2025-11-27,2025-12-02,Delivered,Paid
SYSPO0004403,PO493817,SUP486945,WH958179,2026-01-13,2026-02-05,Delivered,Paid
SYSPO0004404,PO928221,SUP285652,WH412942,2026-07-28,2026-08-28,In Transit,Pending
SYSPO0004405,PO511972,SUP690341,WH532322,2025-09-07,2025-09-12,Delivered,Paid
SYSPO0004406,PO594442,SUP526117,WH816751,2025-09-19,2025-10-05,Cancelled,Cancelled
SYSPO0004407,PO266102,SUP990844,WH526833,2026-06-23,2026-07-12,Delayed,Pending
SYSPO0004408,PO529768,SUP486945,WH599948,2026-08-05,2026-08-28,In Transit,Pending
SYSPO0004409,PO285691,SUP333238,WH771088,2026-05-15,2026-06-03,Delivered,Paid
SYSPO0004410,PO956686,SUP765095,WH567574,2025-09-29,2025-11-03,Delivered,Paid
SYSPO0004411,PO830404,SUP725084,WH373903,2025-12-18,2026-01-04,Delayed,Pending
SYSPO0004412,PO314683,SUP344098,WH771088,2025-12-04,2025-12-20,Delivered,Paid
SYSPO0004413,PO529491,SUP350867,WH922157,2025-12-16,2025-12-31,Delivered,Paid
SYSPO0004414,PO298085,SUP420214,WH100425,2026-01-28,2026-02-10,Cancelled,Cancelled
SYSPO0004415,PO614237,SUP813536,WH801474,2026-06-05,2026-06-26,Delivered,Paid
SYSPO0004416,PO542730,SUP240814,WH233470,2025-10-24,2025-10-30,Delayed,Pending
SYSPO0004417,PO207425,SUP211764,WH770487,2026-02-23,2026-03-12,Delivered,Paid
SYSPO0004418,PO654558,SUP725084,WH785197,2026-02-08,2026-02-25,Delivered,Paid
SYSPO0004419,PO122657,SUP427110,WH526117,2025-12-18,2026-01-05,Delivered,Paid
SYSPO0004420,PO521665,SUP650121,WH555884,2026-02-05,2026-02-11,Delivered,Paid
SYSPO0004421,PO736288,SUP497382,WH482364,2025-09-11,2025-09-29,Delivered,Paid
SYSPO0004422,PO999883,SUP725084,WH997546,2026-01-22,2026-02-08,Delayed,Pending
SYSPO0004423,PO902434,SUP662275,WH690341,2026-05-12,2026-05-24,Delivered,Paid
SYSPO0004424,PO997244,SUP330914,WH781453,2026-05-02,2026-05-21,Delivered,Paid
SYSPO0004425,PO575712,SUP757711,WH112038,2026-01-27,2026-02-01,Delivered,Paid
SYSPO0004426,PO306093,SUP624902,WH808011,2025-12-06,2025-12-19,Delivered,Paid
SYSPO0004427,PO687150,SUP427110,WH532322,2025-08-31,2025-09-18,Delivered,Paid
SYSPO0004428,PO960630,SUP688508,WH824586,2025-11-29,2025-12-09,Delivered,Paid
SYSPO0004429,PO419885,SUP904150,WH658582,2025-08-22,2025-09-17,Delivered,Paid
SYSPO0004430,PO631897,SUP349565,WH460663,2026-06-15,2026-07-11,Delivered,Paid
SYSPO0004431,PO476590,SUP437408,WH658582,2026-05-08,2026-05-23,Delivered,Paid
SYSPO0004432,PO897946,SUP614663,WH816751,2025-09-18,2025-10-05,Delivered,Paid
SYSPO0004433,PO852311,SUP372793,WH654634,2025-08-13,2025-08-27,Delivered,Paid
SYSPO0004434,PO466064,SUP598216,WH997546,2026-06-30,2026-07-12,Delivered,Paid
SYSPO0004435,PO124318,SUP153872,WH112038,2025-12-16,2025-12-23,Delivered,Paid
SYSPO0004436,PO925779,SUP768854,WH910891,2026-04-13,2026-04-30,Delayed,Pending
SYSPO0004437,PO171114,SUP692683,WH808011,2025-09-16,2025-10-11,Delivered,Paid
SYSPO0004438,PO136543,SUP497382,WH816751,2026-04-24,2026-05-12,Delivered,Paid
SYSPO0004439,PO393075,SUP344098,WH237174,2026-06-11,2026-06-27,Delivered,Paid
SYSPO0004440,PO720301,SUP153872,WH801474,2025-10-07,2025-10-14,Delivered,Paid
SYSPO0004441,PO918710,SUP690341,WH112038,2026-08-01,2026-08-06,Processing,Pending
SYSPO0004442,PO162387,SUP245051,WH112038,2026-05-19,2026-06-09,Delivered,Pending
SYSPO0004443,PO251459,SUP589710,WH930555,2025-11-07,2025-11-26,Delivered,Paid
SYSPO0004444,PO715914,SUP880879,WH379766,2026-02-21,2026-03-31,Delivered,Paid
SYSPO0004445,PO702235,SUP472060,WH539589,2025-10-11,2025-10-27,Delivered,Paid
SYSPO0004446,PO620103,SUP307428,WH205907,2026-03-07,2026-03-18,Delivered,Paid
SYSPO0004447,PO972815,SUP307428,WH274389,2025-10-06,2025-10-17,Delivered,Paid
SYSPO0004448,PO752064,SUP725084,WH112038,2025-12-11,2025-12-28,Delivered,Paid
SYSPO0004449,PO204036,SUP391668,WH429164,2026-03-10,2026-03-23,Delivered,Paid
SYSPO0004450,PO672685,SUP696750,WH460663,2026-01-17,2026-01-24,Delivered,Paid
SYSPO0004451,PO258803,SUP618392,WH422451,2026-01-31,2026-02-13,Delivered,Paid
SYSPO0004452,PO509913,SUP378361,WH380746,2025-11-03,2025-12-09,Delivered,Paid
SYSPO0004453,PO529150,SUP880879,WH539589,2026-06-10,2026-07-18,Delivered,Paid
SYSPO0004454,PO131483,SUP813536,WH324082,2026-01-09,2026-01-30,Delivered,Paid
SYSPO0004455,PO936702,SUP890170,WH274389,2026-04-06,2026-04-13,Delivered,Paid
SYSPO0004456,PO193821,SUP429164,WH662336,2025-10-15,2025-11-01,Cancelled,Cancelled
SYSPO0004457,PO573401,SUP976325,WH771088,2025-10-16,2025-10-29,Delivered,Paid
SYSPO0004458,PO499166,SUP842411,WH686075,2026-04-10,2026-04-18,Delivered,Paid
SYSPO0004459,PO508784,SUP804318,WH820221,2026-04-17,2026-05-08,Delivered,Paid
SYSPO0004460,PO366218,SUP265080,WH205907,2026-01-19,2026-02-04,Delivered,Paid
SYSPO0004461,PO527308,SUP692683,WH233470,2026-01-05,2026-01-30,Delayed,Pending
SYSPO0004462,PO275304,SUP300337,WH532322,2025-08-16,2025-08-29,Cancelled,Cancelled
SYSPO0004463,PO369311,SUP307428,WH100425,2026-05-18,2026-05-29,Delivered,Pending
SYSPO0004464,PO965130,SUP459536,WH539589,2026-03-31,2026-04-14,Delivered,Paid
SYSPO0004465,PO238144,SUP955662,WH329974,2026-07-13,2026-08-01,Delivered,Paid
SYSPO0004466,PO251069,SUP256294,WH380746,2025-10-20,2025-11-02,Delivered,Paid
SYSPO0004467,PO186279,SUP344098,WH801474,2026-01-26,2026-02-11,Delayed,Pending
SYSPO0004468,PO796588,SUP608257,WH816751,2026-03-22,2026-04-07,Delivered,Paid
SYSPO0004469,PO936591,SUP613425,WH380746,2026-01-18,2026-01-29,Delivered,Paid
SYSPO0004470,PO807162,SUP662275,WH233470,2026-01-03,2026-01-15,Delivered,Paid
SYSPO0004471,PO335561,SUP330914,WH910891,2025-08-06,2025-08-25,Delivered,Paid
SYSPO0004472,PO958092,SUP597732,WH829716,2026-05-05,2026-05-31,Cancelled,Cancelled
SYSPO0004473,PO810019,SUP526117,WH770487,2025-10-27,2025-11-12,Delivered,Paid
SYSPO0004474,PO712731,SUP437902,WH824586,2025-10-23,2025-11-09,Cancelled,Cancelled
SYSPO0004475,PO210906,SUP265080,WH771088,2025-11-21,2025-12-07,Delivered,Pending
SYSPO0004476,PO663110,SUP486945,WH412942,2026-05-24,2026-06-16,Delivered,Paid
SYSPO0004477,PO894241,SUP899213,WH997546,2026-05-05,2026-05-23,Delivered,Paid
SYSPO0004478,PO367700,SUP842411,WH997546,2026-06-15,2026-06-23,Delivered,Paid
SYSPO0004479,PO638648,SUP757711,WH274389,2026-06-10,2026-06-15,Delivered,Pending
SYSPO0004480,PO110141,SUP880879,WH636265,2025-08-29,2025-10-06,Delivered,Paid
SYSPO0004481,PO341928,SUP302511,WH654634,2026-03-17,2026-04-04,Delivered,Paid
SYSPO0004482,PO691978,SUP813536,WH112038,2025-09-13,2025-10-04,Delivered,Paid
SYSPO0004483,PO694808,SUP614663,WH654634,2026-06-11,2026-06-28,Delivered,Paid
SYSPO0004484,PO699031,SUP285652,WH582662,2026-07-09,2026-08-09,In Transit,Pending
SYSPO0004485,PO755703,SUP335615,WH324082,2026-03-01,2026-03-07,Delivered,Pending
SYSPO0004486,PO392135,SUP990844,WH479201,2025-10-16,2025-11-04,Delivered,Paid
SYSPO0004487,PO140970,SUP437408,WH515011,2025-12-25,2026-01-09,Delivered,Pending
SYSPO0004488,PO530145,SUP472060,WH515011,2025-12-09,2025-12-25,Delivered,Paid
SYSPO0004489,PO110200,SUP705397,WH781453,2025-10-20,2025-11-17,Delivered,Paid
SYSPO0004490,PO615551,SUP486945,WH377746,2026-01-29,2026-02-21,Delivered,Paid
SYSPO0004491,PO318247,SUP755788,WH642717,2025-09-18,2025-10-13,Cancelled,Cancelled
SYSPO0004492,PO675189,SUP184491,WH380746,2025-11-14,2025-12-16,Delivered,Paid
SYSPO0004493,PO522897,SUP871711,WH377746,2026-04-22,2026-05-02,Delivered,Paid
SYSPO0004494,PO641230,SUP420214,WH832052,2026-07-06,2026-07-19,Delivered,Pending
SYSPO0004495,PO227211,SUP865990,WH356150,2026-02-11,2026-03-04,Delivered,Paid
SYSPO0004496,PO997448,SUP519093,WH519066,2026-02-25,2026-03-13,Delivered,Paid
SYSPO0004497,PO960251,SUP976325,WH112038,2026-04-10,2026-04-23,Delivered,Paid
SYSPO0004498,PO878215,SUP770487,WH771088,2025-12-04,2025-12-18,Delivered,Paid
SYSPO0004499,PO582167,SUP184491,WH658582,2026-03-24,2026-04-25,Delivered,Paid
SYSPO0004500,PO414784,SUP736059,WH532322,2026-01-02,2026-01-16,Delayed,Pending
SYSPO0004501,PO996081,SUP437902,WH532322,2026-03-30,2026-04-16,Delivered,Paid
SYSPO0004502,PO153123,SUP519904,WH686075,2026-01-04,2026-01-18,Delayed,Pending
SYSPO0004503,PO718121,SUP976325,WH922157,2026-03-20,2026-04-02,Delivered,Paid
SYSPO0004504,PO201482,SUP497887,WH532322,2025-09-18,2025-10-06,Delivered,Paid
SYSPO0004505,PO200790,SUP870763,WH324082,2025-12-18,2026-01-03,Delivered,Paid
SYSPO0004506,PO487323,SUP639593,WH482364,2025-12-19,2025-12-26,Delivered,Paid
SYSPO0004507,PO943952,SUP642717,WH380746,2026-06-29,2026-07-13,Cancelled,Cancelled
SYSPO0004508,PO766812,SUP639593,WH654634,2026-01-29,2026-02-05,Delivered,Paid
SYSPO0004509,PO313336,SUP437902,WH555884,2026-04-01,2026-04-18,Delivered,Paid
SYSPO0004510,PO568165,SUP955662,WH274389,2025-10-11,2025-10-30,Delivered,Paid
SYSPO0004511,PO397149,SUP265080,WH997546,2026-06-17,2026-07-03,Delivered,Paid
SYSPO0004512,PO156275,SUP378361,WH785197,2026-04-23,2026-05-29,Delivered,Paid
SYSPO0004513,PO856041,SUP692683,WH356150,2026-05-06,2026-05-31,Delivered,Paid
SYSPO0004514,PO196051,SUP899213,WH656116,2026-06-11,2026-06-29,Delayed,Pending
SYSPO0004515,PO638274,SUP881177,WH781453,2025-11-28,2025-12-12,Delivered,Pending
SYSPO0004516,PO256543,SUP728492,WH654634,2026-07-27,2026-08-12,In Transit,Pending
SYSPO0004517,PO625123,SUP597732,WH781453,2026-03-31,2026-04-26,Delivered,Paid
SYSPO0004518,PO590281,SUP384076,WH567574,2026-03-22,2026-04-06,Delivered,Pending
SYSPO0004519,PO531579,SUP680099,WH212235,2025-09-06,2025-09-23,Delivered,Paid
SYSPO0004520,PO576508,SUP680099,WH820221,2026-04-23,2026-05-10,Delivered,Paid
SYSPO0004521,PO909070,SUP880879,WH191161,2025-09-26,2025-11-03,Delivered,Paid
SYSPO0004522,PO819971,SUP989545,WH191161,2025-12-04,2025-12-20,Delayed,Pending
SYSPO0004523,PO924497,SUP356150,WH482364,2025-09-19,2025-10-07,Delayed,Pending
SYSPO0004524,PO118768,SUP197251,WH771088,2025-11-05,2025-11-12,Delivered,Paid
SYSPO0004525,PO133247,SUP333238,WH322086,2025-12-01,2025-12-20,Delivered,Paid
SYSPO0004526,PO547186,SUP770487,WH174441,2025-09-19,2025-10-03,Delivered,Paid
SYSPO0004527,PO647746,SUP696750,WH205907,2025-10-15,2025-10-22,Cancelled,Cancelled
SYSPO0004528,PO858546,SUP813536,WH740967,2025-12-27,2026-01-17,Delayed,Pending
SYSPO0004529,PO233328,SUP197251,WH997546,2026-05-01,2026-05-08,Delivered,Paid
SYSPO0004530,PO377339,SUP519904,WH824586,2025-09-28,2025-10-12,Cancelled,Cancelled
SYSPO0004531,PO871152,SUP446954,WH519066,2026-02-19,2026-03-01,Delivered,Pending
SYSPO0004532,PO909399,SUP877236,WH526117,2026-01-02,2026-01-09,Delivered,Pending
SYSPO0004533,PO420299,SUP197251,WH112038,2026-01-14,2026-01-21,Delivered,Paid
SYSPO0004534,PO329389,SUP829308,WH654634,2026-03-24,2026-04-01,Delivered,Paid
SYSPO0004535,PO192392,SUP865990,WH262316,2025-09-27,2025-10-18,Delivered,Paid
SYSPO0004536,PO937339,SUP221263,WH599948,2026-03-16,2026-04-09,Delayed,Pending
SYSPO0004537,PO986407,SUP925981,WH740967,2026-01-01,2026-01-19,Delivered,Pending
SYSPO0004538,PO187109,SUP972335,WH567574,2026-01-16,2026-02-23,Delayed,Pending
SYSPO0004539,PO271108,SUP899213,WH237174,2025-10-16,2025-11-03,Delivered,Paid
SYSPO0004540,PO581136,SUP664607,WH479201,2026-02-10,2026-03-15,Delivered,Paid
SYSPO0004541,PO988462,SUP925981,WH482364,2026-04-08,2026-04-26,Delivered,Paid
SYSPO0004542,PO832734,SUP179046,WH922157,2026-03-01,2026-03-21,Delayed,Pending
SYSPO0004543,PO389471,SUP965845,WH100425,2026-05-01,2026-05-08,Delayed,Pending
SYSPO0004544,PO563396,SUP260422,WH958179,2026-07-27,2026-08-05,Delivered,Paid
SYSPO0004545,PO382656,SUP925981,WH322086,2026-04-12,2026-04-30,Delivered,Paid
SYSPO0004546,PO267398,SUP736059,WH997546,2026-08-01,2026-08-15,In Transit,Pending
SYSPO0004547,PO138272,SUP972335,WH174441,2025-10-11,2025-11-18,Delayed,Pending
SYSPO0004548,PO635046,SUP307428,WH832052,2026-03-08,2026-03-19,Delivered,Paid
SYSPO0004549,PO252645,SUP829308,WH910891,2025-10-08,2025-10-16,Delivered,Paid
SYSPO0004550,PO422541,SUP197251,WH322086,2026-02-11,2026-02-18,Delivered,Paid
SYSPO0004551,PO496785,SUP350867,WH322086,2025-11-25,2025-12-10,Delivered,Paid
SYSPO0004552,PO929035,SUP802729,WH740967,2025-09-28,2025-10-09,Delivered,Paid
SYSPO0004553,PO473587,SUP881177,WH832052,2025-10-16,2025-10-30,Delivered,Paid
SYSPO0004554,PO519083,SUP887625,WH958179,2025-12-05,2025-12-18,Delivered,Paid
SYSPO0004555,PO192213,SUP330914,WH539589,2026-06-27,2026-07-16,Delivered,Paid
SYSPO0004556,PO305064,SUP437408,WH380746,2026-01-27,2026-02-11,Delivered,Paid
SYSPO0004557,PO102643,SUP613425,WH526117,2026-04-02,2026-04-13,Delivered,Paid
SYSPO0004558,PO927279,SUP265080,WH770487,2025-08-25,2025-09-10,Delivered,Paid
SYSPO0004559,PO859185,SUP681343,WH322086,2026-07-07,2026-07-22,Delivered,Paid
SYSPO0004560,PO662917,SUP350867,WH212235,2025-12-22,2026-01-06,Delayed,Pending
SYSPO0004561,PO911735,SUP768854,WH832052,2025-08-08,2025-08-25,Delivered,Paid
SYSPO0004562,PO145867,SUP121753,WH555884,2026-02-09,2026-02-20,Delivered,Paid
SYSPO0004563,PO305597,SUP572387,WH690341,2025-09-27,2025-10-13,Delivered,Paid
SYSPO0004564,PO130731,SUP925981,WH781453,2025-10-19,2025-11-06,Delivered,Paid
SYSPO0004565,PO653535,SUP639593,WH555884,2026-06-17,2026-06-24,Delivered,Paid
SYSPO0004566,PO205361,SUP680099,WH373903,2026-01-01,2026-01-18,Delivered,Paid
SYSPO0004567,PO832815,SUP662275,WH532322,2026-03-11,2026-03-23,Delivered,Paid
SYSPO0004568,PO753155,SUP240814,WH526117,2026-02-17,2026-02-23,Delivered,Paid
SYSPO0004569,PO113847,SUP486945,WH479201,2026-04-15,2026-05-08,Delivered,Paid
SYSPO0004570,PO352394,SUP681343,WH322086,2026-02-13,2026-02-28,Delivered,Paid
SYSPO0004571,PO962596,SUP307428,WH112038,2026-01-10,2026-01-21,Delivered,Paid
SYSPO0004572,PO885608,SUP614663,WH997546,2026-04-27,2026-05-14,Delivered,Paid
SYSPO0004573,PO263145,SUP385470,WH824586,2026-02-11,2026-03-03,Delivered,Paid
SYSPO0004574,PO153402,SUP344098,WH690341,2026-01-13,2026-01-29,Delivered,Paid
SYSPO0004575,PO986467,SUP965845,WH379766,2026-05-07,2026-05-14,Delivered,Paid
SYSPO0004576,PO109883,SUP335615,WH922157,2026-06-27,2026-07-03,Delivered,Paid
SYSPO0004577,PO454101,SUP523389,WH233470,2026-01-24,2026-02-09,Cancelled,Cancelled
SYSPO0004578,PO274554,SUP899213,WH274389,2026-02-10,2026-02-28,Cancelled,Cancelled
SYSPO0004579,PO244285,SUP344098,WH412942,2025-10-08,2025-10-24,Delivered,Paid
SYSPO0004580,PO217389,SUP486945,WH785197,2025-09-06,2025-09-29,Cancelled,Cancelled
SYSPO0004581,PO823789,SUP696750,WH322086,2026-03-12,2026-03-19,Delivered,Paid
SYSPO0004582,PO236082,SUP598216,WH322086,2025-08-16,2025-08-28,Delivered,Paid
SYSPO0004583,PO502860,SUP871711,WH526117,2026-06-10,2026-06-20,Delivered,Paid
SYSPO0004584,PO608732,SUP989545,WH582662,2026-05-27,2026-06-12,Delivered,Paid
SYSPO0004585,PO686844,SUP681343,WH654634,2025-10-29,2025-11-13,Cancelled,Cancelled
SYSPO0004586,PO937045,SUP736059,WH356150,2025-11-26,2025-12-10,Delivered,Paid
SYSPO0004587,PO484131,SUP690341,WH324082,2025-08-17,2025-08-22,Delivered,Paid
SYSPO0004588,PO277960,SUP449499,WH824586,2025-11-19,2025-11-24,Delivered,Paid
SYSPO0004589,PO241508,SUP728492,WH781453,2025-10-31,2025-11-16,Delivered,Paid
SYSPO0004590,PO964278,SUP302511,WH191161,2026-03-01,2026-03-19,Cancelled,Cancelled
SYSPO0004591,PO503126,SUP133659,WH237174,2025-11-25,2025-12-13,Delivered,Paid
SYSPO0004592,PO578038,SUP437408,WH662336,2025-10-09,2025-10-24,Delivered,Paid
SYSPO0004593,PO563978,SUP946305,WH829716,2026-06-04,2026-07-02,Delivered,Paid
SYSPO0004594,PO706144,SUP870763,WH191161,2026-01-29,2026-02-14,Delivered,Paid
SYSPO0004595,PO193787,SUP523389,WH377746,2026-03-12,2026-03-28,Delivered,Paid
SYSPO0004596,PO412676,SUP972335,WH515011,2026-05-20,2026-06-27,Cancelled,Cancelled
SYSPO0004597,PO110114,SUP307428,WH205907,2026-06-01,2026-06-12,Delivered,Paid
SYSPO0004598,PO952880,SUP322955,WH770487,2026-05-29,2026-06-11,Delivered,Paid
SYSPO0004599,PO395771,SUP256294,WH100425,2026-02-13,2026-02-26,Delivered,Paid
SYSPO0004600,PO332921,SUP904150,WH460663,2026-03-06,2026-04-01,Delivered,Paid
SYSPO0004601,PO331096,SUP757711,WH356150,2026-02-19,2026-02-24,Delivered,Paid
SYSPO0004602,PO729865,SUP121753,WH205907,2025-09-17,2025-09-28,Delivered,Paid
SYSPO0004603,PO254518,SUP934794,WH816751,2026-03-15,2026-03-21,Delivered,Paid
SYSPO0004604,PO482445,SUP240814,WH532322,2025-09-18,2025-09-24,Delivered,Paid
SYSPO0004605,PO342313,SUP259784,WH922157,2025-11-17,2025-11-24,Delivered,Paid
SYSPO0004606,PO441680,SUP216970,WH412942,2026-06-02,2026-06-21,Delivered,Paid
SYSPO0004607,PO622892,SUP920652,WH801474,2026-03-03,2026-03-26,Delivered,Paid
SYSPO0004608,PO960107,SUP350867,WH356150,2026-06-20,2026-07-05,Delivered,Paid
SYSPO0004609,PO595408,SUP664607,WH829716,2025-12-25,2026-01-27,Delivered,Paid
SYSPO0004610,PO216567,SUP335615,WH519066,2026-03-03,2026-03-09,Delivered,Paid
SYSPO0004611,PO616611,SUP801364,WH460663,2026-06-20,2026-07-12,Delivered,Paid
SYSPO0004612,PO902241,SUP437902,WH515011,2026-05-25,2026-06-11,Delivered,Paid
SYSPO0004613,PO494663,SUP829308,WH526833,2025-08-21,2025-08-29,Delivered,Paid
SYSPO0004614,PO338113,SUP486945,WH322086,2026-05-27,2026-06-19,Delivered,Paid
SYSPO0004615,PO895217,SUP378361,WH479201,2026-05-11,2026-06-16,Delivered,Paid
SYSPO0004616,PO248212,SUP934794,WH482364,2026-01-23,2026-01-29,Delivered,Paid
SYSPO0004617,PO313463,SUP668532,WH539589,2026-03-05,2026-03-18,Delivered,Paid
SYSPO0004618,PO944637,SUP608257,WH205907,2025-10-28,2025-11-13,Delivered,Pending
SYSPO0004619,PO889198,SUP572700,WH997546,2026-01-17,2026-01-28,Delivered,Paid
SYSPO0004620,PO610316,SUP880879,WH174441,2025-09-13,2025-10-21,Delivered,Paid
SYSPO0004621,PO294733,SUP121753,WH373903,2026-05-17,2026-05-28,Delivered,Paid
SYSPO0004622,PO987804,SUP437902,WH686075,2026-06-23,2026-07-10,Delivered,Paid
SYSPO0004623,PO269866,SUP497382,WH771088,2026-04-15,2026-05-03,Delivered,Paid
SYSPO0004624,PO653729,SUP662275,WH322086,2026-05-23,2026-06-04,Delayed,Pending
SYSPO0004625,PO294968,SUP256294,WH322086,2025-11-09,2025-11-22,Delivered,Paid
SYSPO0004626,PO536857,SUP211764,WH930555,2025-11-28,2025-12-15,Cancelled,Cancelled
SYSPO0004627,PO784408,SUP668532,WH539589,2026-07-10,2026-07-23,Delivered,Paid
SYSPO0004628,PO975387,SUP680099,WH526833,2025-08-17,2025-09-03,Delayed,Pending
SYSPO0004629,PO675133,SUP955662,WH112038,2026-01-26,2026-02-14,Delivered,Paid
SYSPO0004630,PO231470,SUP733039,WH274389,2025-11-15,2025-12-01,Delivered,Paid
SYSPO0004631,PO598265,SUP335615,WH801474,2025-12-18,2025-12-24,Delivered,Paid
SYSPO0004632,PO376033,SUP829308,WH690341,2026-07-05,2026-07-13,Delivered,Paid
SYSPO0004633,PO450862,SUP725084,WH958179,2026-06-18,2026-07-05,Delivered,Paid
SYSPO0004634,PO126633,SUP449499,WH322086,2025-09-07,2025-09-12,Delivered,Paid
SYSPO0004635,PO443274,SUP802729,WH526833,2026-01-22,2026-02-02,Delivered,Paid
SYSPO0004636,PO109263,SUP690341,WH662336,2026-07-07,2026-07-12,Delivered,Paid
SYSPO0004637,PO572102,SUP668532,WH322086,2025-09-19,2025-10-02,Delivered,Paid
SYSPO0004638,PO624090,SUP330914,WH532322,2026-06-02,2026-06-21,Delivered,Paid
SYSPO0004639,PO715195,SUP650121,WH205907,2026-06-16,2026-06-22,Delivered,Paid
SYSPO0004640,PO986128,SUP829308,WH824586,2025-11-05,2025-11-13,Delivered,Paid
SYSPO0004641,PO236564,SUP446954,WH233470,2025-10-25,2025-11-04,Delivered,Paid
SYSPO0004642,PO283963,SUP880879,WH770487,2026-06-15,2026-07-23,Delivered,Paid
SYSPO0004643,PO587366,SUP486945,WH770487,2026-05-18,2026-06-10,Delivered,Paid
SYSPO0004644,PO615710,SUP688508,WH429164,2026-03-21,2026-03-31,Delivered,Paid
SYSPO0004645,PO746749,SUP768854,WH519066,2026-04-29,2026-05-16,Delivered,Paid
SYSPO0004646,PO705158,SUP839677,WH373903,2025-12-19,2026-01-05,Delivered,Paid
SYSPO0004647,PO545467,SUP523389,WH274389,2026-07-05,2026-07-21,Delivered,Paid
SYSPO0004648,PO131025,SUP802729,WH740967,2026-05-08,2026-05-19,Delivered,Pending
SYSPO0004649,PO933317,SUP576086,WH412942,2026-03-30,2026-04-05,Delivered,Paid
SYSPO0004650,PO811572,SUP572700,WH526117,2026-04-07,2026-04-18,Delivered,Paid
SYSPO0004651,PO672907,SUP899213,WH770487,2026-01-18,2026-02-05,Delivered,Paid
SYSPO0004652,PO896365,SUP650121,WH519066,2025-10-08,2025-10-14,Delayed,Pending
SYSPO0004653,PO184289,SUP801364,WH174441,2026-04-01,2026-04-23,Delayed,Pending
SYSPO0004654,PO916350,SUP259784,WH930555,2025-09-28,2025-10-05,Delivered,Paid
SYSPO0004655,PO405350,SUP614663,WH262316,2026-06-05,2026-06-22,Delivered,Paid
SYSPO0004656,PO292455,SUP680099,WH482364,2025-10-24,2025-11-10,Delayed,Pending
SYSPO0004657,PO334751,SUP639593,WH526117,2026-06-16,2026-06-23,Delivered,Paid
SYSPO0004658,PO920531,SUP608257,WH532322,2025-10-24,2025-11-09,Delivered,Paid
SYSPO0004659,PO666158,SUP322955,WH519066,2026-06-13,2026-06-26,Cancelled,Cancelled
SYSPO0004660,PO517017,SUP572387,WH519066,2025-08-28,2025-09-13,Delivered,Paid
SYSPO0004661,PO863916,SUP344098,WH515011,2026-03-14,2026-03-30,Delivered,Paid
SYSPO0004662,PO732944,SUP881177,WH539589,2025-12-19,2026-01-02,Delivered,Paid
SYSPO0004663,PO265678,SUP197251,WH377746,2026-02-27,2026-03-06,Delivered,Paid
SYSPO0004664,PO700406,SUP768854,WH479201,2025-11-22,2025-12-09,Delivered,Paid
SYSPO0004665,PO412963,SUP526117,WH686075,2026-03-24,2026-04-09,Delivered,Paid
SYSPO0004666,PO574546,SUP420214,WH636265,2026-03-02,2026-03-15,Delivered,Paid
SYSPO0004667,PO274277,SUP733039,WH740967,2025-10-09,2025-10-25,Delivered,Paid
SYSPO0004668,PO613017,SUP259784,WH356150,2025-12-08,2025-12-15,Delivered,Paid
SYSPO0004669,PO574631,SUP768854,WH582662,2026-05-05,2026-05-22,Delivered,Paid
SYSPO0004670,PO102924,SUP965845,WH526833,2025-11-26,2025-12-03,Delivered,Paid
SYSPO0004671,PO987606,SUP420214,WH356150,2025-11-25,2025-12-08,Delivered,Paid
SYSPO0004672,PO208299,SUP221263,WH377746,2026-03-15,2026-04-08,Delivered,Paid
SYSPO0004673,PO489444,SUP429164,WH824586,2025-11-16,2025-12-03,Delivered,Paid
SYSPO0004674,PO371631,SUP890170,WH324082,2026-07-04,2026-07-11,Delivered,Paid
SYSPO0004675,PO301775,SUP513160,WH922157,2026-02-20,2026-03-16,Cancelled,Cancelled
SYSPO0004676,PO275922,SUP755788,WH376807,2026-07-20,2026-08-14,In Transit,Pending
SYSPO0004677,PO948914,SUP265080,WH412942,2026-04-25,2026-05-11,Delayed,Pending
SYSPO0004678,PO460765,SUP497887,WH356150,2026-06-17,2026-07-05,Delivered,Paid
SYSPO0004679,PO454046,SUP972335,WH377746,2025-09-10,2025-10-18,Delivered,Paid
SYSPO0004680,PO337016,SUP265080,WH482364,2025-09-26,2025-10-12,Delivered,Paid
SYSPO0004681,PO398673,SUP519904,WH808011,2026-05-23,2026-06-06,Delivered,Paid
SYSPO0004682,PO357533,SUP899213,WH377746,2026-06-06,2026-06-24,Delivered,Paid
SYSPO0004683,PO271139,SUP736059,WH686075,2026-01-11,2026-01-25,Cancelled,Cancelled
SYSPO0004684,PO663508,SUP972335,WH829716,2026-07-27,2026-09-03,In Transit,Pending
SYSPO0004685,PO664517,SUP639593,WH356150,2025-08-28,2025-09-04,Delivered,Paid
SYSPO0004686,PO889219,SUP260263,WH526117,2025-11-20,2025-11-27,Delivered,Paid
SYSPO0004687,PO917968,SUP904150,WH379766,2026-07-07,2026-08-02,Delivered,Paid
SYSPO0004688,PO741443,SUP179046,WH482364,2026-04-16,2026-05-06,Delivered,Paid
SYSPO0004689,PO354517,SUP523389,WH582662,2025-09-23,2025-10-09,Delivered,Paid
SYSPO0004690,PO716560,SUP891937,WH636265,2026-05-04,2026-06-01,Delivered,Paid
SYSPO0004691,PO291105,SUP736059,WH274389,2026-07-07,2026-07-21,Delivered,Paid
SYSPO0004692,PO313017,SUP472060,WH373903,2025-09-25,2025-10-11,Delivered,Paid
SYSPO0004693,PO238872,SUP880879,WH636265,2025-11-09,2025-12-17,Delivered,Paid
SYSPO0004694,PO605012,SUP256294,WH910891,2025-09-30,2025-10-13,Delivered,Paid
SYSPO0004695,PO996501,SUP302511,WH771088,2026-05-08,2026-05-26,Delivered,Paid
SYSPO0004696,PO760136,SUP972064,WH376807,2025-12-08,2025-12-26,Delivered,Paid
SYSPO0004697,PO835281,SUP972335,WH329974,2026-06-22,2026-07-30,Delivered,Paid
SYSPO0004698,PO903683,SUP802729,WH412942,2025-11-09,2025-11-20,Delivered,Paid
SYSPO0004699,PO877861,SUP572387,WH820221,2026-05-27,2026-06-12,Delivered,Paid
SYSPO0004700,PO274289,SUP972064,WH237174,2026-06-28,2026-07-16,Delivered,Paid
SYSPO0004701,PO447985,SUP681343,WH829716,2026-04-24,2026-05-09,Delivered,Paid
SYSPO0004702,PO909388,SUP378361,WH958179,2026-01-04,2026-02-09,Delivered,Paid
SYSPO0004703,PO798551,SUP497887,WH233470,2026-02-11,2026-03-01,Delivered,Paid
SYSPO0004704,PO583388,SUP946305,WH656116,2025-09-29,2025-10-27,Delivered,Paid
SYSPO0004705,PO826059,SUP624902,WH785197,2026-03-17,2026-03-30,Delivered,Pending
SYSPO0004706,PO626089,SUP259784,WH112038,2026-04-07,2026-04-14,Delivered,Paid
SYSPO0004707,PO436945,SUP765095,WH373903,2025-11-17,2025-12-22,Delivered,Pending
SYSPO0004708,PO417205,SUP420214,WH274389,2026-04-05,2026-04-18,Delivered,Paid
SYSPO0004709,PO500769,SUP871711,WH526117,2026-01-12,2026-01-22,Delayed,Pending
SYSPO0004710,PO894352,SUP384076,WH690341,2025-12-28,2026-01-12,Delivered,Paid
SYSPO0004711,PO199903,SUP871711,WH429164,2026-01-27,2026-02-06,Delivered,Paid
SYSPO0004712,PO589968,SUP245051,WH922157,2025-09-03,2025-09-24,Delayed,Pending
SYSPO0004713,PO645013,SUP755788,WH829716,2026-04-08,2026-05-03,Delivered,Paid
SYSPO0004714,PO652905,SUP372793,WH658582,2026-06-09,2026-06-23,Delivered,Paid
SYSPO0004715,PO912476,SUP801364,WH460663,2026-07-12,2026-08-03,Delivered,Paid
SYSPO0004716,PO524181,SUP650121,WH112038,2026-05-30,2026-06-05,Delivered,Paid
SYSPO0004717,PO231417,SUP696750,WH100425,2025-09-10,2025-09-17,Delivered,Paid
SYSPO0004718,PO768622,SUP925981,WH482364,2026-01-08,2026-01-26,Delivered,Paid
SYSPO0004719,PO276971,SUP839677,WH329974,2026-02-21,2026-03-10,Delivered,Paid
SYSPO0004720,PO211452,SUP437408,WH771088,2026-05-23,2026-06-07,Delivered,Paid
SYSPO0004721,PO766505,SUP728492,WH379766,2025-11-21,2025-12-07,Delivered,Paid
SYSPO0004722,PO280463,SUP813536,WH482364,2026-05-01,2026-05-22,Delivered,Paid
SYSPO0004723,PO289037,SUP664607,WH539589,2026-08-03,2026-09-05,In Transit,Pending
SYSPO0004724,PO931435,SUP378361,WH829716,2026-07-11,2026-08-16,In Transit,Pending
SYSPO0004725,PO401437,SUP197251,WH205907,2025-12-26,2026-01-02,Delivered,Paid
SYSPO0004726,PO786947,SUP372793,WH816751,2026-01-28,2026-02-11,Delivered,Paid
SYSPO0004727,PO240906,SUP614663,WH771088,2026-02-10,2026-02-27,Delivered,Paid
SYSPO0004728,PO459337,SUP725084,WH112038,2025-12-10,2025-12-27,Delayed,Pending
SYSPO0004729,PO303639,SUP300896,WH654634,2026-03-19,2026-03-27,Delivered,Paid
SYSPO0004730,PO119674,SUP733039,WH191161,2025-08-05,2025-08-21,Delivered,Paid
SYSPO0004731,PO188502,SUP472060,WH482364,2026-07-08,2026-07-24,Delivered,Paid
SYSPO0004732,PO286265,SUP965845,WH356150,2026-06-01,2026-06-08,Delivered,Paid
SYSPO0004733,PO720637,SUP302511,WH412942,2026-06-30,2026-07-18,Cancelled,Cancelled
SYSPO0004734,PO149049,SUP891937,WH526833,2026-05-16,2026-06-13,Delayed,Pending
SYSPO0004735,PO250540,SUP576086,WH636265,2025-09-10,2025-09-16,Cancelled,Cancelled
SYSPO0004736,PO519403,SUP880879,WH958179,2026-05-15,2026-06-22,Delivered,Paid
SYSPO0004737,PO971317,SUP372793,WH997546,2026-01-30,2026-02-13,Delivered,Paid
SYSPO0004738,PO395048,SUP989545,WH237174,2026-04-08,2026-04-24,Delivered,Paid
SYSPO0004739,PO115440,SUP598216,WH233470,2026-04-19,2026-05-01,Delivered,Paid
SYSPO0004740,PO194509,SUP613425,WH690341,2026-05-02,2026-05-13,Delivered,Paid
SYSPO0004741,PO806002,SUP972064,WH262316,2025-12-22,2026-01-09,Delivered,Paid
SYSPO0004742,PO530300,SUP523389,WH100425,2026-07-01,2026-07-17,Delivered,Paid
SYSPO0004743,PO396866,SUP880879,WH785197,2025-08-29,2025-10-06,Delayed,Pending
SYSPO0004744,PO309767,SUP664607,WH212235,2026-06-10,2026-07-13,Delivered,Paid
SYSPO0004745,PO221953,SUP437902,WH174441,2026-02-28,2026-03-17,Delivered,Paid
SYSPO0004746,PO507226,SUP429164,WH832052,2026-01-06,2026-01-23,Delivered,Paid
SYSPO0004747,PO133183,SUP650121,WH686075,2025-10-28,2025-11-03,Delivered,Paid
SYSPO0004748,PO406517,SUP497887,WH422451,2026-01-18,2026-02-05,Delivered,Paid
SYSPO0004749,PO549384,SUP211764,WH174441,2026-06-21,2026-07-08,Delivered,Paid
SYSPO0004750,PO677219,SUP668532,WH808011,2025-10-26,2025-11-08,Delivered,Paid
SYSPO0004751,PO749826,SUP946305,WH662336,2026-02-13,2026-03-13,Delivered,Paid
SYSPO0004752,PO276894,SUP497887,WH636265,2025-11-17,2025-12-05,Delivered,Paid
SYSPO0004753,PO380304,SUP273982,WH771088,2025-12-08,2025-12-24,Delivered,Paid
SYSPO0004754,PO549210,SUP664607,WH781453,2026-06-22,2026-07-25,Delivered,Paid
SYSPO0004755,PO367940,SUP804318,WH379766,2025-11-23,2025-12-14,Delivered,Paid
SYSPO0004756,PO407675,SUP757711,WH654634,2025-12-14,2025-12-19,Delivered,Paid
SYSPO0004757,PO538327,SUP802729,WH771088,2026-03-05,2026-03-16,Delivered,Paid
SYSPO0004758,PO307471,SUP350867,WH422451,2026-03-17,2026-04-01,Delivered,Paid
SYSPO0004759,PO112675,SUP259784,WH801474,2025-09-24,2025-10-01,Delivered,Paid
SYSPO0004760,PO756221,SUP597732,WH329974,2026-03-12,2026-04-07,Delivered,Paid
SYSPO0004761,PO509799,SUP184491,WH329974,2026-07-02,2026-08-03,Delivered,Paid
SYSPO0004762,PO975801,SUP260263,WH237174,2026-02-09,2026-02-16,Delivered,Paid
SYSPO0004763,PO374569,SUP437902,WH829716,2026-06-07,2026-06-24,Delivered,Paid
SYSPO0004764,PO530508,SUP260263,WH380746,2025-12-16,2025-12-23,Delivered,Pending
SYSPO0004765,PO647933,SUP650121,WH422451,2026-07-18,2026-07-24,Delivered,Paid
SYSPO0004766,PO493401,SUP519904,WH654634,2026-04-27,2026-05-11,Delivered,Paid
SYSPO0004767,PO997726,SUP944962,WH656116,2026-05-28,2026-06-11,Delivered,Paid
SYSPO0004768,PO590056,SUP391668,WH808011,2025-08-23,2025-09-05,Delivered,Paid
SYSPO0004769,PO680337,SUP765095,WH820221,2025-08-22,2025-09-26,Delivered,Paid
SYSPO0004770,PO644700,SUP335615,WH322086,2025-09-12,2025-09-18,Delivered,Paid
SYSPO0004771,PO162715,SUP221263,WH599948,2026-04-05,2026-04-29,Delivered,Paid
SYSPO0004772,PO984078,SUP598216,WH526117,2026-06-05,2026-06-17,Delivered,Paid
SYSPO0004773,PO831386,SUP618392,WH930555,2026-06-25,2026-07-08,Delivered,Paid
SYSPO0004774,PO404145,SUP221263,WH930555,2026-01-30,2026-02-23,Delivered,Paid
SYSPO0004775,PO453853,SUP197251,WH274389,2025-08-11,2025-08-18,Delivered,Paid
SYSPO0004776,PO545441,SUP613425,WH237174,2025-09-22,2025-10-03,Delivered,Paid
SYSPO0004777,PO798217,SUP842411,WH274389,2026-07-31,2026-08-08,In Transit,Pending
SYSPO0004778,PO834887,SUP259784,WH422451,2026-07-04,2026-07-11,Delivered,Paid
SYSPO0004779,PO541062,SUP449499,WH429164,2025-10-05,2025-10-10,Delivered,Paid
SYSPO0004780,PO394869,SUP765095,WH785197,2026-01-23,2026-02-27,Delivered,Paid
SYSPO0004781,PO778473,SUP486945,WH930555,2026-01-29,2026-02-21,Delivered,Paid
SYSPO0004782,PO726833,SUP437408,WH526117,2025-08-05,2025-08-20,Delivered,Paid
SYSPO0004783,PO314276,SUP802729,WH686075,2026-01-18,2026-01-29,Delivered,Paid
SYSPO0004784,PO747933,SUP925981,WH356150,2025-10-22,2025-11-09,Delivered,Paid
SYSPO0004785,PO984824,SUP216970,WH519066,2026-04-29,2026-05-18,Delivered,Paid
SYSPO0004786,PO984832,SUP333238,WH526833,2026-07-24,2026-08-12,In Transit,Pending
SYSPO0004787,PO245750,SUP391668,WH100425,2025-09-25,2025-10-08,Delivered,Paid
SYSPO0004788,PO688287,SUP705397,WH174441,2026-07-13,2026-08-10,Processing,Pending
SYSPO0004789,PO671542,SUP260263,WH412942,2026-04-14,2026-04-21,Delivered,Paid
SYSPO0004790,PO315936,SUP696750,WH997546,2025-11-30,2025-12-07,Delivered,Paid
SYSPO0004791,PO270770,SUP725084,WH770487,2025-10-05,2025-10-22,Delayed,Pending
SYSPO0004792,PO115550,SUP829308,WH958179,2026-07-10,2026-07-18,Delivered,Paid
SYSPO0004793,PO903982,SUP870763,WH555884,2026-08-02,2026-08-18,In Transit,Pending
SYSPO0004794,PO662569,SUP576086,WH205907,2026-07-11,2026-07-17,Delivered,Paid
SYSPO0004795,PO438541,SUP829308,WH526833,2025-11-19,2025-11-27,Delivered,Paid
SYSPO0004796,PO873364,SUP904150,WH599948,2025-09-10,2025-10-06,Delivered,Paid
SYSPO0004797,PO375161,SUP608257,WH379766,2026-04-16,2026-05-02,Delivered,Paid
SYSPO0004798,PO852839,SUP391668,WH376807,2025-12-22,2026-01-04,Delivered,Paid
SYSPO0004799,PO191328,SUP946305,WH642717,2025-11-10,2025-12-08,Delayed,Pending
SYSPO0004800,PO770809,SUP597732,WH771088,2025-09-06,2025-10-02,Delivered,Paid
SYSPO0004801,PO538878,SUP121753,WH654634,2025-12-27,2026-01-07,Delivered,Paid
SYSPO0004802,PO746898,SUP216970,WH274389,2026-04-20,2026-05-09,Delivered,Paid
SYSPO0004803,PO371018,SUP989545,WH322086,2026-07-22,2026-08-07,Processing,Pending
SYSPO0004804,PO688682,SUP597732,WH930555,2026-04-14,2026-05-10,Delivered,Paid
SYSPO0004805,PO253824,SUP273982,WH322086,2025-10-08,2025-10-24,Delivered,Paid
SYSPO0004806,PO664948,SUP221263,WH567574,2025-08-25,2025-09-18,Delivered,Paid
SYSPO0004807,PO505132,SUP802729,WH460663,2026-01-05,2026-01-16,Delivered,Paid
SYSPO0004808,PO810725,SUP153872,WH519066,2026-04-04,2026-04-11,Delivered,Paid
SYSPO0004809,PO892309,SUP179046,WH329974,2025-12-01,2025-12-21,Delivered,Paid
SYSPO0004810,PO909918,SUP378361,WH373903,2026-05-13,2026-06-18,Delayed,Pending
SYSPO0004811,PO197678,SUP770487,WH958179,2026-05-03,2026-05-17,Delivered,Paid
SYSPO0004812,PO219996,SUP497382,WH567574,2026-05-25,2026-06-12,Delivered,Paid
SYSPO0004813,PO761453,SUP378361,WH373903,2025-11-03,2025-12-09,Delivered,Paid
SYSPO0004814,PO638105,SUP350867,WH324082,2026-01-18,2026-02-02,Delivered,Paid
SYSPO0004815,PO168776,SUP156213,WH567574,2026-04-16,2026-04-29,Delivered,Paid
SYSPO0004816,PO534759,SUP768854,WH781453,2025-09-09,2025-09-26,Delivered,Paid
SYSPO0004817,PO983370,SUP572387,WH922157,2026-05-05,2026-05-21,Cancelled,Cancelled
SYSPO0004818,PO991980,SUP972335,WH816751,2025-09-10,2025-10-18,Delivered,Paid
SYSPO0004819,PO455340,SUP618392,WH422451,2025-08-05,2025-08-18,Delivered,Paid
SYSPO0004820,PO193131,SUP526117,WH460663,2025-10-26,2025-11-11,Cancelled,Cancelled
SYSPO0004821,PO721109,SUP595631,WH770487,2026-02-06,2026-03-03,Delivered,Paid
SYSPO0004822,PO215530,SUP671858,WH690341,2025-09-04,2025-09-20,Delivered,Paid
SYSPO0004823,PO684548,SUP385470,WH816751,2025-09-25,2025-10-15,Delivered,Paid
SYSPO0004824,PO225878,SUP179046,WH519066,2026-03-23,2026-04-12,Delivered,Paid
SYSPO0004825,PO541743,SUP839677,WH582662,2025-10-31,2025-11-17,Delivered,Paid
SYSPO0004826,PO328948,SUP705397,WH770487,2026-02-22,2026-03-22,Delivered,Paid
SYSPO0004827,PO773107,SUP273982,WH100425,2026-04-26,2026-05-12,Delivered,Paid
SYSPO0004828,PO608090,SUP692683,WH205907,2026-01-24,2026-02-18,Cancelled,Cancelled
SYSPO0004829,PO882634,SUP513160,WH329974,2025-08-08,2025-09-01,Delivered,Paid
SYSPO0004830,PO270190,SUP639593,WH829716,2025-08-08,2025-08-15,Delivered,Paid
SYSPO0004831,PO263798,SUP934794,WH100425,2026-05-02,2026-05-08,Delivered,Paid
SYSPO0004832,PO379193,SUP449499,WH654634,2025-12-16,2025-12-21,Delivered,Paid
SYSPO0004833,PO362065,SUP472060,WH781453,2026-06-18,2026-07-04,Delivered,Paid
SYSPO0004834,PO890851,SUP946305,WH662336,2025-09-20,2025-10-18,Delivered,Paid
SYSPO0004835,PO823208,SUP335113,WH422451,2026-07-05,2026-07-16,Delivered,Paid
SYSPO0004836,PO545554,SUP285652,WH191161,2026-01-16,2026-02-16,Delivered,Paid
SYSPO0004837,PO560970,SUP497887,WH482364,2026-05-01,2026-05-19,Delivered,Paid
SYSPO0004838,PO354879,SUP624902,WH686075,2025-09-25,2025-10-08,Delivered,Paid
SYSPO0004839,PO634795,SUP904150,WH373903,2026-02-06,2026-03-04,Delivered,Paid
SYSPO0004840,PO622623,SUP245051,WH191161,2025-09-01,2025-09-22,Delivered,Paid
SYSPO0004841,PO531084,SUP597732,WH377746,2025-11-01,2025-11-27,Delayed,Pending
SYSPO0004842,PO342033,SUP513160,WH377746,2025-12-31,2026-01-24,Delivered,Paid
SYSPO0004843,PO913131,SUP681343,WH832052,2025-09-08,2025-09-23,Delayed,Pending
SYSPO0004844,PO713739,SUP197251,WH262316,2026-05-15,2026-05-22,Delivered,Paid
SYSPO0004845,PO608141,SUP613425,WH654634,2026-06-14,2026-06-25,Delivered,Paid
SYSPO0004846,PO734212,SUP877236,WH922157,2025-09-13,2025-09-20,Delivered,Paid
SYSPO0004847,PO235067,SUP608257,WH379766,2025-09-14,2025-09-30,Delivered,Pending
SYSPO0004848,PO696845,SUP768854,WH212235,2025-12-04,2025-12-21,Delivered,Paid
SYSPO0004849,PO718668,SUP513160,WH824586,2025-12-25,2026-01-18,Delivered,Paid
SYSPO0004850,PO869671,SUP335615,WH808011,2026-07-13,2026-07-19,Delivered,Paid
SYSPO0004851,PO519238,SUP179046,WH781453,2025-11-29,2025-12-19,Delivered,Paid
SYSPO0004852,PO296388,SUP925981,WH832052,2025-09-27,2025-10-15,Delayed,Pending
SYSPO0004853,PO227316,SUP344098,WH808011,2025-12-31,2026-01-16,Delivered,Paid
SYSPO0004854,PO946703,SUP349565,WH642717,2026-06-01,2026-06-27,Delivered,Paid
SYSPO0004855,PO309864,SUP608257,WH930555,2026-06-16,2026-07-02,Delayed,Pending
SYSPO0004856,PO262275,SUP705397,WH212235,2026-05-24,2026-06-21,Cancelled,Cancelled
SYSPO0004857,PO169728,SUP725084,WH740967,2026-07-10,2026-07-27,Delivered,Paid
SYSPO0004858,PO589066,SUP624902,WH526833,2025-09-25,2025-10-08,Delivered,Paid
SYSPO0004859,PO170609,SUP813536,WH686075,2026-04-11,2026-05-02,Delivered,Paid
SYSPO0004860,PO398051,SUP420214,WH686075,2026-04-24,2026-05-07,Delayed,Pending
SYSPO0004861,PO415117,SUP260422,WH262316,2025-09-29,2025-10-08,Delivered,Paid
SYSPO0004862,PO437009,SUP598216,WH654634,2025-08-31,2025-09-12,Delayed,Pending
SYSPO0004863,PO592911,SUP890170,WH322086,2026-02-27,2026-03-06,Delivered,Paid
SYSPO0004864,PO443120,SUP880879,WH582662,2026-03-11,2026-04-18,Delivered,Paid
SYSPO0004865,PO831166,SUP121753,WH519066,2025-08-08,2025-08-19,Cancelled,Cancelled
SYSPO0004866,PO751254,SUP690341,WH997546,2026-03-30,2026-04-04,Delivered,Paid
SYSPO0004867,PO343403,SUP300896,WH262316,2026-04-14,2026-04-22,Delivered,Paid
SYSPO0004868,PO738196,SUP887625,WH274389,2025-10-07,2025-10-20,Delivered,Paid
SYSPO0004869,PO520142,SUP650121,WH519066,2026-01-22,2026-01-28,Delayed,Pending
SYSPO0004870,PO967469,SUP344098,WH479201,2025-12-19,2026-01-04,Delayed,Pending
SYSPO0004871,PO135604,SUP429164,WH808011,2026-05-12,2026-05-29,Delivered,Paid
SYSPO0004872,PO596876,SUP302511,WH422451,2025-10-26,2025-11-13,Delivered,Paid
SYSPO0004873,PO745594,SUP245051,WH100425,2026-04-05,2026-04-26,Delivered,Paid
SYSPO0004874,PO449391,SUP639593,WH539589,2026-05-22,2026-05-29,Delivered,Paid
SYSPO0004875,PO773138,SUP757711,WH422451,2025-10-02,2025-10-07,Cancelled,Cancelled
SYSPO0004876,PO359951,SUP273982,WH205907,2026-07-28,2026-08-13,In Transit,Pending
SYSPO0004877,PO271302,SUP335113,WH519066,2026-01-11,2026-01-22,Delivered,Paid
SYSPO0004878,PO792559,SUP920652,WH262316,2026-04-01,2026-04-24,Delivered,Paid
SYSPO0004879,PO614003,SUP153872,WH532322,2026-04-28,2026-05-05,Delivered,Paid
SYSPO0004880,PO466594,SUP618392,WH532322,2026-01-23,2026-02-05,Delivered,Paid
SYSPO0004881,PO795458,SUP349565,WH829716,2026-07-04,2026-07-30,Delayed,Pending
SYSPO0004882,PO449727,SUP321275,WH356150,2025-10-28,2025-11-04,Delivered,Paid
SYSPO0004883,PO581948,SUP890170,WH555884,2025-09-07,2025-09-14,Delivered,Paid
SYSPO0004884,PO993160,SUP322955,WH379766,2026-07-19,2026-08-01,Delivered,Paid
SYSPO0004885,PO100089,SUP965845,WH532322,2025-09-13,2025-09-20,Cancelled,Cancelled
SYSPO0004886,PO886214,SUP680099,WH656116,2025-09-28,2025-10-15,Delivered,Paid
SYSPO0004887,PO168879,SUP692683,WH801474,2026-05-24,2026-06-18,Delivered,Paid
SYSPO0004888,PO915154,SUP391668,WH781453,2025-09-21,2025-10-04,Delivered,Paid
SYSPO0004889,PO821484,SUP526117,WH555884,2026-03-21,2026-04-06,Delivered,Pending
SYSPO0004890,PO274544,SUP705397,WH781453,2026-05-15,2026-06-12,Delivered,Paid
SYSPO0004891,PO368218,SUP153872,WH112038,2026-01-01,2026-01-08,Delivered,Paid
SYSPO0004892,PO633603,SUP378361,WH656116,2025-12-19,2026-01-24,Delivered,Paid
SYSPO0004893,PO872387,SUP842411,WH824586,2026-01-18,2026-01-26,Delivered,Paid
SYSPO0004894,PO853206,SUP221263,WH100425,2025-12-05,2025-12-29,Delivered,Paid
SYSPO0004895,PO517722,SUP925981,WH930555,2026-06-08,2026-06-26,Delivered,Paid
SYSPO0004896,PO398903,SUP497382,WH379766,2025-09-28,2025-10-16,Delivered,Paid
SYSPO0004897,PO851644,SUP197251,WH482364,2025-11-09,2025-11-16,Delivered,Paid
SYSPO0004898,PO119267,SUP349565,WH567574,2025-11-20,2025-12-16,Delivered,Paid
SYSPO0004899,PO286867,SUP755788,WH781453,2026-04-12,2026-05-07,Cancelled,Cancelled
SYSPO0004900,PO319158,SUP497887,WH820221,2025-09-06,2025-09-24,Delivered,Paid
SYSPO0004901,PO874284,SUP972335,WH781453,2025-11-09,2025-12-17,Delivered,Paid
SYSPO0004902,PO681627,SUP437408,WH324082,2026-03-07,2026-03-22,Delivered,Pending
SYSPO0004903,PO879871,SUP519093,WH233470,2026-03-26,2026-04-11,Delivered,Paid
SYSPO0004904,PO510771,SUP680099,WH262316,2026-03-26,2026-04-12,Delivered,Paid
SYSPO0004905,PO500699,SUP871711,WH567574,2026-05-12,2026-05-22,Delivered,Paid
SYSPO0004906,PO313619,SUP519093,WH997546,2026-03-28,2026-04-13,Delivered,Paid
SYSPO0004907,PO299096,SUP944962,WH770487,2025-11-23,2025-12-07,Delivered,Paid
SYSPO0004908,PO631867,SUP121753,WH356150,2026-06-03,2026-06-14,Delivered,Paid
SYSPO0004909,PO630148,SUP429164,WH820221,2026-08-05,2026-08-22,Processing,Pending
SYSPO0004910,PO276357,SUP344098,WH274389,2026-04-30,2026-05-16,Delayed,Pending
SYSPO0004911,PO728605,SUP934794,WH356150,2025-08-15,2025-08-21,Delivered,Paid
SYSPO0004912,PO395853,SUP802729,WH832052,2026-06-30,2026-07-11,Delivered,Paid
SYSPO0004913,PO252315,SUP300896,WH356150,2026-06-29,2026-07-07,Delivered,Paid
SYSPO0004914,PO680433,SUP420214,WH515011,2026-04-17,2026-04-30,Delivered,Paid
SYSPO0004915,PO295528,SUP972335,WH642717,2026-07-11,2026-08-18,In Transit,Pending
SYSPO0004916,PO133919,SUP946305,WH377746,2025-11-30,2025-12-28,Delayed,Pending
SYSPO0004917,PO804890,SUP681343,WH526117,2025-10-23,2025-11-07,Delivered,Paid
SYSPO0004918,PO593233,SUP265080,WH380746,2026-02-22,2026-03-10,Delivered,Paid
SYSPO0004919,PO392045,SUP624902,WH770487,2026-03-28,2026-04-10,Delivered,Paid
SYSPO0004920,PO657656,SUP427110,WH555884,2026-02-18,2026-03-08,Delivered,Paid
SYSPO0004921,PO306240,SUP335113,WH322086,2025-10-17,2025-10-28,Delivered,Paid
SYSPO0004922,PO176995,SUP153872,WH785197,2026-05-22,2026-05-29,Delivered,Paid
SYSPO0004923,PO931177,SUP839677,WH322086,2026-01-04,2026-01-21,Delivered,Paid
SYSPO0004924,PO527237,SUP197251,WH808011,2025-11-27,2025-12-04,Delivered,Paid
SYSPO0004925,PO102910,SUP728492,WH429164,2026-04-12,2026-04-28,Cancelled,Cancelled
SYSPO0004926,PO885425,SUP197251,WH820221,2025-08-26,2025-09-02,Delivered,Paid
SYSPO0004927,PO492136,SUP946305,WH785197,2026-06-05,2026-07-03,Delivered,Paid
SYSPO0004928,PO507121,SUP842411,WH324082,2026-07-19,2026-07-27,Delivered,Paid
SYSPO0004929,PO347992,SUP513160,WH824586,2026-06-09,2026-07-03,Delivered,Paid
SYSPO0004930,PO488984,SUP321275,WH808011,2025-11-05,2025-11-12,Delivered,Paid
SYSPO0004931,PO778407,SUP881177,WH324082,2026-02-13,2026-02-27,Delivered,Paid
SYSPO0004932,PO716319,SUP920652,WH460663,2026-01-01,2026-01-24,Delivered,Paid
SYSPO0004933,PO224010,SUP216970,WH479201,2025-09-17,2025-10-06,Delivered,Paid
SYSPO0004934,PO250116,SUP197251,WH515011,2025-11-06,2025-11-13,Delivered,Paid
SYSPO0004935,PO822007,SUP671858,WH771088,2026-02-15,2026-03-03,Delivered,Paid
SYSPO0004936,PO590199,SUP965845,WH555884,2026-04-09,2026-04-16,Delivered,Paid
SYSPO0004937,PO295740,SUP572700,WH922157,2026-03-23,2026-04-03,Delivered,Paid
SYSPO0004938,PO145086,SUP300896,WH922157,2025-09-01,2025-09-09,Delivered,Paid
SYSPO0004939,PO616944,SUP446954,WH526117,2026-02-26,2026-03-08,Delivered,Paid
SYSPO0004940,PO760775,SUP757711,WH422451,2026-07-16,2026-07-21,Delivered,Paid
SYSPO0004941,PO734362,SUP768854,WH519066,2025-08-09,2025-08-26,Delivered,Paid
SYSPO0004942,PO194962,SUP976325,WH824586,2025-12-23,2026-01-05,Delivered,Paid
SYSPO0004943,PO674644,SUP216970,WH801474,2026-08-02,2026-08-21,In Transit,Pending
SYSPO0004944,PO655108,SUP965845,WH801474,2025-12-05,2025-12-12,Delivered,Paid
SYSPO0004945,PO446209,SUP899213,WH322086,2025-09-25,2025-10-13,Delayed,Pending
SYSPO0004946,PO276028,SUP877236,WH808011,2026-01-02,2026-01-09,Delivered,Paid
SYSPO0004947,PO430193,SUP920652,WH654634,2026-07-05,2026-07-28,Delivered,Paid
SYSPO0004948,PO207530,SUP880879,WH599948,2026-06-26,2026-08-03,Delivered,Paid
SYSPO0004949,PO569389,SUP768854,WH785197,2026-03-13,2026-03-30,Delivered,Paid
SYSPO0004950,PO542078,SUP920652,WH519066,2026-01-15,2026-02-07,Delivered,Paid
SYSPO0004951,PO165942,SUP221263,WH205907,2025-12-24,2026-01-17,Cancelled,Cancelled
SYSPO0004952,PO492648,SUP523389,WH422451,2026-03-05,2026-03-21,Delivered,Paid
SYSPO0004953,PO861093,SUP608257,WH412942,2026-04-27,2026-05-13,Delivered,Paid
SYSPO0004954,PO156590,SUP891937,WH832052,2025-10-11,2025-11-08,Delivered,Paid
SYSPO0004955,PO287949,SUP300896,WH262316,2026-05-28,2026-06-05,Delivered,Paid
SYSPO0004956,PO422532,SUP427110,WH662336,2026-02-03,2026-02-21,Delivered,Paid
SYSPO0004957,PO377048,SUP513160,WH829716,2026-05-31,2026-06-24,Delivered,Paid
SYSPO0004958,PO590249,SUP273982,WH274389,2025-09-02,2025-09-18,Delivered,Paid
SYSPO0004959,PO871059,SUP526117,WH212235,2025-08-11,2025-08-27,Delivered,Paid
SYSPO0004960,PO657336,SUP273982,WH429164,2026-03-21,2026-04-06,Delivered,Paid
SYSPO0004961,PO853406,SUP597732,WH930555,2025-08-31,2025-09-26,Delivered,Paid
SYSPO0004962,PO229032,SUP597732,WH832052,2025-08-10,2025-09-05,Delivered,Paid
SYSPO0004963,PO376659,SUP335113,WH997546,2025-11-14,2025-11-25,Delivered,Paid
SYSPO0004964,PO591475,SUP330914,WH373903,2025-10-27,2025-11-15,Delivered,Pending
SYSPO0004965,PO827779,SUP526117,WH785197,2025-08-20,2025-09-05,Delivered,Paid
SYSPO0004966,PO378249,SUP871711,WH690341,2026-07-29,2026-08-08,Processing,Pending
SYSPO0004967,PO205131,SUP887625,WH555884,2025-08-28,2025-09-10,Cancelled,Cancelled
SYSPO0004968,PO477362,SUP595631,WH785197,2026-06-07,2026-07-02,Delivered,Paid
SYSPO0004969,PO250634,SUP696750,WH515011,2026-01-06,2026-01-13,Delivered,Paid
SYSPO0004970,PO524539,SUP184491,WH770487,2026-02-17,2026-03-21,Delivered,Paid
SYSPO0004971,PO239850,SUP344098,WH329974,2025-11-24,2025-12-10,Delivered,Paid
SYSPO0004972,PO942944,SUP300896,WH356150,2026-04-06,2026-04-14,Delivered,Paid
SYSPO0004973,PO370833,SUP572700,WH412942,2026-05-08,2026-05-19,Delivered,Paid
SYSPO0004974,PO843554,SUP770487,WH808011,2026-02-15,2026-03-01,Delivered,Paid
SYSPO0004975,PO247525,SUP333238,WH997546,2026-05-29,2026-06-17,Delivered,Paid
SYSPO0004976,PO198483,SUP768854,WH820221,2026-01-13,2026-01-30,Cancelled,Cancelled
SYSPO0004977,PO543841,SUP519093,WH808011,2026-01-16,2026-02-01,Delivered,Paid
SYSPO0004978,PO407584,SUP890170,WH801474,2026-05-04,2026-05-11,Delivered,Paid
SYSPO0004979,PO734021,SUP899213,WH479201,2026-01-08,2026-01-26,Cancelled,Cancelled
SYSPO0004980,PO805343,SUP976325,WH191161,2025-09-06,2025-09-19,Delivered,Paid
SYSPO0004981,PO983678,SUP260422,WH532322,2026-04-10,2026-04-19,Delivered,Paid
SYSPO0004982,PO564063,SUP156213,WH808011,2026-03-01,2026-03-14,Delivered,Paid
SYSPO0004983,PO311539,SUP891937,WH379766,2026-03-01,2026-03-29,Cancelled,Cancelled
SYSPO0004984,PO972769,SUP307428,WH555884,2026-04-01,2026-04-12,Delivered,Paid
SYSPO0004985,PO262241,SUP597732,WH690341,2025-10-03,2025-10-29,Delivered,Paid
SYSPO0004986,PO916927,SUP608257,WH460663,2025-11-20,2025-12-06,Delayed,Pending
SYSPO0004987,PO590145,SUP690341,WH100425,2025-09-06,2025-09-11,Delivered,Paid
SYSPO0004988,PO861241,SUP216970,WH820221,2025-12-03,2025-12-22,Cancelled,Cancelled
SYSPO0004989,PO517779,SUP497887,WH785197,2025-09-04,2025-09-22,Delayed,Pending
SYSPO0004990,PO129650,SUP990844,WH191161,2026-02-19,2026-03-10,Delivered,Paid
SYSPO0004991,PO496835,SUP519904,WH539589,2026-07-28,2026-08-11,In Transit,Pending
SYSPO0004992,PO754211,SUP572700,WH322086,2025-10-22,2025-11-02,Delivered,Paid
SYSPO0004993,PO139419,SUP184491,WH930555,2026-06-14,2026-07-16,Delivered,Paid
SYSPO0004994,PO620155,SUP728492,WH781453,2025-10-04,2025-10-20,Delivered,Paid
SYSPO0004995,PO919463,SUP307428,WH816751,2026-03-01,2026-03-12,Delivered,Paid
SYSPO0004996,PO489284,SUP349565,WH820221,2025-12-09,2026-01-04,Delivered,Paid
SYSPO0004997,PO983708,SUP944962,WH816751,2026-01-03,2026-01-17,Delivered,Paid
SYSPO0004998,PO794534,SUP307428,WH526117,2026-03-20,2026-03-31,Delivered,Paid
SYSPO0004999,PO934103,SUP321275,WH656116,2026-04-08,2026-04-15,Delayed,Pending
SYSPO0005000,PO396458,SUP519093,WH816751,2026-05-28,2026-06-13,Delivered,Paid
SYSPO0005001,PO319011,SUP671858,WH781453,2026-06-25,2026-07-11,Delivered,Paid
SYSPO0005002,PO907481,SUP211764,WH824586,2026-04-14,2026-05-01,Delivered,Paid
SYSPO0005003,PO983020,SUP801364,WH100425,2026-04-26,2026-05-18,Delivered,Paid
SYSPO0005004,PO136051,SUP216970,WH832052,2026-04-11,2026-04-30,Delivered,Paid
SYSPO0005005,PO114896,SUP378361,WH771088,2025-08-30,2025-10-05,Delivered,Paid
SYSPO0005006,PO963550,SUP944962,WH816751,2025-12-03,2025-12-17,Delivered,Paid
SYSPO0005007,PO238189,SUP216970,WH422451,2026-05-03,2026-05-22,Delivered,Paid
SYSPO0005008,PO206356,SUP955662,WH555884,2026-01-21,2026-02-09,Delivered,Paid
SYSPO0005009,PO659590,SUP335615,WH112038,2026-05-15,2026-05-21,Delivered,Paid
SYSPO0005010,PO402321,SUP880879,WH832052,2026-06-29,2026-08-06,Cancelled,Cancelled
SYSPO0005011,PO833796,SUP597732,WH930555,2025-11-05,2025-12-01,Delivered,Paid
SYSPO0005012,PO271283,SUP624902,WH356150,2025-08-27,2025-09-09,Delayed,Pending
SYSPO0005013,PO656851,SUP972064,WH997546,2025-11-07,2025-11-25,Delayed,Pending
SYSPO0005014,PO414752,SUP865990,WH781453,2025-09-07,2025-09-28,Delivered,Paid
SYSPO0005015,PO517009,SUP273982,WH112038,2026-07-30,2026-08-15,In Transit,Pending
SYSPO0005016,PO615579,SUP813536,WH997546,2026-01-20,2026-02-10,Delivered,Paid
SYSPO0005017,PO235022,SUP333238,WH205907,2025-09-19,2025-10-08,Delivered,Paid
SYSPO0005018,PO160616,SUP920652,WH532322,2026-01-28,2026-02-20,Delivered,Paid
SYSPO0005019,PO506777,SUP446954,WH100425,2026-03-30,2026-04-09,Delivered,Paid
SYSPO0005020,PO831809,SUP899213,WH100425,2026-03-29,2026-04-16,Delivered,Paid
SYSPO0005021,PO883908,SUP256294,WH356150,2025-08-26,2025-09-08,Delivered,Pending
SYSPO0005022,PO510428,SUP946305,WH820221,2025-12-03,2025-12-31,Delivered,Paid
SYSPO0005023,PO565381,SUP446954,WH808011,2026-04-20,2026-04-30,Delivered,Paid
SYSPO0005024,PO811218,SUP871711,WH274389,2026-05-20,2026-05-30,Delayed,Pending
SYSPO0005025,PO999762,SUP829308,WH112038,2026-04-17,2026-04-25,Delivered,Paid
SYSPO0005026,PO980185,SUP757711,WH654634,2026-05-19,2026-05-24,Delivered,Paid
SYSPO0005027,PO520244,SUP265080,WH174441,2025-10-12,2025-10-28,Delivered,Paid
SYSPO0005028,PO434134,SUP427110,WH100425,2025-09-20,2025-10-08,Delivered,Pending
SYSPO0005029,PO446600,SUP662275,WH690341,2025-08-09,2025-08-21,Delivered,Paid
SYSPO0005030,PO443700,SUP429164,WH515011,2026-05-06,2026-05-23,Delivered,Pending
SYSPO0005031,PO280510,SUP757711,WH519066,2025-09-27,2025-10-02,Delivered,Paid
SYSPO0005032,PO505185,SUP156213,WH771088,2026-05-04,2026-05-17,Delivered,Paid
SYSPO0005033,PO947623,SUP256294,WH922157,2025-08-09,2025-08-22,Delivered,Paid
SYSPO0005034,PO174754,SUP925981,WH429164,2025-10-07,2025-10-25,Delivered,Paid
SYSPO0005035,PO283631,SUP384076,WH422451,2026-02-13,2026-02-28,Delivered,Paid
SYSPO0005036,PO717326,SUP333238,WH656116,2025-12-17,2026-01-05,Delivered,Paid
SYSPO0005037,PO989223,SUP260422,WH930555,2026-02-24,2026-03-05,Delivered,Paid
SYSPO0005038,PO546484,SUP613425,WH212235,2026-02-21,2026-03-04,Delivered,Paid
SYSPO0005039,PO592780,SUP733039,WH356150,2026-06-05,2026-06-21,Delivered,Pending
SYSPO0005040,PO528038,SUP801364,WH100425,2026-06-20,2026-07-12,Delivered,Paid
SYSPO0005041,PO380788,SUP378361,WH910891,2026-05-11,2026-06-16,Delayed,Pending
SYSPO0005042,PO531187,SUP523389,WH322086,2025-11-13,2025-11-29,Delivered,Paid
SYSPO0005043,PO150867,SUP904150,WH770487,2025-10-08,2025-11-03,Delivered,Paid
SYSPO0005044,PO882979,SUP624902,WH262316,2025-12-27,2026-01-09,Delivered,Paid
SYSPO0005045,PO907569,SUP692683,WH479201,2025-09-23,2025-10-18,Delivered,Paid
SYSPO0005046,PO608340,SUP285652,WH376807,2026-05-23,2026-06-23,Delivered,Pending
SYSPO0005047,PO682209,SUP871711,WH555884,2026-06-04,2026-06-14,Delivered,Paid
SYSPO0005048,PO652208,SUP725084,WH322086,2026-07-10,2026-07-27,Delivered,Paid
SYSPO0005049,PO471130,SUP497887,WH642717,2025-11-17,2025-12-05,Delivered,Pending
SYSPO0005050,PO114848,SUP523389,WH460663,2026-05-16,2026-06-01,Delivered,Paid
SYSPO0005051,PO363417,SUP736059,WH237174,2026-07-15,2026-07-29,Delivered,Paid
SYSPO0005052,PO898247,SUP335113,WH237174,2025-09-19,2025-09-30,Delivered,Paid
SYSPO0005053,PO852067,SUP335615,WH555884,2026-05-31,2026-06-06,Delivered,Paid
SYSPO0005054,PO146446,SUP335113,WH322086,2026-07-20,2026-07-31,Delayed,Pending
SYSPO0005055,PO656213,SUP668532,WH100425,2025-08-16,2025-08-29,Delivered,Paid
SYSPO0005056,PO118415,SUP572700,WH100425,2025-12-13,2025-12-24,Delivered,Paid
SYSPO0005057,PO201050,SUP725084,WH379766,2026-06-14,2026-07-01,Delivered,Paid
SYSPO0005058,PO658461,SUP608257,WH808011,2026-01-18,2026-02-03,Delivered,Pending
SYSPO0005059,PO219200,SUP904150,WH636265,2025-11-18,2025-12-14,Delivered,Paid
SYSPO0005060,PO820094,SUP650121,WH555884,2026-02-24,2026-03-02,Delivered,Paid
SYSPO0005061,PO235409,SUP513160,WH376807,2025-08-29,2025-09-22,Delivered,Paid
SYSPO0005062,PO639285,SUP429164,WH356150,2025-11-15,2025-12-02,Delivered,Paid
SYSPO0005063,PO903684,SUP597732,WH479201,2026-05-08,2026-06-03,Delivered,Paid
SYSPO0005064,PO774050,SUP197251,WH997546,2026-03-16,2026-03-23,Delivered,Paid
SYSPO0005065,PO393549,SUP891937,WH582662,2026-04-05,2026-05-03,Delivered,Paid
SYSPO0005066,PO641436,SUP446954,WH322086,2025-09-03,2025-09-13,Delivered,Paid
SYSPO0005067,PO102608,SUP240814,WH824586,2026-02-13,2026-02-19,Delivered,Paid
SYSPO0005068,PO773439,SUP650121,WH274389,2026-01-28,2026-02-03,Delivered,Paid
SYSPO0005069,PO937003,SUP335113,WH274389,2026-02-19,2026-03-02,Delivered,Paid
SYSPO0005070,PO253806,SUP650121,WH519066,2025-12-22,2025-12-28,Delivered,Paid
SYSPO0005071,PO534445,SUP350867,WH274389,2025-08-26,2025-09-10,Delivered,Paid
SYSPO0005072,PO260183,SUP881177,WH801474,2026-02-15,2026-03-01,Delivered,Paid
SYSPO0005073,PO596770,SUP891937,WH373903,2026-07-04,2026-08-01,Delivered,Paid
SYSPO0005074,PO258863,SUP804318,WH539589,2026-03-13,2026-04-03,Delivered,Paid
SYSPO0005075,PO137656,SUP446954,WH824586,2025-10-08,2025-10-18,Delivered,Paid
SYSPO0005076,PO668488,SUP260263,WH658582,2025-12-25,2026-01-01,Delivered,Paid
SYSPO0005077,PO588652,SUP356150,WH205907,2025-10-05,2025-10-23,Delivered,Paid
SYSPO0005078,PO929488,SUP696750,WH205907,2025-11-12,2025-11-19,Delivered,Paid
SYSPO0005079,PO650325,SUP449499,WH770487,2026-06-01,2026-06-06,Delayed,Pending
SYSPO0005080,PO671102,SUP333238,WH824586,2025-09-13,2025-10-02,Cancelled,Cancelled
SYSPO0005081,PO574410,SUP335615,WH686075,2026-07-18,2026-07-24,Delivered,Paid
SYSPO0005082,PO435969,SUP668532,WH656116,2026-03-15,2026-03-28,Delivered,Paid
SYSPO0005083,PO634698,SUP256294,WH422451,2026-04-23,2026-05-06,Delivered,Paid
SYSPO0005084,PO966935,SUP437408,WH539589,2026-05-12,2026-05-27,Delivered,Paid
SYSPO0005085,PO530990,SUP890170,WH262316,2025-09-18,2025-09-25,Delivered,Pending
SYSPO0005086,PO818534,SUP597732,WH373903,2025-11-01,2025-11-27,Delivered,Paid
SYSPO0005087,PO814351,SUP384076,WH781453,2026-05-19,2026-06-03,Delivered,Paid
SYSPO0005088,PO731900,SUP668532,WH690341,2026-02-18,2026-03-03,Delivered,Paid
SYSPO0005089,PO946494,SUP420214,WH233470,2025-08-05,2025-08-18,Delivered,Paid
SYSPO0005090,PO666252,SUP733039,WH690341,2025-08-22,2025-09-07,Delivered,Paid
SYSPO0005091,PO203066,SUP757711,WH555884,2026-07-04,2026-07-09,Cancelled,Cancelled
SYSPO0005092,PO967717,SUP273982,WH656116,2026-07-06,2026-07-22,Delivered,Paid
SYSPO0005093,PO991090,SUP725084,WH582662,2025-08-09,2025-08-26,Delivered,Paid
SYSPO0005094,PO238365,SUP696750,WH112038,2025-11-07,2025-11-14,Delivered,Paid
SYSPO0005095,PO506451,SUP526117,WH770487,2025-08-22,2025-09-07,Delivered,Paid
SYSPO0005096,PO990804,SUP642717,WH930555,2026-02-04,2026-02-18,Delivered,Paid
SYSPO0005097,PO148465,SUP472060,WH808011,2025-12-24,2026-01-09,Delivered,Paid
SYSPO0005098,PO582598,SUP497382,WH324082,2025-12-31,2026-01-18,Delivered,Paid
SYSPO0005099,PO300287,SUP736059,WH808011,2026-07-28,2026-08-11,In Transit,Pending
SYSPO0005100,PO939244,SUP650121,WH526117,2025-10-02,2025-10-08,Delivered,Paid
SYSPO0005101,PO980661,SUP934794,WH654634,2025-10-13,2025-10-19,Delivered,Paid
SYSPO0005102,PO814442,SUP920652,WH686075,2026-08-01,2026-08-24,In Transit,Pending
SYSPO0005103,PO474841,SUP904150,WH785197,2026-07-04,2026-07-30,Delivered,Paid
SYSPO0005104,PO808315,SUP770487,WH824586,2025-08-18,2025-09-01,Delivered,Paid
SYSPO0005105,PO376202,SUP245051,WH174441,2026-03-07,2026-03-28,Delivered,Paid
SYSPO0005106,PO209755,SUP335113,WH422451,2026-06-12,2026-06-23,Delivered,Paid
SYSPO0005107,PO153903,SUP259784,WH274389,2026-07-25,2026-08-01,Delivered,Pending
SYSPO0005108,PO931813,SUP273982,WH532322,2026-05-09,2026-05-25,Delivered,Paid
SYSPO0005109,PO565535,SUP497382,WH567574,2026-05-19,2026-06-06,Delivered,Paid
SYSPO0005110,PO914160,SUP330914,WH526833,2026-04-16,2026-05-05,Delivered,Paid
SYSPO0005111,PO572209,SUP705397,WH479201,2026-01-14,2026-02-11,Delivered,Paid
SYSPO0005112,PO769840,SUP705397,WH377746,2025-10-31,2025-11-28,Delivered,Paid
SYSPO0005113,PO637267,SUP335113,WH801474,2025-12-07,2025-12-18,Delivered,Paid
SYSPO0005114,PO407698,SUP429164,WH642717,2025-11-09,2025-11-26,Delayed,Pending
SYSPO0005115,PO959206,SUP572700,WH237174,2026-01-13,2026-01-24,Delivered,Paid
SYSPO0005116,PO122700,SUP595631,WH379766,2026-07-26,2026-08-20,In Transit,Pending
SYSPO0005117,PO742940,SUP989545,WH958179,2026-05-11,2026-05-27,Delivered,Paid
SYSPO0005118,PO318431,SUP688508,WH422451,2025-12-07,2025-12-17,Delivered,Paid
SYSPO0005119,PO840733,SUP770487,WH532322,2025-11-18,2025-12-02,Delivered,Paid
SYSPO0005120,PO560515,SUP802729,WH329974,2026-06-21,2026-07-02,Delivered,Paid
SYSPO0005121,PO879133,SUP829308,WH460663,2025-09-04,2025-09-12,Delivered,Paid
SYSPO0005122,PO447526,SUP459536,WH233470,2026-03-14,2026-03-28,Delivered,Paid
SYSPO0005123,PO271628,SUP989545,WH519066,2025-12-27,2026-01-12,Delivered,Paid
SYSPO0005124,PO872158,SUP613425,WH205907,2025-09-20,2025-10-01,Delivered,Paid
SYSPO0005125,PO663655,SUP265080,WH599948,2026-02-15,2026-03-03,Delivered,Paid
SYSPO0005126,PO589227,SUP877236,WH274389,2026-04-23,2026-04-30,Delivered,Paid
SYSPO0005127,PO843460,SUP755788,WH771088,2026-07-21,2026-08-15,In Transit,Pending
SYSPO0005128,PO462153,SUP671858,WH567574,2025-08-25,2025-09-10,Delivered,Paid
SYSPO0005129,PO610715,SUP378361,WH377746,2025-10-13,2025-11-18,Delivered,Paid
SYSPO0005130,PO545324,SUP770487,WH422451,2025-10-30,2025-11-13,Delivered,Paid
SYSPO0005131,PO273628,SUP598216,WH237174,2026-06-13,2026-06-25,Delivered,Paid
SYSPO0005132,PO175293,SUP335113,WH274389,2026-02-21,2026-03-04,Delivered,Paid
SYSPO0005133,PO414417,SUP802729,WH532322,2025-08-22,2025-09-02,Delivered,Paid
SYSPO0005134,PO839490,SUP156213,WH377746,2026-01-07,2026-01-20,Delivered,Paid
SYSPO0005135,PO950249,SUP946305,WH656116,2025-08-31,2025-09-28,Delivered,Paid
SYSPO0005136,PO949729,SUP624902,WH191161,2026-07-11,2026-07-24,Delivered,Paid
SYSPO0005137,PO767861,SUP618392,WH379766,2026-02-01,2026-02-14,Delayed,Pending
SYSPO0005138,PO130064,SUP671858,WH599948,2026-07-07,2026-07-23,Delivered,Paid
SYSPO0005139,PO885489,SUP572387,WH658582,2025-11-22,2025-12-08,Delivered,Paid
SYSPO0005140,PO958962,SUP307428,WH233470,2026-06-01,2026-06-12,Delivered,Paid
SYSPO0005141,PO574396,SUP260422,WH380746,2026-06-29,2026-07-08,Delivered,Pending
SYSPO0005142,PO533966,SUP904150,WH329974,2025-12-03,2025-12-29,Cancelled,Cancelled
SYSPO0005143,PO428673,SUP972064,WH686075,2025-12-10,2025-12-28,Delivered,Paid
SYSPO0005144,PO133629,SUP300337,WH356150,2025-09-07,2025-09-20,Delivered,Paid
SYSPO0005145,PO832900,SUP429164,WH380746,2026-03-07,2026-03-24,Delivered,Paid
SYSPO0005146,PO318897,SUP614663,WH816751,2026-01-29,2026-02-15,Delivered,Paid
SYSPO0005147,PO541425,SUP519904,WH482364,2025-08-08,2025-08-22,Delivered,Paid
SYSPO0005148,PO574312,SUP664607,WH636265,2025-12-26,2026-01-28,Delivered,Paid
SYSPO0005149,PO523210,SUP344098,WH526117,2025-10-21,2025-11-06,Cancelled,Cancelled
SYSPO0005150,PO272180,SUP519093,WH233470,2025-11-26,2025-12-12,Delivered,Paid
SYSPO0005151,PO418814,SUP642717,WH191161,2026-03-11,2026-03-25,Delayed,Pending
SYSPO0005152,PO422090,SUP946305,WH930555,2026-06-05,2026-07-03,Delivered,Paid
SYSPO0005153,PO676282,SUP865990,WH324082,2025-12-01,2025-12-22,Delivered,Paid
SYSPO0005154,PO169713,SUP335615,WH262316,2026-05-19,2026-05-25,Delivered,Paid
SYSPO0005155,PO764488,SUP668532,WH801474,2026-04-03,2026-04-16,Delivered,Paid
SYSPO0005156,PO609573,SUP681343,WH832052,2025-11-07,2025-11-22,Delivered,Paid
SYSPO0005157,PO197183,SUP121753,WH636265,2026-02-01,2026-02-12,Cancelled,Cancelled
SYSPO0005158,PO931324,SUP378361,WH515011,2025-12-26,2026-01-31,Delivered,Paid
SYSPO0005159,PO459949,SUP877236,WH100425,2026-03-22,2026-03-29,Delivered,Paid
SYSPO0005160,PO919771,SUP871711,WH412942,2026-02-12,2026-02-22,Delivered,Paid
SYSPO0005161,PO676010,SUP624902,WH658582,2026-06-01,2026-06-14,Delivered,Paid
SYSPO0005162,PO339802,SUP608257,WH642717,2026-06-02,2026-06-18,Delivered,Pending
SYSPO0005163,PO169315,SUP273982,WH997546,2025-10-19,2025-11-04,Delayed,Pending
SYSPO0005164,PO866734,SUP733039,WH539589,2026-05-16,2026-06-01,Delivered,Paid
SYSPO0005165,PO708446,SUP156213,WH274389,2026-07-20,2026-08-02,Delivered,Paid
SYSPO0005166,PO919637,SUP589710,WH555884,2026-03-05,2026-03-24,Delivered,Paid
SYSPO0005167,PO432204,SUP839677,WH658582,2026-05-27,2026-06-13,Delivered,Paid
SYSPO0005168,PO114642,SUP221263,WH262316,2026-06-10,2026-07-04,Delivered,Paid
SYSPO0005169,PO545567,SUP765095,WH482364,2025-11-08,2025-12-13,Delivered,Paid
SYSPO0005170,PO492142,SUP197251,WH233470,2025-10-02,2025-10-09,Delivered,Paid
SYSPO0005171,PO355022,SUP335113,WH274389,2025-08-07,2025-08-18,Delivered,Paid
SYSPO0005172,PO168076,SUP330914,WH205907,2026-08-02,2026-08-21,In Transit,Pending
SYSPO0005173,PO532592,SUP429164,WH662336,2026-01-11,2026-01-28,Delivered,Paid
SYSPO0005174,PO937216,SUP427110,WH356150,2025-08-14,2025-09-01,Delivered,Paid
SYSPO0005175,PO804001,SUP944962,WH740967,2025-11-03,2025-11-17,Delivered,Paid
SYSPO0005176,PO446731,SUP330914,WH233470,2026-03-03,2026-03-22,Delivered,Paid
SYSPO0005177,PO978552,SUP688508,WH686075,2025-12-17,2025-12-27,Delivered,Paid
SYSPO0005178,PO307536,SUP576086,WH379766,2026-04-08,2026-04-14,Delayed,Pending
SYSPO0005179,PO490371,SUP427110,WH958179,2026-06-27,2026-07-15,Delivered,Paid
SYSPO0005180,PO134855,SUP920652,WH191161,2026-05-01,2026-05-24,Delivered,Pending
SYSPO0005181,PO552709,SUP344098,WH997546,2026-07-11,2026-07-27,Delayed,Pending
SYSPO0005182,PO451416,SUP650121,WH205907,2025-08-08,2025-08-14,Delivered,Paid
SYSPO0005183,PO402311,SUP965845,WH322086,2025-12-13,2025-12-20,Delivered,Paid
SYSPO0005184,PO528718,SUP671858,WH781453,2025-08-05,2025-08-21,Delivered,Paid
SYSPO0005185,PO874410,SUP330914,WH479201,2026-05-26,2026-06-14,Delivered,Paid
SYSPO0005186,PO361985,SUP881177,WH233470,2026-04-17,2026-05-01,Delivered,Paid
SYSPO0005187,PO994310,SUP385470,WH539589,2025-12-29,2026-01-18,Cancelled,Cancelled
SYSPO0005188,PO435036,SUP891937,WH412942,2026-06-30,2026-07-28,Delivered,Paid
SYSPO0005189,PO284655,SUP976325,WH922157,2026-05-18,2026-05-31,Delivered,Paid
SYSPO0005190,PO795473,SUP842411,WH686075,2026-05-14,2026-05-22,Delivered,Paid
SYSPO0005191,PO660133,SUP944962,WH656116,2025-12-02,2025-12-16,Delivered,Paid
SYSPO0005192,PO772915,SUP870763,WH824586,2025-09-14,2025-09-30,Delivered,Pending
SYSPO0005193,PO222414,SUP890170,WH532322,2025-10-23,2025-10-30,Delivered,Paid
SYSPO0005194,PO972838,SUP934794,WH329974,2026-02-26,2026-03-04,Delivered,Paid
SYSPO0005195,PO294689,SUP925981,WH824586,2025-11-05,2025-11-23,Delivered,Paid
SYSPO0005196,PO564223,SUP133659,WH274389,2026-01-15,2026-02-02,Delivered,Paid
SYSPO0005197,PO550938,SUP598216,WH922157,2026-02-12,2026-02-24,Delivered,Paid
SYSPO0005198,PO949598,SUP179046,WH690341,2025-08-28,2025-09-17,Delayed,Pending
SYSPO0005199,PO886803,SUP273982,WH785197,2025-09-29,2025-10-15,Delivered,Paid
SYSPO0005200,PO960822,SUP153872,WH274389,2026-05-08,2026-05-15,Delivered,Paid
SYSPO0005201,PO478035,SUP662275,WH519066,2025-11-21,2025-12-03,Delivered,Paid
SYSPO0005202,PO975392,SUP459536,WH740967,2025-09-10,2025-09-24,Delivered,Paid
SYSPO0005203,PO523922,SUP608257,WH808011,2025-08-22,2025-09-07,Delivered,Paid
SYSPO0005204,PO611626,SUP965845,WH686075,2026-07-28,2026-08-04,Delayed,Pending
SYSPO0005205,PO358251,SUP322955,WH686075,2025-11-02,2025-11-15,Delivered,Paid
SYSPO0005206,PO414726,SUP618392,WH832052,2026-07-19,2026-08-01,Delivered,Paid
SYSPO0005207,PO361319,SUP437902,WH519066,2026-06-29,2026-07-16,Delivered,Paid
SYSPO0005208,PO562979,SUP307428,WH958179,2026-02-22,2026-03-05,Delayed,Pending
SYSPO0005209,PO854638,SUP899213,WH808011,2026-01-12,2026-01-30,Delivered,Paid
SYSPO0005210,PO832684,SUP472060,WH515011,2026-05-04,2026-05-20,Delivered,Paid
SYSPO0005211,PO678231,SUP881177,WH820221,2026-07-18,2026-08-01,Delivered,Paid
SYSPO0005212,PO841420,SUP179046,WH322086,2025-12-27,2026-01-16,Delivered,Paid
SYSPO0005213,PO455210,SUP613425,WH690341,2026-01-30,2026-02-10,Delivered,Paid
SYSPO0005214,PO831740,SUP273982,WH567574,2026-05-22,2026-06-07,Delayed,Pending
SYSPO0005215,PO673625,SUP920652,WH329974,2025-09-06,2025-09-29,Delivered,Paid
SYSPO0005216,PO530780,SUP265080,WH808011,2026-03-18,2026-04-03,Delivered,Paid
SYSPO0005217,PO127403,SUP650121,WH356150,2025-09-11,2025-09-17,Delivered,Paid
SYSPO0005218,PO410415,SUP589710,WH205907,2026-02-17,2026-03-08,Delivered,Paid
SYSPO0005219,PO888582,SUP437902,WH816751,2025-09-25,2025-10-12,Delivered,Paid
SYSPO0005220,PO624385,SUP156213,WH322086,2026-04-09,2026-04-22,Delivered,Paid
SYSPO0005221,PO306290,SUP240814,WH519066,2026-06-19,2026-06-25,Delivered,Paid
SYSPO0005222,PO318333,SUP523389,WH379766,2026-01-05,2026-01-21,Delivered,Paid
SYSPO0005223,PO912662,SUP934794,WH820221,2025-09-03,2025-09-09,Delayed,Pending
SYSPO0005224,PO743348,SUP330914,WH532322,2026-03-22,2026-04-10,Delivered,Paid
SYSPO0005225,PO120026,SUP356150,WH636265,2026-03-13,2026-03-31,Delivered,Paid
SYSPO0005226,PO318110,SUP801364,WH322086,2025-08-29,2025-09-20,Delivered,Paid
SYSPO0005227,PO921825,SUP572700,WH515011,2026-01-20,2026-01-31,Delivered,Paid
SYSPO0005228,PO516138,SUP946305,WH539589,2026-04-19,2026-05-17,Delivered,Paid
SYSPO0005229,PO706236,SUP904150,WH429164,2025-09-24,2025-10-20,Delivered,Paid
SYSPO0005230,PO525155,SUP260263,WH740967,2025-11-04,2025-11-11,Delayed,Pending
SYSPO0005231,PO214173,SUP765095,WH539589,2025-11-26,2025-12-31,Delivered,Paid
SYSPO0005232,PO717224,SUP770487,WH771088,2025-11-14,2025-11-28,Cancelled,Cancelled
SYSPO0005233,PO514619,SUP955662,WH412942,2026-07-01,2026-07-20,Delivered,Paid
SYSPO0005234,PO800207,SUP692683,WH237174,2025-12-05,2025-12-30,Delivered,Paid
SYSPO0005235,PO853512,SUP639593,WH412942,2026-07-30,2026-08-06,In Transit,Pending
SYSPO0005236,PO529914,SUP335615,WH324082,2026-06-12,2026-06-18,Cancelled,Cancelled
SYSPO0005237,PO815053,SUP307428,WH824586,2026-01-04,2026-01-15,Delivered,Paid
SYSPO0005238,PO209973,SUP757711,WH322086,2026-05-04,2026-05-09,Delivered,Paid
SYSPO0005239,PO128877,SUP260422,WH820221,2026-06-24,2026-07-03,Delivered,Paid
SYSPO0005240,PO385326,SUP420214,WH322086,2026-05-17,2026-05-30,Delivered,Paid
SYSPO0005241,PO337420,SUP576086,WH922157,2025-12-09,2025-12-15,Delivered,Paid
SYSPO0005242,PO798229,SUP595631,WH526833,2025-12-06,2025-12-31,Delivered,Paid
SYSPO0005243,PO818957,SUP356150,WH922157,2026-01-27,2026-02-14,Delivered,Paid
SYSPO0005244,PO690717,SUP976325,WH997546,2025-11-18,2025-12-01,Delivered,Paid
SYSPO0005245,PO174615,SUP877236,WH356150,2025-11-03,2025-11-10,Delivered,Paid
SYSPO0005246,PO363240,SUP972064,WH526117,2025-09-03,2025-09-21,Delivered,Pending
SYSPO0005247,PO706435,SUP344098,WH526833,2025-10-22,2025-11-07,Delivered,Paid
SYSPO0005248,PO126125,SUP437902,WH820221,2025-09-26,2025-10-13,Delivered,Paid
SYSPO0005249,PO140530,SUP245051,WH582662,2026-06-03,2026-06-24,Delivered,Paid
SYSPO0005250,PO537249,SUP891937,WH781453,2026-05-31,2026-06-28,Delivered,Paid
SYSPO0005251,PO175868,SUP302511,WH205907,2026-03-20,2026-04-07,Delivered,Paid
SYSPO0005252,PO986709,SUP184491,WH771088,2025-09-16,2025-10-18,Delivered,Paid
SYSPO0005253,PO417051,SUP899213,WH322086,2025-10-04,2025-10-22,Delivered,Paid
SYSPO0005254,PO307074,SUP804318,WH771088,2025-09-15,2025-10-06,Delivered,Paid
SYSPO0005255,PO803908,SUP965845,WH322086,2025-10-07,2025-10-14,Delivered,Paid
SYSPO0005256,PO315386,SUP273982,WH237174,2026-01-26,2026-02-11,Delivered,Paid
SYSPO0005257,PO203685,SUP133659,WH262316,2026-02-01,2026-02-19,Delivered,Paid
SYSPO0005258,PO241800,SUP642717,WH686075,2025-12-04,2025-12-18,Delivered,Paid
SYSPO0005259,PO956595,SUP614663,WH922157,2026-01-09,2026-01-26,Delayed,Pending
SYSPO0005260,PO586466,SUP696750,WH686075,2025-09-20,2025-09-27,Delivered,Paid
SYSPO0005261,PO787031,SUP891937,WH690341,2026-03-01,2026-03-29,Delivered,Paid
SYSPO0005262,PO581691,SUP156213,WH373903,2025-12-22,2026-01-04,Delivered,Paid
SYSPO0005263,PO831067,SUP668532,WH658582,2026-05-31,2026-06-13,Delivered,Pending
SYSPO0005264,PO599580,SUP813536,WH636265,2025-10-24,2025-11-14,Delivered,Paid
SYSPO0005265,PO296631,SUP330914,WH582662,2026-01-27,2026-02-15,Delivered,Paid
SYSPO0005266,PO768102,SUP589710,WH771088,2025-12-02,2025-12-21,Delivered,Paid
SYSPO0005267,PO497358,SUP668532,WH654634,2026-01-31,2026-02-13,Delivered,Paid
SYSPO0005268,PO772572,SUP842411,WH237174,2025-11-15,2025-11-23,Delivered,Paid
SYSPO0005269,PO844474,SUP300337,WH824586,2026-07-02,2026-07-15,Delivered,Paid
SYSPO0005270,PO530927,SUP664607,WH910891,2025-09-20,2025-10-23,Delayed,Pending
SYSPO0005271,PO169656,SUP330914,WH422451,2025-09-09,2025-09-28,Delivered,Paid
SYSPO0005272,PO438873,SUP335615,WH686075,2025-10-05,2025-10-11,Delivered,Paid
SYSPO0005273,PO178697,SUP890170,WH324082,2026-06-14,2026-06-21,Delivered,Paid
SYSPO0005274,PO948010,SUP133659,WH910891,2026-04-28,2026-05-16,Delayed,Pending
SYSPO0005275,PO669170,SUP972335,WH412942,2025-12-01,2026-01-08,Delivered,Paid
SYSPO0005276,PO509392,SUP736059,WH100425,2026-06-21,2026-07-05,Delivered,Paid
SYSPO0005277,PO331636,SUP449499,WH958179,2026-05-05,2026-05-10,Delivered,Pending
SYSPO0005278,PO834796,SUP153872,WH329974,2026-05-02,2026-05-09,Delivered,Paid
SYSPO0005279,PO521412,SUP302511,WH785197,2026-03-27,2026-04-14,Delivered,Paid
SYSPO0005280,PO252719,SUP692683,WH654634,2025-08-20,2025-09-14,Delivered,Paid
SYSPO0005281,PO508647,SUP372793,WH460663,2025-10-27,2025-11-10,Delivered,Paid
SYSPO0005282,PO127147,SUP350867,WH324082,2026-06-25,2026-07-10,Cancelled,Cancelled
SYSPO0005283,PO123650,SUP881177,WH922157,2026-07-03,2026-07-17,Delivered,Pending
SYSPO0005284,PO387786,SUP614663,WH519066,2025-12-10,2025-12-27,Cancelled,Cancelled
SYSPO0005285,PO958166,SUP449499,WH233470,2025-10-01,2025-10-06,Delivered,Paid
SYSPO0005286,PO288777,SUP265080,WH324082,2025-09-09,2025-09-25,Delivered,Paid
SYSPO0005287,PO947277,SUP486945,WH690341,2026-05-08,2026-05-31,Cancelled,Cancelled
SYSPO0005288,PO769171,SUP259784,WH237174,2025-11-09,2025-11-16,Delivered,Paid
SYSPO0005289,PO943272,SUP946305,WH526833,2025-12-21,2026-01-18,Delivered,Paid
SYSPO0005290,PO527445,SUP472060,WH429164,2026-01-05,2026-01-21,Delivered,Paid
SYSPO0005291,PO931251,SUP497887,WH112038,2026-02-20,2026-03-10,Delivered,Paid
SYSPO0005292,PO289772,SUP330914,WH479201,2025-08-24,2025-09-12,Delivered,Paid
SYSPO0005293,PO593923,SUP321275,WH519066,2026-04-24,2026-05-01,Delivered,Paid
SYSPO0005294,PO735432,SUP597732,WH690341,2025-11-29,2025-12-25,Delivered,Paid
SYSPO0005295,PO887804,SUP519904,WH356150,2025-11-14,2025-11-28,Delivered,Paid
SYSPO0005296,PO491145,SUP890170,WH422451,2026-06-19,2026-06-26,Delivered,Paid
SYSPO0005297,PO131144,SUP757711,WH274389,2025-10-11,2025-10-16,Delivered,Paid
SYSPO0005298,PO252692,SUP842411,WH237174,2025-08-17,2025-08-25,Delivered,Paid
SYSPO0005299,PO965748,SUP890170,WH654634,2026-01-09,2026-01-16,Delivered,Paid
SYSPO0005300,PO834222,SUP705397,WH690341,2026-07-02,2026-07-30,Delayed,Pending
SYSPO0005301,PO142923,SUP156213,WH770487,2026-01-27,2026-02-09,Delivered,Paid
SYSPO0005302,PO666702,SUP446954,WH356150,2026-03-08,2026-03-18,Cancelled,Cancelled
SYSPO0005303,PO414679,SUP920652,WH771088,2026-05-22,2026-06-14,Delivered,Paid
SYSPO0005304,PO445430,SUP880879,WH785197,2026-03-06,2026-04-13,Delivered,Paid
SYSPO0005305,PO232380,SUP446954,WH100425,2025-11-10,2025-11-20,Delayed,Pending
SYSPO0005306,PO592338,SUP829308,WH212235,2025-09-10,2025-09-18,Delivered,Paid
SYSPO0005307,PO235153,SUP989545,WH686075,2026-01-31,2026-02-16,Delivered,Paid
SYSPO0005308,PO739886,SUP576086,WH958179,2025-09-13,2025-09-19,Delivered,Paid
SYSPO0005309,PO686411,SUP446954,WH112038,2026-06-13,2026-06-23,Delivered,Paid
SYSPO0005310,PO910663,SUP472060,WH740967,2026-06-09,2026-06-25,Delivered,Paid
SYSPO0005311,PO750709,SUP391668,WH740967,2025-09-28,2025-10-11,Delayed,Pending
SYSPO0005312,PO351187,SUP904150,WH690341,2025-09-21,2025-10-17,Cancelled,Cancelled
SYSPO0005313,PO953877,SUP526117,WH829716,2025-08-09,2025-08-25,Delivered,Paid
SYSPO0005314,PO922343,SUP865990,WH654634,2025-08-28,2025-09-18,Delivered,Paid
SYSPO0005315,PO671192,SUP870763,WH479201,2026-06-23,2026-07-09,Delivered,Paid
SYSPO0005316,PO539460,SUP156213,WH376807,2026-06-04,2026-06-17,Delayed,Pending
SYSPO0005317,PO151211,SUP427110,WH922157,2025-10-30,2025-11-17,Delivered,Paid
SYSPO0005318,PO939912,SUP256294,WH112038,2025-09-24,2025-10-07,Delivered,Paid
SYSPO0005319,PO507379,SUP344098,WH824586,2025-10-20,2025-11-05,Delivered,Paid
SYSPO0005320,PO386647,SUP572387,WH910891,2026-06-20,2026-07-06,Delivered,Paid
SYSPO0005321,PO250891,SUP302511,WH205907,2026-01-07,2026-01-25,Delivered,Paid
SYSPO0005322,PO687348,SUP372793,WH233470,2025-12-27,2026-01-10,Delivered,Paid
SYSPO0005323,PO475090,SUP184491,WH781453,2026-04-28,2026-05-30,Delivered,Paid
SYSPO0005324,PO858000,SUP870763,WH690341,2026-04-06,2026-04-22,Delivered,Paid
SYSPO0005325,PO517091,SUP688508,WH205907,2026-08-04,2026-08-14,In Transit,Pending
SYSPO0005326,PO978039,SUP899213,WH233470,2026-04-12,2026-04-30,Delivered,Paid
SYSPO0005327,PO951015,SUP877236,WH324082,2025-09-06,2025-09-13,Delivered,Paid
SYSPO0005328,PO247679,SUP240814,WH997546,2026-03-19,2026-03-25,Delivered,Paid
SYSPO0005329,PO133459,SUP650121,WH686075,2026-03-20,2026-03-26,Delivered,Paid
SYSPO0005330,PO855128,SUP572387,WH636265,2025-11-13,2025-11-29,Delivered,Paid
SYSPO0005331,PO213259,SUP523389,WH771088,2026-07-27,2026-08-12,In Transit,Pending
SYSPO0005332,PO395476,SUP302511,WH237174,2026-06-16,2026-07-04,Delayed,Pending
SYSPO0005333,PO974613,SUP801364,WH515011,2025-09-03,2025-09-25,Delivered,Paid
SYSPO0005334,PO272535,SUP437902,WH100425,2025-08-13,2025-08-30,Delivered,Paid
SYSPO0005335,PO332388,SUP240814,WH237174,2025-08-30,2025-09-05,Delivered,Paid
SYSPO0005336,PO476267,SUP260422,WH771088,2025-10-20,2025-10-29,Delayed,Pending
SYSPO0005337,PO437807,SUP429164,WH642717,2026-07-21,2026-08-07,In Transit,Pending
SYSPO0005338,PO393112,SUP273982,WH567574,2026-04-12,2026-04-28,Delayed,Pending
SYSPO0005339,PO556217,SUP285652,WH329974,2026-01-24,2026-02-24,Delivered,Paid
SYSPO0005340,PO195049,SUP598216,WH922157,2026-06-15,2026-06-27,Delivered,Pending
SYSPO0005341,PO729395,SUP333238,WH322086,2025-09-24,2025-10-13,Cancelled,Cancelled
SYSPO0005342,PO191239,SUP497382,WH100425,2025-09-09,2025-09-27,Delivered,Paid
SYSPO0005343,PO225014,SUP765095,WH482364,2026-07-22,2026-08-26,In Transit,Pending
SYSPO0005344,PO525847,SUP184491,WH460663,2026-06-30,2026-08-01,Delivered,Pending
SYSPO0005345,PO105194,SUP881177,WH781453,2026-06-23,2026-07-07,Delivered,Paid
SYSPO0005346,PO134620,SUP965845,WH654634,2026-06-15,2026-06-22,Delivered,Paid
SYSPO0005347,PO147351,SUP350867,WH324082,2025-12-11,2025-12-26,Delivered,Paid
SYSPO0005348,PO293930,SUP121753,WH808011,2025-09-21,2025-10-02,Delivered,Paid
SYSPO0005349,PO211403,SUP692683,WH322086,2025-08-21,2025-09-15,Delivered,Paid
SYSPO0005350,PO613182,SUP330914,WH274389,2026-08-05,2026-08-24,In Transit,Pending
SYSPO0005351,PO160958,SUP598216,WH100425,2026-01-31,2026-02-12,Delivered,Paid
SYSPO0005352,PO204280,SUP472060,WH174441,2025-08-24,2025-09-09,Delivered,Paid
SYSPO0005353,PO852816,SUP881177,WH237174,2025-10-09,2025-10-23,Delivered,Paid
SYSPO0005354,PO486364,SUP576086,WH322086,2026-07-29,2026-08-04,Delayed,Pending
SYSPO0005355,PO862413,SUP321275,WH380746,2026-03-15,2026-03-22,Delivered,Paid
SYSPO0005356,PO337926,SUP273982,WH636265,2026-01-20,2026-02-05,Delivered,Paid
SYSPO0005357,PO327745,SUP899213,WH567574,2026-06-20,2026-07-08,Delivered,Paid
SYSPO0005358,PO758007,SUP725084,WH233470,2026-05-13,2026-05-30,Delivered,Paid
SYSPO0005359,PO398701,SUP486945,WH816751,2026-01-05,2026-01-28,Delivered,Paid
SYSPO0005360,PO356967,SUP260263,WH930555,2026-02-13,2026-02-20,Delivered,Paid
SYSPO0005361,PO893705,SUP240814,WH654634,2025-08-16,2025-08-22,Delivered,Paid
SYSPO0005362,PO184179,SUP576086,WH801474,2025-12-31,2026-01-06,Delayed,Pending
SYSPO0005363,PO541157,SUP385470,WH233470,2026-04-27,2026-05-17,Delivered,Paid
SYSPO0005364,PO593807,SUP813536,WH770487,2026-01-17,2026-02-07,Delivered,Paid
SYSPO0005365,PO703454,SUP725084,WH422451,2025-10-11,2025-10-28,Delivered,Paid
SYSPO0005366,PO599950,SUP523389,WH997546,2025-12-20,2026-01-05,Delivered,Paid
SYSPO0005367,PO162782,SUP877236,WH526117,2025-10-27,2025-11-03,Delivered,Paid
SYSPO0005368,PO601702,SUP273982,WH233470,2026-07-23,2026-08-08,In Transit,Pending
SYSPO0005369,PO125208,SUP690341,WH824586,2025-10-16,2025-10-21,Delivered,Paid
SYSPO0005370,PO451587,SUP650121,WH824586,2025-11-19,2025-11-25,Delivered,Paid
SYSPO0005371,PO665340,SUP372793,WH526117,2025-11-21,2025-12-05,Delivered,Paid
SYSPO0005372,PO958506,SUP965845,WH262316,2026-01-25,2026-02-01,Delivered,Paid
SYSPO0005373,PO622170,SUP597732,WH429164,2026-07-14,2026-08-09,In Transit,Pending
SYSPO0005374,PO735724,SUP497887,WH662336,2025-10-01,2025-10-19,Delivered,Paid
SYSPO0005375,PO356734,SUP955662,WH654634,2025-08-18,2025-09-06,Delivered,Paid
SYSPO0005376,PO888887,SUP925981,WH801474,2026-03-31,2026-04-18,Delivered,Paid
SYSPO0005377,PO837189,SUP972064,WH997546,2026-04-02,2026-04-20,Delivered,Paid
SYSPO0005378,PO728556,SUP770487,WH770487,2026-04-01,2026-04-15,Delivered,Paid
SYSPO0005379,PO318829,SUP372793,WH801474,2025-11-08,2025-11-22,Delayed,Pending
SYSPO0005380,PO661378,SUP595631,WH379766,2026-04-13,2026-05-08,Delivered,Paid
SYSPO0005381,PO816189,SUP446954,WH832052,2025-11-27,2025-12-07,Delivered,Paid
SYSPO0005382,PO457383,SUP725084,WH922157,2026-02-14,2026-03-03,Delayed,Pending
SYSPO0005383,PO198825,SUP486945,WH582662,2026-01-12,2026-02-04,Delivered,Paid
SYSPO0005384,PO506674,SUP285652,WH656116,2026-07-13,2026-08-13,In Transit,Pending
SYSPO0005385,PO407061,SUP972064,WH482364,2026-03-06,2026-03-24,Delivered,Paid
SYSPO0005386,PO486715,SUP384076,WH658582,2026-02-07,2026-02-22,Delivered,Pending
SYSPO0005387,PO431268,SUP497382,WH686075,2025-08-28,2025-09-15,Delivered,Paid
SYSPO0005388,PO974955,SUP899213,WH997546,2025-09-08,2025-09-26,Delivered,Paid
SYSPO0005389,PO743401,SUP736059,WH662336,2025-11-21,2025-12-05,Delayed,Pending
SYSPO0005390,PO562722,SUP572387,WH460663,2025-12-31,2026-01-16,Delivered,Paid
SYSPO0005391,PO941135,SUP639593,WH770487,2025-09-27,2025-10-04,Delivered,Paid
SYSPO0005392,PO526556,SUP240814,WH422451,2026-01-14,2026-01-20,Delivered,Paid
SYSPO0005393,PO695048,SUP802729,WH824586,2025-10-21,2025-11-01,Delivered,Paid
SYSPO0005394,PO215193,SUP736059,WH636265,2026-04-11,2026-04-25,Delivered,Paid
SYSPO0005395,PO232512,SUP595631,WH770487,2026-07-14,2026-08-08,Processing,Pending
SYSPO0005396,PO288033,SUP690341,WH808011,2026-06-10,2026-06-15,Delivered,Paid
SYSPO0005397,PO712690,SUP497382,WH690341,2026-02-25,2026-03-15,Delivered,Paid
SYSPO0005398,PO176492,SUP736059,WH771088,2025-11-09,2025-11-23,Delivered,Paid
SYSPO0005399,PO788645,SUP497887,WH582662,2026-04-06,2026-04-24,Delayed,Pending
SYSPO0005400,PO925671,SUP690341,WH808011,2026-06-12,2026-06-17,Delivered,Paid
SYSPO0005401,PO998661,SUP904150,WH174441,2026-03-04,2026-03-30,Delivered,Paid
SYSPO0005402,PO694791,SUP725084,WH329974,2026-06-09,2026-06-26,Delivered,Paid
SYSPO0005403,PO644999,SUP184491,WH515011,2025-08-12,2025-09-13,Delivered,Paid
SYSPO0005404,PO341359,SUP572700,WH379766,2025-12-31,2026-01-11,Delivered,Paid
SYSPO0005405,PO251014,SUP904150,WH329974,2026-06-04,2026-06-30,Delivered,Paid
SYSPO0005406,PO827098,SUP221263,WH785197,2026-05-09,2026-06-02,Delayed,Pending
SYSPO0005407,PO382828,SUP613425,WH820221,2025-12-22,2026-01-02,Delivered,Paid
SYSPO0005408,PO903143,SUP497382,WH539589,2026-02-07,2026-02-25,Delivered,Paid
SYSPO0005409,PO803492,SUP955662,WH785197,2026-03-04,2026-03-23,Delivered,Paid
SYSPO0005410,PO547048,SUP972335,WH829716,2026-06-04,2026-07-12,Delivered,Paid
SYSPO0005411,PO932333,SUP184491,WH910891,2026-02-09,2026-03-13,Delivered,Paid
SYSPO0005412,PO855018,SUP486945,WH808011,2025-12-16,2026-01-08,Delivered,Paid
SYSPO0005413,PO365423,SUP356150,WH380746,2026-07-25,2026-08-12,In Transit,Pending
SYSPO0005414,PO322839,SUP890170,WH519066,2026-03-12,2026-03-19,Delivered,Paid
SYSPO0005415,PO928357,SUP184491,WH377746,2026-02-16,2026-03-20,Delayed,Pending
SYSPO0005416,PO734652,SUP944962,WH191161,2025-12-07,2025-12-21,Delivered,Paid
SYSPO0005417,PO316893,SUP614663,WH429164,2026-01-02,2026-01-19,Delivered,Paid
SYSPO0005418,PO736055,SUP696750,WH820221,2025-11-18,2025-11-25,Delivered,Paid
SYSPO0005419,PO125193,SUP801364,WH329974,2025-10-13,2025-11-04,Delayed,Pending
SYSPO0005420,PO849933,SUP459536,WH526833,2025-08-15,2025-08-29,Delivered,Paid
SYSPO0005421,PO487544,SUP526117,WH479201,2025-12-06,2025-12-22,Delayed,Pending
SYSPO0005422,PO492377,SUP705397,WH656116,2026-03-24,2026-04-21,Delivered,Paid
SYSPO0005423,PO181207,SUP526117,WH690341,2025-10-29,2025-11-14,Delivered,Paid
SYSPO0005424,PO461738,SUP613425,WH740967,2025-08-16,2025-08-27,Delivered,Pending
SYSPO0005425,PO869390,SUP802729,WH356150,2026-07-18,2026-07-29,Delivered,Paid
SYSPO0005426,PO399726,SUP322955,WH662336,2026-06-15,2026-06-28,Delivered,Paid
SYSPO0005427,PO353745,SUP680099,WH567574,2026-06-03,2026-06-20,Delivered,Paid
SYSPO0005428,PO179532,SUP513160,WH997546,2025-11-22,2025-12-16,Delivered,Paid
SYSPO0005429,PO208032,SUP650121,WH237174,2025-08-27,2025-09-02,Delivered,Paid
SYSPO0005430,PO435249,SUP934794,WH526117,2026-06-15,2026-06-21,Delivered,Paid
SYSPO0005431,PO112606,SUP385470,WH376807,2026-02-04,2026-02-24,Delayed,Pending
SYSPO0005432,PO433196,SUP153872,WH519066,2026-02-26,2026-03-05,Delivered,Paid
SYSPO0005433,PO572701,SUP245051,WH686075,2025-12-21,2026-01-11,Delivered,Paid
SYSPO0005434,PO262285,SUP121753,WH832052,2026-05-29,2026-06-09,Delivered,Paid
SYSPO0005435,PO735761,SUP335113,WH526117,2026-03-19,2026-03-30,Delivered,Paid
SYSPO0005436,PO483583,SUP260422,WH373903,2025-11-03,2025-11-12,Delivered,Pending
SYSPO0005437,PO218303,SUP378361,WH770487,2025-10-05,2025-11-10,Delivered,Paid
SYSPO0005438,PO559843,SUP519093,WH379766,2025-09-12,2025-09-28,Delivered,Paid
SYSPO0005439,PO308882,SUP302511,WH832052,2025-11-09,2025-11-27,Delivered,Paid
SYSPO0005440,PO436433,SUP757711,WH274389,2026-04-17,2026-04-22,Delivered,Paid
SYSPO0005441,PO298800,SUP133659,WH205907,2025-11-06,2025-11-24,Delivered,Paid
SYSPO0005442,PO542480,SUP330914,WH233470,2025-11-16,2025-12-05,Delivered,Paid
SYSPO0005443,PO482463,SUP179046,WH690341,2026-02-28,2026-03-20,Delayed,Pending
SYSPO0005444,PO722085,SUP801364,WH532322,2026-06-18,2026-07-10,Delivered,Paid
SYSPO0005445,PO198843,SUP870763,WH567574,2026-06-08,2026-06-24,Delayed,Pending
SYSPO0005446,PO451431,SUP598216,WH808011,2026-07-27,2026-08-08,In Transit,Pending
SYSPO0005447,PO953943,SUP322955,WH829716,2026-05-18,2026-05-31,Delayed,Pending
SYSPO0005448,PO608430,SUP890170,WH654634,2025-08-26,2025-09-02,Delivered,Paid
SYSPO0005449,PO258990,SUP990844,WH515011,2026-05-28,2026-06-16,Delivered,Paid
SYSPO0005450,PO602257,SUP384076,WH324082,2025-10-29,2025-11-13,Delivered,Paid
SYSPO0005451,PO367435,SUP437408,WH656116,2026-03-16,2026-03-31,Delivered,Paid
SYSPO0005452,PO164204,SUP513160,WH356150,2026-06-29,2026-07-23,Delivered,Paid
SYSPO0005453,PO414388,SUP668532,WH801474,2026-06-10,2026-06-23,Delivered,Paid
SYSPO0005454,PO589806,SUP197251,WH100425,2026-01-02,2026-01-09,Cancelled,Cancelled
SYSPO0005455,PO691714,SUP891937,WH212235,2025-12-20,2026-01-17,Delivered,Paid
SYSPO0005456,PO578863,SUP920652,WH958179,2026-08-03,2026-08-26,In Transit,Pending
SYSPO0005457,PO275025,SUP302511,WH690341,2026-06-26,2026-07-14,Delivered,Paid
SYSPO0005458,PO892375,SUP757711,WH922157,2026-06-29,2026-07-04,Delivered,Paid
SYSPO0005459,PO434537,SUP765095,WH429164,2025-10-11,2025-11-15,Delivered,Paid
SYSPO0005460,PO508877,SUP156213,WH922157,2025-10-12,2025-10-25,Delivered,Paid
SYSPO0005461,PO186973,SUP576086,WH740967,2025-11-04,2025-11-10,Delivered,Paid
SYSPO0005462,PO392194,SUP690341,WH824586,2026-03-23,2026-03-28,Delivered,Paid
SYSPO0005463,PO810735,SUP899213,WH380746,2025-12-06,2025-12-24,Delivered,Paid
SYSPO0005464,PO825341,SUP813536,WH785197,2026-06-14,2026-07-05,Delivered,Paid
SYSPO0005465,PO974741,SUP349565,WH377746,2026-05-18,2026-06-13,Delayed,Pending
SYSPO0005466,PO710862,SUP755788,WH379766,2026-05-02,2026-05-27,Delivered,Paid
SYSPO0005467,PO466862,SUP990844,WH690341,2025-12-22,2026-01-10,Delivered,Paid
SYSPO0005468,PO736753,SUP608257,WH801474,2026-07-25,2026-08-10,In Transit,Pending
SYSPO0005469,PO401541,SUP690341,WH262316,2026-03-22,2026-03-27,Delivered,Paid
SYSPO0005470,PO269320,SUP265080,WH781453,2025-08-15,2025-08-31,Delayed,Pending
SYSPO0005471,PO498314,SUP497382,WH832052,2026-05-05,2026-05-23,Delivered,Paid
SYSPO0005472,PO828296,SUP989545,WH526117,2026-05-04,2026-05-20,Delivered,Paid
SYSPO0005473,PO370923,SUP804318,WH820221,2025-12-19,2026-01-09,Delayed,Pending
SYSPO0005474,PO580934,SUP333238,WH997546,2026-03-13,2026-04-01,Delivered,Paid
SYSPO0005475,PO541800,SUP990844,WH801474,2026-03-11,2026-03-30,Delivered,Paid
SYSPO0005476,PO715245,SUP245051,WH636265,2025-09-29,2025-10-20,Delivered,Paid
SYSPO0005477,PO836204,SUP770487,WH100425,2026-03-11,2026-03-25,Delivered,Paid
SYSPO0005478,PO258746,SUP972064,WH460663,2025-10-17,2025-11-04,Delivered,Paid
SYSPO0005479,PO465585,SUP153872,WH801474,2026-06-25,2026-07-02,Delivered,Paid
SYSPO0005480,PO726915,SUP608257,WH997546,2026-06-15,2026-07-01,Delivered,Paid
SYSPO0005481,PO434122,SUP179046,WH356150,2026-07-13,2026-08-02,Delivered,Paid
SYSPO0005482,PO193594,SUP804318,WH482364,2026-02-12,2026-03-05,Delivered,Paid
SYSPO0005483,PO195724,SUP642717,WH658582,2026-03-03,2026-03-17,Delivered,Paid
SYSPO0005484,PO533237,SUP613425,WH526117,2025-12-03,2025-12-14,Delivered,Paid
SYSPO0005485,PO263332,SUP322955,WH526117,2025-10-12,2025-10-25,Delivered,Pending
SYSPO0005486,PO618893,SUP300896,WH356150,2026-02-11,2026-02-19,Delivered,Paid
SYSPO0005487,PO916505,SUP221263,WH636265,2025-08-19,2025-09-12,Delivered,Paid
SYSPO0005488,PO721013,SUP240814,WH808011,2025-09-09,2025-09-15,Delayed,Pending
SYSPO0005489,PO234779,SUP768854,WH526833,2025-08-26,2025-09-12,Delivered,Paid
SYSPO0005490,PO870323,SUP519093,WH112038,2025-11-03,2025-11-19,Delivered,Paid
SYSPO0005491,PO418970,SUP946305,WH567574,2026-03-26,2026-04-23,Delivered,Paid
SYSPO0005492,PO686655,SUP595631,WH429164,2025-10-28,2025-11-22,Delivered,Paid
SYSPO0005493,PO220105,SUP671858,WH100425,2025-08-12,2025-08-28,Delayed,Pending
SYSPO0005494,PO159789,SUP335615,WH801474,2026-02-25,2026-03-03,Delayed,Pending
SYSPO0005495,PO541249,SUP330914,WH642717,2026-02-06,2026-02-25,Delivered,Paid
SYSPO0005496,PO310525,SUP273982,WH690341,2025-08-05,2025-08-21,Delivered,Paid
SYSPO0005497,PO717960,SUP420214,WH100425,2025-12-11,2025-12-24,Delivered,Paid
SYSPO0005498,PO679909,SUP519093,WH429164,2026-07-27,2026-08-12,In Transit,Pending
SYSPO0005499,PO948866,SUP300337,WH205907,2026-03-31,2026-04-13,Delivered,Paid
SYSPO0005500,PO652313,SUP755788,WH376807,2025-10-22,2025-11-16,Delivered,Paid
SYSPO0005501,PO670168,SUP904150,WH191161,2026-06-14,2026-07-10,Delivered,Paid
SYSPO0005502,PO151767,SUP965845,WH690341,2025-09-24,2025-10-01,Delivered,Paid
SYSPO0005503,PO192820,SUP765095,WH771088,2025-12-15,2026-01-19,Delivered,Paid
SYSPO0005504,PO773916,SUP449499,WH100425,2026-05-10,2026-05-15,Delivered,Paid
SYSPO0005505,PO243765,SUP429164,WH958179,2025-10-12,2025-10-29,Delivered,Pending
SYSPO0005506,PO898000,SUP650121,WH686075,2026-07-27,2026-08-02,Delivered,Pending
SYSPO0005507,PO906463,SUP572700,WH205907,2026-06-12,2026-06-23,Delivered,Paid
SYSPO0005508,PO330988,SUP322955,WH422451,2026-06-28,2026-07-11,Delayed,Pending
SYSPO0005509,PO192565,SUP899213,WH832052,2026-07-08,2026-07-26,Delayed,Pending
SYSPO0005510,PO322393,SUP349565,WH526833,2025-12-08,2026-01-03,Delivered,Paid
SYSPO0005511,PO312654,SUP662275,WH356150,2025-08-28,2025-09-09,Delivered,Paid
SYSPO0005512,PO684790,SUP976325,WH686075,2025-08-13,2025-08-26,Delayed,Pending
SYSPO0005513,PO246728,SUP598216,WH801474,2025-10-01,2025-10-13,Delivered,Paid
SYSPO0005514,PO473270,SUP946305,WH377746,2026-03-20,2026-04-17,Delivered,Paid
SYSPO0005515,PO547889,SUP391668,WH781453,2026-05-05,2026-05-18,Delivered,Paid
SYSPO0005516,PO517467,SUP449499,WH539589,2026-07-27,2026-08-01,Delivered,Pending
SYSPO0005517,PO529042,SUP429164,WH930555,2025-09-29,2025-10-16,Delivered,Paid
SYSPO0005518,PO474902,SUP121753,WH808011,2026-06-01,2026-06-12,Delivered,Paid
SYSPO0005519,PO920318,SUP877236,WH237174,2025-09-17,2025-09-24,Delivered,Paid
SYSPO0005520,PO293017,SUP804318,WH412942,2026-06-29,2026-07-20,Delivered,Paid
SYSPO0005521,PO639889,SUP870763,WH532322,2026-02-25,2026-03-13,Delivered,Paid
SYSPO0005522,PO516370,SUP839677,WH599948,2026-07-05,2026-07-22,Delayed,Pending
SYSPO0005523,PO440645,SUP486945,WH771088,2025-12-24,2026-01-16,Delivered,Paid
SYSPO0005524,PO848815,SUP256294,WH922157,2025-09-02,2025-09-15,Cancelled,Cancelled
SYSPO0005525,PO405590,SUP650121,WH997546,2025-12-28,2026-01-03,Delivered,Paid
SYSPO0005526,PO439171,SUP650121,WH274389,2026-05-05,2026-05-11,Delivered,Paid
SYSPO0005527,PO438392,SUP891937,WH690341,2026-08-05,2026-09-02,Cancelled,Cancelled
SYSPO0005528,PO979340,SUP696750,WH100425,2026-04-19,2026-04-26,Delayed,Pending
SYSPO0005529,PO878097,SUP829308,WH832052,2026-01-05,2026-01-13,Delivered,Paid
SYSPO0005530,PO405039,SUP692683,WH324082,2026-03-20,2026-04-14,Delivered,Paid
SYSPO0005531,PO506356,SUP153872,WH380746,2025-09-13,2025-09-20,Delivered,Paid
SYSPO0005532,PO962941,SUP378361,WH820221,2025-12-13,2026-01-18,Delivered,Paid
SYSPO0005533,PO515741,SUP839677,WH997546,2025-11-30,2025-12-17,Delivered,Paid
SYSPO0005534,PO779778,SUP197251,WH808011,2025-12-08,2025-12-15,Delivered,Paid
SYSPO0005535,PO158806,SUP335615,WH922157,2025-09-26,2025-10-02,Cancelled,Cancelled
SYSPO0005536,PO732783,SUP420214,WH824586,2025-10-05,2025-10-18,Delivered,Paid
SYSPO0005537,PO648251,SUP613425,WH112038,2026-05-16,2026-05-27,Delivered,Paid
SYSPO0005538,PO585548,SUP801364,WH100425,2026-01-21,2026-02-12,Delivered,Paid
SYSPO0005539,PO718293,SUP598216,WH237174,2026-06-08,2026-06-20,Delivered,Paid
SYSPO0005540,PO456406,SUP681343,WH412942,2026-04-10,2026-04-25,Delivered,Paid
SYSPO0005541,PO755951,SUP801364,WH555884,2026-02-10,2026-03-04,Delivered,Paid
SYSPO0005542,PO124072,SUP349565,WH191161,2026-04-14,2026-05-10,Delivered,Paid
SYSPO0005543,PO289958,SUP618392,WH654634,2025-12-06,2025-12-19,Delivered,Paid
SYSPO0005544,PO960712,SUP322955,WH205907,2025-10-11,2025-10-24,Cancelled,Cancelled
SYSPO0005545,PO276316,SUP801364,WH555884,2026-05-06,2026-05-28,Delivered,Paid
SYSPO0005546,PO120775,SUP765095,WH515011,2026-03-11,2026-04-15,Delivered,Paid
SYSPO0005547,PO782841,SUP733039,WH820221,2026-05-01,2026-05-17,Delivered,Paid
SYSPO0005548,PO573151,SUP307428,WH555884,2026-07-16,2026-07-27,Delivered,Paid
SYSPO0005549,PO402283,SUP335113,WH654634,2026-07-31,2026-08-11,In Transit,Pending
SYSPO0005550,PO919875,SUP307428,WH997546,2026-03-31,2026-04-11,Delivered,Paid
SYSPO0005551,PO795567,SUP733039,WH212235,2026-06-06,2026-06-22,Delivered,Paid
SYSPO0005552,PO620133,SUP356150,WH100425,2025-12-21,2026-01-08,Delivered,Paid
SYSPO0005553,PO927311,SUP256294,WH686075,2025-10-30,2025-11-12,Delivered,Paid
SYSPO0005554,PO329501,SUP259784,WH112038,2026-04-20,2026-04-27,Delivered,Paid
SYSPO0005555,PO549983,SUP449499,WH656116,2026-03-21,2026-03-26,Delivered,Paid
SYSPO0005556,PO883850,SUP664607,WH910891,2026-06-17,2026-07-20,Delivered,Paid
SYSPO0005557,PO997737,SUP391668,WH233470,2025-10-12,2025-10-25,Delivered,Paid
SYSPO0005558,PO549796,SUP802729,WH379766,2025-12-29,2026-01-09,Delivered,Paid
SYSPO0005559,PO555267,SUP349565,WH656116,2025-12-02,2025-12-28,Delivered,Paid
SYSPO0005560,PO130721,SUP976325,WH555884,2026-05-17,2026-05-30,Delivered,Paid
SYSPO0005561,PO104797,SUP497887,WH781453,2026-04-29,2026-05-17,Delayed,Pending
SYSPO0005562,PO266794,SUP437902,WH656116,2025-11-27,2025-12-14,Delivered,Paid
SYSPO0005563,PO969396,SUP179046,WH808011,2025-09-23,2025-10-13,Delivered,Pending
SYSPO0005564,PO551541,SUP302511,WH205907,2025-10-13,2025-10-31,Delivered,Paid
SYSPO0005565,PO124934,SUP813536,WH479201,2026-05-15,2026-06-05,Delivered,Paid
SYSPO0005566,PO855741,SUP437408,WH324082,2025-08-05,2025-08-20,Delivered,Paid
SYSPO0005567,PO273208,SUP333238,WH770487,2026-05-04,2026-05-23,Delivered,Paid
SYSPO0005568,PO280580,SUP865990,WH740967,2026-03-15,2026-04-05,Delivered,Paid
SYSPO0005569,PO874167,SUP245051,WH526117,2026-01-04,2026-01-25,Delayed,Pending
SYSPO0005570,PO718964,SUP335113,WH519066,2026-07-01,2026-07-12,Delivered,Paid
SYSPO0005571,PO759434,SUP335113,WH808011,2026-05-31,2026-06-11,Delivered,Paid
SYSPO0005572,PO244396,SUP486945,WH233470,2026-03-13,2026-04-05,Delivered,Paid
SYSPO0005573,PO809449,SUP449499,WH656116,2025-08-17,2025-08-22,Delivered,Paid
SYSPO0005574,PO460182,SUP890170,WH519066,2025-10-14,2025-10-21,Delivered,Paid
SYSPO0005575,PO319904,SUP757711,WH356150,2026-03-26,2026-03-31,Delivered,Paid
SYSPO0005576,PO725606,SUP437408,WH482364,2025-12-06,2025-12-21,Delivered,Paid
SYSPO0005577,PO964408,SUP642717,WH555884,2026-07-28,2026-08-11,Processing,Pending
SYSPO0005578,PO972872,SUP920652,WH262316,2026-06-15,2026-07-08,Delivered,Paid
SYSPO0005579,PO205455,SUP497887,WH555884,2026-03-30,2026-04-17,Delivered,Paid
SYSPO0005580,PO388118,SUP639593,WH324082,2025-10-29,2025-11-05,Delivered,Paid
SYSPO0005581,PO377025,SUP391668,WH922157,2026-04-10,2026-04-23,Delivered,Paid
SYSPO0005582,PO292076,SUP770487,WH539589,2026-03-12,2026-03-26,Delivered,Paid
SYSPO0005583,PO619999,SUP260263,WH910891,2025-09-14,2025-09-21,Delivered,Paid
SYSPO0005584,PO465493,SUP989545,WH567574,2026-08-03,2026-08-19,In Transit,Pending
SYSPO0005585,PO762616,SUP989545,WH373903,2026-02-13,2026-03-01,Delayed,Pending
SYSPO0005586,PO963813,SUP259784,WH233470,2025-09-28,2025-10-05,Delivered,Paid
SYSPO0005587,PO797892,SUP197251,WH771088,2025-12-11,2025-12-18,Delivered,Paid
SYSPO0005588,PO330602,SUP384076,WH356150,2026-05-21,2026-06-05,Delivered,Paid
SYSPO0005589,PO596926,SUP156213,WH526117,2025-09-04,2025-09-17,Delivered,Paid
SYSPO0005590,PO359470,SUP881177,WH785197,2025-11-05,2025-11-19,Delivered,Paid
SYSPO0005591,PO986944,SUP256294,WH377746,2025-12-17,2025-12-30,Delivered,Paid
SYSPO0005592,PO543734,SUP813536,WH212235,2025-12-07,2025-12-28,Delivered,Paid
SYSPO0005593,PO546066,SUP692683,WH599948,2025-10-09,2025-11-03,Delivered,Paid
SYSPO0005594,PO370048,SUP650121,WH205907,2026-04-09,2026-04-15,Delivered,Paid
SYSPO0005595,PO267545,SUP890170,WH112038,2026-07-14,2026-07-21,Delivered,Paid
SYSPO0005596,PO345410,SUP972064,WH781453,2025-09-08,2025-09-26,Delivered,Paid
SYSPO0005597,PO985084,SUP344098,WH526117,2026-06-20,2026-07-06,Delayed,Pending
SYSPO0005598,PO177336,SUP613425,WH380746,2026-05-07,2026-05-18,Delivered,Paid
SYSPO0005599,PO134064,SUP839677,WH373903,2026-04-22,2026-05-09,Delivered,Paid
SYSPO0005600,PO960764,SUP576086,WH662336,2026-04-10,2026-04-16,Delayed,Pending
SYSPO0005601,PO539115,SUP877236,WH205907,2026-05-15,2026-05-22,Delivered,Paid
SYSPO0005602,PO897535,SUP934794,WH690341,2026-07-15,2026-07-21,Delivered,Paid
SYSPO0005603,PO683064,SUP211764,WH212235,2025-12-13,2025-12-30,Delivered,Paid
SYSPO0005604,PO789512,SUP668532,WH910891,2026-01-25,2026-02-07,Delivered,Paid
SYSPO0005605,PO955543,SUP572700,WH656116,2025-08-09,2025-08-20,Delivered,Paid
SYSPO0005606,PO251784,SUP391668,WH662336,2025-11-15,2025-11-28,Delivered,Paid
SYSPO0005607,PO367755,SUP378361,WH781453,2025-10-25,2025-11-30,Delivered,Paid
SYSPO0005608,PO589221,SUP680099,WH785197,2025-11-09,2025-11-26,Delivered,Paid
SYSPO0005609,PO407027,SUP265080,WH429164,2026-05-01,2026-05-17,Delivered,Paid
SYSPO0005610,PO189213,SUP662275,WH356150,2025-08-31,2025-09-12,Delivered,Paid
SYSPO0005611,PO490607,SUP813536,WH262316,2025-12-19,2026-01-09,Delayed,Pending
SYSPO0005612,PO139987,SUP589710,WH824586,2025-11-12,2025-12-01,Delivered,Pending
SYSPO0005613,PO607310,SUP890170,WH922157,2026-06-06,2026-06-13,Delivered,Paid
SYSPO0005614,PO527819,SUP976325,WH656116,2025-09-15,2025-09-28,Delivered,Paid
SYSPO0005615,PO590418,SUP497887,WH274389,2026-05-11,2026-05-29,Delivered,Pending
SYSPO0005616,PO948190,SUP285652,WH329974,2025-08-05,2025-09-05,Delayed,Pending
SYSPO0005617,PO269579,SUP639593,WH274389,2025-08-23,2025-08-30,Delivered,Paid
SYSPO0005618,PO879762,SUP736059,WH958179,2026-01-01,2026-01-15,Delivered,Paid
SYSPO0005619,PO263179,SUP614663,WH237174,2026-01-22,2026-02-08,Delivered,Paid
SYSPO0005620,PO179184,SUP681343,WH539589,2026-05-16,2026-05-31,Delivered,Paid
SYSPO0005621,PO607559,SUP680099,WH482364,2026-01-14,2026-01-31,Delivered,Paid
SYSPO0005622,PO815595,SUP801364,WH567574,2025-10-08,2025-10-30,Delivered,Paid
SYSPO0005623,PO991753,SUP650121,WH808011,2026-07-14,2026-07-20,Delivered,Paid
SYSPO0005624,PO433233,SUP572700,WH380746,2026-01-12,2026-01-23,Delivered,Paid
SYSPO0005625,PO913814,SUP613425,WH329974,2026-02-12,2026-02-23,Delivered,Paid
SYSPO0005626,PO681908,SUP662275,WH997546,2026-07-13,2026-07-25,Delivered,Paid
SYSPO0005627,PO463038,SUP768854,WH515011,2025-12-30,2026-01-16,Delivered,Paid
SYSPO0005628,PO898210,SUP925981,WH212235,2025-12-19,2026-01-06,Delivered,Paid
SYSPO0005629,PO108922,SUP335615,WH322086,2026-03-05,2026-03-11,Delivered,Paid
SYSPO0005630,PO464889,SUP839677,WH379766,2025-12-28,2026-01-14,Delivered,Paid
SYSPO0005631,PO351756,SUP256294,WH526833,2025-09-13,2025-09-26,Delivered,Paid
SYSPO0005632,PO355419,SUP349565,WH412942,2026-06-22,2026-07-18,Delivered,Paid
SYSPO0005633,PO428804,SUP437902,WH658582,2026-02-07,2026-02-24,Delivered,Paid
SYSPO0005634,PO671989,SUP955662,WH262316,2026-06-07,2026-06-26,Cancelled,Cancelled
SYSPO0005635,PO346437,SUP696750,WH654634,2026-07-06,2026-07-13,Delivered,Paid
SYSPO0005636,PO676898,SUP221263,WH376807,2026-03-17,2026-04-10,Delivered,Paid
SYSPO0005637,PO505521,SUP668532,WH526117,2026-04-14,2026-04-27,Delivered,Paid
SYSPO0005638,PO981953,SUP899213,WH642717,2026-05-26,2026-06-13,Delivered,Paid
SYSPO0005639,PO190128,SUP865990,WH808011,2026-04-28,2026-05-19,Delayed,Pending
SYSPO0005640,PO729389,SUP642717,WH422451,2025-10-31,2025-11-14,Delivered,Paid
SYSPO0005641,PO779494,SUP955662,WH205907,2025-10-07,2025-10-26,Delivered,Paid
SYSPO0005642,PO470764,SUP526117,WH526833,2026-01-27,2026-02-12,Delivered,Paid
SYSPO0005643,PO152800,SUP842411,WH526117,2025-09-02,2025-09-10,Delayed,Pending
SYSPO0005644,PO554769,SUP944962,WH526833,2026-06-11,2026-06-25,Delivered,Paid
SYSPO0005645,PO933047,SUP211764,WH526117,2026-06-29,2026-07-16,Delivered,Paid
SYSPO0005646,PO489351,SUP829308,WH262316,2025-08-17,2025-08-25,Delivered,Paid
SYSPO0005647,PO184413,SUP690341,WH100425,2025-11-27,2025-12-02,Delivered,Paid
SYSPO0005648,PO481019,SUP322955,WH832052,2025-08-12,2025-08-25,Delivered,Paid
SYSPO0005649,PO454871,SUP356150,WH519066,2025-12-06,2025-12-24,Delivered,Paid
SYSPO0005650,PO622732,SUP437408,WH356150,2025-11-14,2025-11-29,Delivered,Paid
SYSPO0005651,PO221979,SUP595631,WH379766,2025-09-14,2025-10-09,Delivered,Paid
SYSPO0005652,PO471589,SUP260422,WH997546,2025-09-02,2025-09-11,Delivered,Paid
SYSPO0005653,PO500223,SUP639593,WH237174,2025-12-15,2025-12-22,Delivered,Paid
SYSPO0005654,PO618435,SUP608257,WH373903,2025-10-10,2025-10-26,Delivered,Paid
SYSPO0005655,PO650243,SUP946305,WH479201,2026-07-15,2026-08-12,In Transit,Pending
SYSPO0005656,PO148798,SUP240814,WH686075,2025-12-28,2026-01-03,Delivered,Paid
SYSPO0005657,PO852235,SUP890170,WH100425,2025-10-06,2025-10-13,Delivered,Paid
SYSPO0005658,PO925710,SUP728492,WH832052,2026-05-16,2026-06-01,Delivered,Paid
SYSPO0005659,PO862861,SUP211764,WH785197,2025-09-03,2025-09-20,Delivered,Paid
SYSPO0005660,PO944665,SUP349565,WH460663,2026-03-05,2026-03-31,Delivered,Paid
SYSPO0005661,PO756628,SUP211764,WH582662,2026-08-05,2026-08-22,In Transit,Pending
SYSPO0005662,PO337779,SUP972335,WH582662,2026-07-19,2026-08-26,In Transit,Pending
SYSPO0005663,PO872928,SUP598216,WH237174,2025-09-10,2025-09-22,Delivered,Paid
SYSPO0005664,PO128535,SUP260263,WH482364,2025-12-14,2025-12-21,Delivered,Pending
SYSPO0005665,PO506322,SUP437408,WH482364,2026-03-23,2026-04-07,Delivered,Paid
SYSPO0005666,PO495737,SUP197251,WH555884,2026-03-31,2026-04-07,Delivered,Paid
SYSPO0005667,PO816084,SUP437408,WH771088,2026-07-17,2026-08-01,Delayed,Pending
SYSPO0005668,PO864345,SUP153872,WH997546,2026-02-08,2026-02-15,Delivered,Paid
SYSPO0005669,PO289923,SUP608257,WH642717,2026-05-05,2026-05-21,Delivered,Paid
SYSPO0005670,PO219133,SUP333238,WH781453,2025-08-17,2025-09-05,Delivered,Paid
SYSPO0005671,PO445852,SUP486945,WH770487,2026-01-19,2026-02-11,Delivered,Paid
SYSPO0005672,PO495439,SUP427110,WH322086,2026-04-15,2026-05-03,Delayed,Pending
SYSPO0005673,PO198763,SUP497887,WH997546,2025-10-08,2025-10-26,Delivered,Paid
SYSPO0005674,PO394404,SUP801364,WH174441,2026-03-28,2026-04-19,Delivered,Paid
SYSPO0005675,PO219760,SUP890170,WH997546,2026-07-16,2026-07-23,Delivered,Paid
SYSPO0005676,PO783675,SUP891937,WH539589,2026-01-20,2026-02-17,Delivered,Paid
SYSPO0005677,PO651362,SUP322955,WH771088,2025-10-05,2025-10-18,Delivered,Paid
SYSPO0005678,PO364287,SUP260263,WH324082,2025-08-25,2025-09-01,Delivered,Paid
SYSPO0005679,PO729426,SUP639593,WH262316,2025-09-13,2025-09-20,Delivered,Paid
SYSPO0005680,PO614150,SUP437902,WH636265,2025-12-11,2025-12-28,Delivered,Paid
SYSPO0005681,PO452061,SUP688508,WH555884,2025-10-23,2025-11-02,Delivered,Paid
SYSPO0005682,PO660502,SUP728492,WH212235,2025-10-17,2025-11-02,Delayed,Pending
SYSPO0005683,PO109870,SUP273982,WH532322,2026-01-10,2026-01-26,Delivered,Paid
SYSPO0005684,PO995647,SUP260422,WH373903,2026-05-02,2026-05-11,Delivered,Pending
SYSPO0005685,PO309837,SUP391668,WH112038,2026-03-08,2026-03-21,Delivered,Pending
SYSPO0005686,PO973257,SUP608257,WH322086,2026-05-12,2026-05-28,Delivered,Paid
SYSPO0005687,PO534548,SUP372793,WH519066,2026-07-30,2026-08-13,In Transit,Pending
SYSPO0005688,PO530462,SUP965845,WH922157,2026-05-15,2026-05-22,Delivered,Paid
SYSPO0005689,PO701839,SUP946305,WH582662,2026-03-02,2026-03-30,Delivered,Paid
SYSPO0005690,PO708973,SUP446954,WH532322,2025-11-16,2025-11-26,Delivered,Paid
SYSPO0005691,PO149661,SUP384076,WH515011,2026-04-18,2026-05-03,Delivered,Paid
SYSPO0005692,PO180593,SUP446954,WH785197,2025-11-22,2025-12-02,Delayed,Pending
SYSPO0005693,PO933979,SUP899213,WH174441,2025-11-28,2025-12-16,Delivered,Pending
SYSPO0005694,PO303916,SUP877236,WH422451,2025-11-05,2025-11-12,Delayed,Pending
SYSPO0005695,PO353836,SUP273982,WH373903,2025-09-11,2025-09-27,Delivered,Paid
SYSPO0005696,PO706491,SUP972064,WH526117,2025-08-24,2025-09-11,Delivered,Paid
SYSPO0005697,PO975344,SUP688508,WH377746,2026-01-04,2026-01-14,Delivered,Paid
SYSPO0005698,PO886154,SUP680099,WH212235,2026-03-15,2026-04-01,Delivered,Paid
SYSPO0005699,PO458347,SUP513160,WH829716,2026-03-06,2026-03-30,Delayed,Pending
SYSPO0005700,PO345807,SUP335615,WH237174,2026-06-27,2026-07-03,Delivered,Pending
SYSPO0005701,PO328408,SUP813536,WH373903,2026-02-11,2026-03-04,Delivered,Paid
SYSPO0005702,PO458639,SUP899213,WH567574,2025-10-03,2025-10-21,Delivered,Paid
SYSPO0005703,PO834594,SUP690341,WH422451,2025-08-26,2025-08-31,Delivered,Paid
SYSPO0005704,PO874954,SUP613425,WH373903,2025-12-23,2026-01-03,Delivered,Paid
SYSPO0005705,PO211457,SUP259784,WH519066,2025-08-06,2025-08-13,Delivered,Paid
SYSPO0005706,PO830032,SUP765095,WH412942,2026-01-18,2026-02-22,Delivered,Paid
SYSPO0005707,PO202412,SUP349565,WH785197,2025-09-08,2025-10-04,Delivered,Paid
SYSPO0005708,PO198373,SUP526117,WH555884,2025-11-27,2025-12-13,Delivered,Paid
SYSPO0005709,PO109098,SUP664607,WH567574,2026-06-20,2026-07-23,Delivered,Paid
SYSPO0005710,PO912824,SUP121753,WH997546,2026-04-19,2026-04-30,Delivered,Paid
SYSPO0005711,PO479964,SUP770487,WH654634,2026-04-04,2026-04-18,Delivered,Paid
SYSPO0005712,PO864810,SUP459536,WH212235,2026-03-26,2026-04-09,Delivered,Paid
SYSPO0005713,PO284383,SUP705397,WH832052,2026-02-07,2026-03-07,Delivered,Paid
SYSPO0005714,PO444585,SUP990844,WH808011,2025-10-21,2025-11-09,Delivered,Paid
SYSPO0005715,PO316211,SUP260263,WH781453,2025-09-11,2025-09-18,Delayed,Pending
SYSPO0005716,PO549621,SUP472060,WH429164,2025-08-14,2025-08-30,Delivered,Paid
SYSPO0005717,PO788770,SUP598216,WH112038,2025-10-24,2025-11-05,Delivered,Paid
SYSPO0005718,PO289015,SUP256294,WH656116,2025-10-10,2025-10-23,Delivered,Paid
SYSPO0005719,PO992321,SUP523389,WH636265,2026-04-09,2026-04-25,Delivered,Paid
SYSPO0005720,PO980264,SUP321275,WH482364,2025-11-26,2025-12-03,Delivered,Paid
SYSPO0005721,PO293805,SUP887625,WH824586,2025-09-05,2025-09-18,Delivered,Paid
SYSPO0005722,PO198717,SUP725084,WH526833,2026-02-04,2026-02-21,Delivered,Paid
SYSPO0005723,PO276366,SUP972335,WH379766,2026-06-28,2026-08-05,Delivered,Paid
SYSPO0005724,PO262845,SUP642717,WH100425,2025-09-18,2025-10-02,Cancelled,Cancelled
SYSPO0005725,PO826796,SUP899213,WH654634,2025-12-02,2025-12-20,Delivered,Paid
SYSPO0005726,PO831598,SUP887625,WH212235,2026-06-05,2026-06-18,Delivered,Paid
SYSPO0005727,PO195275,SUP598216,WH356150,2026-01-06,2026-01-18,Delivered,Paid
SYSPO0005728,PO452702,SUP725084,WH519066,2026-02-03,2026-02-20,Cancelled,Cancelled
SYSPO0005729,PO941698,SUP801364,WH174441,2026-02-10,2026-03-04,Delivered,Paid
SYSPO0005730,PO665341,SUP613425,WH356150,2026-07-18,2026-07-29,Delivered,Paid
SYSPO0005731,PO971175,SUP572700,WH379766,2026-04-18,2026-04-29,Delivered,Paid
SYSPO0005732,PO764207,SUP614663,WH781453,2025-11-15,2025-12-02,Delivered,Paid
SYSPO0005733,PO179789,SUP333238,WH686075,2025-09-09,2025-09-28,Delayed,Pending
SYSPO0005734,PO128480,SUP624902,WH642717,2026-04-11,2026-04-24,Delivered,Paid
SYSPO0005735,PO290042,SUP804318,WH958179,2026-03-04,2026-03-25,Delivered,Paid
SYSPO0005736,PO845668,SUP372793,WH555884,2026-01-02,2026-01-16,Delivered,Pending
SYSPO0005737,PO729091,SUP330914,WH785197,2025-10-15,2025-11-03,Delivered,Paid
SYSPO0005738,PO663357,SUP260263,WH816751,2025-12-27,2026-01-03,Delivered,Paid
SYSPO0005739,PO755477,SUP639593,WH100425,2026-07-14,2026-07-21,Cancelled,Cancelled
SYSPO0005740,PO751282,SUP420214,WH322086,2025-12-31,2026-01-13,Delivered,Paid
SYSPO0005741,PO761573,SUP216970,WH482364,2025-12-26,2026-01-14,Delivered,Paid
SYSPO0005742,PO637277,SUP765095,WH816751,2025-10-16,2025-11-20,Delivered,Paid
SYSPO0005743,PO807312,SUP260422,WH100425,2026-01-25,2026-02-03,Delayed,Pending
SYSPO0005744,PO595598,SUP597732,WH479201,2025-08-22,2025-09-17,Delivered,Paid
SYSPO0005745,PO557367,SUP335615,WH519066,2025-11-15,2025-11-21,Delivered,Paid
SYSPO0005746,PO479554,SUP770487,WH412942,2026-01-22,2026-02-05,Delivered,Paid
SYSPO0005747,PO502358,SUP350867,WH322086,2026-02-01,2026-02-16,Delayed,Pending
SYSPO0005748,PO460212,SUP221263,WH479201,2025-11-15,2025-12-09,Delivered,Paid
SYSPO0005749,PO122763,SUP260263,WH922157,2025-10-31,2025-11-07,Delivered,Paid
SYSPO0005750,PO648470,SUP179046,WH910891,2026-06-26,2026-07-16,Delayed,Pending
SYSPO0005751,PO602901,SUP385470,WH526117,2025-11-17,2025-12-07,Delivered,Paid
SYSPO0005752,PO734440,SUP842411,WH519066,2026-03-12,2026-03-20,Delivered,Paid
SYSPO0005753,PO980286,SUP671858,WH460663,2025-08-28,2025-09-13,Delivered,Paid
SYSPO0005754,PO941553,SUP385470,WH555884,2025-10-02,2025-10-22,Cancelled,Cancelled
SYSPO0005755,PO899038,SUP260422,WH377746,2026-05-24,2026-06-02,Delivered,Paid
SYSPO0005756,PO322577,SUP302511,WH526833,2026-05-02,2026-05-20,Delayed,Pending
SYSPO0005757,PO740177,SUP519904,WH654634,2026-04-21,2026-05-05,Delivered,Pending
SYSPO0005758,PO550572,SUP990844,WH376807,2025-09-11,2025-09-30,Delivered,Paid
SYSPO0005759,PO117197,SUP349565,WH820221,2025-09-07,2025-10-03,Delivered,Paid
SYSPO0005760,PO773686,SUP690341,WH262316,2026-04-21,2026-04-26,Delivered,Paid
SYSPO0005761,PO153991,SUP437408,WH262316,2025-12-16,2025-12-31,Delivered,Paid
SYSPO0005762,PO184718,SUP839677,WH642717,2026-06-14,2026-07-01,Delayed,Pending
SYSPO0005763,PO649033,SUP572387,WH654634,2026-03-03,2026-03-19,Delivered,Paid
SYSPO0005764,PO569794,SUP671858,WH599948,2026-01-12,2026-01-28,Delivered,Paid
SYSPO0005765,PO553126,SUP613425,WH997546,2026-05-25,2026-06-05,Delivered,Paid
SYSPO0005766,PO629722,SUP437902,WH740967,2026-03-22,2026-04-08,Delayed,Pending
SYSPO0005767,PO503030,SUP519093,WH642717,2025-11-01,2025-11-17,Delivered,Paid
SYSPO0005768,PO816272,SUP519904,WH771088,2026-03-07,2026-03-21,Delivered,Pending
SYSPO0005769,PO485810,SUP972064,WH356150,2025-08-28,2025-09-15,Delivered,Paid
SYSPO0005770,PO443582,SUP519904,WH519066,2026-06-27,2026-07-11,Delivered,Paid
SYSPO0005771,PO896360,SUP513160,WH824586,2026-01-02,2026-01-26,Delivered,Paid
SYSPO0005772,PO841772,SUP608257,WH642717,2026-06-18,2026-07-04,Delivered,Paid
SYSPO0005773,PO846515,SUP446954,WH205907,2026-02-23,2026-03-05,Delayed,Pending
SYSPO0005774,PO555746,SUP572700,WH532322,2026-01-14,2026-01-25,Delivered,Paid
SYSPO0005775,PO447218,SUP934794,WH377746,2026-02-28,2026-03-06,Delivered,Paid
SYSPO0005776,PO446489,SUP486945,WH740967,2026-04-28,2026-05-21,Delayed,Pending
SYSPO0005777,PO352410,SUP576086,WH262316,2026-07-07,2026-07-13,Delivered,Paid
SYSPO0005778,PO280805,SUP256294,WH636265,2026-08-03,2026-08-16,Processing,Pending
SYSPO0005779,PO927940,SUP572387,WH582662,2026-02-05,2026-02-21,Delivered,Paid
SYSPO0005780,PO778245,SUP356150,WH922157,2026-03-15,2026-04-02,Delivered,Paid
SYSPO0005781,PO686455,SUP955662,WH460663,2026-07-13,2026-08-01,Delivered,Paid
SYSPO0005782,PO331457,SUP572700,WH532322,2025-11-04,2025-11-15,Delivered,Paid
SYSPO0005783,PO901245,SUP437902,WH479201,2026-02-05,2026-02-22,Delivered,Paid
SYSPO0005784,PO188142,SUP356150,WH656116,2025-11-29,2025-12-17,Cancelled,Cancelled
SYSPO0005785,PO408224,SUP899213,WH686075,2025-09-04,2025-09-22,Delivered,Paid
SYSPO0005786,PO581995,SUP920652,WH112038,2026-01-05,2026-01-28,Delivered,Paid
SYSPO0005787,PO326738,SUP755788,WH829716,2026-07-21,2026-08-15,In Transit,Pending
SYSPO0005788,PO303741,SUP273982,WH808011,2026-07-02,2026-07-18,Delivered,Paid
SYSPO0005789,PO321548,SUP519904,WH422451,2026-05-09,2026-05-23,Delivered,Paid
SYSPO0005790,PO495858,SUP344098,WH412942,2025-08-18,2025-09-03,Delivered,Paid
SYSPO0005791,PO175433,SUP321275,WH519066,2026-02-15,2026-02-22,Delivered,Paid
SYSPO0005792,PO193089,SUP972335,WH429164,2026-03-14,2026-04-21,Delivered,Paid
SYSPO0005793,PO330519,SUP449499,WH820221,2026-07-20,2026-07-25,Delivered,Paid
SYSPO0005794,PO583376,SUP736059,WH237174,2026-02-21,2026-03-07,Delivered,Paid
SYSPO0005795,PO242506,SUP256294,WH582662,2026-06-11,2026-06-24,Delivered,Paid
SYSPO0005796,PO830459,SUP184491,WH816751,2026-03-14,2026-04-15,Delivered,Paid
SYSPO0005797,PO734864,SUP597732,WH690341,2026-04-25,2026-05-21,Delivered,Paid
SYSPO0005798,PO910951,SUP944962,WH820221,2026-04-02,2026-04-16,Delivered,Paid
SYSPO0005799,PO399116,SUP321275,WH412942,2025-10-01,2025-10-08,Delivered,Paid
SYSPO0005800,PO886331,SUP887625,WH373903,2025-09-20,2025-10-03,Delivered,Paid
SYSPO0005801,PO889826,SUP681343,WH922157,2026-05-26,2026-06-10,Delivered,Paid
SYSPO0005802,PO395061,SUP153872,WH324082,2026-01-26,2026-02-02,Delivered,Pending
SYSPO0005803,PO603335,SUP899213,WH526117,2025-10-11,2025-10-29,Delivered,Paid
SYSPO0005804,PO467769,SUP260263,WH997546,2025-10-08,2025-10-15,Delivered,Paid
SYSPO0005805,PO903765,SUP842411,WH237174,2025-10-26,2025-11-03,Delivered,Paid
SYSPO0005806,PO161015,SUP662275,WH808011,2026-06-14,2026-06-26,Delivered,Paid
SYSPO0005807,PO874346,SUP890170,WH532322,2025-10-18,2025-10-25,Delivered,Paid
SYSPO0005808,PO630831,SUP865990,WH567574,2025-09-23,2025-10-14,Delivered,Paid
SYSPO0005809,PO356026,SUP344098,WH832052,2025-08-21,2025-09-06,Delayed,Pending
SYSPO0005810,PO786496,SUP449499,WH808011,2026-01-16,2026-01-21,Delivered,Paid
SYSPO0005811,PO310013,SUP335615,WH654634,2025-09-04,2025-09-10,Delayed,Pending
SYSPO0005812,PO133440,SUP519093,WH686075,2026-04-27,2026-05-13,Cancelled,Cancelled
SYSPO0005813,PO589071,SUP384076,WH642717,2026-01-21,2026-02-05,Delivered,Paid
SYSPO0005814,PO162841,SUP681343,WH771088,2025-10-22,2025-11-06,Delivered,Pending
SYSPO0005815,PO798010,SUP349565,WH690341,2026-06-20,2026-07-16,Delivered,Paid
SYSPO0005816,PO902562,SUP804318,WH740967,2026-04-05,2026-04-26,Delivered,Paid
SYSPO0005817,PO206747,SUP736059,WH555884,2025-10-01,2025-10-15,Delivered,Paid
SYSPO0005818,PO569575,SUP770487,WH539589,2026-06-24,2026-07-08,Delivered,Paid
SYSPO0005819,PO570472,SUP322955,WH829716,2026-03-24,2026-04-06,Delayed,Pending
SYSPO0005820,PO901232,SUP300337,WH322086,2025-11-13,2025-11-26,Delivered,Paid
SYSPO0005821,PO583978,SUP813536,WH636265,2025-12-07,2025-12-28,Delivered,Paid
SYSPO0005822,PO919958,SUP598216,WH324082,2026-07-24,2026-08-05,Delivered,Paid
SYSPO0005823,PO876338,SUP437902,WH658582,2026-05-14,2026-05-31,Delivered,Paid
SYSPO0005824,PO729563,SUP904150,WH785197,2026-07-26,2026-08-21,In Transit,Pending
SYSPO0005825,PO171092,SUP307428,WH429164,2026-06-14,2026-06-25,Delivered,Paid
SYSPO0005826,PO103784,SUP179046,WH100425,2025-08-31,2025-09-20,Delivered,Paid
SYSPO0005827,PO399654,SUP513160,WH997546,2025-09-07,2025-10-01,Delivered,Paid
SYSPO0005828,PO753411,SUP156213,WH412942,2026-01-02,2026-01-15,Delivered,Paid
SYSPO0005829,PO157456,SUP904150,WH829716,2026-03-09,2026-04-04,Delivered,Paid
SYSPO0005830,PO494365,SUP692683,WH526117,2026-01-06,2026-01-31,Delivered,Paid
SYSPO0005831,PO323571,SUP925981,WH274389,2026-03-07,2026-03-25,Delivered,Paid
SYSPO0005832,PO876627,SUP642717,WH237174,2025-12-09,2025-12-23,Delivered,Paid
SYSPO0005833,PO417137,SUP265080,WH816751,2026-07-03,2026-07-19,Delivered,Paid
SYSPO0005834,PO208120,SUP690341,WH274389,2025-11-20,2025-11-25,Delayed,Pending
SYSPO0005835,PO804850,SUP765095,WH930555,2026-02-22,2026-03-29,Delayed,Pending
SYSPO0005836,PO629057,SUP472060,WH816751,2026-01-29,2026-02-14,Delivered,Pending
SYSPO0005837,PO663369,SUP335113,WH555884,2026-07-27,2026-08-07,In Transit,Pending
SYSPO0005838,PO621038,SUP446954,WH262316,2026-07-10,2026-07-20,Delivered,Pending
SYSPO0005839,PO484270,SUP302511,WH479201,2025-08-09,2025-08-27,Delivered,Paid
SYSPO0005840,PO639090,SUP989545,WH599948,2026-06-06,2026-06-22,Delivered,Pending
SYSPO0005841,PO909968,SUP572700,WH555884,2026-05-04,2026-05-15,Delivered,Paid
SYSPO0005842,PO752215,SUP216970,WH658582,2026-04-03,2026-04-22,Delivered,Paid
SYSPO0005843,PO224704,SUP391668,WH532322,2026-03-21,2026-04-03,Delivered,Paid
SYSPO0005844,PO945918,SUP690341,WH922157,2026-02-23,2026-02-28,Delivered,Paid
SYSPO0005845,PO810322,SUP321275,WH329974,2026-06-04,2026-06-11,Delayed,Pending
SYSPO0005846,PO680911,SUP211764,WH356150,2026-01-14,2026-01-31,Delivered,Paid
SYSPO0005847,PO215974,SUP804318,WH781453,2025-09-17,2025-10-08,Delivered,Paid
SYSPO0005848,PO664172,SUP692683,WH322086,2026-01-12,2026-02-06,Delayed,Pending
SYSPO0005849,PO331042,SUP486945,WH324082,2025-10-02,2025-10-25,Delivered,Paid
SYSPO0005850,PO851280,SUP870763,WH233470,2025-10-01,2025-10-17,Delivered,Pending
SYSPO0005851,PO168189,SUP881177,WH379766,2026-03-13,2026-03-27,Delivered,Paid
SYSPO0005852,PO736171,SUP802729,WH377746,2026-03-21,2026-04-01,Delivered,Paid
SYSPO0005853,PO487947,SUP891937,WH376807,2026-03-19,2026-04-16,Delivered,Paid
SYSPO0005854,PO154549,SUP459536,WH824586,2026-05-26,2026-06-09,Delivered,Paid
SYSPO0005855,PO429666,SUP725084,WH686075,2026-08-04,2026-08-21,In Transit,Pending
SYSPO0005856,PO195082,SUP372793,WH801474,2025-09-12,2025-09-26,Delivered,Paid
SYSPO0005857,PO187920,SUP260422,WH820221,2026-07-30,2026-08-08,Processing,Pending
SYSPO0005858,PO305287,SUP523389,WH356150,2025-09-15,2025-10-01,Delayed,Pending
SYSPO0005859,PO140885,SUP197251,WH324082,2026-03-11,2026-03-18,Delivered,Paid
SYSPO0005860,PO562370,SUP179046,WH526833,2026-06-03,2026-06-23,Delivered,Paid
SYSPO0005861,PO746592,SUP302511,WH112038,2025-09-13,2025-10-01,Delivered,Paid
SYSPO0005862,PO905362,SUP497887,WH539589,2026-06-06,2026-06-24,Delivered,Paid
SYSPO0005863,PO553151,SUP420214,WH322086,2025-11-24,2025-12-07,Delivered,Pending
SYSPO0005864,PO418322,SUP260263,WH429164,2026-07-07,2026-07-14,Delivered,Paid
SYSPO0005865,PO719721,SUP391668,WH356150,2026-03-01,2026-03-14,Delivered,Paid
SYSPO0005866,PO726997,SUP989545,WH816751,2026-07-12,2026-07-28,Delivered,Paid
SYSPO0005867,PO186018,SUP356150,WH376807,2025-12-16,2026-01-03,Delayed,Pending
SYSPO0005868,PO124020,SUP184491,WH191161,2026-07-11,2026-08-12,Processing,Pending
SYSPO0005869,PO884558,SUP618392,WH662336,2026-01-11,2026-01-24,Delayed,Pending
SYSPO0005870,PO745775,SUP121753,WH422451,2025-11-15,2025-11-26,Delivered,Paid
SYSPO0005871,PO991103,SUP696750,WH205907,2025-12-31,2026-01-07,Delivered,Paid
SYSPO0005872,PO229496,SUP877236,WH324082,2026-04-16,2026-04-23,Delivered,Paid
SYSPO0005873,PO232063,SUP307428,WH824586,2026-02-09,2026-02-20,Delivered,Paid
SYSPO0005874,PO769029,SUP664607,WH212235,2026-03-15,2026-04-17,Delivered,Paid
SYSPO0005875,PO696095,SUP260263,WH324082,2026-03-29,2026-04-05,Cancelled,Cancelled
SYSPO0005876,PO302954,SUP598216,WH233470,2026-02-04,2026-02-16,Delivered,Paid
SYSPO0005877,PO881981,SUP300896,WH112038,2025-08-19,2025-08-27,Delivered,Paid
SYSPO0005878,PO938496,SUP662275,WH205907,2025-10-10,2025-10-22,Delivered,Paid
SYSPO0005879,PO578009,SUP307428,WH233470,2025-11-19,2025-11-30,Delivered,Paid
SYSPO0005880,PO776738,SUP920652,WH322086,2026-01-08,2026-01-31,Delayed,Pending
SYSPO0005881,PO456096,SUP934794,WH515011,2025-09-29,2025-10-05,Delivered,Paid
SYSPO0005882,PO585575,SUP335113,WH808011,2026-04-02,2026-04-13,Delivered,Paid
SYSPO0005883,PO295314,SUP449499,WH519066,2026-03-29,2026-04-03,Delivered,Paid
SYSPO0005884,PO941840,SUP813536,WH212235,2026-04-26,2026-05-17,Delivered,Paid
SYSPO0005885,PO641074,SUP385470,WH262316,2026-05-01,2026-05-21,Delivered,Paid
SYSPO0005886,PO130073,SUP153872,WH205907,2026-01-08,2026-01-15,Delivered,Paid
SYSPO0005887,PO538838,SUP680099,WH820221,2025-08-20,2025-09-06,Delivered,Paid
SYSPO0005888,PO943729,SUP681343,WH377746,2026-01-05,2026-01-20,Delivered,Paid
SYSPO0005889,PO852895,SUP757711,WH801474,2026-07-16,2026-07-21,Delivered,Paid
SYSPO0005890,PO864073,SUP934794,WH212235,2026-07-12,2026-07-18,Delivered,Paid
SYSPO0005891,PO136990,SUP770487,WH808011,2025-12-11,2025-12-25,Delayed,Pending
SYSPO0005892,PO981849,SUP650121,WH526117,2026-04-30,2026-05-06,Delivered,Paid
SYSPO0005893,PO616043,SUP757711,WH922157,2025-11-05,2025-11-10,Delivered,Paid
SYSPO0005894,PO743136,SUP664607,WH526833,2025-08-24,2025-09-26,Delivered,Pending
SYSPO0005895,PO536931,SUP121753,WH654634,2026-05-21,2026-06-01,Delivered,Paid
SYSPO0005896,PO192467,SUP887625,WH922157,2026-02-05,2026-02-18,Delivered,Paid
SYSPO0005897,PO109564,SUP437902,WH324082,2026-07-28,2026-08-14,In Transit,Pending
SYSPO0005898,PO797732,SUP589710,WH526833,2025-11-17,2025-12-06,Delayed,Pending
SYSPO0005899,PO705466,SUP899213,WH377746,2026-07-19,2026-08-06,Cancelled,Cancelled
SYSPO0005900,PO445265,SUP121753,WH262316,2025-12-27,2026-01-07,Delivered,Paid
SYSPO0005901,PO646366,SUP420214,WH212235,2025-08-12,2025-08-25,Delivered,Paid
SYSPO0005902,PO687327,SUP839677,WH658582,2025-12-14,2025-12-31,Delayed,Pending
SYSPO0005903,PO423003,SUP688508,WH910891,2026-06-18,2026-06-28,Delivered,Paid
SYSPO0005904,PO948171,SUP725084,WH582662,2026-06-09,2026-06-26,Delivered,Paid
SYSPO0005905,PO561897,SUP690341,WH205907,2025-11-30,2025-12-05,Delivered,Paid
SYSPO0005906,PO871140,SUP681343,WH662336,2025-12-03,2025-12-18,Delivered,Paid
SYSPO0005907,PO447478,SUP624902,WH412942,2025-11-21,2025-12-04,Delivered,Paid
SYSPO0005908,PO108206,SUP523389,WH832052,2026-06-28,2026-07-14,Delivered,Paid
SYSPO0005909,PO757236,SUP802729,WH555884,2026-02-11,2026-02-22,Delivered,Paid
SYSPO0005910,PO498456,SUP725084,WH781453,2026-07-04,2026-07-21,Delivered,Paid
SYSPO0005911,PO911910,SUP256294,WH324082,2026-05-02,2026-05-15,Delayed,Pending
SYSPO0005912,PO294585,SUP976325,WH526117,2026-04-27,2026-05-10,Delivered,Paid
SYSPO0005913,PO101688,SUP802729,WH636265,2025-09-12,2025-09-23,Delivered,Paid
SYSPO0005914,PO143761,SUP990844,WH567574,2026-07-08,2026-07-27,Delivered,Paid
SYSPO0005915,PO862831,SUP576086,WH262316,2025-11-01,2025-11-07,Delivered,Paid
SYSPO0005916,PO529396,SUP680099,WH205907,2025-09-26,2025-10-13,Delivered,Paid
SYSPO0005917,PO439683,SUP881177,WH205907,2025-11-29,2025-12-13,Delivered,Paid
SYSPO0005918,PO702440,SUP576086,WH910891,2026-05-20,2026-05-26,Delivered,Paid
SYSPO0005919,PO342274,SUP121753,WH526117,2026-01-24,2026-02-04,Delivered,Paid
SYSPO0005920,PO461352,SUP221263,WH808011,2026-06-01,2026-06-25,Delivered,Paid
SYSPO0005921,PO752898,SUP642717,WH377746,2026-06-21,2026-07-05,Delivered,Pending
SYSPO0005922,PO191211,SUP829308,WH690341,2025-12-07,2025-12-15,Delivered,Paid
SYSPO0005923,PO817125,SUP384076,WH379766,2025-11-17,2025-12-02,Delivered,Paid
SYSPO0005924,PO884536,SUP955662,WH662336,2026-05-15,2026-06-03,Delivered,Paid
SYSPO0005925,PO369664,SUP920652,WH205907,2026-01-13,2026-02-05,Delivered,Paid
SYSPO0005926,PO433754,SUP322955,WH532322,2026-03-27,2026-04-09,Delivered,Paid
SYSPO0005927,PO217013,SUP614663,WH460663,2026-04-12,2026-04-29,Delivered,Paid
SYSPO0005928,PO857727,SUP260422,WH785197,2025-09-08,2025-09-17,Delayed,Pending
SYSPO0005929,PO316578,SUP725084,WH526117,2025-10-16,2025-11-02,Delivered,Paid
SYSPO0005930,PO215613,SUP639593,WH526833,2026-01-23,2026-01-30,Delivered,Paid
SYSPO0005931,PO872179,SUP260263,WH526833,2025-10-26,2025-11-02,Delivered,Paid
SYSPO0005932,PO394421,SUP526117,WH373903,2026-07-25,2026-08-10,In Transit,Pending
SYSPO0005933,PO667751,SUP576086,WH808011,2026-06-20,2026-06-26,Delivered,Paid
SYSPO0005934,PO500105,SUP260263,WH636265,2026-01-10,2026-01-17,Delivered,Paid
SYSPO0005935,PO366380,SUP965845,WH997546,2026-05-19,2026-05-26,Delivered,Paid
SYSPO0005936,PO764554,SUP972335,WH662336,2026-02-09,2026-03-19,Delivered,Paid
SYSPO0005937,PO414585,SUP429164,WH832052,2026-05-26,2026-06-12,Delivered,Paid
SYSPO0005938,PO559940,SUP989545,WH686075,2026-02-21,2026-03-09,Delivered,Paid
SYSPO0005939,PO883150,SUP871711,WH526117,2026-07-07,2026-07-17,Delivered,Paid
SYSPO0005940,PO537076,SUP813536,WH322086,2025-12-28,2026-01-18,Delivered,Paid
SYSPO0005941,PO142889,SUP891937,WH740967,2026-06-19,2026-07-17,Delivered,Paid
SYSPO0005942,PO522471,SUP429164,WH656116,2025-08-26,2025-09-12,Delivered,Paid
SYSPO0005943,PO316227,SUP955662,WH274389,2026-02-21,2026-03-12,Delayed,Pending
SYSPO0005944,PO413432,SUP589710,WH555884,2026-06-08,2026-06-27,Delivered,Paid
SYSPO0005945,PO845115,SUP728492,WH519066,2025-10-05,2025-10-21,Delivered,Paid
SYSPO0005946,PO261023,SUP955662,WH930555,2025-08-30,2025-09-18,Delivered,Pending
SYSPO0005947,PO474778,SUP668532,WH519066,2025-12-03,2025-12-16,Delivered,Paid
SYSPO0005948,PO788242,SUP302511,WH820221,2026-05-07,2026-05-25,Delivered,Paid
SYSPO0005949,PO576041,SUP877236,WH422451,2026-02-17,2026-02-24,Delivered,Paid
SYSPO0005950,PO266424,SUP378361,WH212235,2026-01-08,2026-02-13,Delivered,Paid
SYSPO0005951,PO488791,SUP671858,WH997546,2025-09-26,2025-10-12,Delivered,Paid
SYSPO0005952,PO514632,SUP681343,WH322086,2026-06-04,2026-06-19,Delivered,Paid
SYSPO0005953,PO971565,SUP671858,WH274389,2026-07-01,2026-07-17,Delivered,Paid
SYSPO0005954,PO689904,SUP356150,WH373903,2026-02-24,2026-03-14,Delivered,Paid
SYSPO0005955,PO578239,SUP344098,WH526833,2026-07-12,2026-07-28,Delivered,Paid
SYSPO0005956,PO821412,SUP259784,WH801474,2026-03-13,2026-03-20,Delivered,Paid
SYSPO0005957,PO273236,SUP608257,WH686075,2025-08-16,2025-09-01,Delivered,Paid
SYSPO0005958,PO750025,SUP887625,WH532322,2025-10-11,2025-10-24,Delivered,Paid
SYSPO0005959,PO642480,SUP307428,WH832052,2025-10-18,2025-10-29,Delivered,Paid
SYSPO0005960,PO555473,SUP650121,WH824586,2026-07-10,2026-07-16,Delivered,Paid
SYSPO0005961,PO604793,SUP755788,WH460663,2026-06-24,2026-07-19,Delivered,Paid
SYSPO0005962,PO780150,SUP572387,WH785197,2025-10-21,2025-11-06,Delivered,Pending
SYSPO0005963,PO552889,SUP156213,WH656116,2026-06-26,2026-07-09,Delivered,Paid
SYSPO0005964,PO530468,SUP989545,WH100425,2025-08-27,2025-09-12,Delayed,Pending
SYSPO0005965,PO970389,SUP736059,WH205907,2025-11-09,2025-11-23,Delivered,Paid
SYSPO0005966,PO610527,SUP813536,WH539589,2025-08-17,2025-09-07,Delayed,Pending
SYSPO0005967,PO412956,SUP273982,WH515011,2026-01-29,2026-02-14,Delivered,Paid
SYSPO0005968,PO231060,SUP865990,WH740967,2025-08-24,2025-09-14,Delivered,Paid
SYSPO0005969,PO774705,SUP733039,WH356150,2026-07-27,2026-08-12,In Transit,Pending
SYSPO0005970,PO903733,SUP526117,WH519066,2025-12-22,2026-01-07,Delivered,Paid
SYSPO0005971,PO958413,SUP755788,WH377746,2026-05-05,2026-05-30,Delivered,Paid
SYSPO0005972,PO483026,SUP523389,WH191161,2025-10-21,2025-11-06,Delayed,Pending
SYSPO0005973,PO366927,SUP692683,WH112038,2025-11-19,2025-12-14,Delivered,Pending
SYSPO0005974,PO764671,SUP302511,WH824586,2025-12-26,2026-01-13,Delivered,Paid
SYSPO0005975,PO780212,SUP671858,WH820221,2026-06-20,2026-07-06,Delivered,Paid
SYSPO0005976,PO349338,SUP757711,WH237174,2026-02-01,2026-02-06,Delivered,Paid
SYSPO0005977,PO118510,SUP770487,WH233470,2026-02-17,2026-03-03,Delivered,Paid
SYSPO0005978,PO609591,SUP300337,WH112038,2026-01-06,2026-01-19,Delivered,Paid
SYSPO0005979,PO785371,SUP804318,WH479201,2026-04-08,2026-04-29,Delivered,Paid
SYSPO0005980,PO656692,SUP245051,WH555884,2026-07-29,2026-08-19,In Transit,Pending
SYSPO0005981,PO302812,SUP890170,WH824586,2025-09-22,2025-09-29,Delivered,Paid
SYSPO0005982,PO925332,SUP887625,WH379766,2026-04-26,2026-05-09,Cancelled,Cancelled
SYSPO0005983,PO119129,SUP211764,WH274389,2025-08-16,2025-09-02,Delivered,Paid
SYSPO0005984,PO566184,SUP133659,WH377746,2025-11-06,2025-11-24,Delivered,Pending
SYSPO0005985,PO801959,SUP513160,WH910891,2025-12-27,2026-01-20,Delivered,Paid
SYSPO0005986,PO404974,SUP302511,WH526833,2026-02-10,2026-02-28,Delivered,Paid
SYSPO0005987,PO143767,SUP572700,WH816751,2026-03-23,2026-04-03,Delivered,Paid
SYSPO0005988,PO521970,SUP333238,WH324082,2026-01-25,2026-02-13,Cancelled,Cancelled
SYSPO0005989,PO738040,SUP300337,WH233470,2025-10-12,2025-10-25,Delivered,Paid
SYSPO0005990,PO810729,SUP350867,WH816751,2026-07-09,2026-07-24,Cancelled,Cancelled
SYSPO0005991,PO209953,SUP692683,WH829716,2026-02-05,2026-03-02,Delivered,Paid
SYSPO0005992,PO928980,SUP925981,WH526117,2026-03-20,2026-04-07,Cancelled,Cancelled
SYSPO0005993,PO669372,SUP519904,WH642717,2026-03-07,2026-03-21,Delivered,Paid
SYSPO0005994,PO429059,SUP955662,WH642717,2025-12-18,2026-01-06,Delivered,Paid
SYSPO0005995,PO885657,SUP526117,WH686075,2025-12-16,2026-01-01,Delivered,Paid
SYSPO0005996,PO908085,SUP437408,WH377746,2025-10-07,2025-10-22,Delivered,Paid
SYSPO0005997,PO307557,SUP650121,WH262316,2026-06-26,2026-07-02,Delivered,Paid
SYSPO0005998,PO934229,SUP681343,WH329974,2026-07-18,2026-08-02,Delivered,Paid
SYSPO0005999,PO160600,SUP965845,WH801474,2025-11-13,2025-11-20,Delivered,Paid
SYSPO0006000,PO916935,SUP121753,WH233470,2026-05-22,2026-06-02,Delayed,Pending
SYSPO0006001,PO462184,SUP260422,WH824586,2026-06-23,2026-07-02,Delivered,Paid
SYSPO0006002,PO298769,SUP887625,WH801474,2026-04-29,2026-05-12,Delivered,Paid
SYSPO0006003,PO616422,SUP449499,WH820221,2025-09-09,2025-09-14,Delayed,Pending
SYSPO0006004,PO524871,SUP972064,WH356150,2025-11-23,2025-12-11,Delayed,Pending
SYSPO0006005,PO846866,SUP880879,WH479201,2025-08-15,2025-09-22,Delivered,Paid
SYSPO0006006,PO828240,SUP260263,WH526833,2026-01-02,2026-01-09,Cancelled,Cancelled
SYSPO0006007,PO837771,SUP333238,WH829716,2025-08-24,2025-09-12,Delivered,Paid
SYSPO0006008,PO855935,SUP260263,WH539589,2025-10-07,2025-10-14,Delivered,Paid
SYSPO0006009,PO482475,SUP842411,WH274389,2026-07-02,2026-07-10,Cancelled,Cancelled
SYSPO0006010,PO282563,SUP356150,WH532322,2026-03-15,2026-04-02,Delivered,Paid
SYSPO0006011,PO864893,SUP681343,WH740967,2026-06-03,2026-06-18,Delivered,Paid
SYSPO0006012,PO938776,SUP736059,WH567574,2025-10-27,2025-11-10,Delivered,Paid
SYSPO0006013,PO509301,SUP420214,WH460663,2026-07-03,2026-07-16,Delayed,Pending
SYSPO0006014,PO949606,SUP688508,WH515011,2025-10-29,2025-11-08,Delivered,Paid
SYSPO0006015,PO274322,SUP829308,WH539589,2026-04-13,2026-04-21,Delivered,Paid
SYSPO0006016,PO266793,SUP385470,WH356150,2025-10-31,2025-11-20,Delivered,Paid
SYSPO0006017,PO773092,SUP768854,WH910891,2026-04-25,2026-05-12,Delivered,Paid
SYSPO0006018,PO513468,SUP245051,WH519066,2025-10-24,2025-11-14,Delivered,Paid
SYSPO0006019,PO495881,SUP335615,WH205907,2025-11-17,2025-11-23,Delivered,Paid
SYSPO0006020,PO432425,SUP680099,WH412942,2026-04-15,2026-05-02,Delivered,Paid
SYSPO0006021,PO936021,SUP725084,WH412942,2026-01-11,2026-01-28,Delivered,Paid
SYSPO0006022,PO459251,SUP486945,WH642717,2026-02-20,2026-03-15,Delivered,Paid
SYSPO0006023,PO119178,SUP989545,WH658582,2025-08-12,2025-08-28,Delivered,Paid
SYSPO0006024,PO774725,SUP891937,WH460663,2026-07-06,2026-08-03,Delivered,Paid
SYSPO0006025,PO857362,SUP526117,WH958179,2026-06-04,2026-06-20,Delivered,Paid
SYSPO0006026,PO393033,SUP865990,WH262316,2026-05-30,2026-06-20,Delayed,Pending
SYSPO0006027,PO803343,SUP211764,WH373903,2026-04-26,2026-05-13,Delivered,Paid
SYSPO0006028,PO647595,SUP486945,WH460663,2025-08-08,2025-08-31,Delivered,Pending
SYSPO0006029,PO202179,SUP372793,WH555884,2026-02-05,2026-02-19,Delivered,Paid
SYSPO0006030,PO508071,SUP156213,WH205907,2026-07-24,2026-08-06,In Transit,Pending
SYSPO0006031,PO915488,SUP690341,WH930555,2025-09-25,2025-09-30,Delayed,Pending
SYSPO0006032,PO606362,SUP572387,WH820221,2026-04-13,2026-04-29,Cancelled,Cancelled
SYSPO0006033,PO542276,SUP372793,WH662336,2025-10-11,2025-10-25,Delivered,Pending
SYSPO0006034,PO348762,SUP153872,WH233470,2026-03-26,2026-04-02,Delivered,Paid
SYSPO0006035,PO606653,SUP696750,WH832052,2026-06-12,2026-06-19,Delivered,Paid
SYSPO0006036,PO536245,SUP179046,WH656116,2025-08-08,2025-08-28,Delayed,Pending
SYSPO0006037,PO143826,SUP733039,WH482364,2025-10-30,2025-11-15,Delivered,Paid
SYSPO0006038,PO151721,SUP870763,WH373903,2025-11-11,2025-11-27,Delivered,Paid
SYSPO0006039,PO146888,SUP572700,WH808011,2026-03-29,2026-04-09,Delivered,Paid
SYSPO0006040,PO411818,SUP920652,WH824586,2026-06-13,2026-07-06,Delivered,Paid
SYSPO0006041,PO413011,SUP240814,WH824586,2025-12-01,2025-12-07,Delivered,Paid
SYSPO0006042,PO852797,SUP335113,WH274389,2026-05-08,2026-05-19,Cancelled,Cancelled
SYSPO0006043,PO922741,SUP427110,WH820221,2026-05-07,2026-05-25,Delivered,Pending
SYSPO0006044,PO854259,SUP681343,WH212235,2026-04-11,2026-04-26,Delivered,Paid
SYSPO0006045,PO237036,SUP595631,WH785197,2025-11-19,2025-12-14,Delivered,Paid
SYSPO0006046,PO725143,SUP613425,WH380746,2026-01-16,2026-01-27,Delivered,Paid
SYSPO0006047,PO491919,SUP321275,WH771088,2026-07-18,2026-07-25,Delivered,Paid
SYSPO0006048,PO510265,SUP221263,WH555884,2025-12-29,2026-01-22,Delayed,Pending
SYSPO0006049,PO283659,SUP757711,WH237174,2026-07-01,2026-07-06,Delayed,Pending
SYSPO0006050,PO170238,SUP871711,WH910891,2025-12-18,2025-12-28,Delivered,Paid
SYSPO0006051,PO457489,SUP802729,WH690341,2026-01-30,2026-02-10,Cancelled,Cancelled
SYSPO0006052,PO282695,SUP813536,WH654634,2025-11-10,2025-12-01,Delivered,Paid
SYSPO0006053,PO677139,SUP349565,WH377746,2025-10-28,2025-11-23,Delivered,Paid
SYSPO0006054,PO983993,SUP728492,WH191161,2026-02-02,2026-02-18,Delivered,Paid
SYSPO0006055,PO892729,SUP990844,WH820221,2025-11-30,2025-12-19,Delivered,Paid
SYSPO0006056,PO104468,SUP639593,WH429164,2026-04-24,2026-05-01,Delivered,Paid
SYSPO0006057,PO992634,SUP989545,WH555884,2026-02-23,2026-03-11,Delivered,Paid
SYSPO0006058,PO701788,SUP680099,WH785197,2026-06-21,2026-07-08,Delivered,Paid
SYSPO0006059,PO270838,SUP770487,WH824586,2026-04-04,2026-04-18,Delivered,Paid
SYSPO0006060,PO192722,SUP813536,WH233470,2026-01-06,2026-01-27,Delayed,Pending
SYSPO0006061,PO190996,SUP668532,WH824586,2026-03-19,2026-04-01,Delivered,Paid
SYSPO0006062,PO605613,SUP572387,WH482364,2025-09-13,2025-09-29,Delayed,Pending
SYSPO0006063,PO895205,SUP179046,WH233470,2025-08-07,2025-08-27,Delivered,Paid
SYSPO0006064,PO998650,SUP624902,WH380746,2026-02-19,2026-03-04,Delivered,Paid
SYSPO0006065,PO624620,SUP259784,WH808011,2026-04-19,2026-04-26,Delayed,Pending
SYSPO0006066,PO418205,SUP955662,WH808011,2026-06-28,2026-07-17,Delivered,Paid
SYSPO0006067,PO105046,SUP240814,WH233470,2026-06-26,2026-07-02,Delivered,Paid
SYSPO0006068,PO343121,SUP437408,WH820221,2025-12-28,2026-01-12,Delivered,Paid
SYSPO0006069,PO569990,SUP384076,WH997546,2026-03-11,2026-03-26,Delivered,Paid
SYSPO0006070,PO901074,SUP829308,WH373903,2026-04-13,2026-04-21,Delivered,Paid
SYSPO0006071,PO163586,SUP680099,WH582662,2026-03-23,2026-04-09,Delivered,Paid
SYSPO0006072,PO787923,SUP955662,WH785197,2026-03-29,2026-04-17,Delayed,Pending
SYSPO0006073,PO577150,SUP216970,WH237174,2025-11-22,2025-12-11,Delivered,Paid
SYSPO0006074,PO770095,SUP757711,WH654634,2025-11-28,2025-12-03,Delivered,Paid
SYSPO0006075,PO377030,SUP211764,WH816751,2026-04-27,2026-05-14,Delivered,Paid
SYSPO0006076,PO891601,SUP472060,WH636265,2025-09-15,2025-10-01,Delivered,Paid
SYSPO0006077,PO221960,SUP946305,WH770487,2026-02-08,2026-03-08,Delivered,Paid
SYSPO0006078,PO145287,SUP972064,WH274389,2025-08-29,2025-09-16,Delivered,Paid
SYSPO0006079,PO940950,SUP925981,WH174441,2025-12-13,2025-12-31,Delivered,Pending
SYSPO0006080,PO505816,SUP333238,WH100425,2025-11-20,2025-12-09,Delivered,Paid
SYSPO0006081,PO153964,SUP804318,WH599948,2026-04-10,2026-05-01,Delivered,Paid
SYSPO0006082,PO477360,SUP664607,WH636265,2025-12-09,2026-01-11,Delivered,Paid
SYSPO0006083,PO212724,SUP259784,WH356150,2026-07-05,2026-07-12,Delivered,Paid
SYSPO0006084,PO421570,SUP322955,WH781453,2025-11-20,2025-12-03,Delivered,Paid
SYSPO0006085,PO458005,SUP755788,WH599948,2025-11-14,2025-12-09,Delivered,Paid
SYSPO0006086,PO274503,SUP384076,WH233470,2026-04-16,2026-05-01,Delivered,Paid
SYSPO0006087,PO381399,SUP153872,WH205907,2026-05-08,2026-05-15,Delivered,Paid
SYSPO0006088,PO370345,SUP887625,WH770487,2026-07-17,2026-07-30,Delivered,Paid
SYSPO0006089,PO111961,SUP890170,WH262316,2026-04-15,2026-04-22,Delivered,Paid
SYSPO0006090,PO781526,SUP650121,WH686075,2025-11-29,2025-12-05,Delivered,Paid
SYSPO0006091,PO919763,SUP391668,WH482364,2025-10-17,2025-10-30,Delivered,Paid
SYSPO0006092,PO562115,SUP736059,WH555884,2025-10-02,2025-10-16,Delivered,Paid
SYSPO0006093,PO786035,SUP624902,WH274389,2026-02-21,2026-03-06,Delivered,Paid
SYSPO0006094,PO494525,SUP871711,WH997546,2026-05-29,2026-06-08,Delivered,Paid
SYSPO0006095,PO947141,SUP804318,WH656116,2025-11-06,2025-11-27,Delivered,Paid
SYSPO0006096,PO559071,SUP618392,WH274389,2026-07-20,2026-08-02,Delayed,Pending
SYSPO0006097,PO680804,SUP349565,WH690341,2025-08-27,2025-09-22,Delivered,Paid
SYSPO0006098,PO784885,SUP972335,WH567574,2026-06-13,2026-07-21,Delivered,Paid
SYSPO0006099,PO914026,SUP690341,WH808011,2026-07-03,2026-07-08,Delivered,Paid
SYSPO0006100,PO340947,SUP671858,WH482364,2026-06-12,2026-06-28,Cancelled,Cancelled
SYSPO0006101,PO520621,SUP384076,WH380746,2026-06-15,2026-06-30,Delivered,Paid
SYSPO0006102,PO371151,SUP642717,WH112038,2026-03-26,2026-04-09,Delivered,Paid
SYSPO0006103,PO460489,SUP372793,WH658582,2026-01-08,2026-01-22,Delivered,Paid
SYSPO0006104,PO510819,SUP871711,WH322086,2026-04-18,2026-04-28,Delivered,Paid
SYSPO0006105,PO630420,SUP925981,WH373903,2025-12-07,2025-12-25,Delivered,Paid
SYSPO0006106,PO923624,SUP260422,WH832052,2026-04-26,2026-05-05,Delivered,Paid
SYSPO0006107,PO968250,SUP184491,WH816751,2025-09-28,2025-10-30,Delivered,Paid
SYSPO0006108,PO357329,SUP497382,WH599948,2026-05-12,2026-05-30,Delivered,Paid
SYSPO0006109,PO938396,SUP662275,WH112038,2025-08-14,2025-08-26,Delivered,Pending
SYSPO0006110,PO250127,SUP946305,WH958179,2026-04-16,2026-05-14,Delivered,Paid
SYSPO0006111,PO417386,SUP446954,WH112038,2026-02-14,2026-02-24,Delivered,Paid
SYSPO0006112,PO544886,SUP765095,WH636265,2025-11-27,2026-01-01,Cancelled,Cancelled
SYSPO0006113,PO289190,SUP391668,WH922157,2025-11-13,2025-11-26,Delivered,Paid
SYSPO0006114,PO228286,SUP728492,WH412942,2026-07-23,2026-08-08,Processing,Pending
SYSPO0006115,PO135843,SUP184491,WH820221,2026-01-14,2026-02-15,Delivered,Paid
SYSPO0006116,PO520776,SUP184491,WH910891,2026-01-09,2026-02-10,Delayed,Pending
SYSPO0006117,PO913365,SUP650121,WH422451,2026-01-02,2026-01-08,Delivered,Paid
SYSPO0006118,PO607548,SUP736059,WH479201,2026-05-18,2026-06-01,Delayed,Pending
SYSPO0006119,PO312842,SUP260422,WH829716,2025-08-18,2025-08-27,Delivered,Paid
SYSPO0006120,PO479891,SUP572387,WH515011,2026-03-19,2026-04-04,Delivered,Paid
SYSPO0006121,PO798910,SUP420214,WH379766,2026-05-06,2026-05-19,Delivered,Paid
SYSPO0006122,PO345843,SUP197251,WH233470,2026-03-15,2026-03-22,Delivered,Paid
SYSPO0006123,PO593887,SUP829308,WH808011,2026-06-17,2026-06-25,Delivered,Paid
SYSPO0006124,PO652674,SUP728492,WH832052,2025-10-17,2025-11-02,Delivered,Paid
SYSPO0006125,PO122232,SUP842411,WH274389,2025-12-16,2025-12-24,Delivered,Paid
SYSPO0006126,PO103802,SUP260422,WH686075,2026-05-14,2026-05-23,Delivered,Paid
SYSPO0006127,PO384783,SUP197251,WH422451,2026-05-09,2026-05-16,Delivered,Paid
SYSPO0006128,PO790538,SUP870763,WH322086,2025-10-30,2025-11-15,Delivered,Paid
SYSPO0006129,PO238001,SUP378361,WH816751,2026-04-28,2026-06-03,Delivered,Paid
SYSPO0006130,PO472781,SUP333238,WH233470,2026-02-28,2026-03-19,Delivered,Paid
SYSPO0006131,PO389170,SUP989545,WH322086,2026-04-09,2026-04-25,Delivered,Paid
SYSPO0006132,PO158093,SUP946305,WH770487,2026-06-05,2026-07-03,Delivered,Paid
SYSPO0006133,PO669222,SUP688508,WH808011,2026-02-05,2026-02-15,Delivered,Paid
SYSPO0006134,PO617379,SUP333238,WH356150,2026-07-23,2026-08-11,Processing,Pending
SYSPO0006135,PO326667,SUP156213,WH539589,2026-08-05,2026-08-18,In Transit,Pending
SYSPO0006136,PO546949,SUP350867,WH376807,2026-04-22,2026-05-07,Delivered,Paid
SYSPO0006137,PO723293,SUP335113,WH532322,2025-12-22,2026-01-02,Delivered,Paid
SYSPO0006138,PO877547,SUP842411,WH519066,2026-02-18,2026-02-26,Delivered,Paid
SYSPO0006139,PO107305,SUP662275,WH422451,2025-11-29,2025-12-11,Delivered,Paid
SYSPO0006140,PO620462,SUP256294,WH237174,2026-06-29,2026-07-12,Delayed,Pending
SYSPO0006141,PO801821,SUP925981,WH910891,2025-10-10,2025-10-28,Delivered,Paid
SYSPO0006142,PO237044,SUP608257,WH958179,2026-06-27,2026-07-13,Delivered,Paid
SYSPO0006143,PO855887,SUP891937,WH191161,2026-04-17,2026-05-15,Delivered,Paid
SYSPO0006144,PO692552,SUP642717,WH930555,2026-07-11,2026-07-25,Delivered,Paid
SYSPO0006145,PO992334,SUP839677,WH539589,2026-03-09,2026-03-26,Delivered,Paid
SYSPO0006146,PO722214,SUP725084,WH112038,2025-10-14,2025-10-31,Delivered,Paid
SYSPO0006147,PO490022,SUP497382,WH656116,2025-11-27,2025-12-15,Delivered,Paid
SYSPO0006148,PO941033,SUP972064,WH324082,2025-09-11,2025-09-29,Delivered,Paid
SYSPO0006149,PO925814,SUP904150,WH482364,2026-02-03,2026-03-01,Delivered,Paid
SYSPO0006150,PO216076,SUP668532,WH100425,2025-09-23,2025-10-06,Delayed,Pending
SYSPO0006151,PO950083,SUP899213,WH686075,2026-05-19,2026-06-06,Delivered,Paid
SYSPO0006152,PO236614,SUP813536,WH829716,2025-11-13,2025-12-04,Delivered,Paid
SYSPO0006153,PO826768,SUP437408,WH324082,2026-05-13,2026-05-28,Delivered,Pending
SYSPO0006154,PO930184,SUP696750,WH958179,2026-06-14,2026-06-21,Delivered,Paid
SYSPO0006155,PO555337,SUP519093,WH380746,2026-03-10,2026-03-26,Delivered,Paid
SYSPO0006156,PO300560,SUP330914,WH422451,2026-05-28,2026-06-16,Delivered,Paid
SYSPO0006157,PO752881,SUP446954,WH100425,2026-07-25,2026-08-04,Delivered,Pending
SYSPO0006158,PO494675,SUP285652,WH526833,2025-10-15,2025-11-15,Delivered,Paid
SYSPO0006159,PO845541,SUP608257,WH100425,2026-04-25,2026-05-11,Delivered,Paid
SYSPO0006160,PO145099,SUP692683,WH262316,2026-07-20,2026-08-14,In Transit,Pending
SYSPO0006161,PO899957,SUP156213,WH322086,2025-12-13,2025-12-26,Delivered,Paid
SYSPO0006162,PO411247,SUP356150,WH816751,2026-04-16,2026-05-04,Delivered,Paid
SYSPO0006163,PO153020,SUP391668,WH174441,2025-09-08,2025-09-21,Delivered,Paid
SYSPO0006164,PO730621,SUP497382,WH567574,2025-10-30,2025-11-17,Delivered,Paid
SYSPO0006165,PO535368,SUP321275,WH555884,2025-12-20,2025-12-27,Delivered,Paid
SYSPO0006166,PO917056,SUP245051,WH636265,2025-10-30,2025-11-20,Delivered,Paid
SYSPO0006167,PO134658,SUP688508,WH656116,2026-05-21,2026-05-31,Delivered,Paid
SYSPO0006168,PO897415,SUP307428,WH526117,2026-07-09,2026-07-20,Delivered,Paid
SYSPO0006169,PO161496,SUP133659,WH785197,2025-12-02,2025-12-20,Delivered,Paid
SYSPO0006170,PO845269,SUP350867,WH642717,2026-01-15,2026-01-30,Delivered,Paid
SYSPO0006171,PO425833,SUP690341,WH519066,2026-06-07,2026-06-12,Delivered,Paid
SYSPO0006172,PO699342,SUP728492,WH771088,2026-07-15,2026-07-31,Delivered,Paid
SYSPO0006173,PO231988,SUP576086,WH515011,2025-12-11,2025-12-17,Delivered,Paid
SYSPO0006174,PO872760,SUP608257,WH555884,2025-12-27,2026-01-12,Delivered,Paid
SYSPO0006175,PO664872,SUP614663,WH422451,2025-11-14,2025-12-01,Delivered,Paid
SYSPO0006176,PO898987,SUP519093,WH539589,2026-03-20,2026-04-05,Delivered,Paid
SYSPO0006177,PO604679,SUP526117,WH781453,2025-11-27,2025-12-13,Delivered,Paid
SYSPO0006178,PO724037,SUP335113,WH555884,2026-02-01,2026-02-12,Delivered,Paid
SYSPO0006179,PO271469,SUP265080,WH356150,2026-07-01,2026-07-17,Delivered,Paid
SYSPO0006180,PO111112,SUP307428,WH526117,2025-09-19,2025-09-30,Delivered,Paid
SYSPO0006181,PO702563,SUP613425,WH274389,2026-02-03,2026-02-14,Delivered,Paid
SYSPO0006182,PO983348,SUP302511,WH377746,2025-08-25,2025-09-12,Delivered,Paid
SYSPO0006183,PO415732,SUP197251,WH801474,2026-07-07,2026-07-14,Delivered,Paid
SYSPO0006184,PO839943,SUP197251,WH808011,2026-04-08,2026-04-15,Delivered,Paid
SYSPO0006185,PO397942,SUP497382,WH515011,2026-03-19,2026-04-06,Delivered,Paid
SYSPO0006186,PO727773,SUP356150,WH658582,2026-03-18,2026-04-05,Delivered,Paid
SYSPO0006187,PO564387,SUP688508,WH322086,2026-04-03,2026-04-13,Delivered,Paid
SYSPO0006188,PO752185,SUP197251,WH100425,2025-09-01,2025-09-08,Delivered,Paid
SYSPO0006189,PO716019,SUP639593,WH100425,2026-02-04,2026-02-11,Delivered,Paid
SYSPO0006190,PO804505,SUP624902,WH460663,2026-07-16,2026-07-29,Delivered,Paid
SYSPO0006191,PO282994,SUP378361,WH429164,2025-10-19,2025-11-24,Delivered,Paid
SYSPO0006192,PO360172,SUP642717,WH233470,2026-02-15,2026-03-01,Delivered,Paid
SYSPO0006193,PO604786,SUP429164,WH958179,2025-09-20,2025-10-07,Delivered,Paid
SYSPO0006194,PO812207,SUP391668,WH997546,2026-07-07,2026-07-20,Delivered,Paid
SYSPO0006195,PO206399,SUP877236,WH922157,2026-04-26,2026-05-03,Delivered,Paid
SYSPO0006196,PO122689,SUP260422,WH930555,2025-12-31,2026-01-09,Delivered,Paid
SYSPO0006197,PO353469,SUP920652,WH658582,2026-02-26,2026-03-21,Delivered,Paid
SYSPO0006198,PO150539,SUP990844,WH274389,2025-11-28,2025-12-17,Delivered,Paid
SYSPO0006199,PO129713,SUP333238,WH376807,2026-01-12,2026-01-31,Delivered,Paid
SYSPO0006200,PO660276,SUP965845,WH662336,2025-08-25,2025-09-01,Delivered,Pending
SYSPO0006201,PO764849,SUP946305,WH958179,2026-07-09,2026-08-06,In Transit,Pending
SYSPO0006202,PO779089,SUP245051,WH532322,2026-07-02,2026-07-23,Delayed,Pending
SYSPO0006203,PO174665,SUP944962,WH922157,2025-10-02,2025-10-16,Delivered,Paid
SYSPO0006204,PO997424,SUP486945,WH781453,2025-09-27,2025-10-20,Delivered,Paid
SYSPO0006205,PO137322,SUP240814,WH997546,2025-10-21,2025-10-27,Delivered,Paid
SYSPO0006206,PO962239,SUP519093,WH770487,2025-12-16,2026-01-01,Delayed,Pending
SYSPO0006207,PO879010,SUP728492,WH373903,2026-01-10,2026-01-26,Delivered,Pending
SYSPO0006208,PO899111,SUP437902,WH820221,2026-03-14,2026-03-31,Delivered,Paid
SYSPO0006209,PO825621,SUP598216,WH100425,2026-07-17,2026-07-29,Delivered,Paid
SYSPO0006210,PO227167,SUP526117,WH532322,2026-07-23,2026-08-08,In Transit,Pending
SYSPO0006211,PO639944,SUP920652,WH658582,2026-01-29,2026-02-21,Delayed,Pending
SYSPO0006212,PO118297,SUP240814,WH997546,2025-09-29,2025-10-05,Delivered,Paid
SYSPO0006213,PO178049,SUP881177,WH112038,2025-12-05,2025-12-19,Delivered,Paid
SYSPO0006214,PO850905,SUP842411,WH112038,2026-07-05,2026-07-13,Delivered,Paid
SYSPO0006215,PO100813,SUP321275,WH820221,2026-05-09,2026-05-16,Delivered,Paid
SYSPO0006216,PO261315,SUP877236,WH519066,2025-10-14,2025-10-21,Delivered,Paid
SYSPO0006217,PO947957,SUP486945,WH690341,2026-06-03,2026-06-26,Delivered,Paid
SYSPO0006218,PO181103,SUP156213,WH532322,2025-09-05,2025-09-18,Delivered,Pending
SYSPO0006219,PO125143,SUP642717,WH422451,2026-02-10,2026-02-24,Delivered,Paid
SYSPO0006220,PO146275,SUP989545,WH555884,2025-12-12,2025-12-28,Delayed,Pending
SYSPO0006221,PO537883,SUP523389,WH205907,2026-04-07,2026-04-23,Delivered,Paid
SYSPO0006222,PO609180,SUP446954,WH233470,2025-10-12,2025-10-22,Delivered,Paid
SYSPO0006223,PO509719,SUP321275,WH112038,2025-12-04,2025-12-11,Delivered,Paid
SYSPO0006224,PO527432,SUP330914,WH526117,2026-04-08,2026-04-27,Delivered,Paid
SYSPO0006225,PO957001,SUP513160,WH832052,2025-08-27,2025-09-20,Delayed,Pending
SYSPO0006226,PO147968,SUP813536,WH373903,2025-08-06,2025-08-27,Delivered,Paid
SYSPO0006227,PO519702,SUP770487,WH422451,2026-01-27,2026-02-10,Delivered,Paid
SYSPO0006228,PO649459,SUP497887,WH324082,2025-11-19,2025-12-07,Delivered,Paid
SYSPO0006229,PO264199,SUP372793,WH654634,2025-10-25,2025-11-08,Delivered,Paid
SYSPO0006230,PO801250,SUP576086,WH567574,2026-05-27,2026-06-02,Delivered,Paid
SYSPO0006231,PO468789,SUP256294,WH329974,2026-06-01,2026-06-14,Delivered,Paid
SYSPO0006232,PO859619,SUP733039,WH656116,2025-10-09,2025-10-25,Delivered,Paid
SYSPO0006233,PO519789,SUP519093,WH526833,2026-03-16,2026-04-01,Delayed,Pending
SYSPO0006234,PO727483,SUP572700,WH422451,2026-05-28,2026-06-08,Delivered,Pending
SYSPO0006235,PO737077,SUP265080,WH785197,2025-10-05,2025-10-21,Delivered,Paid
SYSPO0006236,PO604161,SUP256294,WH829716,2026-02-11,2026-02-24,Delivered,Paid
SYSPO0006237,PO640123,SUP839677,WH237174,2026-06-05,2026-06-22,Delivered,Paid
SYSPO0006238,PO899918,SUP976325,WH599948,2026-05-28,2026-06-10,Delivered,Paid
SYSPO0006239,PO552048,SUP437408,WH322086,2026-06-03,2026-06-18,Delivered,Paid
SYSPO0006240,PO521706,SUP519093,WH100425,2025-09-08,2025-09-24,Delayed,Pending
SYSPO0006241,PO886950,SUP260422,WH526833,2025-09-24,2025-10-03,Delivered,Paid
SYSPO0006242,PO319686,SUP260422,WH808011,2026-03-31,2026-04-09,Cancelled,Cancelled
SYSPO0006243,PO466466,SUP624902,WH582662,2026-01-20,2026-02-02,Delivered,Paid
SYSPO0006244,PO929431,SUP728492,WH656116,2026-04-08,2026-04-24,Delivered,Paid
SYSPO0006245,PO933200,SUP880879,WH376807,2026-01-18,2026-02-25,Delivered,Paid
SYSPO0006246,PO820909,SUP976325,WH262316,2026-01-08,2026-01-21,Delivered,Paid
SYSPO0006247,PO535875,SUP880879,WH816751,2026-01-18,2026-02-25,Delivered,Paid
SYSPO0006248,PO993506,SUP725084,WH532322,2026-02-06,2026-02-23,Delivered,Paid
SYSPO0006249,PO493162,SUP211764,WH771088,2025-12-31,2026-01-17,Cancelled,Cancelled
SYSPO0006250,PO160611,SUP497382,WH910891,2025-08-06,2025-08-24,Delivered,Paid
SYSPO0006251,PO880534,SUP668532,WH100425,2025-08-19,2025-09-01,Delivered,Paid
SYSPO0006252,PO318922,SUP972064,WH654634,2026-02-28,2026-03-18,Delivered,Paid
SYSPO0006253,PO645708,SUP356150,WH373903,2025-10-21,2025-11-08,Delivered,Paid
SYSPO0006254,PO324977,SUP184491,WH539589,2026-05-15,2026-06-16,Delivered,Paid
SYSPO0006255,PO651710,SUP133659,WH636265,2025-12-27,2026-01-14,Delivered,Paid
SYSPO0006256,PO183328,SUP285652,WH539589,2025-08-10,2025-09-10,Delivered,Paid
SYSPO0006257,PO337004,SUP768854,WH212235,2026-07-17,2026-08-03,Delivered,Paid
SYSPO0006258,PO558943,SUP519093,WH910891,2025-12-08,2025-12-24,Delivered,Paid
SYSPO0006259,PO260016,SUP972335,WH482364,2026-05-25,2026-07-02,Delivered,Paid
SYSPO0006260,PO937232,SUP372793,WH824586,2026-06-24,2026-07-08,Delivered,Paid
SYSPO0006261,PO443205,SUP437408,WH526833,2026-02-27,2026-03-14,Cancelled,Cancelled
SYSPO0006262,PO233583,SUP614663,WH526117,2025-10-18,2025-11-04,Delivered,Pending
SYSPO0006263,PO140845,SUP904150,WH785197,2025-08-11,2025-09-06,Delivered,Paid
SYSPO0006264,PO207043,SUP972335,WH567574,2026-04-24,2026-06-01,Delivered,Paid
SYSPO0006265,PO872358,SUP519093,WH205907,2025-08-06,2025-08-22,Delivered,Paid
SYSPO0006266,PO759589,SUP598216,WH922157,2026-04-05,2026-04-17,Delivered,Paid
SYSPO0006267,PO453175,SUP321275,WH262316,2026-05-16,2026-05-23,Delivered,Paid
SYSPO0006268,PO939949,SUP671858,WH599948,2025-11-09,2025-11-25,Delivered,Paid
SYSPO0006269,PO652813,SUP589710,WH519066,2025-10-31,2025-11-19,Delivered,Paid
SYSPO0006270,PO135279,SUP437408,WH820221,2026-05-01,2026-05-16,Delivered,Paid
SYSPO0006271,PO442239,SUP497887,WH519066,2026-07-11,2026-07-29,Delivered,Paid
SYSPO0006272,PO949675,SUP972064,WH212235,2025-12-16,2026-01-03,Delivered,Paid
SYSPO0006273,PO938068,SUP245051,WH233470,2025-12-04,2025-12-25,Delivered,Paid
SYSPO0006274,PO977020,SUP589710,WH412942,2025-09-24,2025-10-13,Delivered,Paid
SYSPO0006275,PO584466,SUP925981,WH599948,2025-09-13,2025-10-01,Delivered,Paid
SYSPO0006276,PO978285,SUP260263,WH555884,2025-12-31,2026-01-07,Cancelled,Cancelled
SYSPO0006277,PO259907,SUP285652,WH373903,2026-02-16,2026-03-19,Delivered,Paid
SYSPO0006278,PO376373,SUP427110,WH930555,2026-03-21,2026-04-08,Delivered,Paid
SYSPO0006279,PO106712,SUP770487,WH567574,2025-12-01,2025-12-15,Delivered,Paid
SYSPO0006280,PO926231,SUP989545,WH322086,2025-10-08,2025-10-24,Delivered,Paid
SYSPO0006281,PO971177,SUP572387,WH539589,2025-08-30,2025-09-15,Delivered,Paid
SYSPO0006282,PO869274,SUP459536,WH785197,2026-06-20,2026-07-04,Delivered,Paid
SYSPO0006283,PO728356,SUP179046,WH460663,2025-08-22,2025-09-11,Delivered,Paid
SYSPO0006284,PO679035,SUP865990,WH526833,2025-11-28,2025-12-19,Delivered,Paid
SYSPO0006285,PO182304,SUP285652,WH526833,2025-11-25,2025-12-26,Delivered,Paid
SYSPO0006286,PO216249,SUP240814,WH532322,2026-01-29,2026-02-04,Delivered,Paid
SYSPO0006287,PO190097,SUP391668,WH910891,2026-05-14,2026-05-27,Delivered,Paid
SYSPO0006288,PO566547,SUP300337,WH654634,2026-02-23,2026-03-08,Delivered,Paid
SYSPO0006289,PO534184,SUP881177,WH262316,2026-03-24,2026-04-07,Delivered,Paid
SYSPO0006290,PO505161,SUP618392,WH479201,2026-02-24,2026-03-09,Delivered,Paid
SYSPO0006291,PO652145,SUP260263,WH781453,2025-12-14,2025-12-21,Delivered,Paid
SYSPO0006292,PO946452,SUP972064,WH429164,2026-01-20,2026-02-07,Delivered,Paid
SYSPO0006293,PO231222,SUP429164,WH910891,2026-07-15,2026-08-01,Delivered,Paid
SYSPO0006294,PO381850,SUP437902,WH820221,2026-04-28,2026-05-15,Delivered,Paid
SYSPO0006295,PO999522,SUP804318,WH662336,2025-09-25,2025-10-16,Delivered,Paid
SYSPO0006296,PO650777,SUP934794,WH205907,2025-12-16,2025-12-22,Delivered,Paid
SYSPO0006297,PO211718,SUP768854,WH377746,2026-07-21,2026-08-07,In Transit,Pending
SYSPO0006298,PO744738,SUP736059,WH526833,2026-02-11,2026-02-25,Delivered,Paid
SYSPO0006299,PO415054,SUP920652,WH412942,2025-12-22,2026-01-14,Delivered,Paid
SYSPO0006300,PO547351,SUP597732,WH479201,2026-05-23,2026-06-18,Delivered,Paid
SYSPO0006301,PO683554,SUP572387,WH658582,2025-10-17,2025-11-02,Delivered,Paid
SYSPO0006302,PO191843,SUP690341,WH555884,2025-10-08,2025-10-13,Delivered,Paid
SYSPO0006303,PO775290,SUP446954,WH997546,2026-07-23,2026-08-02,Delivered,Paid
SYSPO0006304,PO336830,SUP197251,WH237174,2026-07-27,2026-08-03,Delivered,Paid
SYSPO0006305,PO394543,SUP613425,WH829716,2026-06-16,2026-06-27,Delivered,Paid
SYSPO0006306,PO414901,SUP179046,WH808011,2026-01-08,2026-01-28,Delivered,Paid
SYSPO0006307,PO644027,SUP330914,WH686075,2025-08-12,2025-08-31,Delivered,Paid
SYSPO0006308,PO781187,SUP385470,WH191161,2025-11-01,2025-11-21,Delivered,Pending
SYSPO0006309,PO578145,SUP887625,WH658582,2025-10-31,2025-11-13,Delivered,Paid
SYSPO0006310,PO902390,SUP801364,WH262316,2026-05-14,2026-06-05,Delivered,Paid
SYSPO0006311,PO724446,SUP639593,WH356150,2025-09-24,2025-10-01,Delivered,Paid
SYSPO0006312,PO565726,SUP680099,WH910891,2025-10-26,2025-11-12,Delivered,Paid
SYSPO0006313,PO701604,SUP944962,WH329974,2026-05-17,2026-05-31,Delivered,Paid
SYSPO0006314,PO124773,SUP245051,WH191161,2025-08-13,2025-09-03,Delayed,Pending
SYSPO0006315,PO407992,SUP459536,WH380746,2026-03-22,2026-04-05,Delayed,Pending
SYSPO0006316,PO450421,SUP802729,WH808011,2026-02-16,2026-02-27,Delivered,Paid
SYSPO0006317,PO797914,SUP972335,WH379766,2025-10-09,2025-11-16,Delivered,Pending
SYSPO0006318,PO459077,SUP696750,WH832052,2025-09-21,2025-09-28,Delayed,Pending
SYSPO0006319,PO214187,SUP696750,WH997546,2025-12-25,2026-01-01,Cancelled,Cancelled
SYSPO0006320,PO321371,SUP322955,WH212235,2026-05-08,2026-05-21,Delivered,Paid
SYSPO0006321,PO893909,SUP696750,WH808011,2026-04-14,2026-04-21,Delivered,Paid
SYSPO0006322,PO288861,SUP472060,WH567574,2026-06-08,2026-06-24,Delivered,Paid
SYSPO0006323,PO504663,SUP446954,WH460663,2025-08-19,2025-08-29,Delayed,Pending
SYSPO0006324,PO779052,SUP871711,WH567574,2025-12-28,2026-01-07,Delivered,Paid
SYSPO0006325,PO695512,SUP256294,WH636265,2026-07-11,2026-07-24,Delivered,Paid
SYSPO0006326,PO631173,SUP260263,WH422451,2026-04-10,2026-04-17,Delivered,Paid
SYSPO0006327,PO931289,SUP842411,WH112038,2025-11-12,2025-11-20,Delivered,Paid
SYSPO0006328,PO793375,SUP733039,WH205907,2026-05-31,2026-06-16,Delivered,Paid
SYSPO0006329,PO951517,SUP302511,WH212235,2026-02-28,2026-03-18,Delivered,Paid
SYSPO0006330,PO182041,SUP890170,WH356150,2026-04-04,2026-04-11,Delivered,Paid
SYSPO0006331,PO902271,SUP618392,WH785197,2025-08-23,2025-09-05,Delayed,Pending
SYSPO0006332,PO134999,SUP755788,WH376807,2026-03-23,2026-04-17,Delivered,Paid
SYSPO0006333,PO600895,SUP322955,WH322086,2025-08-23,2025-09-05,Delivered,Paid
SYSPO0006334,PO851932,SUP356150,WH322086,2026-04-19,2026-05-07,Delivered,Paid
SYSPO0006335,PO950884,SUP757711,WH356150,2025-09-15,2025-09-20,Delayed,Pending
SYSPO0006336,PO375747,SUP350867,WH567574,2026-04-15,2026-04-30,Delivered,Paid
SYSPO0006337,PO827671,SUP321275,WH373903,2026-06-25,2026-07-02,Delivered,Paid
SYSPO0006338,PO758916,SUP153872,WH785197,2025-08-12,2025-08-19,Cancelled,Cancelled
SYSPO0006339,PO341986,SUP598216,WH237174,2025-08-23,2025-09-04,Delivered,Paid
SYSPO0006340,PO203868,SUP321275,WH770487,2026-04-29,2026-05-06,Delivered,Pending
SYSPO0006341,PO479706,SUP728492,WH801474,2025-09-18,2025-10-04,Delivered,Paid
SYSPO0006342,PO445261,SUP934794,WH555884,2026-01-13,2026-01-19,Delivered,Pending
SYSPO0006343,PO107432,SUP391668,WH532322,2026-01-24,2026-02-06,Delivered,Paid
SYSPO0006344,PO216482,SUP589710,WH801474,2025-12-30,2026-01-18,Delivered,Paid
SYSPO0006345,PO544735,SUP519904,WH212235,2025-09-21,2025-10-05,Delivered,Paid
SYSPO0006346,PO689140,SUP944962,WH515011,2026-03-05,2026-03-19,Delivered,Paid
SYSPO0006347,PO757246,SUP300337,WH205907,2025-11-11,2025-11-24,Delivered,Paid
SYSPO0006348,PO149155,SUP904150,WH832052,2026-02-05,2026-03-03,Delivered,Paid
SYSPO0006349,PO798361,SUP349565,WH740967,2026-05-04,2026-05-30,Delivered,Paid
SYSPO0006350,PO819950,SUP321275,WH662336,2025-10-03,2025-10-10,Delivered,Paid
SYSPO0006351,PO177150,SUP972335,WH174441,2025-10-23,2025-11-30,Delivered,Paid
SYSPO0006352,PO809119,SUP642717,WH820221,2026-05-01,2026-05-15,Delayed,Pending
SYSPO0006353,PO532738,SUP770487,WH930555,2026-04-28,2026-05-12,Delayed,Pending
SYSPO0006354,PO173617,SUP681343,WH770487,2026-04-06,2026-04-21,Delivered,Paid
SYSPO0006355,PO656066,SUP153872,WH324082,2025-08-08,2025-08-15,Cancelled,Cancelled
SYSPO0006356,PO323685,SUP870763,WH824586,2025-11-29,2025-12-15,Delivered,Paid
SYSPO0006357,PO227469,SUP681343,WH658582,2026-01-15,2026-01-30,Delivered,Paid
SYSPO0006358,PO852651,SUP330914,WH539589,2026-04-18,2026-05-07,Delivered,Paid
SYSPO0006359,PO901717,SUP437902,WH599948,2025-09-13,2025-09-30,Delivered,Paid
SYSPO0006360,PO631358,SUP260263,WH910891,2026-04-19,2026-04-26,Delivered,Paid
SYSPO0006361,PO533929,SUP891937,WH829716,2026-02-23,2026-03-23,Cancelled,Cancelled
SYSPO0006362,PO355661,SUP890170,WH422451,2025-11-17,2025-11-24,Delivered,Paid
SYSPO0006363,PO699329,SUP526117,WH377746,2026-04-03,2026-04-19,Delivered,Paid
SYSPO0006364,PO659583,SUP870763,WH519066,2026-03-28,2026-04-13,Delivered,Paid
SYSPO0006365,PO576277,SUP976325,WH377746,2026-05-04,2026-05-17,Delivered,Paid
SYSPO0006366,PO711501,SUP690341,WH237174,2025-09-27,2025-10-02,Delivered,Paid
SYSPO0006367,PO273451,SUP891937,WH479201,2026-01-14,2026-02-11,Delivered,Paid
SYSPO0006368,PO369759,SUP688508,WH274389,2026-06-23,2026-07-03,Delivered,Paid
SYSPO0006369,PO360374,SUP240814,WH112038,2026-07-19,2026-07-25,Delivered,Paid
SYSPO0006370,PO218453,SUP384076,WH460663,2025-09-14,2025-09-29,Delivered,Paid
SYSPO0006371,PO148582,SUP526117,WH519066,2026-02-19,2026-03-07,Delivered,Paid
SYSPO0006372,PO436041,SUP519904,WH100425,2026-05-11,2026-05-25,Delivered,Paid
SYSPO0006373,PO836604,SUP486945,WH781453,2026-04-01,2026-04-24,Delivered,Paid
SYSPO0006374,PO908371,SUP887625,WH212235,2025-09-19,2025-10-02,Delayed,Pending
SYSPO0006375,PO275006,SUP335113,WH322086,2025-11-22,2025-12-03,Delivered,Paid
SYSPO0006376,PO473639,SUP736059,WH922157,2025-09-18,2025-10-02,Delivered,Paid
SYSPO0006377,PO379389,SUP842411,WH824586,2026-06-05,2026-06-13,Delayed,Pending
SYSPO0006378,PO221875,SUP972335,WH526833,2025-09-15,2025-10-23,Delivered,Paid
SYSPO0006379,PO860056,SUP153872,WH922157,2026-02-14,2026-02-21,Delivered,Paid
SYSPO0006380,PO175980,SUP595631,WH829716,2025-10-21,2025-11-15,Delivered,Paid
SYSPO0006381,PO718069,SUP572387,WH781453,2026-03-29,2026-04-14,Delivered,Paid
SYSPO0006382,PO935353,SUP519904,WH324082,2025-10-21,2025-11-04,Delivered,Pending
SYSPO0006383,PO994136,SUP322955,WH555884,2026-06-03,2026-06-16,Delivered,Paid
SYSPO0006384,PO774757,SUP333238,WH997546,2025-11-15,2025-12-04,Delivered,Paid
SYSPO0006385,PO177060,SUP681343,WH356150,2026-06-23,2026-07-08,Delivered,Paid
SYSPO0006386,PO578202,SUP802729,WH910891,2026-02-24,2026-03-07,Delivered,Paid
SYSPO0006387,PO472397,SUP300337,WH262316,2025-10-22,2025-11-04,Delayed,Pending
SYSPO0006388,PO552029,SUP121753,WH233470,2025-12-22,2026-01-02,Delivered,Paid
SYSPO0006389,PO865757,SUP437902,WH781453,2026-05-05,2026-05-22,Cancelled,Cancelled
SYSPO0006390,PO115113,SUP256294,WH532322,2026-01-11,2026-01-24,Delivered,Paid
SYSPO0006391,PO879212,SUP613425,WH205907,2025-11-27,2025-12-08,Delivered,Paid
SYSPO0006392,PO768460,SUP321275,WH237174,2025-10-06,2025-10-13,Delivered,Paid
SYSPO0006393,PO279603,SUP497382,WH662336,2025-08-20,2025-09-07,Delivered,Paid
SYSPO0006394,PO650254,SUP216970,WH910891,2026-03-05,2026-03-24,Delivered,Paid
SYSPO0006395,PO547489,SUP946305,WH656116,2026-02-13,2026-03-13,Delivered,Paid
SYSPO0006396,PO292824,SUP572700,WH460663,2026-07-24,2026-08-04,Cancelled,Cancelled
SYSPO0006397,PO747162,SUP904150,WH930555,2025-10-24,2025-11-19,Delivered,Paid
SYSPO0006398,PO592789,SUP184491,WH539589,2026-04-29,2026-05-31,Delivered,Paid
SYSPO0006399,PO267945,SUP265080,WH808011,2026-08-02,2026-08-18,In Transit,Pending
SYSPO0006400,PO319509,SUP197251,WH205907,2026-02-07,2026-02-14,Delivered,Paid
SYSPO0006401,PO443133,SUP650121,WH824586,2025-12-11,2025-12-17,Delivered,Paid
SYSPO0006402,PO481086,SUP216970,WH377746,2025-11-04,2025-11-23,Delivered,Paid
SYSPO0006403,PO663888,SUP427110,WH820221,2025-08-06,2025-08-24,Delivered,Paid
SYSPO0006404,PO318094,SUP437902,WH642717,2025-08-09,2025-08-26,Delivered,Pending
SYSPO0006405,PO241180,SUP801364,WH205907,2026-04-22,2026-05-14,Cancelled,Cancelled
SYSPO0006406,PO882051,SUP437408,WH377746,2025-09-08,2025-09-23,Cancelled,Cancelled
SYSPO0006407,PO299649,SUP256294,WH555884,2026-07-23,2026-08-05,Delivered,Paid
SYSPO0006408,PO387999,SUP624902,WH922157,2025-09-16,2025-09-29,Delayed,Pending
SYSPO0006409,PO314655,SUP890170,WH322086,2026-06-25,2026-07-02,Delayed,Pending
SYSPO0006410,PO248421,SUP427110,WH555884,2026-03-15,2026-04-02,Delivered,Paid
SYSPO0006411,PO843927,SUP420214,WH582662,2026-04-21,2026-05-04,Delivered,Paid
SYSPO0006412,PO546979,SUP972335,WH910891,2026-02-12,2026-03-22,Delivered,Paid
SYSPO0006413,PO109699,SUP179046,WH526833,2025-10-01,2025-10-21,Cancelled,Cancelled
SYSPO0006414,PO491974,SUP705397,WH582662,2025-09-08,2025-10-06,Delayed,Pending
SYSPO0006415,PO119776,SUP333238,WH816751,2026-06-03,2026-06-22,Delivered,Paid
SYSPO0006416,PO104492,SUP662275,WH801474,2026-02-19,2026-03-03,Delivered,Paid
SYSPO0006417,PO447380,SUP920652,WH832052,2025-09-03,2025-09-26,Delivered,Paid
SYSPO0006418,PO526997,SUP245051,WH519066,2026-05-13,2026-06-03,Delivered,Paid
SYSPO0006419,PO278212,SUP197251,WH654634,2026-05-13,2026-05-20,Delivered,Paid
SYSPO0006420,PO106366,SUP260422,WH820221,2025-09-13,2025-09-22,Delivered,Pending
SYSPO0006421,PO527761,SUP335615,WH808011,2026-07-22,2026-07-28,Delivered,Paid
SYSPO0006422,PO445921,SUP486945,WH829716,2025-11-12,2025-12-05,Delivered,Paid
SYSPO0006423,PO830138,SUP356150,WH824586,2026-04-12,2026-04-30,Delivered,Paid
SYSPO0006424,PO150325,SUP572700,WH824586,2025-11-02,2025-11-13,Delivered,Pending
SYSPO0006425,PO779395,SUP197251,WH662336,2026-01-29,2026-02-05,Delivered,Paid
SYSPO0006426,PO876124,SUP391668,WH519066,2025-11-27,2025-12-10,Delayed,Pending
SYSPO0006427,PO420929,SUP925981,WH832052,2025-11-15,2025-12-03,Delayed,Pending
SYSPO0006428,PO456371,SUP989545,WH205907,2026-02-01,2026-02-17,Delivered,Paid
SYSPO0006429,PO221437,SUP705397,WH567574,2025-08-24,2025-09-21,Delivered,Paid
SYSPO0006430,PO819137,SUP372793,WH770487,2025-09-12,2025-09-26,Delivered,Paid
SYSPO0006431,PO678985,SUP497887,WH429164,2026-06-16,2026-07-04,Delivered,Paid
SYSPO0006432,PO566765,SUP755788,WH930555,2025-10-11,2025-11-05,Cancelled,Cancelled
SYSPO0006433,PO349518,SUP121753,WH356150,2026-07-10,2026-07-21,Delivered,Paid
SYSPO0006434,PO659569,SUP459536,WH274389,2025-08-20,2025-09-03,Delivered,Paid
SYSPO0006435,PO977416,SUP624902,WH658582,2026-07-01,2026-07-14,Delivered,Paid
SYSPO0006436,PO424532,SUP802729,WH191161,2025-11-25,2025-12-06,Delivered,Paid
SYSPO0006437,PO836643,SUP813536,WH824586,2025-12-22,2026-01-12,Delayed,Pending
SYSPO0006438,PO792847,SUP662275,WH930555,2026-06-12,2026-06-24,Delivered,Paid
SYSPO0006439,PO931994,SUP934794,WH958179,2026-04-24,2026-04-30,Delivered,Paid
SYSPO0006440,PO728709,SUP221263,WH582662,2025-12-04,2025-12-28,Delivered,Paid
SYSPO0006441,PO721191,SUP642717,WH112038,2026-01-17,2026-01-31,Delivered,Paid
SYSPO0006442,PO590456,SUP519093,WH515011,2026-05-18,2026-06-03,Delayed,Pending
SYSPO0006443,PO362263,SUP681343,WH997546,2025-09-19,2025-10-04,Delivered,Paid
SYSPO0006444,PO507953,SUP179046,WH479201,2025-09-10,2025-09-30,Delivered,Paid
SYSPO0006445,PO656381,SUP273982,WH322086,2026-07-01,2026-07-17,Delivered,Paid
SYSPO0006446,PO214325,SUP624902,WH662336,2026-05-26,2026-06-08,Delivered,Paid
SYSPO0006447,PO914311,SUP624902,WH356150,2026-07-16,2026-07-29,Delivered,Paid
SYSPO0006448,PO494223,SUP972064,WH824586,2025-08-22,2025-09-09,Delivered,Paid
SYSPO0006449,PO553638,SUP955662,WH174441,2025-08-08,2025-08-27,Delivered,Paid
SYSPO0006450,PO705832,SUP946305,WH582662,2026-07-01,2026-07-29,Delivered,Paid
SYSPO0006451,PO509380,SUP384076,WH377746,2025-09-27,2025-10-12,Delivered,Paid
SYSPO0006452,PO700042,SUP307428,WH930555,2026-04-19,2026-04-30,Delivered,Paid
SYSPO0006453,PO589205,SUP523389,WH654634,2026-04-13,2026-04-29,Delivered,Paid
SYSPO0006454,PO151001,SUP768854,WH515011,2025-10-10,2025-10-27,Delivered,Paid
SYSPO0006455,PO644262,SUP589710,WH237174,2025-12-10,2025-12-29,Delivered,Paid
SYSPO0006456,PO869529,SUP427110,WH324082,2025-12-21,2026-01-08,Delayed,Pending
SYSPO0006457,PO744632,SUP618392,WH808011,2026-07-18,2026-07-31,Delivered,Paid
SYSPO0006458,PO904246,SUP965845,WH785197,2026-01-21,2026-01-28,Delivered,Paid
SYSPO0006459,PO830518,SUP733039,WH324082,2026-04-03,2026-04-19,Delivered,Paid
SYSPO0006460,PO776383,SUP285652,WH656116,2025-11-17,2025-12-18,Delivered,Paid
SYSPO0006461,PO710682,SUP437408,WH460663,2026-07-12,2026-07-27,Delivered,Paid
SYSPO0006462,PO411625,SUP920652,WH322086,2026-05-16,2026-06-08,Delivered,Paid
SYSPO0006463,PO364923,SUP245051,WH997546,2025-09-10,2025-10-01,Delivered,Paid
SYSPO0006464,PO522567,SUP976325,WH997546,2025-12-27,2026-01-09,Delayed,Pending
SYSPO0006465,PO546738,SUP671858,WH376807,2026-06-17,2026-07-03,Delivered,Paid
SYSPO0006466,PO785970,SUP285652,WH816751,2025-12-16,2026-01-16,Delivered,Paid
SYSPO0006467,PO695638,SUP965845,WH922157,2025-10-15,2025-10-22,Cancelled,Cancelled
SYSPO0006468,PO939209,SUP356150,WH212235,2025-09-18,2025-10-06,Delivered,Paid
SYSPO0006469,PO640428,SUP384076,WH429164,2026-01-07,2026-01-22,Delayed,Pending
SYSPO0006470,PO757116,SUP681343,WH376807,2026-01-07,2026-01-22,Delivered,Paid
SYSPO0006471,PO951836,SUP572700,WH274389,2026-01-29,2026-02-09,Delivered,Paid
SYSPO0006472,PO893067,SUP733039,WH237174,2025-11-18,2025-12-04,Delayed,Pending
SYSPO0006473,PO536878,SUP650121,WH824586,2026-06-25,2026-07-01,Delivered,Pending
SYSPO0006474,PO328674,SUP680099,WH412942,2026-01-01,2026-01-18,Delivered,Pending
SYSPO0006475,PO320741,SUP802729,WH658582,2026-04-29,2026-05-10,Delayed,Pending
SYSPO0006476,PO202615,SUP804318,WH376807,2026-07-01,2026-07-22,Delivered,Paid
SYSPO0006477,PO819409,SUP513160,WH532322,2026-02-06,2026-03-02,Cancelled,Cancelled
SYSPO0006478,PO756846,SUP650121,WH112038,2026-06-11,2026-06-17,Delivered,Paid
SYSPO0006479,PO264335,SUP349565,WH379766,2026-01-15,2026-02-10,Delivered,Paid
SYSPO0006480,PO396244,SUP944962,WH829716,2026-04-13,2026-04-27,Delivered,Paid
SYSPO0006481,PO733355,SUP350867,WH324082,2026-07-15,2026-07-30,Delivered,Paid
SYSPO0006482,PO145317,SUP420214,WH740967,2026-06-10,2026-06-23,Delivered,Pending
SYSPO0006483,PO244959,SUP486945,WH262316,2025-10-08,2025-10-31,Delivered,Paid
SYSPO0006484,PO828084,SUP344098,WH429164,2025-09-17,2025-10-03,Delivered,Paid
SYSPO0006485,PO572373,SUP972064,WH567574,2025-09-25,2025-10-13,Delivered,Paid
SYSPO0006486,PO234174,SUP725084,WH274389,2026-05-02,2026-05-19,Delivered,Paid
SYSPO0006487,PO930693,SUP260422,WH636265,2026-05-14,2026-05-23,Delivered,Paid
SYSPO0006488,PO429214,SUP216970,WH237174,2025-08-27,2025-09-15,Delivered,Pending
SYSPO0006489,PO256024,SUP391668,WH532322,2026-06-28,2026-07-11,Delivered,Paid
SYSPO0006490,PO304012,SUP768854,WH233470,2025-10-05,2025-10-22,Delayed,Pending
SYSPO0006491,PO931486,SUP497382,WH567574,2025-09-14,2025-10-02,Delivered,Paid
SYSPO0006492,PO903179,SUP486945,WH636265,2026-01-13,2026-02-05,Delivered,Paid
SYSPO0006493,PO726068,SUP497382,WH380746,2026-07-24,2026-08-11,Processing,Pending
SYSPO0006494,PO809886,SUP688508,WH922157,2026-03-22,2026-04-01,Delivered,Paid
SYSPO0006495,PO524905,SUP681343,WH112038,2026-02-08,2026-02-23,Delayed,Pending
SYSPO0006496,PO256685,SUP486945,WH373903,2026-06-12,2026-07-05,Delivered,Paid
SYSPO0006497,PO410420,SUP384076,WH808011,2026-03-13,2026-03-28,Delivered,Paid
SYSPO0006498,PO104583,SUP680099,WH785197,2026-04-25,2026-05-12,Delivered,Paid
SYSPO0006499,PO708837,SUP881177,WH910891,2026-01-22,2026-02-05,Delivered,Paid
SYSPO0006500,PO448997,SUP624902,WH816751,2025-10-14,2025-10-27,Delivered,Paid
SYSPO0006501,PO735138,SUP839677,WH515011,2026-03-30,2026-04-16,Delayed,Pending
SYSPO0006502,PO777554,SUP887625,WH532322,2025-12-30,2026-01-12,Delivered,Paid
SYSPO0006503,PO858303,SUP420214,WH829716,2026-06-03,2026-06-16,Delivered,Paid
SYSPO0006504,PO130651,SUP696750,WH654634,2025-12-22,2025-12-29,Delivered,Paid
SYSPO0006505,PO495344,SUP572700,WH781453,2026-03-30,2026-04-10,Delayed,Pending
SYSPO0006506,PO690144,SUP335113,WH526117,2025-08-16,2025-08-27,Delivered,Paid
SYSPO0006507,PO691641,SUP156213,WH922157,2026-07-05,2026-07-18,Delivered,Paid
SYSPO0006508,PO209244,SUP972335,WH429164,2026-04-27,2026-06-04,Cancelled,Cancelled
SYSPO0006509,PO774564,SUP427110,WH380746,2026-07-12,2026-07-30,Delivered,Pending
SYSPO0006510,PO811160,SUP576086,WH356150,2026-06-26,2026-07-02,Delivered,Paid
SYSPO0006511,PO318927,SUP437902,WH212235,2026-05-14,2026-05-31,Cancelled,Cancelled
SYSPO0006512,PO557623,SUP639593,WH997546,2026-07-17,2026-07-24,Delivered,Paid
SYSPO0006513,PO863484,SUP384076,WH771088,2025-09-24,2025-10-09,Delivered,Paid
SYSPO0006514,PO819593,SUP356150,WH662336,2026-02-08,2026-02-26,Delivered,Paid
SYSPO0006515,PO876609,SUP256294,WH233470,2026-07-28,2026-08-10,In Transit,Pending
SYSPO0006516,PO921241,SUP356150,WH771088,2026-02-10,2026-02-28,Delivered,Paid
SYSPO0006517,PO335228,SUP356150,WH380746,2025-09-17,2025-10-05,Delivered,Paid
SYSPO0006518,PO144169,SUP728492,WH379766,2026-07-15,2026-07-31,Delivered,Paid
SYSPO0006519,PO344500,SUP344098,WH567574,2026-01-11,2026-01-27,Delivered,Paid
SYSPO0006520,PO917264,SUP624902,WH324082,2026-01-23,2026-02-05,Delivered,Paid
SYSPO0006521,PO871057,SUP427110,WH526117,2025-08-22,2025-09-09,Delivered,Paid
SYSPO0006522,PO674097,SUP618392,WH237174,2025-08-29,2025-09-11,Delivered,Paid
SYSPO0006523,PO792305,SUP944962,WH690341,2025-11-14,2025-11-28,Delayed,Pending
SYSPO0006524,PO275543,SUP976325,WH212235,2026-04-16,2026-04-29,Delayed,Pending
SYSPO0006525,PO405278,SUP802729,WH654634,2025-12-05,2025-12-16,Delivered,Paid
SYSPO0006526,PO439784,SUP946305,WH460663,2025-08-09,2025-09-06,Delivered,Paid
SYSPO0006527,PO985671,SUP472060,WH567574,2026-05-05,2026-05-21,Delivered,Paid
SYSPO0006528,PO970648,SUP770487,WH582662,2026-07-08,2026-07-22,Delivered,Paid
SYSPO0006529,PO956235,SUP976325,WH599948,2026-04-25,2026-05-08,Delivered,Paid
SYSPO0006530,PO588401,SUP595631,WH174441,2026-02-24,2026-03-21,Delivered,Paid
SYSPO0006531,PO114778,SUP692683,WH656116,2026-05-30,2026-06-24,Delivered,Paid
SYSPO0006532,PO536809,SUP526117,WH820221,2026-05-20,2026-06-05,Delivered,Paid
SYSPO0006533,PO555057,SUP216970,WH781453,2026-03-16,2026-04-04,Delivered,Paid
SYSPO0006534,PO575802,SUP871711,WH373903,2026-05-13,2026-05-23,Delivered,Paid
SYSPO0006535,PO934210,SUP121753,WH112038,2026-03-12,2026-03-23,Delivered,Paid
SYSPO0006536,PO820389,SUP307428,WH274389,2025-10-30,2025-11-10,Delivered,Paid
SYSPO0006537,PO558801,SUP662275,WH100425,2026-04-22,2026-05-04,Delivered,Paid
SYSPO0006538,PO776828,SUP870763,WH785197,2026-07-10,2026-07-26,Delivered,Paid
SYSPO0006539,PO640342,SUP733039,WH205907,2025-12-14,2025-12-30,Delivered,Paid
SYSPO0006540,PO772413,SUP650121,WH100425,2026-02-22,2026-02-28,Delivered,Pending
SYSPO0006541,PO705267,SUP156213,WH771088,2026-02-24,2026-03-09,Delivered,Paid
SYSPO0006542,PO300181,SUP770487,WH205907,2026-04-29,2026-05-13,Delivered,Pending
SYSPO0006543,PO240022,SUP526117,WH412942,2026-05-04,2026-05-20,Delivered,Paid
SYSPO0006544,PO187247,SUP598216,WH205907,2026-04-02,2026-04-14,Delivered,Paid
SYSPO0006545,PO746766,SUP133659,WH771088,2025-09-10,2025-09-28,Delivered,Paid
SYSPO0006546,PO102897,SUP865990,WH412942,2026-01-20,2026-02-10,Delivered,Paid
SYSPO0006547,PO818437,SUP681343,WH930555,2026-04-18,2026-05-03,Delivered,Paid
SYSPO0006548,PO141323,SUP245051,WH997546,2026-05-14,2026-06-04,Delivered,Paid
SYSPO0006549,PO594189,SUP391668,WH781453,2025-11-09,2025-11-22,Delivered,Paid
SYSPO0006550,PO674590,SUP184491,WH515011,2026-02-08,2026-03-12,Delivered,Paid
SYSPO0006551,PO259033,SUP839677,WH770487,2025-12-17,2026-01-03,Delivered,Paid
SYSPO0006552,PO170646,SUP350867,WH930555,2026-04-19,2026-05-04,Delivered,Paid
SYSPO0006553,PO153730,SUP650121,WH686075,2026-04-24,2026-04-30,Delivered,Paid
SYSPO0006554,PO479711,SUP384076,WH770487,2026-04-11,2026-04-26,Cancelled,Cancelled
SYSPO0006555,PO150400,SUP899213,WH526833,2026-01-01,2026-01-19,Delivered,Paid
SYSPO0006556,PO819404,SUP965845,WH262316,2025-10-01,2025-10-08,Delivered,Paid
SYSPO0006557,PO112535,SUP437902,WH770487,2026-06-26,2026-07-13,Delivered,Paid
SYSPO0006558,PO754699,SUP890170,WH237174,2026-06-21,2026-06-28,Delivered,Paid
SYSPO0006559,PO795846,SUP245051,WH237174,2026-03-09,2026-03-30,Delivered,Paid
SYSPO0006560,PO723905,SUP839677,WH832052,2026-07-17,2026-08-03,Delivered,Paid
SYSPO0006561,PO463382,SUP770487,WH922157,2026-03-31,2026-04-14,Delivered,Paid
SYSPO0006562,PO878039,SUP891937,WH785197,2025-08-26,2025-09-23,Delivered,Paid
SYSPO0006563,PO524110,SUP728492,WH329974,2025-08-09,2025-08-25,Delivered,Paid
SYSPO0006564,PO405891,SUP865990,WH582662,2026-04-11,2026-05-02,Delayed,Pending
SYSPO0006565,PO992115,SUP240814,WH686075,2026-08-02,2026-08-08,In Transit,Pending
SYSPO0006566,PO296769,SUP321275,WH820221,2025-10-04,2025-10-11,Delivered,Paid
SYSPO0006567,PO340930,SUP300896,WH324082,2026-02-17,2026-02-25,Delivered,Paid
SYSPO0006568,PO701283,SUP156213,WH429164,2026-06-30,2026-07-13,Delivered,Paid
SYSPO0006569,PO808899,SUP240814,WH324082,2026-02-03,2026-02-09,Cancelled,Cancelled
SYSPO0006570,PO655949,SUP437902,WH373903,2026-07-01,2026-07-18,Delivered,Paid
SYSPO0006571,PO580043,SUP642717,WH785197,2026-02-13,2026-02-27,Delivered,Paid
SYSPO0006572,PO412763,SUP350867,WH205907,2026-07-08,2026-07-23,Delivered,Paid
SYSPO0006573,PO386125,SUP595631,WH781453,2025-10-08,2025-11-02,Delivered,Paid
SYSPO0006574,PO453799,SUP770487,WH690341,2025-09-03,2025-09-17,Delivered,Paid
SYSPO0006575,PO472752,SUP322955,WH636265,2026-05-23,2026-06-05,Delivered,Paid
SYSPO0006576,PO705614,SUP839677,WH112038,2026-02-11,2026-02-28,Delivered,Paid
SYSPO0006577,PO432752,SUP662275,WH422451,2025-12-07,2025-12-19,Delayed,Pending
SYSPO0006578,PO214588,SUP300337,WH519066,2025-11-06,2025-11-19,Delayed,Pending
SYSPO0006579,PO159510,SUP801364,WH479201,2025-12-11,2026-01-02,Delivered,Pending
SYSPO0006580,PO362443,SUP705397,WH829716,2025-11-21,2025-12-19,Delivered,Paid
SYSPO0006581,PO800775,SUP302511,WH801474,2025-08-24,2025-09-11,Delivered,Paid
SYSPO0006582,PO354555,SUP446954,WH422451,2026-02-17,2026-02-27,Delivered,Paid
SYSPO0006583,PO319828,SUP925981,WH380746,2025-10-30,2025-11-17,Delivered,Paid
SYSPO0006584,PO782449,SUP870763,WH636265,2026-03-06,2026-03-22,Delivered,Paid
SYSPO0006585,PO896246,SUP733039,WH237174,2026-04-11,2026-04-27,Delivered,Paid
SYSPO0006586,PO377555,SUP880879,WH599948,2025-12-30,2026-02-06,Delivered,Paid
SYSPO0006587,PO240777,SUP736059,WH479201,2026-01-08,2026-01-22,Delivered,Paid
SYSPO0006588,PO271930,SUP990844,WH820221,2026-06-18,2026-07-07,Delayed,Pending
SYSPO0006589,PO206928,SUP519904,WH262316,2025-11-04,2025-11-18,Delivered,Paid
SYSPO0006590,PO943438,SUP881177,WH377746,2025-09-04,2025-09-18,Delivered,Paid
SYSPO0006591,PO666055,SUP595631,WH816751,2026-01-30,2026-02-24,Delivered,Paid
SYSPO0006592,PO712236,SUP322955,WH654634,2026-01-24,2026-02-06,Delayed,Pending
SYSPO0006593,PO605181,SUP216970,WH958179,2026-06-12,2026-07-01,Delivered,Paid
SYSPO0006594,PO932990,SUP576086,WH233470,2026-03-15,2026-03-21,Delivered,Paid
SYSPO0006595,PO623277,SUP890170,WH422451,2026-01-26,2026-02-02,Delivered,Paid
SYSPO0006596,PO251054,SUP333238,WH539589,2025-09-08,2025-09-27,Delivered,Paid
SYSPO0006597,PO979677,SUP526117,WH658582,2026-07-03,2026-07-19,Delivered,Paid
SYSPO0006598,PO577097,SUP589710,WH526117,2026-02-14,2026-03-05,Delayed,Pending
SYSPO0006599,PO593498,SUP184491,WH376807,2026-01-25,2026-02-26,Delivered,Paid
SYSPO0006600,PO573871,SUP662275,WH429164,2025-12-05,2025-12-17,Delayed,Pending
SYSPO0006601,PO104478,SUP989545,WH532322,2025-09-20,2025-10-06,Delayed,Pending
SYSPO0006602,PO242808,SUP595631,WH377746,2026-02-14,2026-03-11,Delivered,Paid
SYSPO0006603,PO444240,SUP321275,WH832052,2026-05-21,2026-05-28,Delivered,Paid
SYSPO0006604,PO167111,SUP681343,WH329974,2026-04-15,2026-04-30,Delivered,Paid
SYSPO0006605,PO640994,SUP595631,WH658582,2025-08-11,2025-09-05,Delivered,Paid
SYSPO0006606,PO653633,SUP486945,WH380746,2025-09-13,2025-10-06,Delivered,Paid
SYSPO0006607,PO853681,SUP335113,WH526117,2026-01-08,2026-01-19,Delivered,Paid
SYSPO0006608,PO477635,SUP757711,WH519066,2026-01-12,2026-01-17,Delivered,Paid
SYSPO0006609,PO835293,SUP887625,WH324082,2025-08-18,2025-08-31,Delivered,Paid
SYSPO0006610,PO587938,SUP486945,WH377746,2026-03-09,2026-04-01,Delivered,Paid
SYSPO0006611,PO131725,SUP156213,WH808011,2026-03-06,2026-03-19,Delayed,Pending
SYSPO0006612,PO136829,SUP768854,WH376807,2025-08-05,2025-08-22,Delivered,Paid
SYSPO0006613,PO352992,SUP725084,WH100425,2026-06-21,2026-07-08,Delivered,Pending
SYSPO0006614,PO284822,SUP437902,WH205907,2025-09-09,2025-09-26,Delivered,Paid
SYSPO0006615,PO398077,SUP934794,WH958179,2026-06-08,2026-06-14,Delivered,Paid
SYSPO0006616,PO165669,SUP597732,WH829716,2026-03-27,2026-04-22,Delivered,Paid
SYSPO0006617,PO115032,SUP156213,WH820221,2026-04-02,2026-04-15,Delivered,Paid
SYSPO0006618,PO665797,SUP696750,WH322086,2026-04-09,2026-04-16,Delayed,Pending
SYSPO0006619,PO434443,SUP449499,WH233470,2025-12-01,2025-12-06,Delivered,Paid
SYSPO0006620,PO520835,SUP614663,WH482364,2026-07-16,2026-08-02,Delivered,Paid
SYSPO0006621,PO410852,SUP572387,WH832052,2026-02-18,2026-03-06,Cancelled,Cancelled
SYSPO0006622,PO759007,SUP725084,WH479201,2026-03-11,2026-03-28,Delivered,Paid
SYSPO0006623,PO279679,SUP870763,WH329974,2025-10-24,2025-11-09,Delivered,Paid
SYSPO0006624,PO974702,SUP391668,WH785197,2026-04-16,2026-04-29,Delivered,Paid
SYSPO0006625,PO651521,SUP890170,WH997546,2026-04-22,2026-04-29,Delivered,Paid
SYSPO0006626,PO826326,SUP486945,WH808011,2026-01-29,2026-02-21,Cancelled,Cancelled
SYSPO0006627,PO261601,SUP344098,WH997546,2025-12-15,2025-12-31,Delivered,Paid
SYSPO0006628,PO275701,SUP245051,WH997546,2025-12-24,2026-01-14,Delivered,Paid
SYSPO0006629,PO319790,SUP642717,WH526117,2026-06-21,2026-07-05,Cancelled,Cancelled
SYSPO0006630,PO553604,SUP446954,WH526117,2025-08-26,2025-09-05,Delivered,Paid
SYSPO0006631,PO564009,SUP696750,WH829716,2026-06-18,2026-06-25,Delivered,Paid
SYSPO0006632,PO836544,SUP384076,WH808011,2025-10-30,2025-11-14,Delivered,Paid
SYSPO0006633,PO497115,SUP497887,WH274389,2026-06-28,2026-07-16,Delivered,Paid
SYSPO0006634,PO606585,SUP668532,WH771088,2026-01-28,2026-02-10,Delivered,Paid
SYSPO0006635,PO183879,SUP497382,WH582662,2025-12-11,2025-12-29,Delivered,Paid
SYSPO0006636,PO332641,SUP801364,WH958179,2026-03-10,2026-04-01,Delivered,Paid
SYSPO0006637,PO893505,SUP330914,WH112038,2026-05-30,2026-06-18,Delivered,Paid
SYSPO0006638,PO302247,SUP688508,WH658582,2026-04-02,2026-04-12,Delivered,Paid
SYSPO0006639,PO775614,SUP668532,WH526117,2026-03-25,2026-04-07,Delivered,Paid
SYSPO0006640,PO473767,SUP121753,WH322086,2026-02-04,2026-02-15,Delivered,Paid
SYSPO0006641,PO331343,SUP197251,WH654634,2026-05-10,2026-05-17,Delivered,Paid
SYSPO0006642,PO569932,SUP765095,WH781453,2026-04-17,2026-05-22,Delivered,Paid
SYSPO0006643,PO900380,SUP904150,WH781453,2025-12-24,2026-01-19,Delivered,Paid
SYSPO0006644,PO646525,SUP890170,WH519066,2026-05-10,2026-05-17,Delayed,Pending
SYSPO0006645,PO580408,SUP829308,WH820221,2026-01-27,2026-02-04,Delivered,Paid
SYSPO0006646,PO685018,SUP880879,WH658582,2025-09-18,2025-10-26,Delivered,Paid
SYSPO0006647,PO399357,SUP804318,WH429164,2025-09-11,2025-10-02,Delivered,Paid
SYSPO0006648,PO982281,SUP391668,WH237174,2026-05-26,2026-06-08,Cancelled,Cancelled
SYSPO0006649,PO392067,SUP728492,WH636265,2026-04-17,2026-05-03,Delivered,Paid
SYSPO0006650,PO317295,SUP618392,WH526833,2025-10-30,2025-11-12,Delivered,Paid
SYSPO0006651,PO823290,SUP608257,WH379766,2025-08-05,2025-08-21,Delivered,Paid
SYSPO0006652,PO587844,SUP519093,WH958179,2025-12-15,2025-12-31,Delivered,Paid
SYSPO0006653,PO269534,SUP664607,WH656116,2025-12-20,2026-01-22,Delivered,Paid
SYSPO0006654,PO981123,SUP273982,WH519066,2026-06-23,2026-07-09,Delivered,Paid
SYSPO0006655,PO387925,SUP965845,WH356150,2026-04-08,2026-04-15,Cancelled,Cancelled
SYSPO0006656,PO682125,SUP153872,WH555884,2026-06-11,2026-06-18,Delivered,Paid
SYSPO0006657,PO149491,SUP614663,WH808011,2025-11-26,2025-12-13,Delivered,Paid
SYSPO0006658,PO827511,SUP887625,WH233470,2026-03-05,2026-03-18,Delivered,Paid
SYSPO0006659,PO896086,SUP259784,WH997546,2026-02-23,2026-03-02,Delivered,Paid
SYSPO0006660,PO676427,SUP813536,WH515011,2025-12-28,2026-01-18,Delivered,Paid
SYSPO0006661,PO179373,SUP259784,WH567574,2026-05-04,2026-05-11,Cancelled,Cancelled
SYSPO0006662,PO222649,SUP449499,WH100425,2025-09-15,2025-09-20,Delivered,Paid
SYSPO0006663,PO947371,SUP990844,WH100425,2025-08-22,2025-09-10,Delivered,Paid
SYSPO0006664,PO787799,SUP650121,WH997546,2026-07-19,2026-07-25,Delivered,Paid
SYSPO0006665,PO434254,SUP300337,WH262316,2025-10-07,2025-10-20,Delivered,Paid
SYSPO0006666,PO585155,SUP920652,WH205907,2026-02-12,2026-03-07,Delivered,Paid
SYSPO0006667,PO741314,SUP972335,WH373903,2025-09-28,2025-11-05,Cancelled,Cancelled
SYSPO0006668,PO459245,SUP378361,WH174441,2026-06-20,2026-07-26,Delivered,Paid
SYSPO0006669,PO240513,SUP891937,WH376807,2026-05-10,2026-06-07,Delivered,Paid
SYSPO0006670,PO980637,SUP156213,WH380746,2026-05-20,2026-06-02,Delivered,Paid
SYSPO0006671,PO268247,SUP690341,WH958179,2026-05-12,2026-05-17,Delivered,Paid
SYSPO0006672,PO250378,SUP459536,WH329974,2026-01-10,2026-01-24,Delayed,Pending
SYSPO0006673,PO911220,SUP692683,WH532322,2025-09-15,2025-10-10,Delivered,Paid
SYSPO0006674,PO200957,SUP618392,WH801474,2025-11-11,2025-11-24,Delivered,Paid
SYSPO0006675,PO972657,SUP880879,WH820221,2026-03-30,2026-05-07,Delivered,Paid
SYSPO0006676,PO162958,SUP690341,WH801474,2025-10-20,2025-10-25,Delivered,Paid
SYSPO0006677,PO761310,SUP321275,WH233470,2025-10-16,2025-10-23,Delivered,Paid
SYSPO0006678,PO126970,SUP589710,WH237174,2025-09-20,2025-10-09,Delivered,Paid
SYSPO0006679,PO159436,SUP427110,WH112038,2026-08-01,2026-08-19,Processing,Pending
SYSPO0006680,PO999933,SUP344098,WH808011,2026-07-01,2026-07-17,Delivered,Paid
SYSPO0006681,PO873667,SUP133659,WH274389,2026-01-04,2026-01-22,Delivered,Paid
SYSPO0006682,PO281269,SUP437902,WH690341,2025-10-27,2025-11-13,Delayed,Pending
SYSPO0006683,PO403627,SUP681343,WH785197,2026-01-29,2026-02-13,Delivered,Paid
SYSPO0006684,PO194638,SUP459536,WH429164,2026-06-21,2026-07-05,Delivered,Paid
SYSPO0006685,PO140669,SUP350867,WH460663,2026-06-04,2026-06-19,Delivered,Paid
SYSPO0006686,PO699443,SUP307428,WH526117,2025-10-18,2025-10-29,Delivered,Paid
SYSPO0006687,PO957000,SUP614663,WH770487,2026-05-10,2026-05-27,Delivered,Paid
SYSPO0006688,PO787244,SUP871711,WH567574,2025-12-14,2025-12-24,Delayed,Pending
SYSPO0006689,PO526389,SUP179046,WH832052,2025-09-15,2025-10-05,Delivered,Paid
SYSPO0006690,PO919701,SUP925981,WH376807,2026-05-26,2026-06-13,Delivered,Pending
SYSPO0006691,PO344552,SUP865990,WH654634,2026-01-12,2026-02-02,Delivered,Paid
SYSPO0006692,PO311947,SUP526117,WH329974,2025-08-23,2025-09-08,Delivered,Paid
SYSPO0006693,PO284445,SUP920652,WH112038,2026-07-30,2026-08-22,In Transit,Pending
SYSPO0006694,PO294657,SUP133659,WH422451,2026-04-07,2026-04-25,Delivered,Paid
SYSPO0006695,PO222156,SUP459536,WH820221,2026-06-26,2026-07-10,Delivered,Paid
SYSPO0006696,PO829604,SUP133659,WH205907,2026-04-23,2026-05-11,Delivered,Paid
SYSPO0006697,PO196748,SUP690341,WH832052,2026-03-21,2026-03-26,Delivered,Paid
SYSPO0006698,PO748092,SUP755788,WH515011,2025-09-21,2025-10-16,Delivered,Paid
SYSPO0006699,PO498297,SUP265080,WH373903,2026-05-31,2026-06-16,Delivered,Paid
SYSPO0006700,PO964552,SUP770487,WH771088,2026-07-17,2026-07-31,Delivered,Paid
SYSPO0006701,PO638063,SUP133659,WH785197,2026-01-26,2026-02-13,Delivered,Paid
SYSPO0006702,PO688867,SUP972335,WH816751,2026-01-29,2026-03-08,Delivered,Paid
SYSPO0006703,PO551976,SUP802729,WH740967,2026-04-17,2026-04-28,Delivered,Paid
SYSPO0006704,PO846087,SUP725084,WH329974,2026-03-21,2026-04-07,Delayed,Pending
SYSPO0006705,PO189208,SUP256294,WH380746,2026-02-16,2026-03-01,Delivered,Paid
SYSPO0006706,PO690542,SUP330914,WH785197,2025-09-26,2025-10-15,Delivered,Paid
SYSPO0006707,PO602408,SUP121753,WH930555,2026-02-14,2026-02-25,Delivered,Paid
SYSPO0006708,PO350796,SUP813536,WH662336,2025-08-06,2025-08-27,Delivered,Paid
SYSPO0006709,PO385664,SUP972335,WH910891,2026-02-26,2026-04-05,Delivered,Pending
SYSPO0006710,PO180334,SUP891937,WH770487,2026-05-17,2026-06-14,Delivered,Paid
SYSPO0006711,PO160850,SUP333238,WH100425,2025-08-23,2025-09-11,Delivered,Paid
SYSPO0006712,PO475501,SUP472060,WH526833,2026-03-07,2026-03-23,Delivered,Paid
SYSPO0006713,PO882642,SUP881177,WH532322,2026-08-03,2026-08-17,Cancelled,Cancelled
SYSPO0006714,PO305359,SUP459536,WH686075,2026-01-20,2026-02-03,Delivered,Paid
SYSPO0006715,PO197330,SUP990844,WH262316,2026-06-26,2026-07-15,Delivered,Paid
SYSPO0006716,PO988023,SUP871711,WH740967,2026-03-20,2026-03-30,Delayed,Pending
SYSPO0006717,PO701181,SUP420214,WH958179,2026-02-08,2026-02-21,Delivered,Paid
SYSPO0006718,PO518316,SUP871711,WH515011,2026-07-29,2026-08-08,In Transit,Pending
SYSPO0006719,PO737047,SUP891937,WH482364,2026-02-18,2026-03-18,Delivered,Paid
SYSPO0006720,PO516182,SUP728492,WH532322,2026-06-04,2026-06-20,Delivered,Paid
SYSPO0006721,PO903070,SUP121753,WH686075,2026-07-28,2026-08-08,In Transit,Pending
SYSPO0006722,PO130700,SUP449499,WH329974,2026-07-24,2026-07-29,Delivered,Paid
SYSPO0006723,PO109334,SUP335615,WH532322,2025-10-12,2025-10-18,Delivered,Paid
SYSPO0006724,PO787828,SUP344098,WH824586,2026-04-30,2026-05-16,Delivered,Paid
SYSPO0006725,PO412732,SUP664607,WH460663,2026-03-17,2026-04-19,Delivered,Paid
SYSPO0006726,PO660481,SUP519093,WH820221,2025-10-11,2025-10-27,Delivered,Paid
SYSPO0006727,PO651690,SUP429164,WH479201,2026-05-15,2026-06-01,Delivered,Paid
SYSPO0006728,PO451329,SUP420214,WH555884,2026-06-17,2026-06-30,Delivered,Paid
SYSPO0006729,PO249045,SUP384076,WH801474,2025-09-23,2025-10-08,Delayed,Pending
SYSPO0006730,PO248240,SUP449499,WH654634,2025-09-14,2025-09-19,Delivered,Paid
SYSPO0006731,PO431732,SUP813536,WH322086,2026-01-02,2026-01-23,Delivered,Paid
SYSPO0006732,PO541272,SUP965845,WH997546,2026-04-17,2026-04-24,Delayed,Pending
SYSPO0006733,PO644609,SUP497382,WH785197,2026-03-26,2026-04-13,Delivered,Paid
SYSPO0006734,PO688034,SUP891937,WH690341,2026-03-28,2026-04-25,Delivered,Paid
SYSPO0006735,PO689920,SUP755788,WH479201,2026-07-13,2026-08-07,In Transit,Pending
SYSPO0006736,PO117819,SUP839677,WH829716,2025-12-07,2025-12-24,Delivered,Paid
SYSPO0006737,PO481778,SUP307428,WH567574,2026-02-16,2026-02-27,Delivered,Paid
SYSPO0006738,PO551650,SUP671858,WH801474,2026-07-13,2026-07-29,Delayed,Pending
SYSPO0006739,PO511980,SUP842411,WH801474,2026-01-01,2026-01-09,Delivered,Paid
SYSPO0006740,PO339059,SUP989545,WH922157,2026-01-14,2026-01-30,Delivered,Paid
SYSPO0006741,PO563748,SUP671858,WH274389,2026-03-29,2026-04-14,Delivered,Paid
SYSPO0006742,PO416575,SUP156213,WH233470,2026-07-26,2026-08-08,In Transit,Pending
SYSPO0006743,PO913960,SUP572700,WH532322,2026-04-30,2026-05-11,Delivered,Paid
SYSPO0006744,PO670477,SUP273982,WH212235,2026-05-28,2026-06-13,Delivered,Paid
SYSPO0006745,PO171766,SUP437902,WH329974,2025-11-09,2025-11-26,Delivered,Paid
SYSPO0006746,PO505495,SUP891937,WH740967,2025-11-19,2025-12-17,Delivered,Paid
SYSPO0006747,PO641481,SUP300896,WH526117,2026-01-06,2026-01-14,Delivered,Paid
SYSPO0006748,PO458293,SUP733039,WH808011,2025-12-16,2026-01-01,Delivered,Pending
SYSPO0006749,PO370746,SUP755788,WH379766,2025-11-27,2025-12-22,Delivered,Paid
SYSPO0006750,PO631163,SUP260422,WH555884,2026-01-27,2026-02-05,Delayed,Pending
SYSPO0006751,PO986702,SUP965845,WH100425,2026-06-13,2026-06-20,Delivered,Paid
SYSPO0006752,PO128628,SUP300896,WH555884,2025-09-25,2025-10-03,Delivered,Paid
SYSPO0006753,PO819308,SUP639593,WH526117,2025-09-27,2025-10-04,Delivered,Paid
SYSPO0006754,PO807334,SUP349565,WH930555,2026-01-12,2026-02-07,Cancelled,Cancelled
SYSPO0006755,PO342081,SUP497382,WH910891,2026-03-26,2026-04-13,Delivered,Pending
SYSPO0006756,PO774788,SUP668532,WH373903,2026-05-03,2026-05-16,Delivered,Pending
SYSPO0006757,PO648048,SUP153872,WH539589,2026-07-15,2026-07-22,Delivered,Paid
SYSPO0006758,PO231814,SUP877236,WH801474,2026-05-22,2026-05-29,Delivered,Paid
SYSPO0006759,PO879872,SUP285652,WH636265,2026-02-19,2026-03-22,Delivered,Paid
SYSPO0006760,PO790089,SUP802729,WH191161,2025-11-29,2025-12-10,Delayed,Pending
SYSPO0006761,PO812172,SUP990844,WH785197,2026-06-28,2026-07-17,Delivered,Paid
SYSPO0006762,PO130803,SUP990844,WH532322,2026-05-04,2026-05-23,Delivered,Paid
SYSPO0006763,PO670001,SUP770487,WH532322,2026-03-05,2026-03-19,Delivered,Paid
SYSPO0006764,PO372233,SUP624902,WH519066,2026-07-05,2026-07-18,Delivered,Paid
SYSPO0006765,PO689271,SUP572387,WH930555,2025-12-04,2025-12-20,Delivered,Paid
SYSPO0006766,PO585908,SUP642717,WH801474,2026-05-08,2026-05-22,Delivered,Paid
SYSPO0006767,PO698120,SUP705397,WH781453,2026-05-18,2026-06-15,Delivered,Paid
SYSPO0006768,PO230142,SUP728492,WH379766,2026-08-03,2026-08-19,Processing,Pending
SYSPO0006769,PO472663,SUP420214,WH658582,2026-03-07,2026-03-20,Delivered,Paid
SYSPO0006770,PO445299,SUP344098,WH429164,2026-04-07,2026-04-23,Delivered,Paid
SYSPO0006771,PO830542,SUP300337,WH324082,2025-10-28,2025-11-10,Delivered,Paid
SYSPO0006772,PO556259,SUP955662,WH567574,2025-10-22,2025-11-10,Delivered,Paid
SYSPO0006773,PO112562,SUP449499,WH922157,2025-10-25,2025-10-30,Delivered,Paid
SYSPO0006774,PO853349,SUP121753,WH233470,2026-04-04,2026-04-15,Delivered,Paid
SYSPO0006775,PO583348,SUP925981,WH205907,2026-05-09,2026-05-27,Delivered,Paid
SYSPO0006776,PO713496,SUP240814,WH262316,2025-11-25,2025-12-01,Delivered,Paid
SYSPO0006777,PO846165,SUP356150,WH519066,2026-04-28,2026-05-16,Delivered,Paid
SYSPO0006778,PO867854,SUP989545,WH412942,2025-12-17,2026-01-02,Delivered,Paid
SYSPO0006779,PO148426,SUP300337,WH112038,2026-07-28,2026-08-10,Cancelled,Cancelled
SYSPO0006780,PO683202,SUP333238,WH422451,2026-04-23,2026-05-12,Delivered,Paid
SYSPO0006781,PO787984,SUP523389,WH329974,2025-09-25,2025-10-11,Delivered,Paid
SYSPO0006782,PO351037,SUP378361,WH582662,2026-05-07,2026-06-12,Delivered,Paid
SYSPO0006783,PO693786,SUP870763,WH658582,2026-04-14,2026-04-30,Delivered,Paid
SYSPO0006784,PO402429,SUP618392,WH636265,2025-10-13,2025-10-26,Delivered,Paid
SYSPO0006785,PO939296,SUP839677,WH377746,2026-02-16,2026-03-05,Delivered,Paid
SYSPO0006786,PO953092,SUP497382,WH690341,2026-03-03,2026-03-21,Delivered,Paid
SYSPO0006787,PO949008,SUP333238,WH515011,2026-05-01,2026-05-20,Delivered,Paid
SYSPO0006788,PO701650,SUP335615,WH654634,2026-04-09,2026-04-15,Delivered,Paid
SYSPO0006789,PO441533,SUP650121,WH237174,2025-12-08,2025-12-14,Delivered,Paid
SYSPO0006790,PO200512,SUP696750,WH322086,2026-05-07,2026-05-14,Delivered,Paid
SYSPO0006791,PO864357,SUP572700,WH526833,2025-09-18,2025-09-29,Delivered,Pending
SYSPO0006792,PO139341,SUP133659,WH205907,2026-05-27,2026-06-14,Delivered,Paid
SYSPO0006793,PO856582,SUP639593,WH532322,2025-12-19,2025-12-26,Delivered,Paid
SYSPO0006794,PO536754,SUP829308,WH526117,2026-03-11,2026-03-19,Delivered,Paid
SYSPO0006795,PO500372,SUP768854,WH567574,2026-02-07,2026-02-24,Delayed,Pending
SYSPO0006796,PO997852,SUP216970,WH820221,2026-03-19,2026-04-07,Delivered,Paid
SYSPO0006797,PO939117,SUP842411,WH532322,2026-03-14,2026-03-22,Delivered,Paid
SYSPO0006798,PO613249,SUP391668,WH205907,2026-04-21,2026-05-04,Delayed,Pending
SYSPO0006799,PO803084,SUP121753,WH373903,2026-05-07,2026-05-18,Delayed,Pending
SYSPO0006800,PO621185,SUP576086,WH519066,2026-01-14,2026-01-20,Delayed,Pending
SYSPO0006801,PO979527,SUP300896,WH808011,2026-04-23,2026-05-01,Delivered,Paid
SYSPO0006802,PO226877,SUP899213,WH174441,2026-05-22,2026-06-09,Delivered,Paid
SYSPO0006803,PO264442,SUP156213,WH100425,2026-07-18,2026-07-31,Delivered,Paid
SYSPO0006804,PO132290,SUP598216,WH233470,2026-06-27,2026-07-09,Delivered,Paid
SYSPO0006805,PO713999,SUP486945,WH412942,2026-02-28,2026-03-23,Delivered,Paid
SYSPO0006806,PO120477,SUP618392,WH771088,2025-11-24,2025-12-07,Delivered,Paid
SYSPO0006807,PO313142,SUP802729,WH824586,2026-07-11,2026-07-22,Delayed,Pending
SYSPO0006808,PO777995,SUP624902,WH567574,2026-06-30,2026-07-13,Delivered,Paid
SYSPO0006809,PO965362,SUP378361,WH690341,2026-01-16,2026-02-21,Delayed,Pending
SYSPO0006810,PO101220,SUP121753,WH112038,2026-06-14,2026-06-25,Delivered,Paid
SYSPO0006811,PO972380,SUP976325,WH356150,2025-08-09,2025-08-22,Delivered,Paid
SYSPO0006812,PO950125,SUP614663,WH824586,2026-02-24,2026-03-13,Delivered,Paid
SYSPO0006813,PO636992,SUP597732,WH191161,2025-09-15,2025-10-11,Delayed,Pending
SYSPO0006814,PO555756,SUP497382,WH582662,2025-08-14,2025-09-01,Delivered,Paid
SYSPO0006815,PO889012,SUP259784,WH532322,2025-12-30,2026-01-06,Delivered,Paid
SYSPO0006816,PO386221,SUP184491,WH636265,2025-09-30,2025-11-01,Delivered,Paid
SYSPO0006817,PO615593,SUP890170,WH422451,2025-08-25,2025-09-01,Delivered,Paid
SYSPO0006818,PO284551,SUP344098,WH958179,2026-04-22,2026-05-08,Delivered,Paid
SYSPO0006819,PO400309,SUP736059,WH422451,2025-08-26,2025-09-09,Delivered,Paid
SYSPO0006820,PO563094,SUP526117,WH832052,2025-10-21,2025-11-06,Delivered,Paid
SYSPO0006821,PO194174,SUP802729,WH329974,2025-11-16,2025-11-27,Delivered,Paid
SYSPO0006822,PO714443,SUP216970,WH356150,2026-05-23,2026-06-11,Delivered,Paid
SYSPO0006823,PO945640,SUP285652,WH642717,2026-06-06,2026-07-07,Delivered,Paid
SYSPO0006824,PO256411,SUP307428,WH824586,2025-10-06,2025-10-17,Delivered,Paid
SYSPO0006825,PO336735,SUP240814,WH237174,2025-11-24,2025-11-30,Delivered,Paid
SYSPO0006826,PO368109,SUP307428,WH515011,2026-04-27,2026-05-08,Delivered,Pending
SYSPO0006827,PO333497,SUP307428,WH808011,2025-11-10,2025-11-21,Delivered,Paid
SYSPO0006828,PO583861,SUP497382,WH770487,2025-09-30,2025-10-18,Cancelled,Cancelled
SYSPO0006829,PO499609,SUP725084,WH237174,2026-06-26,2026-07-13,Delivered,Paid
SYSPO0006830,PO778739,SUP598216,WH808011,2025-08-29,2025-09-10,Delivered,Paid
SYSPO0006831,PO228106,SUP153872,WH686075,2026-04-30,2026-05-07,Delivered,Paid
SYSPO0006832,PO763619,SUP221263,WH377746,2026-06-05,2026-06-29,Delivered,Paid
SYSPO0006833,PO320139,SUP770487,WH212235,2025-11-27,2025-12-11,Delivered,Paid
SYSPO0006834,PO303552,SUP842411,WH922157,2025-10-23,2025-10-31,Delivered,Pending
SYSPO0006835,PO235809,SUP728492,WH816751,2026-05-24,2026-06-09,Delivered,Paid
SYSPO0006836,PO910895,SUP437902,WH599948,2026-03-03,2026-03-20,Delivered,Paid
SYSPO0006837,PO953217,SUP335113,WH112038,2025-08-17,2025-08-28,Delivered,Paid
SYSPO0006838,PO707891,SUP285652,WH910891,2025-12-22,2026-01-22,Delivered,Paid
SYSPO0006839,PO594440,SUP972064,WH654634,2026-06-17,2026-07-05,Delivered,Paid
SYSPO0006840,PO826585,SUP865990,WH519066,2026-01-27,2026-02-17,Delivered,Paid
SYSPO0006841,PO135682,SUP624902,WH100425,2025-09-13,2025-09-26,Cancelled,Cancelled
SYSPO0006842,PO307108,SUP880879,WH642717,2026-04-01,2026-05-09,Delivered,Paid
SYSPO0006843,PO762968,SUP519093,WH100425,2026-07-08,2026-07-24,Delivered,Paid
SYSPO0006844,PO186496,SUP733039,WH205907,2026-04-24,2026-05-10,Delivered,Paid
SYSPO0006845,PO113255,SUP459536,WH658582,2026-05-19,2026-06-02,Delivered,Paid
SYSPO0006846,PO939853,SUP618392,WH322086,2026-03-11,2026-03-24,Delivered,Paid
SYSPO0006847,PO810443,SUP802729,WH329974,2026-07-06,2026-07-17,Delivered,Paid
SYSPO0006848,PO666601,SUP681343,WH555884,2025-10-31,2025-11-15,Delivered,Paid
SYSPO0006849,PO487479,SUP260263,WH356150,2026-05-20,2026-05-27,Delivered,Paid
SYSPO0006850,PO200515,SUP121753,WH233470,2026-04-13,2026-04-24,Delivered,Paid
SYSPO0006851,PO586085,SUP804318,WH379766,2026-03-10,2026-03-31,Cancelled,Cancelled
SYSPO0006852,PO316277,SUP733039,WH910891,2026-01-03,2026-01-19,Delivered,Paid
SYSPO0006853,PO731803,SUP904150,WH380746,2025-11-05,2025-12-01,Delivered,Paid
SYSPO0006854,PO861085,SUP240814,WH262316,2026-02-19,2026-02-25,Delivered,Paid
SYSPO0006855,PO699959,SUP335113,WH356150,2026-06-05,2026-06-16,Delivered,Paid
SYSPO0006856,PO591519,SUP880879,WH656116,2026-06-10,2026-07-18,Delivered,Paid
SYSPO0006857,PO349584,SUP265080,WH642717,2026-06-11,2026-06-27,Delivered,Paid
SYSPO0006858,PO964314,SUP446954,WH379766,2026-05-02,2026-05-12,Delayed,Pending
SYSPO0006859,PO917236,SUP260263,WH515011,2025-11-24,2025-12-01,Delivered,Paid
SYSPO0006860,PO112250,SUP184491,WH412942,2026-05-01,2026-06-02,Delivered,Paid
SYSPO0006861,PO649462,SUP692683,WH781453,2026-04-20,2026-05-15,Delivered,Paid
SYSPO0006862,PO579977,SUP260263,WH526833,2025-08-23,2025-08-30,Delayed,Pending
SYSPO0006863,PO593912,SUP829308,WH690341,2026-07-30,2026-08-07,Processing,Pending
SYSPO0006864,PO705034,SUP802729,WH112038,2025-12-31,2026-01-11,Delivered,Paid
SYSPO0006865,PO475783,SUP184491,WH515011,2026-01-02,2026-02-03,Cancelled,Cancelled
SYSPO0006866,PO653372,SUP802729,WH526117,2026-01-13,2026-01-24,Delivered,Paid
SYSPO0006867,PO277100,SUP680099,WH174441,2026-06-07,2026-06-24,Delivered,Paid
SYSPO0006868,PO353769,SUP681343,WH642717,2026-04-28,2026-05-13,Delivered,Paid
SYSPO0006869,PO534773,SUP427110,WH380746,2025-12-04,2025-12-22,Delivered,Paid
SYSPO0006870,PO725448,SUP344098,WH910891,2026-03-07,2026-03-23,Delivered,Paid
SYSPO0006871,PO926147,SUP801364,WH479201,2025-08-25,2025-09-16,Delivered,Paid
SYSPO0006872,PO485877,SUP240814,WH654634,2025-08-10,2025-08-16,Delivered,Paid
SYSPO0006873,PO132832,SUP944962,WH829716,2026-05-20,2026-06-03,Delivered,Paid
SYSPO0006874,PO253586,SUP955662,WH212235,2025-11-10,2025-11-29,Delivered,Paid
SYSPO0006875,PO804098,SUP887625,WH820221,2025-10-22,2025-11-04,Delivered,Paid
SYSPO0006876,PO871574,SUP696750,WH274389,2026-04-03,2026-04-10,Delivered,Paid
SYSPO0006877,PO966993,SUP890170,WH922157,2026-07-08,2026-07-15,Delivered,Paid
SYSPO0006878,PO629522,SUP256294,WH376807,2026-06-04,2026-06-17,Delivered,Pending
SYSPO0006879,PO546782,SUP736059,WH233470,2026-07-05,2026-07-19,Delivered,Paid
SYSPO0006880,PO135006,SUP335113,WH100425,2026-07-08,2026-07-19,Delivered,Paid
SYSPO0006881,PO862584,SUP576086,WH832052,2026-01-24,2026-01-30,Delivered,Paid
SYSPO0006882,PO261744,SUP925981,WH324082,2026-06-23,2026-07-11,Delivered,Paid
SYSPO0006883,PO906138,SUP890170,WH654634,2025-10-31,2025-11-07,Delivered,Paid
SYSPO0006884,PO760708,SUP989545,WH658582,2026-07-24,2026-08-09,In Transit,Pending
SYSPO0006885,PO933575,SUP256294,WH820221,2026-04-08,2026-04-21,Delivered,Paid
SYSPO0006886,PO307437,SUP870763,WH642717,2026-05-05,2026-05-21,Delivered,Paid
SYSPO0006887,PO908623,SUP576086,WH322086,2026-05-07,2026-05-13,Delivered,Paid
SYSPO0006888,PO467074,SUP890170,WH112038,2026-04-13,2026-04-20,Delivered,Paid
SYSPO0006889,PO702562,SUP813536,WH429164,2025-12-25,2026-01-15,Delivered,Paid
SYSPO0006890,PO345166,SUP944962,WH832052,2026-05-25,2026-06-08,Delivered,Paid
SYSPO0006891,PO924578,SUP307428,WH100425,2026-03-21,2026-04-01,Delivered,Paid
SYSPO0006892,PO447870,SUP891937,WH412942,2026-03-05,2026-04-02,Delivered,Paid
SYSPO0006893,PO300679,SUP265080,WH808011,2026-05-18,2026-06-03,Delivered,Paid
SYSPO0006894,PO564039,SUP211764,WH816751,2026-03-27,2026-04-13,Delivered,Paid
SYSPO0006895,PO347872,SUP768854,WH205907,2025-10-20,2025-11-06,Delivered,Paid
SYSPO0006896,PO735678,SUP870763,WH770487,2026-06-02,2026-06-18,Delivered,Paid
SYSPO0006897,PO514262,SUP459536,WH482364,2026-05-13,2026-05-27,Delivered,Paid
SYSPO0006898,PO636350,SUP300896,WH997546,2025-10-19,2025-10-27,Delivered,Pending
SYSPO0006899,PO273434,SUP372793,WH997546,2025-11-27,2025-12-11,Delayed,Pending
SYSPO0006900,PO343473,SUP595631,WH910891,2026-01-26,2026-02-20,Delivered,Paid
SYSPO0006901,PO217543,SUP513160,WH526117,2025-10-12,2025-11-05,Delivered,Paid
SYSPO0006902,PO346556,SUP300896,WH801474,2026-04-27,2026-05-05,Delivered,Paid
SYSPO0006903,PO446153,SUP572700,WH801474,2025-09-02,2025-09-13,Delivered,Paid
SYSPO0006904,PO414210,SUP179046,WH922157,2025-10-16,2025-11-05,Delivered,Paid
SYSPO0006905,PO562732,SUP972064,WH599948,2025-10-11,2025-10-29,Delivered,Paid
SYSPO0006906,PO788991,SUP804318,WH100425,2026-05-17,2026-06-07,Delivered,Paid
SYSPO0006907,PO454449,SUP302511,WH910891,2026-02-20,2026-03-10,Delayed,Pending
SYSPO0006908,PO702462,SUP887625,WH740967,2025-09-20,2025-10-03,Delivered,Paid
SYSPO0006909,PO926960,SUP349565,WH539589,2025-12-29,2026-01-24,Delivered,Paid
SYSPO0006910,PO769488,SUP519093,WH808011,2025-08-20,2025-09-05,Delivered,Paid
SYSPO0006911,PO646448,SUP972064,WH237174,2026-01-18,2026-02-05,Delivered,Paid
SYSPO0006912,PO670224,SUP523389,WH174441,2025-11-21,2025-12-07,Delivered,Paid
SYSPO0006913,PO954508,SUP990844,WH112038,2026-03-09,2026-03-28,Delivered,Paid
SYSPO0006914,PO127170,SUP576086,WH100425,2025-11-15,2025-11-21,Delivered,Paid
SYSPO0006915,PO928184,SUP497887,WH324082,2025-09-24,2025-10-12,Delivered,Paid
SYSPO0006916,PO171911,SUP728492,WH212235,2025-10-06,2025-10-22,Delivered,Paid
SYSPO0006917,PO199275,SUP757711,WH112038,2026-03-19,2026-03-24,Delayed,Pending
SYSPO0006918,PO503457,SUP133659,WH785197,2026-06-29,2026-07-17,Delayed,Pending
SYSPO0006919,PO726773,SUP349565,WH376807,2025-11-12,2025-12-08,Delivered,Paid
SYSPO0006920,PO520659,SUP372793,WH412942,2025-08-07,2025-08-21,Delivered,Paid
SYSPO0006921,PO452366,SUP829308,WH656116,2025-12-11,2025-12-19,Delivered,Paid
SYSPO0006922,PO721926,SUP925981,WH636265,2026-02-02,2026-02-20,Delivered,Paid
SYSPO0006923,PO185442,SUP870763,WH930555,2026-05-07,2026-05-23,Delivered,Paid
SYSPO0006924,PO662317,SUP972335,WH740967,2026-08-04,2026-09-11,In Transit,Pending
SYSPO0006925,PO254773,SUP770487,WH515011,2025-10-04,2025-10-18,Delivered,Paid
SYSPO0006926,PO990880,SUP523389,WH479201,2025-08-20,2025-09-05,Delivered,Paid
SYSPO0006927,PO729316,SUP378361,WH910891,2025-10-03,2025-11-08,Delivered,Paid
SYSPO0006928,PO952262,SUP216970,WH526833,2026-07-31,2026-08-19,In Transit,Pending
SYSPO0006929,PO704490,SUP265080,WH519066,2025-12-08,2025-12-24,Delivered,Paid
SYSPO0006930,PO909153,SUP944962,WH642717,2026-03-24,2026-04-07,Delivered,Pending
SYSPO0006931,PO323553,SUP285652,WH771088,2025-08-24,2025-09-24,Delivered,Paid
SYSPO0006932,PO620121,SUP802729,WH237174,2026-06-01,2026-06-12,Delivered,Paid
SYSPO0006933,PO570774,SUP437408,WH686075,2026-08-02,2026-08-17,In Transit,Pending
SYSPO0006934,PO211376,SUP733039,WH322086,2026-04-04,2026-04-20,Delivered,Pending
SYSPO0006935,PO927319,SUP384076,WH526833,2026-04-01,2026-04-16,Delivered,Paid
SYSPO0006936,PO507193,SUP870763,WH832052,2026-06-28,2026-07-14,Delayed,Pending
SYSPO0006937,PO614207,SUP904150,WH479201,2026-04-19,2026-05-15,Delivered,Paid
SYSPO0006938,PO971851,SUP437408,WH539589,2025-11-29,2025-12-14,Delivered,Paid
SYSPO0006939,PO865318,SUP976325,WH801474,2026-02-11,2026-02-24,Delivered,Paid
SYSPO0006940,PO812556,SUP330914,WH930555,2026-06-07,2026-06-26,Delivered,Paid
SYSPO0006941,PO881755,SUP427110,WH997546,2026-03-15,2026-04-02,Delivered,Paid
SYSPO0006942,PO162461,SUP486945,WH658582,2026-03-06,2026-03-29,Delivered,Paid
SYSPO0006943,PO955631,SUP650121,WH274389,2025-12-22,2025-12-28,Delivered,Paid
SYSPO0006944,PO835171,SUP265080,WH770487,2025-09-02,2025-09-18,Delivered,Paid
SYSPO0006945,PO764027,SUP829308,WH654634,2026-06-05,2026-06-13,Delivered,Paid
SYSPO0006946,PO402207,SUP335113,WH519066,2026-05-06,2026-05-17,Delivered,Paid
SYSPO0006947,PO891186,SUP260263,WH112038,2025-12-06,2025-12-13,Delivered,Paid
SYSPO0006948,PO228397,SUP259784,WH808011,2026-02-25,2026-03-04,Delivered,Paid
SYSPO0006949,PO683844,SUP887625,WH686075,2025-10-29,2025-11-11,Delivered,Paid
SYSPO0006950,PO980630,SUP842411,WH233470,2025-10-15,2025-10-23,Delivered,Paid
SYSPO0006951,PO623829,SUP639593,WH274389,2026-02-23,2026-03-02,Delivered,Paid
SYSPO0006952,PO347553,SUP598216,WH922157,2025-08-31,2025-09-12,Delivered,Paid
SYSPO0006953,PO469514,SUP391668,WH100425,2026-06-06,2026-06-19,Cancelled,Cancelled
SYSPO0006954,PO813141,SUP891937,WH412942,2026-02-17,2026-03-17,Delivered,Paid
SYSPO0006955,PO967901,SUP899213,WH526833,2025-10-05,2025-10-23,Delivered,Paid
SYSPO0006956,PO553192,SUP614663,WH785197,2026-01-13,2026-01-30,Delivered,Paid
SYSPO0006957,PO973558,SUP842411,WH997546,2026-03-03,2026-03-11,Delivered,Paid
SYSPO0006958,PO737941,SUP871711,WH412942,2026-03-01,2026-03-11,Delivered,Paid
SYSPO0006959,PO116857,SUP613425,WH930555,2026-01-08,2026-01-19,Delivered,Paid
SYSPO0006960,PO782143,SUP804318,WH958179,2025-09-09,2025-09-30,Delayed,Pending
SYSPO0006961,PO989163,SUP680099,WH191161,2025-12-18,2026-01-04,Delivered,Paid
SYSPO0006962,PO525969,SUP946305,WH479201,2025-10-29,2025-11-26,Delivered,Paid
SYSPO0006963,PO304735,SUP330914,WH479201,2026-07-14,2026-08-02,Delivered,Pending
SYSPO0006964,PO619432,SUP813536,WH532322,2025-10-26,2025-11-16,Delivered,Paid
SYSPO0006965,PO407749,SUP385470,WH555884,2026-04-19,2026-05-09,Delivered,Paid
SYSPO0006966,PO115019,SUP688508,WH379766,2025-12-11,2025-12-21,Delayed,Pending
SYSPO0006967,PO506239,SUP813536,WH262316,2025-12-11,2026-01-01,Delivered,Paid
SYSPO0006968,PO226835,SUP497887,WH958179,2025-12-23,2026-01-10,Delivered,Paid
SYSPO0006969,PO556535,SUP642717,WH237174,2025-11-27,2025-12-11,Delivered,Paid
SYSPO0006970,PO383187,SUP576086,WH801474,2025-10-28,2025-11-03,Delivered,Paid
SYSPO0006971,PO924286,SUP899213,WH654634,2026-05-24,2026-06-11,Delivered,Paid
SYSPO0006972,PO496863,SUP184491,WH191161,2026-04-02,2026-05-04,Delivered,Paid
SYSPO0006973,PO409699,SUP802729,WH412942,2026-02-27,2026-03-10,Delivered,Paid
SYSPO0006974,PO621394,SUP662275,WH824586,2026-02-05,2026-02-17,Delivered,Paid
SYSPO0006975,PO255146,SUP260263,WH532322,2026-03-11,2026-03-18,Delivered,Paid
SYSPO0006976,PO968015,SUP920652,WH686075,2026-06-20,2026-07-13,Cancelled,Cancelled
SYSPO0006977,PO436623,SUP891937,WH567574,2026-05-24,2026-06-21,Delivered,Paid
SYSPO0006978,PO213246,SUP133659,WH519066,2026-04-14,2026-05-02,Delayed,Pending
SYSPO0006979,PO910250,SUP696750,WH237174,2025-08-08,2025-08-15,Delivered,Paid
SYSPO0006980,PO338720,SUP384076,WH526117,2025-09-18,2025-10-03,Delivered,Paid
SYSPO0006981,PO640053,SUP519904,WH460663,2026-04-21,2026-05-05,Delivered,Paid
SYSPO0006982,PO969606,SUP870763,WH526117,2025-12-17,2026-01-02,Delivered,Paid
SYSPO0006983,PO860848,SUP925981,WH997546,2026-01-25,2026-02-12,Cancelled,Cancelled
SYSPO0006984,PO189335,SUP934794,WH112038,2025-11-06,2025-11-12,Delayed,Pending
SYSPO0006985,PO370682,SUP597732,WH515011,2026-07-22,2026-08-17,In Transit,Pending
SYSPO0006986,PO390627,SUP976325,WH519066,2026-04-11,2026-04-24,Delivered,Paid
SYSPO0006987,PO946668,SUP300337,WH555884,2026-03-31,2026-04-13,Delivered,Paid
SYSPO0006988,PO999803,SUP925981,WH429164,2026-07-27,2026-08-14,In Transit,Pending
SYSPO0006989,PO975008,SUP839677,WH816751,2026-04-03,2026-04-20,Delivered,Paid
SYSPO0006990,PO418491,SUP925981,WH662336,2025-11-07,2025-11-25,Delivered,Paid
SYSPO0006991,PO254426,SUP256294,WH910891,2025-08-20,2025-09-02,Delivered,Paid
SYSPO0006992,PO814558,SUP121753,WH519066,2026-04-27,2026-05-08,Delivered,Pending
SYSPO0006993,PO943074,SUP322955,WH658582,2026-07-14,2026-07-27,Delivered,Paid
SYSPO0006994,PO528238,SUP184491,WH662336,2025-12-07,2026-01-08,Delayed,Pending
SYSPO0006995,PO746501,SUP765095,WH636265,2025-12-31,2026-02-04,Delivered,Paid
SYSPO0006996,PO596470,SUP650121,WH356150,2026-07-26,2026-08-01,Delayed,Pending
SYSPO0006997,PO463674,SUP680099,WH771088,2026-06-10,2026-06-27,Delivered,Paid
SYSPO0006998,PO648068,SUP813536,WH656116,2025-09-18,2025-10-09,Delivered,Pending
SYSPO0006999,PO963989,SUP614663,WH532322,2026-01-01,2026-01-18,Delivered,Paid
SYSPO0007000,PO234491,SUP216970,WH832052,2025-11-12,2025-12-01,Delivered,Paid
SYSPO0007001,PO588574,SUP523389,WH100425,2026-03-02,2026-03-18,Delivered,Pending
SYSPO0007002,PO363995,SUP614663,WH567574,2026-05-13,2026-05-30,Delivered,Paid
SYSPO0007003,PO635596,SUP925981,WH515011,2025-11-22,2025-12-10,Delivered,Paid
SYSPO0007004,PO595782,SUP681343,WH100425,2025-08-14,2025-08-29,Delivered,Paid
SYSPO0007005,PO234746,SUP486945,WH801474,2026-07-24,2026-08-16,In Transit,Pending
SYSPO0007006,PO968006,SUP156213,WH636265,2026-02-21,2026-03-06,Delivered,Paid
SYSPO0007007,PO756166,SUP757711,WH262316,2026-06-20,2026-06-25,Delivered,Paid
SYSPO0007008,PO325599,SUP598216,WH356150,2026-05-31,2026-06-12,Delivered,Paid
SYSPO0007009,PO914885,SUP335113,WH322086,2025-12-28,2026-01-08,Delivered,Paid
SYSPO0007010,PO604118,SUP437902,WH686075,2026-02-20,2026-03-09,Delivered,Paid
SYSPO0007011,PO376119,SUP260263,WH781453,2026-06-12,2026-06-19,Delivered,Paid
SYSPO0007012,PO506522,SUP330914,WH539589,2026-02-18,2026-03-09,Delivered,Paid
SYSPO0007013,PO926753,SUP755788,WH212235,2026-01-25,2026-02-19,Delayed,Pending
SYSPO0007014,PO583771,SUP976325,WH539589,2026-02-10,2026-02-23,Delivered,Paid
SYSPO0007015,PO934348,SUP420214,WH112038,2025-08-22,2025-09-04,Delivered,Paid
SYSPO0007016,PO992645,SUP813536,WH567574,2025-11-28,2025-12-19,Delivered,Paid
SYSPO0007017,PO923647,SUP650121,WH422451,2026-07-19,2026-07-25,Delivered,Paid
SYSPO0007018,PO129874,SUP757711,WH922157,2026-04-15,2026-04-20,Delivered,Paid
SYSPO0007019,PO763938,SUP300337,WH205907,2025-10-18,2025-10-31,Delivered,Paid
SYSPO0007020,PO481992,SUP211764,WH930555,2025-12-07,2025-12-24,Delivered,Paid
SYSPO0007021,PO869300,SUP770487,WH832052,2026-02-20,2026-03-06,Delivered,Paid
SYSPO0007022,PO636593,SUP755788,WH212235,2025-09-05,2025-09-30,Delivered,Paid
SYSPO0007023,PO237189,SUP572387,WH174441,2025-09-11,2025-09-27,Delivered,Paid
SYSPO0007024,PO367520,SUP842411,WH532322,2025-10-09,2025-10-17,Delivered,Paid
SYSPO0007025,PO233760,SUP899213,WH100425,2026-06-01,2026-06-19,Delayed,Pending
SYSPO0007026,PO147223,SUP302511,WH329974,2026-03-01,2026-03-19,Delivered,Paid
SYSPO0007027,PO731328,SUP624902,WH460663,2026-02-28,2026-03-13,Delivered,Paid
SYSPO0007028,PO114449,SUP519093,WH740967,2025-08-07,2025-08-23,Delivered,Pending
SYSPO0007029,PO867385,SUP197251,WH555884,2026-04-05,2026-04-12,Delivered,Paid
SYSPO0007030,PO594507,SUP597732,WH656116,2025-08-30,2025-09-25,Delivered,Paid
SYSPO0007031,PO503697,SUP335615,WH262316,2025-10-25,2025-10-31,Delivered,Paid
SYSPO0007032,PO113129,SUP608257,WH958179,2026-04-22,2026-05-08,Delivered,Pending
SYSPO0007033,PO246013,SUP642717,WH460663,2026-04-06,2026-04-20,Delivered,Paid
SYSPO0007034,PO289776,SUP813536,WH930555,2026-06-01,2026-06-22,Delivered,Paid
SYSPO0007035,PO322850,SUP839677,WH808011,2025-10-26,2025-11-12,Delivered,Paid
SYSPO0007036,PO928517,SUP513160,WH460663,2026-07-06,2026-07-30,Delivered,Paid
SYSPO0007037,PO928840,SUP755788,WH770487,2026-04-28,2026-05-23,Delivered,Paid
SYSPO0007038,PO413906,SUP576086,WH686075,2026-01-16,2026-01-22,Delivered,Paid
SYSPO0007039,PO274168,SUP446954,WH212235,2026-06-25,2026-07-05,Delayed,Pending
SYSPO0007040,PO516381,SUP344098,WH555884,2025-09-14,2025-09-30,Delivered,Pending
SYSPO0007041,PO199091,SUP459536,WH770487,2025-10-23,2025-11-06,Delivered,Paid
SYSPO0007042,PO456570,SUP330914,WH654634,2026-03-01,2026-03-20,Delivered,Paid
SYSPO0007043,PO646155,SUP322955,WH740967,2026-06-22,2026-07-05,Delivered,Paid
SYSPO0007044,PO202842,SUP330914,WH515011,2026-05-04,2026-05-23,Delayed,Pending
SYSPO0007045,PO130502,SUP736059,WH356150,2026-07-12,2026-07-26,Delivered,Paid
SYSPO0007046,PO596856,SUP156213,WH740967,2026-05-19,2026-06-01,Delivered,Paid
SYSPO0007047,PO336479,SUP260263,WH205907,2026-06-02,2026-06-09,Delivered,Paid
SYSPO0007048,PO822780,SUP356150,WH237174,2026-01-21,2026-02-08,Delivered,Paid
SYSPO0007049,PO873967,SUP802729,WH379766,2026-04-13,2026-04-24,Delivered,Paid
SYSPO0007050,PO370542,SUP802729,WH958179,2026-06-18,2026-06-29,Delivered,Paid
SYSPO0007051,PO306919,SUP211764,WH930555,2026-08-04,2026-08-21,In Transit,Pending
SYSPO0007052,PO302816,SUP976325,WH808011,2025-09-02,2025-09-15,Delivered,Paid
SYSPO0007053,PO519167,SUP925981,WH412942,2026-05-22,2026-06-09,Delivered,Paid
SYSPO0007054,PO695545,SUP705397,WH460663,2026-04-28,2026-05-26,Delivered,Paid
SYSPO0007055,PO973934,SUP887625,WH567574,2025-10-03,2025-10-16,Delivered,Paid
SYSPO0007056,PO713232,SUP437408,WH690341,2025-08-14,2025-08-29,Delivered,Paid
SYSPO0007057,PO674332,SUP880879,WH770487,2026-01-30,2026-03-09,Delivered,Paid
SYSPO0007058,PO301314,SUP356150,WH482364,2026-05-10,2026-05-28,Cancelled,Cancelled
SYSPO0007059,PO950826,SUP881177,WH958179,2025-12-11,2025-12-25,Delivered,Paid
SYSPO0007060,PO134768,SUP589710,WH656116,2025-08-19,2025-09-07,Delivered,Paid
SYSPO0007061,PO422907,SUP642717,WH526117,2025-09-07,2025-09-21,Delayed,Pending
SYSPO0007062,PO292338,SUP356150,WH373903,2025-09-02,2025-09-20,Delivered,Paid
SYSPO0007063,PO263875,SUP989545,WH112038,2025-08-26,2025-09-11,Delivered,Paid
SYSPO0007064,PO102658,SUP887625,WH460663,2025-10-13,2025-10-26,Delivered,Paid
SYSPO0007065,PO503149,SUP768854,WH832052,2026-06-09,2026-06-26,Delivered,Paid
SYSPO0007066,PO980012,SUP881177,WH532322,2025-11-10,2025-11-24,Delayed,Pending
SYSPO0007067,PO698408,SUP801364,WH555884,2026-03-09,2026-03-31,Delivered,Paid
SYSPO0007068,PO793612,SUP934794,WH658582,2025-09-01,2025-09-07,Delivered,Paid
SYSPO0007069,PO584221,SUP184491,WH658582,2026-03-16,2026-04-17,Delivered,Paid
SYSPO0007070,PO808401,SUP572387,WH429164,2026-06-20,2026-07-06,Delivered,Paid
SYSPO0007071,PO580320,SUP696750,WH526117,2025-11-01,2025-11-08,Delivered,Paid
SYSPO0007072,PO481506,SUP519093,WH771088,2026-07-24,2026-08-09,In Transit,Pending
SYSPO0007073,PO265917,SUP770487,WH379766,2025-11-13,2025-11-27,Delayed,Pending
SYSPO0007074,PO591753,SUP842411,WH274389,2026-01-10,2026-01-18,Delivered,Paid
SYSPO0007075,PO815154,SUP437408,WH816751,2026-01-02,2026-01-17,Delivered,Paid
SYSPO0007076,PO589585,SUP705397,WH567574,2026-01-27,2026-02-24,Delivered,Paid
SYSPO0007077,PO748624,SUP216970,WH656116,2026-04-06,2026-04-25,Delivered,Paid
SYSPO0007078,PO755727,SUP681343,WH526117,2026-01-09,2026-01-24,Delivered,Paid
SYSPO0007079,PO714715,SUP256294,WH191161,2026-01-20,2026-02-02,Delivered,Paid
SYSPO0007080,PO662079,SUP887625,WH740967,2025-12-05,2025-12-18,Delivered,Paid
SYSPO0007081,PO892920,SUP350867,WH262316,2025-08-11,2025-08-26,Delivered,Paid
SYSPO0007082,PO463613,SUP300337,WH237174,2026-01-03,2026-01-16,Delayed,Pending
SYSPO0007083,PO970269,SUP755788,WH658582,2026-04-23,2026-05-18,Delivered,Paid
SYSPO0007084,PO996945,SUP728492,WH324082,2025-09-19,2025-10-05,Delivered,Paid
SYSPO0007085,PO501267,SUP211764,WH658582,2026-02-28,2026-03-17,Delivered,Paid
SYSPO0007086,PO544907,SUP260422,WH262316,2025-08-07,2025-08-16,Delivered,Paid
SYSPO0007087,PO871072,SUP965845,WH832052,2026-04-11,2026-04-18,Delivered,Paid
SYSPO0007088,PO749090,SUP801364,WH429164,2026-05-11,2026-06-02,Delivered,Pending
SYSPO0007089,PO880750,SUP378361,WH816751,2026-04-02,2026-05-08,Delivered,Paid
SYSPO0007090,PO350204,SUP934794,WH686075,2025-08-29,2025-09-04,Delivered,Paid
SYSPO0007091,PO779240,SUP972335,WH380746,2026-05-25,2026-07-02,Delivered,Paid
SYSPO0007092,PO482252,SUP576086,WH820221,2026-05-21,2026-05-27,Delivered,Paid
SYSPO0007093,PO686319,SUP259784,WH922157,2026-03-20,2026-03-27,Delivered,Paid
SYSPO0007094,PO430113,SUP696750,WH997546,2025-08-22,2025-08-29,Delivered,Paid
SYSPO0007095,PO348537,SUP300337,WH356150,2026-05-04,2026-05-17,Delivered,Paid
SYSPO0007096,PO134118,SUP437408,WH636265,2026-06-30,2026-07-15,Delivered,Paid
SYSPO0007097,PO308374,SUP437408,WH515011,2025-09-02,2025-09-17,Delivered,Paid
SYSPO0007098,PO295590,SUP133659,WH662336,2025-12-21,2026-01-08,Delivered,Paid
SYSPO0007099,PO417659,SUP842411,WH532322,2026-07-31,2026-08-08,In Transit,Pending
SYSPO0007100,PO918731,SUP955662,WH233470,2026-02-16,2026-03-07,Delivered,Paid
SYSPO0007101,PO941934,SUP955662,WH262316,2025-09-15,2025-10-04,Cancelled,Cancelled
SYSPO0007102,PO505089,SUP344098,WH654634,2025-11-25,2025-12-11,Delivered,Paid
SYSPO0007103,PO130738,SUP472060,WH658582,2026-06-06,2026-06-22,Delivered,Paid
SYSPO0007104,PO527411,SUP871711,WH262316,2026-04-28,2026-05-08,Delivered,Paid
SYSPO0007105,PO709669,SUP437408,WH636265,2025-11-30,2025-12-15,Delivered,Paid
SYSPO0007106,PO589977,SUP221263,WH205907,2026-03-28,2026-04-21,Delivered,Pending
SYSPO0007107,PO926993,SUP662275,WH379766,2025-09-07,2025-09-19,Delivered,Paid
SYSPO0007108,PO992091,SUP972064,WH555884,2025-11-22,2025-12-10,Delayed,Pending
SYSPO0007109,PO921863,SUP486945,WH820221,2026-05-29,2026-06-21,Delivered,Paid
SYSPO0007110,PO156293,SUP801364,WH930555,2026-07-30,2026-08-21,Processing,Pending
SYSPO0007111,PO193100,SUP335615,WH322086,2026-01-21,2026-01-27,Delivered,Paid
SYSPO0007112,PO943258,SUP733039,WH656116,2025-12-31,2026-01-16,Delivered,Paid
SYSPO0007113,PO510769,SUP121753,WH740967,2026-01-05,2026-01-16,Delayed,Pending
SYSPO0007114,PO583900,SUP437902,WH262316,2026-06-20,2026-07-07,Delivered,Paid
SYSPO0007115,PO347525,SUP608257,WH636265,2026-04-18,2026-05-04,Delivered,Paid
SYSPO0007116,PO437045,SUP211764,WH654634,2025-08-16,2025-09-02,Delivered,Paid
SYSPO0007117,PO596037,SUP989545,WH519066,2026-02-05,2026-02-21,Cancelled,Cancelled
SYSPO0007118,PO947838,SUP256294,WH740967,2025-10-04,2025-10-17,Delivered,Paid
SYSPO0007119,PO529805,SUP300337,WH205907,2026-02-28,2026-03-13,Delivered,Paid
SYSPO0007120,PO653498,SUP770487,WH539589,2025-10-29,2025-11-12,Delivered,Paid
SYSPO0007121,PO189334,SUP523389,WH422451,2025-09-26,2025-10-12,Delayed,Pending
SYSPO0007122,PO350772,SUP265080,WH526117,2026-05-22,2026-06-07,Delayed,Pending
SYSPO0007123,PO697672,SUP260263,WH771088,2026-01-03,2026-01-10,Delivered,Paid
SYSPO0007124,PO727280,SUP946305,WH771088,2026-06-10,2026-07-08,Delayed,Pending
SYSPO0007125,PO872191,SUP681343,WH532322,2026-06-10,2026-06-25,Delayed,Pending
SYSPO0007126,PO531201,SUP725084,WH930555,2026-06-30,2026-07-17,Delivered,Paid
SYSPO0007127,PO916317,SUP179046,WH373903,2026-03-04,2026-03-24,Delivered,Paid
SYSPO0007128,PO941633,SUP589710,WH656116,2025-11-27,2025-12-16,Delivered,Paid
SYSPO0007129,PO958437,SUP179046,WH922157,2026-04-08,2026-04-28,Delivered,Pending
SYSPO0007130,PO653344,SUP420214,WH422451,2025-09-29,2025-10-12,Delivered,Paid
SYSPO0007131,PO656697,SUP589710,WH233470,2025-11-28,2025-12-17,Delivered,Paid
SYSPO0007132,PO339073,SUP437408,WH526117,2026-04-25,2026-05-10,Delivered,Paid
SYSPO0007133,PO553886,SUP133659,WH322086,2026-07-15,2026-08-02,Delivered,Paid
SYSPO0007134,PO405192,SUP965845,WH910891,2026-07-26,2026-08-02,Delivered,Paid
SYSPO0007135,PO744181,SUP519904,WH262316,2026-06-09,2026-06-23,Delivered,Paid
SYSPO0007136,PO958959,SUP156213,WH636265,2026-07-07,2026-07-20,Delivered,Paid
SYSPO0007137,PO368780,SUP572700,WH801474,2026-05-15,2026-05-26,Delivered,Paid
SYSPO0007138,PO644480,SUP920652,WH532322,2026-04-13,2026-05-06,Delivered,Paid
SYSPO0007139,PO373775,SUP639593,WH519066,2025-12-27,2026-01-03,Delivered,Paid
SYSPO0007140,PO430774,SUP946305,WH771088,2025-08-09,2025-09-06,Delivered,Pending
SYSPO0007141,PO135310,SUP904150,WH829716,2026-03-07,2026-04-02,Delivered,Paid
SYSPO0007142,PO847892,SUP184491,WH380746,2026-07-10,2026-08-11,In Transit,Pending
SYSPO0007143,PO919187,SUP350867,WH599948,2026-03-08,2026-03-23,Delivered,Paid
SYSPO0007144,PO780498,SUP121753,WH262316,2025-09-28,2025-10-09,Delivered,Paid
SYSPO0007145,PO752686,SUP211764,WH801474,2025-09-21,2025-10-08,Delivered,Pending
SYSPO0007146,PO962475,SUP765095,WH829716,2025-08-21,2025-09-25,Delayed,Pending
SYSPO0007147,PO518959,SUP221263,WH997546,2025-08-06,2025-08-30,Cancelled,Cancelled
SYSPO0007148,PO356717,SUP768854,WH771088,2026-03-15,2026-04-01,Delivered,Paid
SYSPO0007149,PO470377,SUP765095,WH379766,2026-03-24,2026-04-28,Delivered,Paid
SYSPO0007150,PO815776,SUP437902,WH740967,2026-01-05,2026-01-22,Delivered,Paid
SYSPO0007151,PO758459,SUP420214,WH205907,2026-03-01,2026-03-14,Delivered,Pending
SYSPO0007152,PO442211,SUP378361,WH482364,2026-03-05,2026-04-10,Delivered,Paid
SYSPO0007153,PO657527,SUP972064,WH654634,2025-09-07,2025-09-25,Delivered,Paid
SYSPO0007154,PO503187,SUP526117,WH373903,2025-12-01,2025-12-17,Delivered,Paid
SYSPO0007155,PO230490,SUP770487,WH532322,2025-10-25,2025-11-08,Delivered,Pending
SYSPO0007156,PO463426,SUP333238,WH662336,2026-05-22,2026-06-10,Delivered,Paid
SYSPO0007157,PO641280,SUP624902,WH824586,2026-05-19,2026-06-01,Delivered,Paid
SYSPO0007158,PO314510,SUP804318,WH233470,2026-07-21,2026-08-11,In Transit,Pending
SYSPO0007159,PO769080,SUP642717,WH519066,2026-05-13,2026-05-27,Delivered,Paid
SYSPO0007160,PO999700,SUP765095,WH820221,2025-12-16,2026-01-20,Delivered,Paid
SYSPO0007161,PO296916,SUP890170,WH262316,2025-10-26,2025-11-02,Delivered,Paid
SYSPO0007162,PO472282,SUP955662,WH658582,2026-01-12,2026-01-31,Delivered,Paid
SYSPO0007163,PO777926,SUP459536,WH412942,2026-07-22,2026-08-05,Delivered,Paid
SYSPO0007164,PO793510,SUP768854,WH567574,2026-04-12,2026-04-29,Delivered,Paid
SYSPO0007165,PO156243,SUP972335,WH329974,2026-07-01,2026-08-08,In Transit,Pending
SYSPO0007166,PO993797,SUP595631,WH582662,2026-02-20,2026-03-17,Delivered,Paid
SYSPO0007167,PO506512,SUP680099,WH820221,2025-09-29,2025-10-16,Delivered,Paid
SYSPO0007168,PO899231,SUP265080,WH212235,2025-10-06,2025-10-22,Delivered,Paid
SYSPO0007169,PO847631,SUP925981,WH824586,2025-10-15,2025-11-02,Delivered,Paid
SYSPO0007170,PO367709,SUP179046,WH532322,2025-10-29,2025-11-18,Delivered,Paid
SYSPO0007171,PO448584,SUP642717,WH379766,2026-04-01,2026-04-15,Delivered,Paid
SYSPO0007172,PO478653,SUP871711,WH654634,2026-06-25,2026-07-05,Delivered,Paid
SYSPO0007173,PO320547,SUP813536,WH997546,2025-11-11,2025-12-02,Delivered,Paid
SYSPO0007174,PO165014,SUP322955,WH212235,2025-10-19,2025-11-01,Delivered,Paid
SYSPO0007175,PO559946,SUP891937,WH636265,2025-09-18,2025-10-16,Delivered,Paid
SYSPO0007176,PO620778,SUP608257,WH356150,2025-10-14,2025-10-30,Delivered,Paid
SYSPO0007177,PO397661,SUP890170,WH205907,2026-04-22,2026-04-29,Delivered,Paid
SYSPO0007178,PO402470,SUP133659,WH785197,2026-06-11,2026-06-29,Delivered,Paid
SYSPO0007179,PO592764,SUP245051,WH376807,2026-03-13,2026-04-03,Delivered,Paid
SYSPO0007180,PO447009,SUP437902,WH379766,2026-07-01,2026-07-18,Delivered,Paid
SYSPO0007181,PO696839,SUP256294,WH801474,2025-08-26,2025-09-08,Delivered,Paid
SYSPO0007182,PO854584,SUP696750,WH519066,2026-07-01,2026-07-08,Delivered,Paid
SYSPO0007183,PO457479,SUP523389,WH642717,2026-05-23,2026-06-08,Delivered,Paid
SYSPO0007184,PO481696,SUP572387,WH958179,2026-08-02,2026-08-18,Cancelled,Cancelled
SYSPO0007185,PO276953,SUP972064,WH816751,2026-03-06,2026-03-24,Delivered,Paid
SYSPO0007186,PO121833,SUP121753,WH460663,2026-01-31,2026-02-11,Delivered,Paid
SYSPO0007187,PO260477,SUP608257,WH237174,2026-04-12,2026-04-28,Delivered,Paid
SYSPO0007188,PO944386,SUP842411,WH237174,2026-03-06,2026-03-14,Delayed,Pending
SYSPO0007189,PO218673,SUP891937,WH656116,2025-09-02,2025-09-30,Delivered,Paid
SYSPO0007190,PO958913,SUP598216,WH519066,2025-11-25,2025-12-07,Delivered,Paid
SYSPO0007191,PO682677,SUP920652,WH662336,2026-04-22,2026-05-15,Delivered,Paid
SYSPO0007192,PO452543,SUP692683,WH567574,2025-08-31,2025-09-25,Delayed,Pending
SYSPO0007193,PO229002,SUP300896,WH324082,2025-11-10,2025-11-18,Delayed,Pending
SYSPO0007194,PO795795,SUP664607,WH329974,2025-09-12,2025-10-15,Delivered,Paid
SYSPO0007195,PO607148,SUP427110,WH519066,2025-10-20,2025-11-07,Delayed,Pending
SYSPO0007196,PO534908,SUP877236,WH555884,2026-05-13,2026-05-20,Delivered,Paid
SYSPO0007197,PO108156,SUP768854,WH482364,2026-03-18,2026-04-04,Delayed,Pending
SYSPO0007198,PO196110,SUP990844,WH808011,2026-02-10,2026-03-01,Delivered,Paid
SYSPO0007199,PO310683,SUP972335,WH662336,2025-12-11,2026-01-18,Delivered,Paid
SYSPO0007200,PO594455,SUP391668,WH212235,2025-12-21,2026-01-03,Delivered,Paid
SYSPO0007201,PO707214,SUP322955,WH479201,2025-09-23,2025-10-06,Delivered,Paid
SYSPO0007202,PO148471,SUP989545,WH824586,2026-04-22,2026-05-08,Delivered,Paid
SYSPO0007203,PO648942,SUP642717,WH922157,2026-04-16,2026-04-30,Delayed,Pending
SYSPO0007204,PO630769,SUP449499,WH329974,2025-11-04,2025-11-09,Cancelled,Cancelled
SYSPO0007205,PO192269,SUP429164,WH829716,2025-09-12,2025-09-29,Delivered,Paid
SYSPO0007206,PO726227,SUP121753,WH532322,2025-11-23,2025-12-04,Delivered,Paid
SYSPO0007207,PO145833,SUP519904,WH379766,2026-04-02,2026-04-16,Delivered,Paid
SYSPO0007208,PO299082,SUP618392,WH233470,2025-09-01,2025-09-14,Delivered,Paid
SYSPO0007209,PO698384,SUP216970,WH422451,2026-07-20,2026-08-08,In Transit,Pending
SYSPO0007210,PO293924,SUP344098,WH100425,2025-10-19,2025-11-04,Delivered,Paid
SYSPO0007211,PO767189,SUP972335,WH820221,2025-12-06,2026-01-13,Delivered,Pending
SYSPO0007212,PO165833,SUP372793,WH582662,2026-02-09,2026-02-23,Delivered,Paid
SYSPO0007213,PO571643,SUP934794,WH930555,2026-01-27,2026-02-02,Delivered,Paid
SYSPO0007214,PO523814,SUP459536,WH642717,2025-12-10,2025-12-24,Delivered,Paid
SYSPO0007215,PO241677,SUP459536,WH205907,2026-04-01,2026-04-15,Delivered,Paid
SYSPO0007216,PO197208,SUP259784,WH262316,2026-04-18,2026-04-25,Delivered,Paid
SYSPO0007217,PO406291,SUP449499,WH930555,2025-12-01,2025-12-06,Delivered,Paid
SYSPO0007218,PO388163,SUP899213,WH582662,2026-05-01,2026-05-19,Delivered,Paid
SYSPO0007219,PO817460,SUP624902,WH356150,2026-03-19,2026-04-01,Delivered,Paid
SYSPO0007220,PO351257,SUP245051,WH324082,2025-10-03,2025-10-24,Delivered,Paid
SYSPO0007221,PO816281,SUP321275,WH532322,2026-03-12,2026-03-19,Delivered,Paid
SYSPO0007222,PO693995,SUP526117,WH636265,2026-03-13,2026-03-29,Delivered,Paid
SYSPO0007223,PO420817,SUP899213,WH356150,2025-12-24,2026-01-11,Delivered,Pending
SYSPO0007224,PO696678,SUP757711,WH526117,2026-06-14,2026-06-19,Delivered,Paid
SYSPO0007225,PO558397,SUP265080,WH686075,2025-12-05,2025-12-21,Delivered,Paid
SYSPO0007226,PO110734,SUP216970,WH515011,2026-01-18,2026-02-06,Delivered,Paid
SYSPO0007227,PO111648,SUP333238,WH329974,2025-10-09,2025-10-28,Delayed,Pending
SYSPO0007228,PO381300,SUP333238,WH379766,2025-08-06,2025-08-25,Delivered,Pending
SYSPO0007229,PO644589,SUP211764,WH567574,2025-12-04,2025-12-21,Delayed,Pending
SYSPO0007230,PO663897,SUP624902,WH205907,2025-11-08,2025-11-21,Delivered,Paid
SYSPO0007231,PO354796,SUP871711,WH380746,2026-06-06,2026-06-16,Delivered,Paid
SYSPO0007232,PO155000,SUP519093,WH532322,2025-10-30,2025-11-15,Delivered,Paid
SYSPO0007233,PO911113,SUP877236,WH262316,2026-05-08,2026-05-15,Delivered,Paid
SYSPO0007234,PO313650,SUP976325,WH519066,2026-05-19,2026-06-01,Delivered,Paid
SYSPO0007235,PO646126,SUP877236,WH654634,2026-04-10,2026-04-17,Delivered,Paid
SYSPO0007236,PO925463,SUP904150,WH930555,2026-01-21,2026-02-16,Delivered,Paid
SYSPO0007237,PO441365,SUP221263,WH824586,2025-11-20,2025-12-14,Delivered,Paid
SYSPO0007238,PO929218,SUP300896,WH555884,2026-06-27,2026-07-05,Delivered,Paid
SYSPO0007239,PO809887,SUP197251,WH205907,2025-12-22,2025-12-29,Delivered,Paid
SYSPO0007240,PO870452,SUP391668,WH922157,2025-09-26,2025-10-09,Delayed,Pending
SYSPO0007241,PO602244,SUP572387,WH808011,2026-04-25,2026-05-11,Delivered,Paid
SYSPO0007242,PO325271,SUP608257,WH262316,2026-05-16,2026-06-01,Delayed,Pending
SYSPO0007243,PO138190,SUP690341,WH829716,2025-12-11,2025-12-16,Delivered,Paid
SYSPO0007244,PO302252,SUP372793,WH662336,2026-07-11,2026-07-25,Delivered,Paid
SYSPO0007245,PO258256,SUP265080,WH690341,2026-02-07,2026-02-23,Delayed,Pending
SYSPO0007246,PO564599,SUP472060,WH482364,2026-01-31,2026-02-16,Delivered,Paid
SYSPO0007247,PO153172,SUP680099,WH690341,2026-01-24,2026-02-10,Delivered,Paid
SYSPO0007248,PO653313,SUP349565,WH816751,2025-12-22,2026-01-17,Delivered,Paid
SYSPO0007249,PO528708,SUP972335,WH429164,2026-06-01,2026-07-09,Delivered,Paid
SYSPO0007250,PO993614,SUP519904,WH422451,2025-12-01,2025-12-15,Delivered,Paid
SYSPO0007251,PO296646,SUP757711,WH526117,2026-02-10,2026-02-15,Delivered,Paid
SYSPO0007252,PO598905,SUP598216,WH237174,2026-03-07,2026-03-19,Delivered,Paid
SYSPO0007253,PO613769,SUP240814,WH532322,2025-09-16,2025-09-22,Delivered,Paid
SYSPO0007254,PO200441,SUP356150,WH532322,2025-10-12,2025-10-30,Delivered,Paid
SYSPO0007255,PO629957,SUP690341,WH824586,2026-04-12,2026-04-17,Delivered,Paid
SYSPO0007256,PO258441,SUP757711,WH237174,2026-03-28,2026-04-02,Delivered,Paid
SYSPO0007257,PO979328,SUP725084,WH212235,2025-09-05,2025-09-22,Delivered,Paid
SYSPO0007258,PO903861,SUP891937,WH658582,2026-06-27,2026-07-25,Delivered,Paid
SYSPO0007259,PO239151,SUP765095,WH658582,2025-11-21,2025-12-26,Delivered,Paid
SYSPO0007260,PO550064,SUP384076,WH412942,2026-07-04,2026-07-19,Delayed,Pending
SYSPO0007261,PO326040,SUP245051,WH324082,2026-06-21,2026-07-12,Delayed,Pending
SYSPO0007262,PO303151,SUP671858,WH412942,2025-09-28,2025-10-14,Delivered,Paid
SYSPO0007263,PO602409,SUP446954,WH526833,2026-07-17,2026-07-27,Delivered,Paid
SYSPO0007264,PO724257,SUP576086,WH482364,2026-03-02,2026-03-08,Delivered,Paid
SYSPO0007265,PO676464,SUP330914,WH100425,2025-10-20,2025-11-08,Delivered,Paid
SYSPO0007266,PO582241,SUP427110,WH262316,2025-11-15,2025-12-03,Delivered,Pending
SYSPO0007267,PO262526,SUP221263,WH379766,2026-05-16,2026-06-09,Delivered,Paid
SYSPO0007268,PO395702,SUP681343,WH824586,2026-07-15,2026-07-30,Delivered,Paid
SYSPO0007269,PO468459,SUP871711,WH930555,2026-04-05,2026-04-15,Delivered,Paid
SYSPO0007270,PO190647,SUP153872,WH816751,2025-09-03,2025-09-10,Delayed,Pending
SYSPO0007271,PO123247,SUP197251,WH377746,2026-05-14,2026-05-21,Delivered,Paid
SYSPO0007272,PO454808,SUP133659,WH636265,2025-09-03,2025-09-21,Delivered,Paid
SYSPO0007273,PO807214,SUP865990,WH377746,2026-07-17,2026-08-07,In Transit,Pending
SYSPO0007274,PO883694,SUP523389,WH422451,2025-08-12,2025-08-28,Delivered,Paid
SYSPO0007275,PO108077,SUP420214,WH376807,2026-06-30,2026-07-13,Delayed,Pending
SYSPO0007276,PO818468,SUP497887,WH662336,2026-02-17,2026-03-07,Delivered,Paid
SYSPO0007277,PO434712,SUP519904,WH636265,2026-04-07,2026-04-21,Delayed,Pending
SYSPO0007278,PO286469,SUP944962,WH820221,2025-08-17,2025-08-31,Delivered,Paid
SYSPO0007279,PO821583,SUP870763,WH555884,2026-06-16,2026-07-02,Delivered,Paid
SYSPO0007280,PO934394,SUP260422,WH377746,2026-03-18,2026-03-27,Delivered,Paid
SYSPO0007281,PO342584,SUP245051,WH429164,2026-03-17,2026-04-07,Delivered,Paid
SYSPO0007282,PO869734,SUP519904,WH922157,2026-01-09,2026-01-23,Delivered,Paid
SYSPO0007283,PO538937,SUP624902,WH930555,2026-05-30,2026-06-12,Delivered,Paid
SYSPO0007284,PO411217,SUP839677,WH482364,2026-03-22,2026-04-08,Delivered,Paid
SYSPO0007285,PO133624,SUP681343,WH532322,2025-10-26,2025-11-10,Delivered,Paid
SYSPO0007286,PO886302,SUP598216,WH274389,2026-07-22,2026-08-03,Delivered,Paid
SYSPO0007287,PO701397,SUP184491,WH380746,2025-08-19,2025-09-20,Cancelled,Cancelled
SYSPO0007288,PO172167,SUP572700,WH262316,2026-03-07,2026-03-18,Delivered,Paid
SYSPO0007289,PO916901,SUP350867,WH356150,2025-11-14,2025-11-29,Delivered,Paid
SYSPO0007290,PO510360,SUP184491,WH376807,2026-03-04,2026-04-05,Delivered,Paid
SYSPO0007291,PO901062,SUP671858,WH832052,2026-07-18,2026-08-03,Delivered,Paid
SYSPO0007292,PO833901,SUP802729,WH526117,2026-03-02,2026-03-13,Delivered,Paid
SYSPO0007293,PO705698,SUP349565,WH412942,2026-02-04,2026-03-02,Delivered,Paid
SYSPO0007294,PO572737,SUP526117,WH771088,2026-04-15,2026-05-01,Delivered,Paid
SYSPO0007295,PO584884,SUP497887,WH922157,2026-06-02,2026-06-20,Delivered,Paid
SYSPO0007296,PO216726,SUP829308,WH656116,2025-10-01,2025-10-09,Delivered,Paid
SYSPO0007297,PO678603,SUP260422,WH100425,2025-12-25,2026-01-03,Delivered,Paid
SYSPO0007298,PO692862,SUP300896,WH322086,2026-01-04,2026-01-12,Delivered,Paid
SYSPO0007299,PO492284,SUP692683,WH636265,2025-10-30,2025-11-24,Delivered,Paid
SYSPO0007300,PO493190,SUP989545,WH555884,2026-07-17,2026-08-02,Delivered,Pending
SYSPO0007301,PO348255,SUP335113,WH100425,2026-05-31,2026-06-11,Delivered,Pending
SYSPO0007302,PO818936,SUP513160,WH515011,2026-03-21,2026-04-14,Delivered,Paid
SYSPO0007303,PO912071,SUP946305,WH191161,2026-05-16,2026-06-13,Delivered,Paid
SYSPO0007304,PO782056,SUP801364,WH322086,2026-07-03,2026-07-25,Delivered,Paid
SYSPO0007305,PO401489,SUP989545,WH479201,2025-11-26,2025-12-12,Delivered,Paid
SYSPO0007306,PO857787,SUP920652,WH356150,2025-09-25,2025-10-18,Delivered,Paid
SYSPO0007307,PO760058,SUP965845,WH820221,2026-02-01,2026-02-08,Delayed,Pending
SYSPO0007308,PO968257,SUP881177,WH205907,2026-02-15,2026-03-01,Delayed,Pending
SYSPO0007309,PO312474,SUP934794,WH832052,2026-02-19,2026-02-25,Delivered,Paid
SYSPO0007310,PO500763,SUP899213,WH324082,2025-09-09,2025-09-27,Delivered,Paid
SYSPO0007311,PO112949,SUP344098,WH658582,2026-01-06,2026-01-22,Delivered,Paid
SYSPO0007312,PO784251,SUP870763,WH526117,2025-12-24,2026-01-09,Delivered,Paid
SYSPO0007313,PO530618,SUP955662,WH824586,2026-02-16,2026-03-07,Delivered,Paid
SYSPO0007314,PO789593,SUP260422,WH212235,2025-08-09,2025-08-18,Delivered,Paid
SYSPO0007315,PO688369,SUP925981,WH662336,2026-04-19,2026-05-07,Delivered,Paid
SYSPO0007316,PO127671,SUP349565,WH690341,2025-11-05,2025-12-01,Cancelled,Cancelled
SYSPO0007317,PO780896,SUP273982,WH191161,2026-06-30,2026-07-16,Delivered,Paid
SYSPO0007318,PO682743,SUP519093,WH356150,2026-06-14,2026-06-30,Delivered,Paid
SYSPO0007319,PO242537,SUP662275,WH237174,2026-03-31,2026-04-12,Delivered,Paid
SYSPO0007320,PO461471,SUP989545,WH781453,2026-04-27,2026-05-13,Delivered,Paid
SYSPO0007321,PO152169,SUP391668,WH686075,2025-10-08,2025-10-21,Delivered,Paid
SYSPO0007322,PO504432,SUP153872,WH274389,2026-05-26,2026-06-02,Delivered,Paid
SYSPO0007323,PO547534,SUP322955,WH237174,2026-02-20,2026-03-05,Delivered,Paid
SYSPO0007324,PO420768,SUP240814,WH532322,2025-09-28,2025-10-04,Delivered,Paid
SYSPO0007325,PO433378,SUP696750,WH567574,2026-01-25,2026-02-01,Delivered,Paid
SYSPO0007326,PO721640,SUP300337,WH262316,2025-10-05,2025-10-18,Delivered,Paid
SYSPO0007327,PO985313,SUP133659,WH377746,2025-10-13,2025-10-31,Delayed,Pending
SYSPO0007328,PO351824,SUP344098,WH379766,2026-03-12,2026-03-28,Delivered,Paid
SYSPO0007329,PO935799,SUP972335,WH829716,2026-03-12,2026-04-19,Delivered,Paid
SYSPO0007330,PO468790,SUP356150,WH785197,2026-04-18,2026-05-06,Delivered,Paid
SYSPO0007331,PO883294,SUP925981,WH526833,2026-07-09,2026-07-27,Delivered,Paid
SYSPO0007332,PO595854,SUP944962,WH539589,2025-09-30,2025-10-14,Delivered,Paid
SYSPO0007333,PO218495,SUP211764,WH205907,2026-05-17,2026-06-03,Delivered,Paid
SYSPO0007334,PO395858,SUP437408,WH526833,2026-05-16,2026-05-31,Delivered,Paid
SYSPO0007335,PO744055,SUP356150,WH412942,2026-02-08,2026-02-26,Delivered,Paid
SYSPO0007336,PO421802,SUP153872,WH997546,2026-08-04,2026-08-11,In Transit,Pending
SYSPO0007337,PO733770,SUP321275,WH212235,2025-12-22,2025-12-29,Delivered,Paid
SYSPO0007338,PO137849,SUP519904,WH112038,2025-08-20,2025-09-03,Delivered,Paid
SYSPO0007339,PO366519,SUP613425,WH740967,2025-10-28,2025-11-08,Delivered,Paid
SYSPO0007340,PO614748,SUP725084,WH205907,2026-05-27,2026-06-13,Delivered,Pending
SYSPO0007341,PO703136,SUP972335,WH191161,2026-02-10,2026-03-20,Delivered,Paid
SYSPO0007342,PO757576,SUP133659,WH379766,2025-11-03,2025-11-21,Delivered,Paid
SYSPO0007343,PO141529,SUP757711,WH686075,2025-08-29,2025-09-03,Delivered,Paid
SYSPO0007344,PO873894,SUP437408,WH329974,2025-11-15,2025-11-30,Delivered,Paid
SYSPO0007345,PO984057,SUP880879,WH479201,2025-12-26,2026-02-02,Delivered,Paid
SYSPO0007346,PO727282,SUP523389,WH829716,2025-11-03,2025-11-19,Delivered,Paid
SYSPO0007347,PO628671,SUP356150,WH262316,2025-08-21,2025-09-08,Delivered,Paid
SYSPO0007348,PO996001,SUP459536,WH997546,2026-04-21,2026-05-05,Delivered,Paid
SYSPO0007349,PO574016,SUP597732,WH816751,2025-10-24,2025-11-19,Delivered,Paid
SYSPO0007350,PO707135,SUP497887,WH555884,2026-02-22,2026-03-12,Delivered,Paid
SYSPO0007351,PO451951,SUP608257,WH212235,2026-07-23,2026-08-08,Processing,Pending
SYSPO0007352,PO390353,SUP589710,WH322086,2026-06-08,2026-06-27,Delivered,Paid
SYSPO0007353,PO894857,SUP322955,WH324082,2025-12-23,2026-01-05,Delivered,Pending
SYSPO0007354,PO826372,SUP768854,WH690341,2026-01-02,2026-01-19,Delivered,Paid
SYSPO0007355,PO580960,SUP990844,WH329974,2026-02-03,2026-02-22,Delivered,Paid
SYSPO0007356,PO321965,SUP839677,WH429164,2026-07-27,2026-08-13,In Transit,Pending
SYSPO0007357,PO359664,SUP881177,WH824586,2026-01-28,2026-02-11,Delayed,Pending
SYSPO0007358,PO823448,SUP614663,WH526833,2026-07-13,2026-07-30,Cancelled,Cancelled
SYSPO0007359,PO716154,SUP802729,WH781453,2025-08-23,2025-09-03,Delivered,Paid
SYSPO0007360,PO384870,SUP877236,WH654634,2025-08-20,2025-08-27,Delivered,Paid
SYSPO0007361,PO996158,SUP813536,WH356150,2026-04-13,2026-05-04,Delivered,Paid
SYSPO0007362,PO741530,SUP899213,WH922157,2025-12-08,2025-12-26,Delivered,Paid
SYSPO0007363,PO495908,SUP333238,WH376807,2025-09-14,2025-10-03,Delayed,Pending
SYSPO0007364,PO663197,SUP925981,WH781453,2026-05-05,2026-05-23,Delivered,Paid
SYSPO0007365,PO338896,SUP273982,WH237174,2026-02-23,2026-03-11,Delivered,Paid
SYSPO0007366,PO163379,SUP378361,WH479201,2026-04-08,2026-05-14,Delivered,Paid
SYSPO0007367,PO885040,SUP300896,WH922157,2026-06-23,2026-07-01,Delivered,Paid
SYSPO0007368,PO712930,SUP285652,WH658582,2025-11-19,2025-12-20,Delivered,Paid
SYSPO0007369,PO650053,SUP302511,WH820221,2026-06-25,2026-07-13,Delivered,Paid
SYSPO0007370,PO740989,SUP153872,WH112038,2026-05-20,2026-05-27,Delivered,Paid
SYSPO0007371,PO758145,SUP437902,WH829716,2025-11-15,2025-12-02,Delivered,Paid
SYSPO0007372,PO654350,SUP692683,WH770487,2026-03-17,2026-04-11,Delivered,Paid
SYSPO0007373,PO193483,SUP330914,WH686075,2026-03-04,2026-03-23,Cancelled,Cancelled
SYSPO0007374,PO297816,SUP650121,WH997546,2026-03-14,2026-03-20,Delivered,Paid
SYSPO0007375,PO977779,SUP770487,WH373903,2025-10-11,2025-10-25,Delivered,Paid
SYSPO0007376,PO503018,SUP946305,WH656116,2025-12-29,2026-01-26,Delivered,Paid
SYSPO0007377,PO397619,SUP184491,WH212235,2026-04-15,2026-05-17,Cancelled,Cancelled
SYSPO0007378,PO286508,SUP899213,WH376807,2025-12-30,2026-01-17,Delivered,Paid
SYSPO0007379,PO508301,SUP736059,WH997546,2025-12-24,2026-01-07,Delivered,Paid
SYSPO0007380,PO697285,SUP681343,WH237174,2026-03-21,2026-04-05,Delivered,Paid
SYSPO0007381,PO566431,SUP595631,WH662336,2026-04-15,2026-05-10,Delivered,Paid
SYSPO0007382,PO165073,SUP768854,WH781453,2026-07-19,2026-08-05,Delivered,Paid
SYSPO0007383,PO855753,SUP302511,WH654634,2026-06-25,2026-07-13,Delivered,Paid
SYSPO0007384,PO698401,SUP184491,WH829716,2025-09-04,2025-10-06,Delivered,Paid
SYSPO0007385,PO213619,SUP260263,WH801474,2026-02-21,2026-02-28,Delivered,Paid
SYSPO0007386,PO899586,SUP976325,WH205907,2025-11-10,2025-11-23,Delivered,Paid
SYSPO0007387,PO273495,SUP572387,WH412942,2025-12-29,2026-01-14,Delivered,Paid
SYSPO0007388,PO501572,SUP705397,WH910891,2026-07-23,2026-08-20,Processing,Pending
SYSPO0007389,PO365387,SUP321275,WH555884,2025-10-30,2025-11-06,Delivered,Paid
SYSPO0007390,PO227765,SUP597732,WH740967,2026-02-21,2026-03-19,Delivered,Paid
SYSPO0007391,PO866319,SUP881177,WH515011,2026-01-09,2026-01-23,Delivered,Paid
SYSPO0007392,PO938991,SUP256294,WH274389,2025-12-20,2026-01-02,Delivered,Paid
SYSPO0007393,PO435014,SUP887625,WH237174,2026-06-18,2026-07-01,Delivered,Paid
SYSPO0007394,PO491339,SUP427110,WH808011,2026-07-07,2026-07-25,Delivered,Paid
SYSPO0007395,PO445184,SUP614663,WH205907,2025-12-16,2026-01-02,Delivered,Paid
SYSPO0007396,PO189804,SUP664607,WH482364,2026-02-10,2026-03-15,Delivered,Paid
SYSPO0007397,PO698138,SUP322955,WH356150,2026-06-08,2026-06-21,Delayed,Pending
SYSPO0007398,PO218387,SUP842411,WH237174,2026-02-08,2026-02-16,Cancelled,Cancelled
SYSPO0007399,PO188175,SUP330914,WH785197,2026-07-15,2026-08-03,Delivered,Paid
SYSPO0007400,PO516045,SUP526117,WH460663,2026-03-27,2026-04-12,Delivered,Paid
SYSPO0007401,PO437062,SUP755788,WH770487,2025-08-07,2025-09-01,Delivered,Paid
SYSPO0007402,PO845120,SUP770487,WH100425,2026-02-15,2026-03-01,Delivered,Paid
SYSPO0007403,PO154149,SUP639593,WH820221,2026-07-13,2026-07-20,Delivered,Pending
SYSPO0007404,PO638433,SUP725084,WH930555,2025-09-27,2025-10-14,Delivered,Paid
SYSPO0007405,PO177702,SUP614663,WH324082,2026-01-22,2026-02-08,Delivered,Paid
SYSPO0007406,PO728996,SUP972064,WH770487,2025-10-08,2025-10-26,Delivered,Paid
SYSPO0007407,PO442830,SUP891937,WH642717,2025-11-02,2025-11-30,Delayed,Pending
SYSPO0007408,PO386377,SUP946305,WH785197,2025-09-03,2025-10-01,Delayed,Pending
SYSPO0007409,PO300685,SUP322955,WH526117,2026-02-20,2026-03-05,Delivered,Paid
SYSPO0007410,PO199722,SUP273982,WH329974,2026-04-11,2026-04-27,Delivered,Paid
SYSPO0007411,PO328304,SUP904150,WH379766,2025-11-22,2025-12-18,Delivered,Paid
SYSPO0007412,PO279123,SUP256294,WH824586,2025-10-26,2025-11-08,Delivered,Paid
SYSPO0007413,PO112970,SUP572387,WH429164,2025-10-02,2025-10-18,Delivered,Paid
SYSPO0007414,PO364029,SUP523389,WH599948,2025-10-16,2025-11-01,Delivered,Paid
SYSPO0007415,PO760321,SUP870763,WH322086,2025-10-05,2025-10-21,Delayed,Pending
SYSPO0007416,PO246210,SUP240814,WH112038,2025-12-23,2025-12-29,Delivered,Paid
SYSPO0007417,PO365434,SUP285652,WH642717,2026-03-26,2026-04-26,Delivered,Paid
SYSPO0007418,PO953061,SUP696750,WH997546,2026-05-10,2026-05-17,Cancelled,Cancelled
SYSPO0007419,PO910295,SUP335113,WH686075,2026-06-18,2026-06-29,Delivered,Paid
SYSPO0007420,PO765301,SUP302511,WH686075,2025-09-19,2025-10-07,Delivered,Paid
SYSPO0007421,PO840377,SUP153872,WH237174,2026-04-18,2026-04-25,Delivered,Paid
SYSPO0007422,PO665267,SUP265080,WH820221,2025-11-02,2025-11-18,Delivered,Paid
SYSPO0007423,PO781877,SUP184491,WH930555,2026-01-13,2026-02-14,Delivered,Paid
SYSPO0007424,PO121458,SUP891937,WH829716,2026-06-16,2026-07-14,Delivered,Paid
SYSPO0007425,PO488362,SUP221263,WH832052,2025-12-11,2026-01-04,Delivered,Paid
SYSPO0007426,PO727411,SUP989545,WH832052,2026-05-11,2026-05-27,Delayed,Pending
SYSPO0007427,PO584391,SUP770487,WH322086,2025-09-18,2025-10-02,Delivered,Paid
SYSPO0007428,PO167875,SUP330914,WH808011,2026-02-08,2026-02-27,Delivered,Paid
SYSPO0007429,PO803502,SUP662275,WH824586,2026-04-24,2026-05-06,Delivered,Paid
SYSPO0007430,PO889007,SUP356150,WH829716,2026-02-06,2026-02-24,Delayed,Pending
SYSPO0007431,PO345297,SUP335113,WH654634,2026-02-07,2026-02-18,Delivered,Paid
SYSPO0007432,PO944038,SUP688508,WH377746,2025-10-25,2025-11-04,Delivered,Paid
SYSPO0007433,PO499850,SUP989545,WH686075,2026-03-22,2026-04-07,Delayed,Pending
SYSPO0007434,PO914813,SUP330914,WH997546,2025-10-06,2025-10-25,Delivered,Paid
SYSPO0007435,PO873423,SUP459536,WH567574,2026-04-13,2026-04-27,Delivered,Paid
SYSPO0007436,PO578788,SUP449499,WH636265,2026-06-24,2026-06-29,Delivered,Paid
SYSPO0007437,PO346692,SUP976325,WH329974,2026-01-11,2026-01-24,Delivered,Paid
SYSPO0007438,PO721984,SUP972064,WH429164,2025-08-13,2025-08-31,Delivered,Paid
SYSPO0007439,PO427639,SUP595631,WH771088,2025-11-07,2025-12-02,Delivered,Paid
SYSPO0007440,PO996190,SUP519904,WH262316,2025-08-21,2025-09-04,Delivered,Paid
SYSPO0007441,PO685723,SUP696750,WH519066,2025-09-23,2025-09-30,Delivered,Paid
SYSPO0007442,PO930858,SUP378361,WH212235,2026-03-15,2026-04-20,Delivered,Paid
SYSPO0007443,PO536363,SUP804318,WH656116,2026-03-23,2026-04-13,Delivered,Paid
SYSPO0007444,PO112042,SUP755788,WH910891,2025-10-06,2025-10-31,Delayed,Pending
SYSPO0007445,PO740561,SUP765095,WH829716,2025-09-26,2025-10-31,Delivered,Paid
SYSPO0007446,PO279636,SUP526117,WH656116,2026-04-06,2026-04-22,Delayed,Pending
SYSPO0007447,PO452999,SUP179046,WH582662,2026-02-20,2026-03-12,Delivered,Paid
SYSPO0007448,PO136248,SUP690341,WH662336,2025-08-20,2025-08-25,Delivered,Paid
SYSPO0007449,PO533555,SUP321275,WH654634,2026-07-16,2026-07-23,Delivered,Paid
SYSPO0007450,PO838196,SUP664607,WH958179,2026-03-15,2026-04-17,Delivered,Paid
SYSPO0007451,PO212464,SUP321275,WH322086,2025-10-01,2025-10-08,Delayed,Pending
SYSPO0007452,PO549721,SUP197251,WH237174,2025-08-26,2025-09-02,Delivered,Paid
SYSPO0007453,PO994961,SUP990844,WH656116,2025-10-08,2025-10-27,Delivered,Paid
SYSPO0007454,PO620751,SUP350867,WH429164,2025-11-13,2025-11-28,Delivered,Paid
SYSPO0007455,PO836165,SUP321275,WH380746,2026-07-29,2026-08-05,Delivered,Paid
SYSPO0007456,PO141458,SUP179046,WH526117,2025-10-13,2025-11-02,Delivered,Paid
SYSPO0007457,PO326995,SUP385470,WH824586,2026-02-21,2026-03-13,Delivered,Paid
SYSPO0007458,PO562787,SUP733039,WH112038,2026-01-09,2026-01-25,Delivered,Paid
SYSPO0007459,PO785602,SUP946305,WH377746,2026-03-25,2026-04-22,Delivered,Paid
SYSPO0007460,PO877753,SUP572700,WH262316,2026-03-11,2026-03-22,Delivered,Paid
SYSPO0007461,PO269063,SUP350867,WH377746,2026-04-09,2026-04-24,Delivered,Paid
SYSPO0007462,PO894212,SUP179046,WH686075,2025-08-12,2025-09-01,Delivered,Paid
SYSPO0007463,PO735778,SUP692683,WH205907,2026-07-12,2026-08-06,In Transit,Pending
SYSPO0007464,PO116933,SUP989545,WH380746,2026-05-11,2026-05-27,Delivered,Paid
SYSPO0007465,PO867561,SUP523389,WH771088,2026-05-14,2026-05-30,Delivered,Paid
SYSPO0007466,PO970867,SUP671858,WH770487,2026-04-18,2026-05-04,Delivered,Paid
SYSPO0007467,PO634177,SUP259784,WH482364,2026-06-19,2026-06-26,Delivered,Paid
SYSPO0007468,PO490304,SUP870763,WH237174,2025-11-23,2025-12-09,Delivered,Paid
SYSPO0007469,PO625126,SUP880879,WH642717,2025-09-07,2025-10-15,Delivered,Paid
SYSPO0007470,PO191481,SUP459536,WH801474,2025-10-28,2025-11-11,Delivered,Pending
SYSPO0007471,PO165725,SUP990844,WH379766,2026-01-26,2026-02-14,Delivered,Paid
SYSPO0007472,PO931039,SUP595631,WH482364,2026-03-28,2026-04-22,Delivered,Paid
SYSPO0007473,PO701822,SUP614663,WH377746,2026-02-04,2026-02-21,Delivered,Paid
SYSPO0007474,PO234594,SUP681343,WH274389,2026-07-07,2026-07-22,Delivered,Paid
SYSPO0007475,PO368239,SUP260422,WH329974,2026-02-08,2026-02-17,Delivered,Paid
SYSPO0007476,PO145495,SUP497382,WH205907,2025-10-10,2025-10-28,Delivered,Paid
SYSPO0007477,PO408521,SUP946305,WH642717,2025-10-29,2025-11-26,Cancelled,Cancelled
SYSPO0007478,PO406494,SUP595631,WH567574,2026-06-23,2026-07-18,Delivered,Paid
SYSPO0007479,PO881397,SUP472060,WH412942,2026-01-11,2026-01-27,Delivered,Paid
SYSPO0007480,PO896749,SUP881177,WH429164,2026-03-26,2026-04-09,Delivered,Paid
SYSPO0007481,PO474698,SUP965845,WH526117,2025-09-29,2025-10-06,Delivered,Paid
SYSPO0007482,PO788847,SUP156213,WH356150,2026-06-09,2026-06-22,Delivered,Paid
SYSPO0007483,PO648126,SUP240814,WH526117,2026-03-19,2026-03-25,Delivered,Paid
SYSPO0007484,PO614962,SUP153872,WH262316,2026-06-19,2026-06-26,Delivered,Paid
SYSPO0007485,PO166655,SUP121753,WH237174,2026-05-30,2026-06-10,Delivered,Paid
SYSPO0007486,PO928200,SUP589710,WH519066,2025-10-14,2025-11-02,Delivered,Pending
SYSPO0007487,PO334048,SUP302511,WH997546,2026-04-04,2026-04-22,Delivered,Paid
SYSPO0007488,PO391226,SUP335113,WH922157,2026-04-18,2026-04-29,Delivered,Paid
SYSPO0007489,PO365198,SUP613425,WH412942,2026-02-19,2026-03-02,Delivered,Paid
SYSPO0007490,PO947760,SUP221263,WH412942,2025-11-15,2025-12-09,Delivered,Paid
SYSPO0007491,PO334195,SUP321275,WH922157,2025-10-09,2025-10-16,Delivered,Paid
SYSPO0007492,PO622852,SUP446954,WH526833,2026-05-13,2026-05-23,Delivered,Paid
SYSPO0007493,PO756805,SUP944962,WH930555,2026-04-28,2026-05-12,Delivered,Paid
SYSPO0007494,PO447552,SUP755788,WH380746,2025-12-16,2026-01-10,Delayed,Pending
SYSPO0007495,PO665531,SUP598216,WH237174,2026-07-29,2026-08-10,In Transit,Pending
SYSPO0007496,PO247019,SUP728492,WH930555,2026-01-28,2026-02-13,Delivered,Paid
SYSPO0007497,PO300501,SUP335113,WH519066,2026-03-24,2026-04-04,Delivered,Paid
SYSPO0007498,PO431559,SUP839677,WH785197,2026-03-22,2026-04-08,Delivered,Paid
SYSPO0007499,PO988605,SUP650121,WH997546,2025-08-31,2025-09-06,Cancelled,Cancelled
SYSPO0007500,PO157192,SUP259784,WH237174,2025-11-02,2025-11-09,Delayed,Pending
SYSPO0007501,PO472365,SUP156213,WH205907,2025-12-29,2026-01-11,Delivered,Paid
SYSPO0007502,PO820144,SUP472060,WH479201,2026-01-01,2026-01-17,Delivered,Paid
SYSPO0007503,PO892473,SUP322955,WH801474,2025-09-25,2025-10-08,Delivered,Paid
SYSPO0007504,PO990680,SUP259784,WH322086,2025-09-16,2025-09-23,Delivered,Paid
SYSPO0007505,PO722310,SUP273982,WH274389,2025-08-11,2025-08-27,Delivered,Pending
SYSPO0007506,PO651166,SUP256294,WH532322,2025-10-22,2025-11-04,Delayed,Pending
SYSPO0007507,PO272744,SUP307428,WH324082,2026-02-24,2026-03-07,Delayed,Pending
SYSPO0007508,PO899314,SUP613425,WH690341,2026-07-04,2026-07-15,Delivered,Paid
SYSPO0007509,PO798439,SUP497887,WH237174,2026-07-24,2026-08-11,Cancelled,Cancelled
SYSPO0007510,PO892824,SUP965845,WH662336,2026-02-16,2026-02-23,Delivered,Pending
SYSPO0007511,PO920291,SUP211764,WH567574,2026-04-27,2026-05-14,Delivered,Paid
SYSPO0007512,PO801147,SUP459536,WH832052,2026-01-15,2026-01-29,Cancelled,Cancelled
SYSPO0007513,PO393065,SUP216970,WH191161,2026-06-21,2026-07-10,Cancelled,Cancelled
SYSPO0007514,PO827770,SUP335615,WH519066,2025-10-02,2025-10-08,Delivered,Paid
SYSPO0007515,PO538764,SUP572700,WH322086,2026-03-28,2026-04-08,Delayed,Pending
SYSPO0007516,PO554456,SUP890170,WH274389,2025-09-11,2025-09-18,Delivered,Paid
SYSPO0007517,PO621734,SUP519904,WH379766,2025-10-12,2025-10-26,Delivered,Paid
SYSPO0007518,PO186155,SUP437902,WH212235,2026-02-05,2026-02-22,Delivered,Paid
SYSPO0007519,PO588847,SUP595631,WH479201,2026-07-21,2026-08-15,In Transit,Pending
SYSPO0007520,PO585746,SUP662275,WH997546,2026-03-31,2026-04-12,Delivered,Paid
SYSPO0007521,PO891378,SUP349565,WH910891,2026-03-25,2026-04-20,Delivered,Paid
SYSPO0007522,PO791438,SUP688508,WH233470,2025-08-20,2025-08-30,Delivered,Paid
SYSPO0007523,PO606341,SUP211764,WH519066,2026-07-11,2026-07-28,Delivered,Paid
SYSPO0007524,PO324174,SUP523389,WH654634,2026-06-05,2026-06-21,Delivered,Paid
SYSPO0007525,PO206011,SUP595631,WH479201,2026-02-27,2026-03-24,Delivered,Paid
SYSPO0007526,PO718543,SUP801364,WH654634,2026-02-16,2026-03-10,Delivered,Paid
SYSPO0007527,PO123416,SUP839677,WH771088,2026-05-24,2026-06-10,Delivered,Paid
SYSPO0007528,PO813123,SUP614663,WH555884,2025-09-19,2025-10-06,Delivered,Paid
SYSPO0007529,PO402422,SUP446954,WH662336,2025-09-10,2025-09-20,Delivered,Paid
SYSPO0007530,PO474628,SUP572700,WH262316,2026-02-08,2026-02-19,Delivered,Paid
SYSPO0007531,PO274117,SUP459536,WH658582,2026-04-18,2026-05-02,Delivered,Paid
SYSPO0007532,PO159631,SUP335113,WH422451,2025-09-24,2025-10-05,Delivered,Paid
SYSPO0007533,PO383966,SUP133659,WH377746,2026-07-21,2026-08-08,In Transit,Pending
SYSPO0007534,PO499856,SUP184491,WH785197,2026-03-27,2026-04-28,Delivered,Paid
SYSPO0007535,PO920032,SUP624902,WH662336,2026-03-02,2026-03-15,Delivered,Paid
SYSPO0007536,PO780949,SUP688508,WH816751,2026-06-22,2026-07-02,Delivered,Paid
SYSPO0007537,PO214526,SUP519904,WH526117,2025-08-05,2025-08-19,Delivered,Paid
SYSPO0007538,PO128331,SUP179046,WH262316,2026-07-19,2026-08-08,In Transit,Pending
SYSPO0007539,PO612544,SUP598216,WH237174,2026-08-04,2026-08-16,In Transit,Pending
SYSPO0007540,PO711380,SUP725084,WH824586,2026-06-01,2026-06-18,Cancelled,Cancelled
SYSPO0007541,PO234841,SUP595631,WH479201,2026-04-25,2026-05-20,Delivered,Paid
SYSPO0007542,PO778144,SUP829308,WH373903,2026-04-14,2026-04-22,Delivered,Pending
SYSPO0007543,PO356213,SUP322955,WH539589,2026-01-19,2026-02-01,Delivered,Paid
SYSPO0007544,PO802309,SUP728492,WH526833,2026-02-23,2026-03-11,Delivered,Paid
SYSPO0007545,PO529242,SUP990844,WH205907,2026-01-15,2026-02-03,Delayed,Pending
SYSPO0007546,PO901581,SUP245051,WH532322,2025-12-26,2026-01-16,Delivered,Paid
SYSPO0007547,PO189413,SUP842411,WH237174,2026-07-10,2026-07-18,Delivered,Paid
SYSPO0007548,PO900261,SUP639593,WH205907,2025-08-21,2025-08-28,Delivered,Paid
SYSPO0007549,PO854803,SUP523389,WH377746,2026-05-02,2026-05-18,Delivered,Paid
SYSPO0007550,PO708729,SUP197251,WH662336,2026-02-26,2026-03-05,Delayed,Pending
SYSPO0007551,PO300806,SUP589710,WH515011,2026-01-18,2026-02-06,Delivered,Paid
SYSPO0007552,PO965575,SUP904150,WH642717,2025-11-02,2025-11-28,Delivered,Paid
SYSPO0007553,PO872600,SUP221263,WH801474,2026-08-04,2026-08-28,Processing,Pending
SYSPO0007554,PO643027,SUP920652,WH526833,2026-06-12,2026-07-05,Delivered,Paid
SYSPO0007555,PO147784,SUP523389,WH539589,2026-02-08,2026-02-24,Delivered,Paid
SYSPO0007556,PO761076,SUP245051,WH824586,2026-06-07,2026-06-28,Delivered,Paid
SYSPO0007557,PO962395,SUP608257,WH519066,2026-05-30,2026-06-15,Delayed,Pending
SYSPO0007558,PO394124,SUP639593,WH515011,2025-12-31,2026-01-07,Delivered,Paid
SYSPO0007559,PO386756,SUP356150,WH377746,2025-12-19,2026-01-06,Delivered,Paid
SYSPO0007560,PO420989,SUP613425,WH515011,2026-03-21,2026-04-01,Delivered,Paid
SYSPO0007561,PO505308,SUP429164,WH377746,2026-06-13,2026-06-30,Delivered,Paid
SYSPO0007562,PO877745,SUP899213,WH808011,2026-05-19,2026-06-06,Delivered,Paid
SYSPO0007563,PO585110,SUP197251,WH262316,2026-07-23,2026-07-30,Delivered,Paid
SYSPO0007564,PO783238,SUP768854,WH997546,2026-05-27,2026-06-13,Delivered,Paid
SYSPO0007565,PO246500,SUP356150,WH482364,2026-06-26,2026-07-14,Delivered,Paid
SYSPO0007566,PO264794,SUP427110,WH785197,2026-05-02,2026-05-20,Delivered,Paid
SYSPO0007567,PO732346,SUP642717,WH460663,2026-03-16,2026-03-30,Delivered,Paid
SYSPO0007568,PO974367,SUP335113,WH922157,2025-09-11,2025-09-22,Delivered,Paid
SYSPO0007569,PO132591,SUP597732,WH479201,2026-01-17,2026-02-12,Delivered,Paid
SYSPO0007570,PO800898,SUP260263,WH910891,2025-09-25,2025-10-02,Delivered,Paid
SYSPO0007571,PO513392,SUP322955,WH112038,2025-11-11,2025-11-24,Delivered,Paid
SYSPO0007572,PO342367,SUP881177,WH808011,2026-02-06,2026-02-20,Delivered,Paid
SYSPO0007573,PO358500,SUP216970,WH380746,2026-05-29,2026-06-17,Delivered,Paid
SYSPO0007574,PO380428,SUP302511,WH642717,2025-11-03,2025-11-21,Delivered,Paid
SYSPO0007575,PO354591,SUP197251,WH740967,2026-07-24,2026-07-31,Delivered,Paid
SYSPO0007576,PO377448,SUP668532,WH555884,2026-07-04,2026-07-17,Delivered,Paid
SYSPO0007577,PO733860,SUP344098,WH656116,2025-09-06,2025-09-22,Delivered,Paid
SYSPO0007578,PO983659,SUP608257,WH824586,2025-11-23,2025-12-09,Delivered,Paid
SYSPO0007579,PO860360,SUP285652,WH910891,2026-03-25,2026-04-25,Delivered,Paid
SYSPO0007580,PO814136,SUP372793,WH740967,2026-07-11,2026-07-25,Delivered,Paid
SYSPO0007581,PO211642,SUP307428,WH654634,2026-03-04,2026-03-15,Delivered,Paid
SYSPO0007582,PO124818,SUP976325,WH322086,2026-01-10,2026-01-23,Delivered,Paid
SYSPO0007583,PO797995,SUP598216,WH654634,2025-11-13,2025-11-25,Delivered,Paid
SYSPO0007584,PO955324,SUP696750,WH770487,2025-10-17,2025-10-24,Delivered,Paid
SYSPO0007585,PO142399,SUP976325,WH636265,2025-08-07,2025-08-20,Delivered,Paid
SYSPO0007586,PO204122,SUP890170,WH262316,2026-05-07,2026-05-14,Delivered,Paid
SYSPO0007587,PO228733,SUP121753,WH922157,2026-05-20,2026-05-31,Delivered,Paid
SYSPO0007588,PO943744,SUP335615,WH686075,2026-06-07,2026-06-13,Delivered,Paid
SYSPO0007589,PO912588,SUP681343,WH515011,2025-08-07,2025-08-22,Delivered,Paid
SYSPO0007590,PO277951,SUP302511,WH274389,2026-03-17,2026-04-04,Delayed,Pending
SYSPO0007591,PO563841,SUP757711,WH686075,2026-02-23,2026-02-28,Delivered,Paid
SYSPO0007592,PO755307,SUP260263,WH636265,2025-09-19,2025-09-26,Delivered,Paid
SYSPO0007593,PO340372,SUP965845,WH429164,2026-02-22,2026-03-01,Delivered,Paid
SYSPO0007594,PO645290,SUP725084,WH274389,2025-08-07,2025-08-24,Delivered,Paid
SYSPO0007595,PO183688,SUP420214,WH377746,2025-12-28,2026-01-10,Cancelled,Cancelled
SYSPO0007596,PO497783,SUP770487,WH262316,2026-04-16,2026-04-30,Delivered,Paid
SYSPO0007597,PO303119,SUP221263,WH112038,2025-10-23,2025-11-16,Delayed,Pending
SYSPO0007598,PO504085,SUP513160,WH642717,2026-04-29,2026-05-23,Delayed,Pending
SYSPO0007599,PO459940,SUP153872,WH555884,2026-06-13,2026-06-20,Delivered,Paid
SYSPO0007600,PO599544,SUP765095,WH376807,2025-12-05,2026-01-09,Cancelled,Cancelled
SYSPO0007601,PO290332,SUP736059,WH785197,2026-01-10,2026-01-24,Delivered,Paid
SYSPO0007602,PO575189,SUP179046,WH380746,2025-12-23,2026-01-12,Delivered,Pending
SYSPO0007603,PO154252,SUP692683,WH599948,2025-09-15,2025-10-10,Delivered,Paid
SYSPO0007604,PO991280,SUP211764,WH642717,2025-10-04,2025-10-21,Delivered,Paid
SYSPO0007605,PO302134,SUP972064,WH329974,2026-01-17,2026-02-04,Delayed,Pending
SYSPO0007606,PO642317,SUP934794,WH922157,2026-04-15,2026-04-21,Delivered,Paid
SYSPO0007607,PO823862,SUP519904,WH539589,2026-03-20,2026-04-03,Delivered,Paid
SYSPO0007608,PO969748,SUP391668,WH212235,2025-11-11,2025-11-24,Delivered,Paid
SYSPO0007609,PO119437,SUP497382,WH380746,2025-11-14,2025-12-02,Delivered,Paid
SYSPO0007610,PO688015,SUP865990,WH519066,2026-07-03,2026-07-24,Delivered,Paid
SYSPO0007611,PO647825,SUP300337,WH922157,2026-03-01,2026-03-14,Delivered,Pending
SYSPO0007612,PO833663,SUP216970,WH262316,2026-01-16,2026-02-04,Delivered,Paid
SYSPO0007613,PO319891,SUP618392,WH460663,2026-03-12,2026-03-25,Delivered,Paid
SYSPO0007614,PO754140,SUP449499,WH636265,2025-12-25,2025-12-30,Delayed,Pending
SYSPO0007615,PO478303,SUP887625,WH373903,2026-03-30,2026-04-12,Cancelled,Cancelled
SYSPO0007616,PO275479,SUP344098,WH233470,2025-11-20,2025-12-06,Delivered,Paid
SYSPO0007617,PO159440,SUP221263,WH324082,2026-04-26,2026-05-20,Delivered,Paid
SYSPO0007618,PO170294,SUP618392,WH785197,2026-01-06,2026-01-19,Delivered,Paid
SYSPO0007619,PO393261,SUP184491,WH582662,2026-05-25,2026-06-26,Delayed,Pending
SYSPO0007620,PO149366,SUP705397,WH482364,2025-10-23,2025-11-20,Delivered,Paid
SYSPO0007621,PO466528,SUP934794,WH482364,2026-01-12,2026-01-18,Delivered,Paid
SYSPO0007622,PO105123,SUP446954,WH212235,2026-03-07,2026-03-17,Delivered,Paid
SYSPO0007623,PO411087,SUP572387,WH654634,2026-06-05,2026-06-21,Delivered,Paid
SYSPO0007624,PO405416,SUP705397,WH539589,2026-03-09,2026-04-06,Delivered,Paid
SYSPO0007625,PO455589,SUP829308,WH329974,2026-02-08,2026-02-16,Delivered,Paid
SYSPO0007626,PO240858,SUP842411,WH422451,2025-10-13,2025-10-21,Delivered,Paid
SYSPO0007627,PO680326,SUP671858,WH373903,2025-12-26,2026-01-11,Delivered,Paid
SYSPO0007628,PO822232,SUP197251,WH922157,2026-03-10,2026-03-17,Delayed,Pending
SYSPO0007629,PO610650,SUP260263,WH379766,2026-03-08,2026-03-15,Delivered,Paid
SYSPO0007630,PO310963,SUP576086,WH820221,2026-02-08,2026-02-14,Delivered,Paid
SYSPO0007631,PO849587,SUP513160,WH829716,2025-11-11,2025-12-05,Delivered,Paid
SYSPO0007632,PO811757,SUP688508,WH686075,2025-12-02,2025-12-12,Delivered,Paid
SYSPO0007633,PO830305,SUP804318,WH770487,2026-03-17,2026-04-07,Delivered,Paid
SYSPO0007634,PO887940,SUP216970,WH832052,2025-12-16,2026-01-04,Delivered,Paid
SYSPO0007635,PO579964,SUP642717,WH100425,2026-06-01,2026-06-15,Delivered,Paid
SYSPO0007636,PO628486,SUP801364,WH582662,2026-05-05,2026-05-27,Delivered,Paid
SYSPO0007637,PO740837,SUP842411,WH555884,2026-01-06,2026-01-14,Delivered,Paid
SYSPO0007638,PO267885,SUP321275,WH781453,2026-05-17,2026-05-24,Delivered,Paid
SYSPO0007639,PO876507,SUP976325,WH642717,2025-09-27,2025-10-10,Delivered,Paid
SYSPO0007640,PO254371,SUP572700,WH801474,2026-07-03,2026-07-14,Delayed,Pending
SYSPO0007641,PO559842,SUP391668,WH376807,2026-07-06,2026-07-19,Delivered,Paid
SYSPO0007642,PO605909,SUP446954,WH930555,2026-04-18,2026-04-28,Delivered,Paid
SYSPO0007643,PO568772,SUP372793,WH910891,2025-09-20,2025-10-04,Delivered,Pending
SYSPO0007644,PO831111,SUP668532,WH690341,2026-05-22,2026-06-04,Delivered,Paid
SYSPO0007645,PO331290,SUP526117,WH429164,2025-11-02,2025-11-18,Delivered,Paid
SYSPO0007646,PO620425,SUP662275,WH526117,2026-01-25,2026-02-06,Delivered,Paid
SYSPO0007647,PO293557,SUP523389,WH274389,2026-06-05,2026-06-21,Delivered,Paid
SYSPO0007648,PO918338,SUP595631,WH930555,2026-05-03,2026-05-28,Delivered,Paid
SYSPO0007649,PO925933,SUP589710,WH356150,2025-10-06,2025-10-25,Delivered,Paid
SYSPO0007650,PO290451,SUP256294,WH770487,2025-09-12,2025-09-25,Delivered,Paid
SYSPO0007651,PO665866,SUP523389,WH233470,2025-10-27,2025-11-12,Delivered,Paid
SYSPO0007652,PO663811,SUP378361,WH412942,2026-02-18,2026-03-26,Delivered,Paid
SYSPO0007653,PO315523,SUP880879,WH429164,2026-01-07,2026-02-14,Delivered,Paid
SYSPO0007654,PO357834,SUP613425,WH373903,2026-06-06,2026-06-17,Delivered,Paid
SYSPO0007655,PO438875,SUP681343,WH555884,2025-12-14,2025-12-29,Delivered,Paid
SYSPO0007656,PO812668,SUP333238,WH910891,2026-06-12,2026-07-01,Delayed,Pending
SYSPO0007657,PO855108,SUP680099,WH519066,2026-03-06,2026-03-23,Cancelled,Cancelled
SYSPO0007658,PO622542,SUP728492,WH820221,2026-03-31,2026-04-16,Cancelled,Cancelled
SYSPO0007659,PO385585,SUP639593,WH636265,2026-05-02,2026-05-09,Delivered,Paid
SYSPO0007660,PO566762,SUP692683,WH997546,2026-04-27,2026-05-22,Delayed,Pending
SYSPO0007661,PO868874,SUP733039,WH429164,2026-05-06,2026-05-22,Delivered,Paid
SYSPO0007662,PO423875,SUP934794,WH686075,2025-08-25,2025-08-31,Delivered,Paid
SYSPO0007663,PO863582,SUP839677,WH377746,2025-10-06,2025-10-23,Delivered,Paid
SYSPO0007664,PO295515,SUP330914,WH829716,2026-01-03,2026-01-22,Delayed,Pending
SYSPO0007665,PO842258,SUP768854,WH322086,2026-04-08,2026-04-25,Delivered,Paid
SYSPO0007666,PO367351,SUP526117,WH205907,2025-08-07,2025-08-23,Delivered,Paid
SYSPO0007667,PO256490,SUP519093,WH816751,2026-06-13,2026-06-29,Delivered,Paid
SYSPO0007668,PO387366,SUP437408,WH801474,2025-09-09,2025-09-24,Delivered,Paid
SYSPO0007669,PO166605,SUP350867,WH636265,2026-06-20,2026-07-05,Delivered,Paid
SYSPO0007670,PO592962,SUP650121,WH205907,2025-09-30,2025-10-06,Delivered,Paid
SYSPO0007671,PO280381,SUP690341,WH422451,2026-02-04,2026-02-09,Delivered,Paid
SYSPO0007672,PO704233,SUP829308,WH770487,2026-07-30,2026-08-07,In Transit,Pending
SYSPO0007673,PO124967,SUP335113,WH322086,2026-03-26,2026-04-06,Delivered,Paid
SYSPO0007674,PO245345,SUP221263,WH820221,2026-01-21,2026-02-14,Delivered,Paid
SYSPO0007675,PO918482,SUP757711,WH112038,2025-09-08,2025-09-13,Delivered,Paid
SYSPO0007676,PO481030,SUP273982,WH526117,2025-08-29,2025-09-14,Delivered,Paid
SYSPO0007677,PO829525,SUP497887,WH662336,2025-11-15,2025-12-03,Delivered,Paid
SYSPO0007678,PO717712,SUP330914,WH212235,2025-10-30,2025-11-18,Delivered,Paid
SYSPO0007679,PO958566,SUP757711,WH532322,2025-12-27,2026-01-01,Delivered,Paid
SYSPO0007680,PO925135,SUP391668,WH212235,2025-09-05,2025-09-18,Delayed,Pending
SYSPO0007681,PO518904,SUP378361,WH820221,2026-03-29,2026-05-04,Delivered,Paid
SYSPO0007682,PO363934,SUP925981,WH212235,2025-08-19,2025-09-06,Delayed,Pending
SYSPO0007683,PO469925,SUP613425,WH636265,2026-05-13,2026-05-24,Delivered,Paid
SYSPO0007684,PO991151,SUP891937,WH910891,2026-01-01,2026-01-29,Delivered,Paid
SYSPO0007685,PO294034,SUP356150,WH262316,2026-08-01,2026-08-19,In Transit,Pending
SYSPO0007686,PO701071,SUP260422,WH322086,2026-01-07,2026-01-16,Delivered,Paid
SYSPO0007687,PO250566,SUP391668,WH958179,2026-03-31,2026-04-13,Delivered,Paid
SYSPO0007688,PO105187,SUP887625,WH740967,2026-04-16,2026-04-29,Delivered,Paid
SYSPO0007689,PO142564,SUP662275,WH539589,2026-02-23,2026-03-07,Delivered,Paid
SYSPO0007690,PO590118,SUP260263,WH412942,2025-11-24,2025-12-01,Delivered,Paid
SYSPO0007691,PO136386,SUP624902,WH526117,2026-05-08,2026-05-21,Delivered,Paid
SYSPO0007692,PO552767,SUP639593,WH997546,2026-03-25,2026-04-01,Delivered,Paid
SYSPO0007693,PO191981,SUP904150,WH582662,2025-08-27,2025-09-22,Delivered,Paid
SYSPO0007694,PO299143,SUP614663,WH930555,2026-06-01,2026-06-18,Delivered,Paid
SYSPO0007695,PO182816,SUP639593,WH205907,2026-06-19,2026-06-26,Delayed,Pending
SYSPO0007696,PO633001,SUP842411,WH205907,2025-10-12,2025-10-20,Delivered,Paid
SYSPO0007697,PO657608,SUP662275,WH482364,2026-04-10,2026-04-22,Delivered,Paid
SYSPO0007698,PO830364,SUP523389,WH832052,2026-02-12,2026-02-28,Delivered,Paid
SYSPO0007699,PO178454,SUP519093,WH377746,2026-01-22,2026-02-07,Delivered,Paid
SYSPO0007700,PO463270,SUP523389,WH740967,2025-08-09,2025-08-25,Delivered,Paid
SYSPO0007701,PO575074,SUP934794,WH636265,2025-10-22,2025-10-28,Delivered,Paid
SYSPO0007702,PO788632,SUP899213,WH832052,2026-07-01,2026-07-19,Delivered,Pending
SYSPO0007703,PO747629,SUP256294,WH816751,2026-04-17,2026-04-30,Delayed,Pending
SYSPO0007704,PO313210,SUP523389,WH599948,2026-08-01,2026-08-17,In Transit,Pending
SYSPO0007705,PO558608,SUP887625,WH785197,2026-06-13,2026-06-26,Delivered,Paid
SYSPO0007706,PO247709,SUP300337,WH555884,2026-02-22,2026-03-07,Delayed,Pending
SYSPO0007707,PO148140,SUP420214,WH771088,2025-11-24,2025-12-07,Delivered,Paid
SYSPO0007708,PO216224,SUP595631,WH460663,2025-10-19,2025-11-13,Delivered,Paid
SYSPO0007709,PO421408,SUP899213,WH922157,2025-08-18,2025-09-05,Delivered,Paid
SYSPO0007710,PO512440,SUP335113,WH322086,2026-06-05,2026-06-16,Delivered,Paid
SYSPO0007711,PO222602,SUP972064,WH770487,2026-03-25,2026-04-12,Delayed,Pending
SYSPO0007712,PO555194,SUP976325,WH816751,2026-02-19,2026-03-04,Delivered,Paid
SYSPO0007713,PO150972,SUP184491,WH816751,2026-02-21,2026-03-25,Cancelled,Cancelled
SYSPO0007714,PO786795,SUP842411,WH262316,2026-05-03,2026-05-11,Delivered,Paid
SYSPO0007715,PO924837,SUP680099,WH910891,2025-11-02,2025-11-19,Delivered,Paid
SYSPO0007716,PO977327,SUP650121,WH112038,2026-03-31,2026-04-06,Delivered,Paid
SYSPO0007717,PO205758,SUP839677,WH582662,2025-10-09,2025-10-26,Delivered,Paid
SYSPO0007718,PO178885,SUP681343,WH429164,2026-04-23,2026-05-08,Delivered,Paid
SYSPO0007719,PO935200,SUP925981,WH832052,2025-08-19,2025-09-06,Delivered,Pending
SYSPO0007720,PO383809,SUP642717,WH930555,2025-12-22,2026-01-05,Delivered,Paid
SYSPO0007721,PO452931,SUP650121,WH274389,2025-11-05,2025-11-11,Delivered,Paid
SYSPO0007722,PO322442,SUP965845,WH322086,2026-04-16,2026-04-23,Delivered,Paid
SYSPO0007723,PO237863,SUP378361,WH636265,2025-08-05,2025-09-10,Delivered,Paid
SYSPO0007724,PO389947,SUP133659,WH567574,2025-10-05,2025-10-23,Delivered,Paid
SYSPO0007725,PO996665,SUP642717,WH356150,2025-09-07,2025-09-21,Delivered,Paid
SYSPO0007726,PO386947,SUP265080,WH329974,2025-11-20,2025-12-06,Delivered,Paid
SYSPO0007727,PO298837,SUP608257,WH262316,2026-06-03,2026-06-19,Delivered,Paid
SYSPO0007728,PO881849,SUP976325,WH532322,2026-01-07,2026-01-20,Delivered,Paid
SYSPO0007729,PO640531,SUP804318,WH820221,2025-12-20,2026-01-10,Delivered,Paid
SYSPO0007730,PO737640,SUP572700,WH555884,2026-04-22,2026-05-03,Delivered,Paid
SYSPO0007731,PO925999,SUP865990,WH526833,2026-01-05,2026-01-26,Delivered,Paid
SYSPO0007732,PO607737,SUP572387,WH816751,2026-01-09,2026-01-25,Delivered,Paid
SYSPO0007733,PO836733,SUP597732,WH829716,2026-03-20,2026-04-15,Delayed,Pending
SYSPO0007734,PO612715,SUP420214,WH636265,2025-10-21,2025-11-03,Delivered,Paid
SYSPO0007735,PO459816,SUP736059,WH233470,2026-02-22,2026-03-08,Delivered,Paid
SYSPO0007736,PO474307,SUP153872,WH205907,2025-08-10,2025-08-17,Delayed,Pending
SYSPO0007737,PO425042,SUP705397,WH582662,2026-05-18,2026-06-15,Delivered,Paid
SYSPO0007738,PO508560,SUP446954,WH930555,2026-05-05,2026-05-15,Delivered,Paid
SYSPO0007739,PO708276,SUP350867,WH958179,2025-08-31,2025-09-15,Delivered,Paid
SYSPO0007740,PO736712,SUP121753,WH636265,2026-07-27,2026-08-07,In Transit,Pending
SYSPO0007741,PO972697,SUP624902,WH422451,2025-09-09,2025-09-22,Delayed,Pending
SYSPO0007742,PO772838,SUP755788,WH329974,2026-03-06,2026-03-31,Delivered,Paid
SYSPO0007743,PO767510,SUP690341,WH356150,2025-11-23,2025-11-28,Delivered,Paid
SYSPO0007744,PO996194,SUP321275,WH785197,2026-05-14,2026-05-21,Delivered,Paid
SYSPO0007745,PO596138,SUP639593,WH233470,2026-06-23,2026-06-30,Delivered,Paid
SYSPO0007746,PO971729,SUP595631,WH567574,2026-03-10,2026-04-04,Delivered,Paid
SYSPO0007747,PO571777,SUP598216,WH519066,2026-07-26,2026-08-07,In Transit,Pending
SYSPO0007748,PO563055,SUP572700,WH654634,2026-03-19,2026-03-30,Delivered,Paid
SYSPO0007749,PO430362,SUP965845,WH662336,2025-12-18,2025-12-25,Delivered,Paid
SYSPO0007750,PO289540,SUP302511,WH412942,2025-12-17,2026-01-04,Delivered,Paid
SYSPO0007751,PO296055,SUP576086,WH636265,2026-06-17,2026-06-23,Delivered,Paid
SYSPO0007752,PO785186,SUP618392,WH100425,2025-11-20,2025-12-03,Delivered,Paid
SYSPO0007753,PO851977,SUP925981,WH922157,2025-10-31,2025-11-18,Delivered,Paid
SYSPO0007754,PO326063,SUP519904,WH930555,2026-03-28,2026-04-11,Delivered,Paid
SYSPO0007755,PO885119,SUP608257,WH801474,2025-10-19,2025-11-04,Delivered,Paid
SYSPO0007756,PO897072,SUP384076,WH910891,2026-01-28,2026-02-12,Delivered,Paid
SYSPO0007757,PO562879,SUP459536,WH539589,2026-08-01,2026-08-15,In Transit,Pending
SYSPO0007758,PO264847,SUP904150,WH958179,2026-01-08,2026-02-03,Delivered,Paid
SYSPO0007759,PO567704,SUP446954,WH380746,2026-03-16,2026-03-26,Delivered,Paid
SYSPO0007760,PO328903,SUP877236,WH686075,2025-08-06,2025-08-13,Delivered,Paid
SYSPO0007761,PO145715,SUP681343,WH820221,2025-11-14,2025-11-29,Delivered,Paid
SYSPO0007762,PO764940,SUP437902,WH656116,2025-10-11,2025-10-28,Delivered,Paid
SYSPO0007763,PO598958,SUP613425,WH377746,2026-01-10,2026-01-21,Delivered,Paid
SYSPO0007764,PO533258,SUP300896,WH262316,2026-02-17,2026-02-25,Delivered,Paid
SYSPO0007765,PO584988,SUP680099,WH785197,2025-09-15,2025-10-02,Delivered,Paid
SYSPO0007766,PO327119,SUP705397,WH636265,2026-03-09,2026-04-06,Delivered,Paid
SYSPO0007767,PO780009,SUP765095,WH832052,2025-09-02,2025-10-07,Delivered,Paid
SYSPO0007768,PO908687,SUP877236,WH100425,2026-02-16,2026-02-23,Delivered,Paid
SYSPO0007769,PO449067,SUP121753,WH922157,2025-11-27,2025-12-08,Delivered,Paid
SYSPO0007770,PO893035,SUP259784,WH112038,2025-12-15,2025-12-22,Delivered,Paid
SYSPO0007771,PO864504,SUP221263,WH654634,2025-09-19,2025-10-13,Delivered,Paid
SYSPO0007772,PO956700,SUP736059,WH356150,2026-06-12,2026-06-26,Delivered,Paid
SYSPO0007773,PO531846,SUP344098,WH262316,2026-02-20,2026-03-08,Delivered,Paid
SYSPO0007774,PO339773,SUP768854,WH829716,2025-11-13,2025-11-30,Delivered,Paid
SYSPO0007775,PO983957,SUP642717,WH636265,2026-07-11,2026-07-25,Delivered,Paid
SYSPO0007776,PO192563,SUP302511,WH526833,2026-03-01,2026-03-19,Delivered,Paid
SYSPO0007777,PO441906,SUP976325,WH808011,2026-06-16,2026-06-29,Delivered,Paid
SYSPO0007778,PO716430,SUP121753,WH771088,2026-06-09,2026-06-20,Delivered,Paid
SYSPO0007779,PO341017,SUP333238,WH770487,2026-03-16,2026-04-04,Delivered,Paid
SYSPO0007780,PO250912,SUP989545,WH816751,2025-11-10,2025-11-26,Delivered,Paid
SYSPO0007781,PO594785,SUP755788,WH658582,2026-05-01,2026-05-26,Delivered,Paid
SYSPO0007782,PO287629,SUP330914,WH771088,2026-01-23,2026-02-11,Delivered,Paid
SYSPO0007783,PO769383,SUP335615,WH205907,2025-12-29,2026-01-04,Delivered,Paid
SYSPO0007784,PO260252,SUP976325,WH329974,2026-03-11,2026-03-24,Delivered,Paid
SYSPO0007785,PO806434,SUP880879,WH515011,2026-02-08,2026-03-18,Delivered,Paid
SYSPO0007786,PO126819,SUP330914,WH686075,2026-05-31,2026-06-19,Delivered,Paid
SYSPO0007787,PO949335,SUP608257,WH824586,2025-11-07,2025-11-23,Delivered,Paid
SYSPO0007788,PO664655,SUP733039,WH686075,2026-05-26,2026-06-11,Delivered,Paid
SYSPO0007789,PO522444,SUP265080,WH112038,2025-12-14,2025-12-30,Cancelled,Cancelled
SYSPO0007790,PO559592,SUP934794,WH329974,2026-06-02,2026-06-08,Delivered,Pending
SYSPO0007791,PO495612,SUP302511,WH274389,2026-01-30,2026-02-17,Delivered,Paid
SYSPO0007792,PO817523,SUP513160,WH808011,2026-04-26,2026-05-20,Delivered,Paid
SYSPO0007793,PO643204,SUP307428,WH274389,2026-01-30,2026-02-10,Delivered,Paid
SYSPO0007794,PO864177,SUP598216,WH356150,2026-07-19,2026-07-31,Delivered,Paid
SYSPO0007795,PO925365,SUP865990,WH356150,2026-03-20,2026-04-10,Delivered,Paid
SYSPO0007796,PO498797,SUP513160,WH922157,2026-07-05,2026-07-29,Delivered,Paid
SYSPO0007797,PO569684,SUP350867,WH262316,2025-08-15,2025-08-30,Delivered,Paid
SYSPO0007798,PO418945,SUP925981,WH324082,2026-02-08,2026-02-26,Delivered,Paid
SYSPO0007799,PO852472,SUP335615,WH262316,2025-09-19,2025-09-25,Delivered,Paid
SYSPO0007800,PO590235,SUP990844,WH519066,2025-11-13,2025-12-02,Delivered,Paid
SYSPO0007801,PO769026,SUP944962,WH380746,2025-08-31,2025-09-14,Delivered,Paid
SYSPO0007802,PO210472,SUP302511,WH380746,2025-12-31,2026-01-18,Delivered,Paid
SYSPO0007803,PO864273,SUP519093,WH832052,2026-04-08,2026-04-24,Delivered,Paid
SYSPO0007804,PO638131,SUP899213,WH324082,2026-06-07,2026-06-25,Delivered,Paid
SYSPO0007805,PO874712,SUP197251,WH832052,2025-10-29,2025-11-05,Delayed,Pending
SYSPO0007806,PO277639,SUP385470,WH539589,2026-04-24,2026-05-14,Delayed,Pending
SYSPO0007807,PO367199,SUP765095,WH212235,2026-05-04,2026-06-08,Delivered,Paid
SYSPO0007808,PO781585,SUP321275,WH686075,2025-11-02,2025-11-09,Delivered,Paid
SYSPO0007809,PO439748,SUP608257,WH356150,2026-06-11,2026-06-27,Delivered,Paid
SYSPO0007810,PO149335,SUP595631,WH770487,2025-12-05,2025-12-30,Delivered,Paid
SYSPO0007811,PO359600,SUP770487,WH922157,2026-01-12,2026-01-26,Delivered,Paid
SYSPO0007812,PO380866,SUP335615,WH555884,2025-12-20,2025-12-26,Delivered,Paid
SYSPO0007813,PO973022,SUP668532,WH482364,2026-02-21,2026-03-06,Delivered,Pending
SYSPO0007814,PO359734,SUP934794,WH832052,2026-03-01,2026-03-07,Delivered,Paid
SYSPO0007815,PO938649,SUP650121,WH808011,2025-08-08,2025-08-14,Delivered,Paid
SYSPO0007816,PO484894,SUP946305,WH429164,2026-05-04,2026-06-01,Delivered,Paid
SYSPO0007817,PO204234,SUP925981,WH412942,2026-06-24,2026-07-12,Delivered,Paid
SYSPO0007818,PO953214,SUP671858,WH832052,2025-11-15,2025-12-01,Delivered,Paid
SYSPO0007819,PO405228,SUP664607,WH662336,2025-11-09,2025-12-12,Delivered,Paid
SYSPO0007820,PO147711,SUP871711,WH740967,2025-11-24,2025-12-04,Delivered,Paid
SYSPO0007821,PO607412,SUP598216,WH526117,2025-09-10,2025-09-22,Delivered,Paid
SYSPO0007822,PO733754,SUP513160,WH112038,2026-01-06,2026-01-30,Delivered,Paid
SYSPO0007823,PO910846,SUP472060,WH515011,2026-04-23,2026-05-09,Delivered,Paid
SYSPO0007824,PO831369,SUP519904,WH205907,2026-05-22,2026-06-05,Delivered,Paid
SYSPO0007825,PO788031,SUP285652,WH429164,2026-06-19,2026-07-20,Delayed,Pending
SYSPO0007826,PO459403,SUP881177,WH205907,2025-12-15,2025-12-29,Delivered,Paid
SYSPO0007827,PO423912,SUP273982,WH274389,2025-09-03,2025-09-19,Delivered,Paid
SYSPO0007828,PO635101,SUP179046,WH519066,2026-03-08,2026-03-28,Delivered,Paid
SYSPO0007829,PO853698,SUP890170,WH322086,2026-08-01,2026-08-08,In Transit,Pending
SYSPO0007830,PO219083,SUP356150,WH824586,2025-10-13,2025-10-31,Delayed,Pending
SYSPO0007831,PO850289,SUP880879,WH636265,2026-02-06,2026-03-16,Delivered,Paid
SYSPO0007832,PO295428,SUP972335,WH910891,2025-12-04,2026-01-11,Delivered,Paid
SYSPO0007833,PO788692,SUP880879,WH930555,2025-12-20,2026-01-27,Delivered,Paid
SYSPO0007834,PO396780,SUP385470,WH112038,2025-10-28,2025-11-17,Delivered,Paid
SYSPO0007835,PO314848,SUP705397,WH373903,2026-07-18,2026-08-15,In Transit,Pending
SYSPO0007836,PO113231,SUP770487,WH274389,2026-03-15,2026-03-29,Delivered,Paid
SYSPO0007837,PO286592,SUP216970,WH205907,2025-11-17,2025-12-06,Delivered,Paid
SYSPO0007838,PO871780,SUP965845,WH422451,2025-10-14,2025-10-21,Delivered,Paid
SYSPO0007839,PO254723,SUP595631,WH642717,2026-05-21,2026-06-15,Delivered,Paid
SYSPO0007840,PO557863,SUP904150,WH412942,2026-04-27,2026-05-23,Delivered,Paid
SYSPO0007841,PO881307,SUP300337,WH997546,2026-08-01,2026-08-14,In Transit,Pending
SYSPO0007842,PO812647,SUP904150,WH582662,2026-07-24,2026-08-19,In Transit,Pending
SYSPO0007843,PO520365,SUP245051,WH532322,2025-10-17,2025-11-07,Delivered,Paid
SYSPO0007844,PO591028,SUP572700,WH997546,2026-02-14,2026-02-25,Delivered,Paid
SYSPO0007845,PO435396,SUP871711,WH662336,2026-05-18,2026-05-28,Delivered,Paid
SYSPO0007846,PO890639,SUP260422,WH910891,2025-10-21,2025-10-30,Delivered,Paid
SYSPO0007847,PO279428,SUP887625,WH274389,2025-11-04,2025-11-17,Delivered,Paid
SYSPO0007848,PO946116,SUP618392,WH785197,2026-05-17,2026-05-30,Delivered,Paid
SYSPO0007849,PO806435,SUP890170,WH686075,2025-11-07,2025-11-14,Delivered,Paid
SYSPO0007850,PO394662,SUP650121,WH801474,2026-07-09,2026-07-15,Delivered,Paid
SYSPO0007851,PO934001,SUP839677,WH100425,2025-11-16,2025-12-03,Delivered,Paid
SYSPO0007852,PO674355,SUP307428,WH690341,2025-10-24,2025-11-04,Delivered,Paid
SYSPO0007853,PO919639,SUP642717,WH379766,2025-11-02,2025-11-16,Delivered,Paid
SYSPO0007854,PO151916,SUP768854,WH599948,2025-10-22,2025-11-08,Delivered,Pending
SYSPO0007855,PO782005,SUP595631,WH212235,2026-06-25,2026-07-20,Delivered,Paid
SYSPO0007856,PO456245,SUP321275,WH262316,2025-11-09,2025-11-16,Delivered,Paid
SYSPO0007857,PO621719,SUP437902,WH429164,2026-06-25,2026-07-12,Delivered,Paid
SYSPO0007858,PO564195,SUP523389,WH262316,2026-04-02,2026-04-18,Delayed,Pending
SYSPO0007859,PO296501,SUP260263,WH785197,2025-12-21,2025-12-28,Delivered,Paid
SYSPO0007860,PO236772,SUP595631,WH380746,2025-10-04,2025-10-29,Delivered,Paid
SYSPO0007861,PO966561,SUP156213,WH532322,2026-06-03,2026-06-16,Delivered,Paid
SYSPO0007862,PO501973,SUP801364,WH801474,2025-09-15,2025-10-07,Delivered,Paid
SYSPO0007863,PO130901,SUP664607,WH930555,2025-09-20,2025-10-23,Delivered,Paid
SYSPO0007864,PO807168,SUP429164,WH377746,2026-07-28,2026-08-14,In Transit,Pending
SYSPO0007865,PO997435,SUP572387,WH233470,2025-09-04,2025-09-20,Delivered,Paid
SYSPO0007866,PO800756,SUP519093,WH567574,2026-04-24,2026-05-10,Delivered,Paid
SYSPO0007867,PO561303,SUP420214,WH824586,2026-04-19,2026-05-02,Delivered,Paid
SYSPO0007868,PO304726,SUP668532,WH829716,2026-02-12,2026-02-25,Delivered,Paid
SYSPO0007869,PO969750,SUP576086,WH237174,2026-03-31,2026-04-06,Delivered,Paid
SYSPO0007870,PO765552,SUP920652,WH237174,2025-08-07,2025-08-30,Delivered,Paid
SYSPO0007871,PO789589,SUP330914,WH526833,2026-05-28,2026-06-16,Delivered,Paid
SYSPO0007872,PO889644,SUP757711,WH324082,2026-07-03,2026-07-08,Delivered,Paid
SYSPO0007873,PO934381,SUP459536,WH686075,2026-03-03,2026-03-17,Delivered,Paid
SYSPO0007874,PO712862,SUP925981,WH829716,2025-08-21,2025-09-08,Delivered,Paid
SYSPO0007875,PO201117,SUP300337,WH112038,2026-06-30,2026-07-13,Delivered,Paid
SYSPO0007876,PO542672,SUP472060,WH656116,2026-02-08,2026-02-24,Delivered,Paid
SYSPO0007877,PO589371,SUP972064,WH555884,2025-12-27,2026-01-14,Delivered,Paid
SYSPO0007878,PO104400,SUP965845,WH539589,2026-04-03,2026-04-10,Delivered,Paid
SYSPO0007879,PO574078,SUP513160,WH555884,2025-12-05,2025-12-29,Delivered,Paid
SYSPO0007880,PO298806,SUP639593,WH801474,2026-02-12,2026-02-19,Delivered,Paid
SYSPO0007881,PO775631,SUP259784,WH686075,2026-07-19,2026-07-26,Delivered,Paid
SYSPO0007882,PO921916,SUP891937,WH379766,2026-07-13,2026-08-10,In Transit,Pending
SYSPO0007883,PO283135,SUP899213,WH519066,2026-07-19,2026-08-06,Processing,Pending
SYSPO0007884,PO299412,SUP486945,WH820221,2026-03-16,2026-04-08,Delivered,Paid
SYSPO0007885,PO817710,SUP946305,WH599948,2026-07-08,2026-08-05,Delivered,Paid
SYSPO0007886,PO955194,SUP944962,WH654634,2025-11-19,2025-12-03,Delivered,Paid
SYSPO0007887,PO848544,SUP302511,WH237174,2026-02-11,2026-03-01,Delivered,Paid
SYSPO0007888,PO659641,SUP990844,WH429164,2025-10-15,2025-11-03,Delivered,Paid
SYSPO0007889,PO684305,SUP614663,WH519066,2026-05-28,2026-06-14,Delivered,Paid
SYSPO0007890,PO463649,SUP245051,WH658582,2026-07-26,2026-08-16,In Transit,Pending
SYSPO0007891,PO679939,SUP680099,WH379766,2026-02-19,2026-03-08,Delivered,Paid
SYSPO0007892,PO263075,SUP755788,WH662336,2025-11-21,2025-12-16,Delivered,Paid
SYSPO0007893,PO970775,SUP768854,WH820221,2026-01-06,2026-01-23,Delivered,Paid
SYSPO0007894,PO761408,SUP692683,WH801474,2025-10-30,2025-11-24,Delivered,Paid
SYSPO0007895,PO357785,SUP350867,WH262316,2026-05-23,2026-06-07,Delivered,Paid
SYSPO0007896,PO239662,SUP356150,WH930555,2026-03-16,2026-04-03,Delivered,Paid
SYSPO0007897,PO822505,SUP589710,WH376807,2025-09-23,2025-10-12,Delivered,Paid
SYSPO0007898,PO279649,SUP664607,WH539589,2025-08-26,2025-09-28,Delivered,Paid
SYSPO0007899,PO133716,SUP302511,WH205907,2026-02-25,2026-03-15,Delivered,Paid
SYSPO0007900,PO222886,SUP256294,WH997546,2026-06-11,2026-06-24,Delayed,Pending
SYSPO0007901,PO421370,SUP728492,WH412942,2026-01-16,2026-02-01,Delivered,Paid
SYSPO0007902,PO181260,SUP256294,WH329974,2026-02-06,2026-02-19,Delivered,Paid
SYSPO0007903,PO407261,SUP330914,WH422451,2026-08-04,2026-08-23,In Transit,Pending
SYSPO0007904,PO902484,SUP497382,WH329974,2026-03-03,2026-03-21,Delivered,Paid
SYSPO0007905,PO997888,SUP650121,WH801474,2025-08-17,2025-08-23,Delivered,Paid
SYSPO0007906,PO178217,SUP265080,WH781453,2026-02-16,2026-03-04,Delivered,Paid
SYSPO0007907,PO888981,SUP680099,WH690341,2025-12-17,2026-01-03,Delivered,Paid
SYSPO0007908,PO506213,SUP802729,WH274389,2026-01-04,2026-01-15,Delivered,Paid
SYSPO0007909,PO563637,SUP639593,WH237174,2026-07-05,2026-07-12,Delivered,Paid
SYSPO0007910,PO783476,SUP955662,WH412942,2026-04-28,2026-05-17,Delivered,Paid
SYSPO0007911,PO776485,SUP650121,WH686075,2026-06-02,2026-06-08,Delivered,Paid
SYSPO0007912,PO431438,SUP681343,WH532322,2025-10-11,2025-10-26,Delivered,Paid
SYSPO0007913,PO935649,SUP333238,WH429164,2026-01-29,2026-02-17,Delivered,Paid
SYSPO0007914,PO286040,SUP378361,WH690341,2025-09-20,2025-10-26,Delivered,Paid
SYSPO0007915,PO684796,SUP572700,WH930555,2026-05-03,2026-05-14,Delivered,Pending
SYSPO0007916,PO126960,SUP696750,WH233470,2026-02-22,2026-03-01,Delivered,Paid
SYSPO0007917,PO350202,SUP899213,WH808011,2026-01-30,2026-02-17,Delivered,Pending
SYSPO0007918,PO276151,SUP925981,WH380746,2025-12-05,2025-12-23,Delivered,Paid
SYSPO0007919,PO174460,SUP350867,WH274389,2026-04-29,2026-05-14,Cancelled,Cancelled
SYSPO0007920,PO541155,SUP965845,WH785197,2025-08-08,2025-08-15,Cancelled,Cancelled
SYSPO0007921,PO948300,SUP696750,WH237174,2025-08-09,2025-08-16,Delivered,Paid
SYSPO0007922,PO207415,SUP344098,WH654634,2026-04-23,2026-05-09,Delivered,Paid
SYSPO0007923,PO614939,SUP497382,WH656116,2025-10-25,2025-11-12,Cancelled,Cancelled
SYSPO0007924,PO181292,SUP437902,WH930555,2025-12-30,2026-01-16,Delivered,Paid
SYSPO0007925,PO212702,SUP572700,WH785197,2026-03-18,2026-03-29,Delivered,Pending
SYSPO0007926,PO185350,SUP813536,WH482364,2025-09-13,2025-10-04,Delivered,Paid
SYSPO0007927,PO296342,SUP662275,WH781453,2025-12-09,2025-12-21,Delivered,Paid
SYSPO0007928,PO535813,SUP216970,WH237174,2025-12-23,2026-01-11,Delayed,Pending
SYSPO0007929,PO218300,SUP391668,WH922157,2026-03-30,2026-04-12,Delivered,Paid
SYSPO0007930,PO883844,SUP696750,WH829716,2026-07-05,2026-07-12,Cancelled,Cancelled
SYSPO0007931,PO584540,SUP624902,WH567574,2025-11-13,2025-11-26,Delivered,Paid
SYSPO0007932,PO767576,SUP972335,WH770487,2025-10-16,2025-11-23,Delivered,Paid
SYSPO0007933,PO164649,SUP871711,WH801474,2026-03-06,2026-03-16,Delivered,Paid
SYSPO0007934,PO369891,SUP307428,WH237174,2025-11-15,2025-11-26,Delivered,Paid
SYSPO0007935,PO277817,SUP322955,WH237174,2025-11-05,2025-11-18,Delivered,Paid
SYSPO0007936,PO853300,SUP618392,WH429164,2025-11-17,2025-11-30,Delivered,Paid
SYSPO0007937,PO984009,SUP624902,WH422451,2026-02-04,2026-02-17,Delivered,Paid
SYSPO0007938,PO579154,SUP446954,WH380746,2026-03-31,2026-04-10,Delivered,Paid
SYSPO0007939,PO890124,SUP385470,WH237174,2025-12-16,2026-01-05,Delivered,Paid
SYSPO0007940,PO340776,SUP513160,WH322086,2025-12-25,2026-01-18,Delivered,Paid
SYSPO0007941,PO792141,SUP770487,WH910891,2025-10-15,2025-10-29,Delivered,Paid
SYSPO0007942,PO565125,SUP372793,WH740967,2026-02-14,2026-02-28,Delivered,Paid
SYSPO0007943,PO142321,SUP690341,WH422451,2026-01-16,2026-01-21,Delivered,Paid
SYSPO0007944,PO661497,SUP801364,WH922157,2025-10-25,2025-11-16,Delivered,Paid
SYSPO0007945,PO341052,SUP330914,WH781453,2026-01-14,2026-02-02,Delayed,Pending
SYSPO0007946,PO947761,SUP668532,WH824586,2026-05-04,2026-05-17,Delivered,Paid
SYSPO0007947,PO904780,SUP877236,WH262316,2026-05-24,2026-05-31,Delivered,Paid
SYSPO0007948,PO115810,SUP372793,WH770487,2025-12-27,2026-01-10,Delivered,Paid
SYSPO0007949,PO511876,SUP728492,WH515011,2025-12-24,2026-01-09,Delayed,Pending
SYSPO0007950,PO185865,SUP459536,WH910891,2026-07-02,2026-07-16,Delivered,Paid
SYSPO0007951,PO508336,SUP925981,WH656116,2026-01-07,2026-01-25,Delivered,Paid
SYSPO0007952,PO399591,SUP486945,WH429164,2025-11-21,2025-12-14,Delivered,Paid
SYSPO0007953,PO390899,SUP156213,WH373903,2026-01-27,2026-02-09,Delivered,Paid
SYSPO0007954,PO924367,SUP133659,WH526833,2025-10-13,2025-10-31,Delivered,Paid
SYSPO0007955,PO452705,SUP486945,WH412942,2026-03-14,2026-04-06,Delivered,Paid
SYSPO0007956,PO575169,SUP946305,WH380746,2025-09-24,2025-10-22,Delivered,Paid
SYSPO0007957,PO814923,SUP321275,WH658582,2026-03-16,2026-03-23,Delivered,Paid
SYSPO0007958,PO609440,SUP925981,WH356150,2026-04-28,2026-05-16,Delivered,Paid
SYSPO0007959,PO862755,SUP972064,WH526117,2025-11-01,2025-11-19,Delivered,Paid
SYSPO0007960,PO447034,SUP285652,WH816751,2026-06-17,2026-07-18,Delivered,Paid
SYSPO0007961,PO153874,SUP372793,WH233470,2025-09-12,2025-09-26,Delivered,Paid
SYSPO0007962,PO993491,SUP690341,WH262316,2026-05-11,2026-05-16,Delivered,Paid
SYSPO0007963,PO283664,SUP881177,WH922157,2025-11-17,2025-12-01,Delivered,Paid
SYSPO0007964,PO548900,SUP519093,WH376807,2026-06-13,2026-06-29,Delivered,Paid
SYSPO0007965,PO620461,SUP765095,WH636265,2025-11-04,2025-12-09,Delivered,Paid
SYSPO0007966,PO746510,SUP427110,WH658582,2026-03-08,2026-03-26,Delivered,Paid
SYSPO0007967,PO455906,SUP384076,WH112038,2026-01-19,2026-02-03,Cancelled,Cancelled
SYSPO0007968,PO687486,SUP965845,WH636265,2026-07-03,2026-07-10,Delivered,Paid
SYSPO0007969,PO235164,SUP216970,WH532322,2025-12-30,2026-01-18,Delivered,Paid
SYSPO0007970,PO435715,SUP245051,WH460663,2025-10-20,2025-11-10,Delivered,Paid
SYSPO0007971,PO311514,SUP639593,WH526833,2025-09-30,2025-10-07,Delivered,Paid
SYSPO0007972,PO398131,SUP385470,WH324082,2026-06-11,2026-07-01,Delivered,Paid
SYSPO0007973,PO275719,SUP613425,WH526833,2026-05-18,2026-05-29,Delivered,Paid
SYSPO0007974,PO517199,SUP696750,WH422451,2025-10-02,2025-10-09,Delivered,Paid
SYSPO0007975,PO652819,SUP344098,WH770487,2026-02-04,2026-02-20,Delivered,Paid
SYSPO0007976,PO646601,SUP614663,WH205907,2026-06-13,2026-06-30,Delivered,Pending
SYSPO0007977,PO970705,SUP725084,WH262316,2025-08-08,2025-08-25,Delivered,Paid
SYSPO0007978,PO207384,SUP497382,WH377746,2025-10-12,2025-10-30,Delivered,Paid
SYSPO0007979,PO150614,SUP598216,WH205907,2026-01-15,2026-01-27,Delivered,Paid
SYSPO0007980,PO342647,SUP934794,WH262316,2026-02-15,2026-02-21,Delivered,Paid
SYSPO0007981,PO654844,SUP372793,WH377746,2025-09-26,2025-10-10,Delivered,Paid
SYSPO0007982,PO550767,SUP972335,WH930555,2026-07-17,2026-08-24,In Transit,Pending
SYSPO0007983,PO761086,SUP725084,WH567574,2026-06-30,2026-07-17,Delayed,Pending
SYSPO0007984,PO594116,SUP526117,WH429164,2026-04-06,2026-04-22,Delivered,Paid
SYSPO0007985,PO708543,SUP613425,WH658582,2026-02-21,2026-03-04,Delayed,Pending
SYSPO0007986,PO858332,SUP526117,WH832052,2026-02-28,2026-03-16,Delivered,Paid
SYSPO0007987,PO351834,SUP755788,WH816751,2026-05-11,2026-06-05,Delivered,Paid
SYSPO0007988,PO474426,SUP211764,WH112038,2025-12-05,2025-12-22,Delivered,Paid
SYSPO0007989,PO362347,SUP260263,WH539589,2026-06-05,2026-06-12,Delivered,Paid
SYSPO0007990,PO311856,SUP589710,WH567574,2026-02-09,2026-02-28,Delivered,Paid
SYSPO0007991,PO152976,SUP944962,WH519066,2025-11-29,2025-12-13,Delivered,Paid
SYSPO0007992,PO315402,SUP197251,WH237174,2025-11-10,2025-11-17,Delivered,Paid
SYSPO0007993,PO241866,SUP513160,WH112038,2026-03-11,2026-04-04,Delivered,Paid
SYSPO0007994,PO186240,SUP664607,WH376807,2026-07-04,2026-08-06,In Transit,Pending
SYSPO0007995,PO173225,SUP446954,WH329974,2026-03-13,2026-03-23,Delayed,Pending
SYSPO0007996,PO452700,SUP322955,WH555884,2025-08-23,2025-09-05,Delivered,Paid
SYSPO0007997,PO362562,SUP429164,WH567574,2026-01-06,2026-01-23,Delivered,Paid
SYSPO0007998,PO504233,SUP944962,WH785197,2025-09-12,2025-09-26,Delivered,Paid
SYSPO0007999,PO229285,SUP153872,WH958179,2026-04-30,2026-05-07,Delivered,Paid
SYSPO0008000,PO212577,SUP680099,WH112038,2025-10-07,2025-10-24,Delayed,Pending
SYSPO0008001,PO356569,SUP881177,WH997546,2025-08-28,2025-09-11,Delayed,Pending
SYSPO0008002,PO575178,SUP887625,WH262316,2025-10-27,2025-11-09,Delivered,Paid
SYSPO0008003,PO157180,SUP990844,WH686075,2026-06-17,2026-07-06,Delivered,Paid
SYSPO0008004,PO601204,SUP614663,WH555884,2025-11-11,2025-11-28,Delivered,Paid
SYSPO0008005,PO876498,SUP920652,WH824586,2026-02-06,2026-03-01,Delivered,Paid
SYSPO0008006,PO217080,SUP572700,WH329974,2026-06-26,2026-07-07,Delivered,Paid
SYSPO0008007,PO903744,SUP842411,WH532322,2026-04-06,2026-04-14,Delivered,Paid
SYSPO0008008,PO414736,SUP608257,WH997546,2025-09-11,2025-09-27,Delayed,Pending
SYSPO0008009,PO860457,SUP946305,WH656116,2026-01-26,2026-02-23,Delivered,Paid
SYSPO0008010,PO712344,SUP865990,WH112038,2026-05-21,2026-06-11,Delivered,Paid
SYSPO0008011,PO407448,SUP770487,WH191161,2025-12-12,2025-12-26,Delivered,Paid
SYSPO0008012,PO964725,SUP965845,WH997546,2025-11-13,2025-11-20,Delivered,Paid
SYSPO0008013,PO417885,SUP920652,WH785197,2025-12-23,2026-01-15,Delayed,Pending
SYSPO0008014,PO873234,SUP618392,WH324082,2025-12-22,2026-01-04,Delivered,Paid
SYSPO0008015,PO617692,SUP688508,WH662336,2026-03-10,2026-03-20,Delivered,Paid
SYSPO0008016,PO611776,SUP356150,WH212235,2026-03-09,2026-03-27,Delivered,Paid
SYSPO0008017,PO818123,SUP427110,WH460663,2026-08-01,2026-08-19,In Transit,Pending
SYSPO0008018,PO884974,SUP639593,WH356150,2026-06-15,2026-06-22,Delivered,Paid
SYSPO0008019,PO460408,SUP880879,WH479201,2025-11-13,2025-12-21,Delivered,Paid
SYSPO0008020,PO160078,SUP976325,WH262316,2025-12-16,2025-12-29,Delivered,Paid
SYSPO0008021,PO845627,SUP728492,WH781453,2025-08-12,2025-08-28,Delivered,Paid
SYSPO0008022,PO991934,SUP989545,WH958179,2026-01-11,2026-01-27,Delivered,Paid
SYSPO0008023,PO332322,SUP153872,WH112038,2025-09-21,2025-09-28,Delivered,Paid
SYSPO0008024,PO940844,SUP688508,WH377746,2025-12-19,2025-12-29,Delivered,Paid
SYSPO0008025,PO983982,SUP668532,WH237174,2026-07-07,2026-07-20,Delivered,Paid
SYSPO0008026,PO627263,SUP459536,WH324082,2026-04-25,2026-05-09,Delayed,Pending
SYSPO0008027,PO231598,SUP350867,WH324082,2026-03-28,2026-04-12,Delivered,Paid
SYSPO0008028,PO454890,SUP765095,WH829716,2025-10-21,2025-11-25,Delayed,Pending
SYSPO0008029,PO543447,SUP881177,WH329974,2026-03-17,2026-03-31,Delivered,Paid
SYSPO0008030,PO878793,SUP260422,WH824586,2026-03-16,2026-03-25,Delivered,Paid
SYSPO0008031,PO810245,SUP133659,WH274389,2026-04-14,2026-05-02,Delivered,Paid
SYSPO0008032,PO710551,SUP765095,WH770487,2026-04-14,2026-05-19,Delayed,Pending
SYSPO0008033,PO541007,SUP920652,WH380746,2026-03-02,2026-03-25,Delivered,Paid
SYSPO0008034,PO696298,SUP920652,WH526117,2025-10-11,2025-11-03,Delivered,Paid
SYSPO0008035,PO175236,SUP642717,WH829716,2026-06-04,2026-06-18,Delivered,Pending
SYSPO0008036,PO296467,SUP273982,WH832052,2025-11-23,2025-12-09,Delivered,Paid
SYSPO0008037,PO255808,SUP614663,WH832052,2025-12-20,2026-01-06,Delivered,Paid
SYSPO0008038,PO185484,SUP378361,WH379766,2025-12-09,2026-01-14,Delivered,Paid
SYSPO0008039,PO986743,SUP613425,WH654634,2026-04-23,2026-05-04,Delivered,Paid
SYSPO0008040,PO707895,SUP696750,WH515011,2026-02-19,2026-02-26,Delivered,Paid
SYSPO0008041,PO967463,SUP437902,WH785197,2026-02-10,2026-02-27,Delivered,Paid
SYSPO0008042,PO335370,SUP335615,WH100425,2026-06-01,2026-06-07,Delivered,Paid
SYSPO0008043,PO843043,SUP437902,WH781453,2026-05-18,2026-06-04,Delivered,Pending
SYSPO0008044,PO289195,SUP877236,WH686075,2026-01-25,2026-02-01,Delivered,Paid
SYSPO0008045,PO239614,SUP526117,WH642717,2026-07-16,2026-08-01,Delivered,Paid
SYSPO0008046,PO525057,SUP446954,WH274389,2025-09-04,2025-09-14,Delivered,Pending
SYSPO0008047,PO889730,SUP624902,WH539589,2025-12-30,2026-01-12,Delivered,Paid
SYSPO0008048,PO355555,SUP322955,WH526833,2026-03-31,2026-04-13,Delayed,Pending
SYSPO0008049,PO977505,SUP184491,WH373903,2025-11-24,2025-12-26,Delivered,Paid
SYSPO0008050,PO540466,SUP437902,WH740967,2026-02-01,2026-02-18,Cancelled,Cancelled
SYSPO0008051,PO297722,SUP965845,WH910891,2026-04-07,2026-04-14,Delivered,Paid
SYSPO0008052,PO576864,SUP613425,WH771088,2025-09-30,2025-10-11,Delivered,Paid
SYSPO0008053,PO737519,SUP613425,WH112038,2026-07-08,2026-07-19,Cancelled,Cancelled
SYSPO0008054,PO412442,SUP595631,WH191161,2025-10-09,2025-11-03,Delivered,Paid
SYSPO0008055,PO880657,SUP523389,WH801474,2026-04-10,2026-04-26,Cancelled,Cancelled
SYSPO0008056,PO888945,SUP350867,WH379766,2026-06-14,2026-06-29,Delivered,Paid
SYSPO0008057,PO419402,SUP273982,WH922157,2026-07-31,2026-08-16,Processing,Pending
SYSPO0008058,PO932362,SUP372793,WH686075,2025-12-14,2025-12-28,Delivered,Paid
SYSPO0008059,PO979810,SUP598216,WH922157,2026-01-15,2026-01-27,Delivered,Paid
SYSPO0008060,PO258593,SUP946305,WH373903,2026-04-07,2026-05-05,Delayed,Pending
SYSPO0008061,PO666275,SUP211764,WH599948,2026-03-30,2026-04-16,Delivered,Paid
SYSPO0008062,PO837745,SUP871711,WH997546,2026-03-15,2026-03-25,Delivered,Pending
SYSPO0008063,PO793440,SUP934794,WH422451,2026-01-09,2026-01-15,Delivered,Paid
SYSPO0008064,PO796910,SUP870763,WH824586,2026-06-30,2026-07-16,Delivered,Paid
SYSPO0008065,PO626926,SUP870763,WH686075,2026-07-23,2026-08-08,In Transit,Pending
SYSPO0008066,PO131478,SUP259784,WH262316,2025-09-01,2025-09-08,Delivered,Paid
SYSPO0008067,PO511338,SUP757711,WH422451,2025-09-04,2025-09-09,Delivered,Paid
SYSPO0008068,PO266058,SUP384076,WH237174,2025-10-06,2025-10-21,Delayed,Pending
SYSPO0008069,PO640458,SUP437902,WH539589,2025-12-16,2026-01-02,Delivered,Pending
SYSPO0008070,PO615202,SUP842411,WH324082,2025-11-01,2025-11-09,Delivered,Paid
SYSPO0008071,PO132365,SUP972064,WH532322,2025-12-04,2025-12-22,Delivered,Paid
SYSPO0008072,PO307550,SUP801364,WH112038,2025-12-06,2025-12-28,Delivered,Paid
SYSPO0008073,PO459609,SUP680099,WH930555,2026-04-15,2026-05-02,Delivered,Paid
SYSPO0008074,PO534688,SUP829308,WH205907,2025-11-26,2025-12-04,Delivered,Paid
SYSPO0008075,PO952798,SUP519904,WH322086,2026-05-07,2026-05-21,Delivered,Paid
SYSPO0008076,PO682430,SUP755788,WH373903,2025-11-16,2025-12-11,Delivered,Paid
SYSPO0008077,PO910411,SUP322955,WH539589,2026-03-28,2026-04-10,Delivered,Paid
SYSPO0008078,PO406299,SUP920652,WH690341,2026-04-12,2026-05-05,Delivered,Paid
SYSPO0008079,PO629878,SUP755788,WH832052,2026-01-05,2026-01-30,Delivered,Paid
SYSPO0008080,PO847678,SUP497887,WH112038,2025-11-18,2025-12-06,Delivered,Paid
SYSPO0008081,PO620777,SUP944962,WH412942,2026-07-15,2026-07-29,Delivered,Paid
SYSPO0008082,PO189022,SUP642717,WH636265,2026-01-24,2026-02-07,Delivered,Paid
SYSPO0008083,PO244353,SUP300337,WH526117,2026-06-04,2026-06-17,Delayed,Pending
SYSPO0008084,PO944057,SUP881177,WH771088,2026-07-06,2026-07-20,Delivered,Paid
SYSPO0008085,PO381955,SUP437408,WH829716,2026-08-04,2026-08-19,Processing,Pending
SYSPO0008086,PO124849,SUP804318,WH100425,2025-12-24,2026-01-14,Delivered,Paid
SYSPO0008087,PO916522,SUP211764,WH539589,2026-05-22,2026-06-08,Delivered,Paid
SYSPO0008088,PO876317,SUP179046,WH322086,2026-03-20,2026-04-09,Delivered,Pending
SYSPO0008089,PO514279,SUP486945,WH526833,2026-02-23,2026-03-18,Delivered,Paid
SYSPO0008090,PO985250,SUP121753,WH816751,2026-01-26,2026-02-06,Delivered,Paid
SYSPO0008091,PO135612,SUP989545,WH526117,2026-01-12,2026-01-28,Delivered,Paid
SYSPO0008092,PO880994,SUP335113,WH519066,2025-10-08,2025-10-19,Delivered,Paid
SYSPO0008093,PO830821,SUP472060,WH329974,2025-10-15,2025-10-31,Delayed,Pending
SYSPO0008094,PO893368,SUP690341,WH654634,2026-07-02,2026-07-07,Cancelled,Cancelled
SYSPO0008095,PO222706,SUP725084,WH379766,2025-08-13,2025-08-30,Delivered,Paid
SYSPO0008096,PO132181,SUP350867,WH212235,2025-09-22,2025-10-07,Delivered,Paid
SYSPO0008097,PO340900,SUP335113,WH526117,2026-05-14,2026-05-25,Delivered,Paid
SYSPO0008098,PO559633,SUP688508,WH662336,2025-11-04,2025-11-14,Delivered,Paid
SYSPO0008099,PO334351,SUP240814,WH237174,2026-04-19,2026-04-25,Delivered,Paid
SYSPO0008100,PO265615,SUP904150,WH412942,2025-11-10,2025-12-06,Delivered,Paid
SYSPO0008101,PO993834,SUP486945,WH532322,2026-08-05,2026-08-28,In Transit,Pending
SYSPO0008102,PO271852,SUP728492,WH429164,2026-05-20,2026-06-05,Delivered,Paid
SYSPO0008103,PO362375,SUP671858,WH662336,2026-05-04,2026-05-20,Delayed,Pending
SYSPO0008104,PO540954,SUP378361,WH658582,2026-05-23,2026-06-28,Delivered,Paid
SYSPO0008105,PO830353,SUP733039,WH422451,2025-09-05,2025-09-21,Delivered,Paid
SYSPO0008106,PO944658,SUP197251,WH771088,2025-10-25,2025-11-01,Delivered,Paid
SYSPO0008107,PO612877,SUP526117,WH212235,2025-10-08,2025-10-24,Delivered,Paid
SYSPO0008108,PO311001,SUP755788,WH582662,2026-01-06,2026-01-31,Delivered,Paid
SYSPO0008109,PO719020,SUP523389,WH539589,2025-09-14,2025-09-30,Delivered,Paid
SYSPO0008110,PO658555,SUP429164,WH658582,2025-09-11,2025-09-28,Delivered,Paid
SYSPO0008111,PO891730,SUP989545,WH656116,2025-08-29,2025-09-14,Delivered,Paid
SYSPO0008112,PO160957,SUP597732,WH910891,2026-08-03,2026-08-29,In Transit,Pending
SYSPO0008113,PO243233,SUP880879,WH656116,2026-07-12,2026-08-19,In Transit,Pending
SYSPO0008114,PO233986,SUP121753,WH274389,2026-02-04,2026-02-15,Delivered,Paid
SYSPO0008115,PO151069,SUP680099,WH479201,2026-03-05,2026-03-22,Delivered,Paid
SYSPO0008116,PO990677,SUP755788,WH412942,2025-08-25,2025-09-19,Delivered,Paid
SYSPO0008117,PO737949,SUP576086,WH662336,2025-08-15,2025-08-21,Cancelled,Cancelled
SYSPO0008118,PO126817,SUP153872,WH112038,2026-05-31,2026-06-07,Delayed,Pending
SYSPO0008119,PO136618,SUP829308,WH656116,2026-01-06,2026-01-14,Delivered,Paid
SYSPO0008120,PO511553,SUP526117,WH532322,2026-02-24,2026-03-12,Delayed,Pending
SYSPO0008121,PO761446,SUP891937,WH329974,2026-05-29,2026-06-26,Delivered,Paid
SYSPO0008122,PO700262,SUP976325,WH262316,2025-09-06,2025-09-19,Delivered,Paid
SYSPO0008123,PO733741,SUP378361,WH460663,2025-09-14,2025-10-20,Delivered,Paid
SYSPO0008124,PO703183,SUP285652,WH379766,2025-11-14,2025-12-15,Delivered,Paid
SYSPO0008125,PO310897,SUP300896,WH112038,2026-04-02,2026-04-10,Delivered,Paid
SYSPO0008126,PO768363,SUP639593,WH379766,2025-10-04,2025-10-11,Delivered,Paid
SYSPO0008127,PO171055,SUP429164,WH958179,2025-09-06,2025-09-23,Delivered,Paid
SYSPO0008128,PO305855,SUP245051,WH237174,2026-04-16,2026-05-07,Delivered,Paid
SYSPO0008129,PO408078,SUP920652,WH658582,2026-08-01,2026-08-24,In Transit,Pending
SYSPO0008130,PO965800,SUP420214,WH322086,2026-07-14,2026-07-27,Delivered,Paid
SYSPO0008131,PO960288,SUP681343,WH373903,2026-01-03,2026-01-18,Delivered,Paid
SYSPO0008132,PO246299,SUP384076,WH376807,2025-12-03,2025-12-18,Delivered,Paid
SYSPO0008133,PO591006,SUP265080,WH324082,2025-11-02,2025-11-18,Cancelled,Cancelled
SYSPO0008134,PO763493,SUP285652,WH820221,2025-11-09,2025-12-10,Delivered,Paid
SYSPO0008135,PO435734,SUP597732,WH539589,2026-05-18,2026-06-13,Delivered,Paid
SYSPO0008136,PO117506,SUP925981,WH686075,2025-11-23,2025-12-11,Delivered,Pending
SYSPO0008137,PO676835,SUP965845,WH555884,2026-01-24,2026-01-31,Delivered,Paid
SYSPO0008138,PO784171,SUP153872,WH686075,2026-04-05,2026-04-12,Delivered,Paid
SYSPO0008139,PO350419,SUP976325,WH526117,2025-09-23,2025-10-06,Delivered,Paid
SYSPO0008140,PO753770,SUP472060,WH781453,2025-09-24,2025-10-10,Delivered,Paid
SYSPO0008141,PO354128,SUP449499,WH771088,2026-02-25,2026-03-02,Delivered,Paid
SYSPO0008142,PO423923,SUP955662,WH373903,2026-06-26,2026-07-15,Delivered,Paid
SYSPO0008143,PO964973,SUP597732,WH658582,2025-10-10,2025-11-05,Delivered,Paid
SYSPO0008144,PO457690,SUP925981,WH237174,2025-08-16,2025-09-03,Delivered,Paid
SYSPO0008145,PO174947,SUP427110,WH532322,2025-08-18,2025-09-05,Delivered,Paid
SYSPO0008146,PO797190,SUP688508,WH824586,2026-04-19,2026-04-29,Delivered,Paid
SYSPO0008147,PO263667,SUP486945,WH567574,2025-12-21,2026-01-13,Delivered,Paid
SYSPO0008148,PO627938,SUP946305,WH460663,2026-07-05,2026-08-02,Delivered,Paid
SYSPO0008149,PO113589,SUP925981,WH526833,2026-07-26,2026-08-13,In Transit,Pending
SYSPO0008150,PO216144,SUP668532,WH532322,2025-12-09,2025-12-22,Delivered,Paid
SYSPO0008151,PO283466,SUP839677,WH771088,2026-07-06,2026-07-23,Delivered,Paid
SYSPO0008152,PO298540,SUP572387,WH654634,2026-02-05,2026-02-21,Delivered,Paid
SYSPO0008153,PO371333,SUP934794,WH212235,2026-02-02,2026-02-08,Delivered,Paid
SYSPO0008154,PO574593,SUP184491,WH567574,2026-07-09,2026-08-10,Processing,Pending
SYSPO0008155,PO854110,SUP842411,WH526117,2026-03-02,2026-03-10,Delayed,Pending
SYSPO0008156,PO950264,SUP391668,WH816751,2026-08-03,2026-08-16,In Transit,Pending
SYSPO0008157,PO438835,SUP725084,WH100425,2025-11-18,2025-12-05,Delivered,Paid
SYSPO0008158,PO701300,SUP265080,WH829716,2026-03-06,2026-03-22,Delivered,Paid
SYSPO0008159,PO209291,SUP300896,WH205907,2026-01-24,2026-02-01,Delivered,Paid
SYSPO0008160,PO361783,SUP801364,WH532322,2025-09-26,2025-10-18,Delivered,Paid
SYSPO0008161,PO548606,SUP839677,WH781453,2026-05-02,2026-05-19,Delivered,Paid
SYSPO0008162,PO486158,SUP335615,WH654634,2026-03-02,2026-03-08,Delivered,Paid
SYSPO0008163,PO657902,SUP572700,WH781453,2025-10-12,2025-10-23,Delayed,Pending
SYSPO0008164,PO628487,SUP965845,WH205907,2026-03-22,2026-03-29,Delayed,Pending
SYSPO0008165,PO334188,SUP519904,WH329974,2026-03-25,2026-04-08,Delivered,Paid
SYSPO0008166,PO608420,SUP333238,WH642717,2026-01-29,2026-02-17,Delivered,Paid
SYSPO0008167,PO755994,SUP459536,WH324082,2026-04-07,2026-04-21,Delivered,Paid
SYSPO0008168,PO821578,SUP804318,WH100425,2026-05-22,2026-06-12,Delivered,Paid
SYSPO0008169,PO356072,SUP768854,WH519066,2026-04-08,2026-04-25,Delivered,Paid
SYSPO0008170,PO906676,SUP245051,WH824586,2026-07-11,2026-08-01,Delivered,Paid
SYSPO0008171,PO453625,SUP965845,WH519066,2026-03-12,2026-03-19,Delivered,Paid
SYSPO0008172,PO521976,SUP449499,WH212235,2026-01-20,2026-01-25,Cancelled,Cancelled
SYSPO0008173,PO770916,SUP497887,WH322086,2026-02-24,2026-03-14,Delivered,Pending
SYSPO0008174,PO874882,SUP420214,WH808011,2026-04-10,2026-04-23,Delivered,Paid
SYSPO0008175,PO883748,SUP920652,WH237174,2026-04-10,2026-05-03,Delivered,Paid
SYSPO0008176,PO762634,SUP662275,WH329974,2026-02-28,2026-03-12,Delivered,Paid
SYSPO0008177,PO538269,SUP486945,WH829716,2025-12-03,2025-12-26,Delayed,Pending
SYSPO0008178,PO763324,SUP519904,WH380746,2026-07-23,2026-08-06,In Transit,Pending
SYSPO0008179,PO461279,SUP946305,WH636265,2025-12-17,2026-01-14,Delivered,Paid
SYSPO0008180,PO828827,SUP890170,WH205907,2026-02-08,2026-02-15,Delivered,Pending
SYSPO0008181,PO298401,SUP642717,WH377746,2026-03-02,2026-03-16,Delivered,Paid
SYSPO0008182,PO394144,SUP486945,WH174441,2025-11-01,2025-11-24,Delivered,Paid
SYSPO0008183,PO835783,SUP972335,WH690341,2026-06-13,2026-07-21,Delivered,Paid
SYSPO0008184,PO901417,SUP300337,WH532322,2025-09-08,2025-09-21,Delivered,Paid
SYSPO0008185,PO867918,SUP197251,WH237174,2026-01-23,2026-01-30,Delayed,Pending
SYSPO0008186,PO458325,SUP572387,WH740967,2025-12-02,2025-12-18,Delivered,Paid
SYSPO0008187,PO433759,SUP618392,WH997546,2025-12-25,2026-01-07,Delivered,Paid
SYSPO0008188,PO189693,SUP688508,WH526117,2026-01-12,2026-01-22,Delivered,Paid
SYSPO0008189,PO521880,SUP662275,WH997546,2025-11-13,2025-11-25,Delivered,Paid
SYSPO0008190,PO257981,SUP925981,WH532322,2025-10-04,2025-10-22,Delivered,Paid
SYSPO0008191,PO742119,SUP216970,WH781453,2025-11-30,2025-12-19,Delivered,Paid
SYSPO0008192,PO673218,SUP642717,WH781453,2025-08-09,2025-08-23,Delivered,Paid
SYSPO0008193,PO628215,SUP385470,WH686075,2025-08-05,2025-08-25,Delivered,Paid
SYSPO0008194,PO254936,SUP486945,WH832052,2026-02-24,2026-03-19,Delivered,Paid
SYSPO0008195,PO527591,SUP813536,WH662336,2026-06-17,2026-07-08,Delivered,Paid
SYSPO0008196,PO412534,SUP925981,WH808011,2026-05-26,2026-06-13,Delivered,Paid
SYSPO0008197,PO664412,SUP330914,WH582662,2026-06-30,2026-07-19,Delivered,Paid
SYSPO0008198,PO670818,SUP989545,WH377746,2025-09-26,2025-10-12,Delivered,Paid
SYSPO0008199,PO403541,SUP696750,WH422451,2025-12-16,2025-12-23,Delivered,Paid
SYSPO0008200,PO319505,SUP757711,WH205907,2025-11-24,2025-11-29,Delivered,Paid
SYSPO0008201,PO407771,SUP121753,WH429164,2026-02-03,2026-02-14,Delivered,Paid
SYSPO0008202,PO259644,SUP842411,WH205907,2026-02-28,2026-03-08,Delivered,Paid
SYSPO0008203,PO426732,SUP321275,WH686075,2025-08-08,2025-08-15,Delivered,Paid
SYSPO0008204,PO799914,SUP664607,WH379766,2026-04-29,2026-06-01,Delivered,Paid
SYSPO0008205,PO946215,SUP330914,WH770487,2026-07-29,2026-08-17,In Transit,Pending
SYSPO0008206,PO333381,SUP420214,WH212235,2026-02-12,2026-02-25,Delivered,Paid
SYSPO0008207,PO823175,SUP880879,WH526833,2026-05-25,2026-07-02,Delivered,Paid
SYSPO0008208,PO888254,SUP829308,WH770487,2026-02-06,2026-02-14,Delivered,Paid
SYSPO0008209,PO175886,SUP378361,WH479201,2025-11-29,2026-01-04,Delivered,Paid
SYSPO0008210,PO745211,SUP802729,WH922157,2025-08-08,2025-08-19,Delivered,Paid
SYSPO0008211,PO900910,SUP153872,WH532322,2026-05-29,2026-06-05,Delivered,Paid
SYSPO0008212,PO183675,SUP733039,WH262316,2026-01-19,2026-02-04,Delivered,Paid
SYSPO0008213,PO145885,SUP384076,WH539589,2026-06-10,2026-06-25,Delivered,Paid
SYSPO0008214,PO539184,SUP221263,WH191161,2025-11-26,2025-12-20,Delivered,Paid
SYSPO0008215,PO451797,SUP597732,WH820221,2026-03-24,2026-04-19,Delivered,Paid
SYSPO0008216,PO962796,SUP572700,WH324082,2025-11-02,2025-11-13,Delivered,Paid
SYSPO0008217,PO176117,SUP437902,WH816751,2026-06-10,2026-06-27,Delivered,Paid
SYSPO0008218,PO401874,SUP618392,WH479201,2025-08-07,2025-08-20,Delayed,Pending
SYSPO0008219,PO331576,SUP871711,WH832052,2026-03-05,2026-03-15,Delayed,Pending
SYSPO0008220,PO158697,SUP891937,WH662336,2025-12-28,2026-01-25,Delayed,Pending
SYSPO0008221,PO321731,SUP920652,WH329974,2025-10-17,2025-11-09,Delivered,Paid
SYSPO0008222,PO114665,SUP497887,WH515011,2026-01-11,2026-01-29,Delivered,Paid
SYSPO0008223,PO586596,SUP664607,WH582662,2026-07-13,2026-08-15,In Transit,Pending
SYSPO0008224,PO277136,SUP300896,WH237174,2026-03-10,2026-03-18,Cancelled,Cancelled
SYSPO0008225,PO462866,SUP259784,WH377746,2026-01-21,2026-01-28,Delivered,Paid
SYSPO0008226,PO667162,SUP813536,WH820221,2026-01-05,2026-01-26,Delivered,Paid
SYSPO0008227,PO227987,SUP221263,WH686075,2025-11-10,2025-12-04,Delivered,Paid
SYSPO0008228,PO432177,SUP624902,WH781453,2025-10-07,2025-10-20,Delivered,Paid
SYSPO0008229,PO938484,SUP576086,WH910891,2026-05-09,2026-05-15,Delivered,Paid
SYSPO0008230,PO106067,SUP446954,WH233470,2026-05-18,2026-05-28,Delivered,Paid
SYSPO0008231,PO473857,SUP624902,WH958179,2026-04-12,2026-04-25,Delivered,Paid
SYSPO0008232,PO813100,SUP946305,WH460663,2026-01-03,2026-01-31,Delivered,Paid
SYSPO0008233,PO674140,SUP904150,WH785197,2026-06-22,2026-07-18,Delivered,Paid
SYSPO0008234,PO551004,SUP256294,WH526117,2025-12-29,2026-01-11,Delivered,Paid
SYSPO0008235,PO159816,SUP372793,WH824586,2025-10-29,2025-11-12,Delivered,Paid
SYSPO0008236,PO886259,SUP321275,WH636265,2025-11-15,2025-11-22,Delivered,Paid
SYSPO0008237,PO359066,SUP391668,WH460663,2025-09-04,2025-09-17,Delivered,Paid
SYSPO0008238,PO276566,SUP427110,WH785197,2026-01-15,2026-02-02,Delivered,Paid
SYSPO0008239,PO351352,SUP526117,WH642717,2026-04-04,2026-04-20,Delivered,Paid
SYSPO0008240,PO812161,SUP497887,WH654634,2025-11-06,2025-11-24,Delivered,Paid
SYSPO0008241,PO725081,SUP925981,WH555884,2026-02-21,2026-03-11,Delivered,Paid
SYSPO0008242,PO894312,SUP842411,WH100425,2026-05-28,2026-06-05,Cancelled,Cancelled
SYSPO0008243,PO335682,SUP356150,WH329974,2026-06-11,2026-06-29,Delivered,Paid
SYSPO0008244,PO401446,SUP736059,WH274389,2026-07-24,2026-08-07,In Transit,Pending
SYSPO0008245,PO234261,SUP733039,WH412942,2026-03-31,2026-04-16,Delivered,Paid
SYSPO0008246,PO448861,SUP642717,WH212235,2026-06-14,2026-06-28,Delivered,Paid
SYSPO0008247,PO996470,SUP572700,WH422451,2026-05-01,2026-05-12,Delivered,Paid
SYSPO0008248,PO430252,SUP920652,WH191161,2026-04-27,2026-05-20,Delivered,Paid
SYSPO0008249,PO278672,SUP519904,WH373903,2025-11-18,2025-12-02,Delivered,Paid
SYSPO0008250,PO369647,SUP391668,WH532322,2025-11-23,2025-12-06,Delivered,Paid
SYSPO0008251,PO175206,SUP955662,WH274389,2026-04-13,2026-05-02,Delivered,Paid
SYSPO0008252,PO110365,SUP121753,WH112038,2026-05-20,2026-05-31,Delivered,Paid
SYSPO0008253,PO812613,SUP989545,WH958179,2026-02-27,2026-03-15,Delayed,Pending
SYSPO0008254,PO445562,SUP946305,WH958179,2026-06-15,2026-07-13,Delivered,Paid
SYSPO0008255,PO727966,SUP802729,WH997546,2025-11-17,2025-11-28,Delivered,Paid
SYSPO0008256,PO329765,SUP211764,WH824586,2026-01-12,2026-01-29,Delivered,Paid
SYSPO0008257,PO933542,SUP989545,WH429164,2025-10-17,2025-11-02,Delivered,Paid
SYSPO0008258,PO669619,SUP259784,WH656116,2026-07-02,2026-07-09,Delivered,Paid
SYSPO0008259,PO770467,SUP121753,WH922157,2025-08-31,2025-09-11,Delivered,Paid
SYSPO0008260,PO811333,SUP519093,WH539589,2025-10-14,2025-10-30,Delivered,Paid
SYSPO0008261,PO482746,SUP121753,WH997546,2025-09-27,2025-10-08,Delivered,Paid
SYSPO0008262,PO842970,SUP614663,WH771088,2025-11-25,2025-12-12,Delivered,Paid
SYSPO0008263,PO551473,SUP989545,WH376807,2025-09-16,2025-10-02,Delivered,Paid
SYSPO0008264,PO327570,SUP692683,WH237174,2026-04-09,2026-05-04,Delivered,Paid
SYSPO0008265,PO582274,SUP497382,WH801474,2026-01-28,2026-02-15,Delivered,Paid
SYSPO0008266,PO360564,SUP197251,WH567574,2026-04-01,2026-04-08,Delivered,Paid
SYSPO0008267,PO739436,SUP497382,WH930555,2026-01-27,2026-02-14,Delivered,Paid
SYSPO0008268,PO754435,SUP690341,WH422451,2025-11-18,2025-11-23,Delivered,Paid
SYSPO0008269,PO990518,SUP829308,WH422451,2026-05-04,2026-05-12,Delivered,Pending
SYSPO0008270,PO297348,SUP446954,WH422451,2026-04-03,2026-04-13,Delivered,Paid
SYSPO0008271,PO348239,SUP391668,WH958179,2026-02-12,2026-02-25,Cancelled,Cancelled
SYSPO0008272,PO188171,SUP513160,WH191161,2025-10-16,2025-11-09,Delivered,Paid
SYSPO0008273,PO419375,SUP891937,WH373903,2025-12-07,2026-01-04,Delayed,Pending
SYSPO0008274,PO613219,SUP613425,WH832052,2025-08-12,2025-08-23,Delivered,Paid
SYSPO0008275,PO138735,SUP121753,WH555884,2025-10-03,2025-10-14,Delivered,Paid
SYSPO0008276,PO537267,SUP420214,WH429164,2025-08-24,2025-09-06,Delivered,Paid
SYSPO0008277,PO930321,SUP300337,WH519066,2026-02-28,2026-03-13,Delayed,Pending
SYSPO0008278,PO602556,SUP920652,WH112038,2025-08-13,2025-09-05,Delivered,Paid
SYSPO0008279,PO132840,SUP989545,WH686075,2025-10-16,2025-11-01,Delivered,Paid
SYSPO0008280,PO315580,SUP121753,WH930555,2025-09-13,2025-09-24,Delivered,Paid
SYSPO0008281,PO153664,SUP153872,WH808011,2025-11-22,2025-11-29,Delivered,Paid
SYSPO0008282,PO429013,SUP378361,WH515011,2025-11-17,2025-12-23,Delivered,Paid
SYSPO0008283,PO596816,SUP300896,WH555884,2025-09-22,2025-09-30,Delivered,Paid
SYSPO0008284,PO931512,SUP681343,WH816751,2026-05-09,2026-05-24,Delivered,Paid
SYSPO0008285,PO853830,SUP692683,WH191161,2026-01-22,2026-02-16,Delayed,Pending
SYSPO0008286,PO205767,SUP245051,WH324082,2026-05-14,2026-06-04,Delivered,Paid
SYSPO0008287,PO359257,SUP671858,WH322086,2025-08-08,2025-08-24,Delivered,Paid
SYSPO0008288,PO447931,SUP725084,WH816751,2025-11-03,2025-11-20,Delayed,Pending
SYSPO0008289,PO539960,SUP350867,WH910891,2025-09-09,2025-09-24,Delayed,Pending
SYSPO0008290,PO252449,SUP349565,WH662336,2025-10-02,2025-10-28,Delivered,Paid
SYSPO0008291,PO972326,SUP197251,WH422451,2025-08-10,2025-08-17,Delivered,Paid
SYSPO0008292,PO980873,SUP356150,WH532322,2026-02-12,2026-03-02,Delivered,Paid
SYSPO0008293,PO772491,SUP899213,WH100425,2025-10-28,2025-11-15,Delayed,Pending
SYSPO0008294,PO705502,SUP260422,WH379766,2025-12-15,2025-12-24,Delivered,Paid
SYSPO0008295,PO406397,SUP865990,WH373903,2026-01-15,2026-02-05,Delivered,Pending
SYSPO0008296,PO916197,SUP344098,WH377746,2025-12-04,2025-12-20,Delivered,Paid
SYSPO0008297,PO840459,SUP497382,WH930555,2026-06-06,2026-06-24,Delivered,Paid
SYSPO0008298,PO655338,SUP333238,WH376807,2026-06-11,2026-06-30,Delivered,Paid
SYSPO0008299,PO617000,SUP300896,WH356150,2026-02-14,2026-02-22,Delivered,Paid
SYSPO0008300,PO674028,SUP372793,WH539589,2025-12-27,2026-01-10,Delayed,Pending
SYSPO0008301,PO886153,SUP891937,WH373903,2026-02-01,2026-03-01,Delivered,Paid
SYSPO0008302,PO137968,SUP197251,WH785197,2026-05-02,2026-05-09,Delivered,Paid
SYSPO0008303,PO229013,SUP765095,WH479201,2026-06-08,2026-07-13,Delivered,Paid
SYSPO0008304,PO566126,SUP429164,WH379766,2025-08-17,2025-09-03,Delivered,Paid
SYSPO0008305,PO285036,SUP597732,WH658582,2025-12-11,2026-01-06,Delivered,Paid
SYSPO0008306,PO316145,SUP184491,WH373903,2025-09-05,2025-10-07,Delivered,Paid
SYSPO0008307,PO962803,SUP300896,WH356150,2026-06-28,2026-07-06,Delivered,Paid
SYSPO0008308,PO773266,SUP519904,WH997546,2026-05-23,2026-06-06,Delivered,Paid
SYSPO0008309,PO761724,SUP197251,WH567574,2025-09-30,2025-10-07,Delayed,Pending
SYSPO0008310,PO484014,SUP650121,WH112038,2025-08-26,2025-09-01,Delivered,Paid
SYSPO0008311,PO862355,SUP211764,WH781453,2025-11-16,2025-12-03,Delayed,Pending
SYSPO0008312,PO170177,SUP899213,WH582662,2026-06-02,2026-06-20,Delivered,Pending
SYSPO0008313,PO881038,SUP300337,WH205907,2026-01-04,2026-01-17,Delivered,Paid
SYSPO0008314,PO551059,SUP589710,WH532322,2025-09-01,2025-09-20,Delivered,Paid
SYSPO0008315,PO304513,SUP755788,WH191161,2026-03-03,2026-03-28,Delivered,Paid
SYSPO0008316,PO335299,SUP221263,WH376807,2026-02-03,2026-02-27,Delivered,Paid
SYSPO0008317,PO495334,SUP965845,WH654634,2025-10-14,2025-10-21,Delivered,Paid
SYSPO0008318,PO528876,SUP688508,WH237174,2025-10-18,2025-10-28,Delivered,Paid
SYSPO0008319,PO914125,SUP887625,WH555884,2026-07-18,2026-07-31,Delivered,Paid
SYSPO0008320,PO703616,SUP755788,WH656116,2026-06-27,2026-07-22,Delivered,Paid
SYSPO0008321,PO441621,SUP692683,WH997546,2025-11-10,2025-12-05,Delivered,Paid
SYSPO0008322,PO830124,SUP757711,WH422451,2026-06-18,2026-06-23,Delivered,Paid
SYSPO0008323,PO820952,SUP260422,WH515011,2025-12-31,2026-01-09,Delivered,Paid
SYSPO0008324,PO854229,SUP322955,WH379766,2026-06-22,2026-07-05,Delivered,Paid
SYSPO0008325,PO989387,SUP179046,WH324082,2025-08-09,2025-08-29,Delivered,Paid
SYSPO0008326,PO175353,SUP572387,WH690341,2025-09-21,2025-10-07,Delivered,Paid
SYSPO0008327,PO434042,SUP523389,WH526833,2026-05-30,2026-06-15,Delayed,Pending
SYSPO0008328,PO605929,SUP842411,WH100425,2026-05-09,2026-05-17,Delivered,Paid
SYSPO0008329,PO946094,SUP330914,WH262316,2025-11-09,2025-11-28,Delayed,Pending
SYSPO0008330,PO785109,SUP526117,WH582662,2026-01-01,2026-01-17,Delivered,Paid
SYSPO0008331,PO827402,SUP497887,WH322086,2026-05-31,2026-06-18,Delivered,Paid
SYSPO0008332,PO795335,SUP976325,WH519066,2026-01-24,2026-02-06,Delivered,Paid
SYSPO0008333,PO835651,SUP972064,WH555884,2025-11-08,2025-11-26,Delivered,Paid
SYSPO0008334,PO241627,SUP829308,WH526833,2026-05-18,2026-05-26,Delivered,Paid
SYSPO0008335,PO846809,SUP671858,WH212235,2025-08-18,2025-09-03,Delivered,Pending
SYSPO0008336,PO400403,SUP513160,WH100425,2025-10-21,2025-11-14,Delivered,Paid
SYSPO0008337,PO264387,SUP955662,WH958179,2026-01-30,2026-02-18,Delayed,Pending
SYSPO0008338,PO531880,SUP597732,WH816751,2026-05-17,2026-06-12,Delivered,Paid
SYSPO0008339,PO624895,SUP829308,WH808011,2026-05-31,2026-06-08,Delayed,Pending
SYSPO0008340,PO797858,SUP335113,WH801474,2025-09-10,2025-09-21,Delivered,Paid
SYSPO0008341,PO644519,SUP300337,WH112038,2026-02-23,2026-03-08,Delayed,Pending
SYSPO0008342,PO295864,SUP285652,WH656116,2026-04-20,2026-05-21,Delivered,Paid
SYSPO0008343,PO685023,SUP513160,WH771088,2025-10-24,2025-11-17,Delivered,Paid
SYSPO0008344,PO528617,SUP765095,WH515011,2026-02-04,2026-03-11,Cancelled,Cancelled
SYSPO0008345,PO111675,SUP813536,WH930555,2026-01-03,2026-01-24,Delivered,Paid
SYSPO0008346,PO481860,SUP829308,WH958179,2026-04-26,2026-05-04,Delivered,Paid
SYSPO0008347,PO657425,SUP597732,WH658582,2025-12-04,2025-12-30,Delivered,Paid
SYSPO0008348,PO909962,SUP322955,WH808011,2026-08-03,2026-08-16,In Transit,Pending
SYSPO0008349,PO710836,SUP725084,WH377746,2025-12-08,2025-12-25,Delivered,Paid
SYSPO0008350,PO433409,SUP899213,WH922157,2025-10-05,2025-10-23,Delivered,Paid
SYSPO0008351,PO551816,SUP768854,WH820221,2026-04-06,2026-04-23,Delivered,Paid
SYSPO0008352,PO462637,SUP576086,WH740967,2026-05-14,2026-05-20,Delivered,Paid
SYSPO0008353,PO715911,SUP322955,WH599948,2025-08-21,2025-09-03,Delivered,Paid
SYSPO0008354,PO310508,SUP705397,WH515011,2026-05-21,2026-06-18,Delivered,Paid
SYSPO0008355,PO170167,SUP260422,WH324082,2026-08-04,2026-08-13,In Transit,Pending
SYSPO0008356,PO902403,SUP887625,WH515011,2026-03-06,2026-03-19,Delivered,Paid
SYSPO0008357,PO801537,SUP925981,WH515011,2026-02-23,2026-03-13,Delivered,Paid
SYSPO0008358,PO217438,SUP260422,WH958179,2025-09-21,2025-09-30,Delayed,Pending
SYSPO0008359,PO193511,SUP972335,WH771088,2025-11-11,2025-12-19,Delivered,Paid
SYSPO0008360,PO833911,SUP349565,WH785197,2026-02-07,2026-03-05,Delivered,Paid
SYSPO0008361,PO233700,SUP437408,WH930555,2026-04-09,2026-04-24,Delivered,Paid
SYSPO0008362,PO141026,SUP184491,WH770487,2025-11-29,2025-12-31,Cancelled,Cancelled
SYSPO0008363,PO382876,SUP121753,WH526117,2025-10-21,2025-11-01,Delivered,Paid
SYSPO0008364,PO685493,SUP870763,WH740967,2025-12-22,2026-01-07,Delivered,Paid
SYSPO0008365,PO790273,SUP598216,WH824586,2026-07-15,2026-07-27,Delivered,Paid
SYSPO0008366,PO680704,SUP179046,WH829716,2025-08-25,2025-09-14,Delivered,Paid
SYSPO0008367,PO868891,SUP519904,WH690341,2026-07-06,2026-07-20,Delivered,Paid
SYSPO0008368,PO611215,SUP842411,WH237174,2026-04-20,2026-04-28,Cancelled,Cancelled
SYSPO0008369,PO993048,SUP221263,WH599948,2025-10-28,2025-11-21,Delivered,Paid
SYSPO0008370,PO112497,SUP768854,WH820221,2025-09-17,2025-10-04,Delivered,Paid
SYSPO0008371,PO673053,SUP259784,WH100425,2025-11-04,2025-11-11,Delivered,Paid
SYSPO0008372,PO980125,SUP349565,WH526833,2026-04-07,2026-05-03,Cancelled,Cancelled
SYSPO0008373,PO979596,SUP486945,WH690341,2026-01-20,2026-02-12,Delivered,Paid
SYSPO0008374,PO844702,SUP662275,WH233470,2025-12-09,2025-12-21,Delivered,Paid
SYSPO0008375,PO789219,SUP335113,WH233470,2025-08-10,2025-08-21,Delivered,Paid
SYSPO0008376,PO293334,SUP472060,WH324082,2025-10-08,2025-10-24,Delivered,Paid
SYSPO0008377,PO835738,SUP934794,WH636265,2026-06-09,2026-06-15,Delivered,Paid
SYSPO0008378,PO767283,SUP156213,WH237174,2025-11-20,2025-12-03,Delivered,Paid
SYSPO0008379,PO551060,SUP904150,WH816751,2026-03-20,2026-04-15,Delivered,Paid
SYSPO0008380,PO220326,SUP497382,WH479201,2025-09-20,2025-10-08,Delivered,Paid
SYSPO0008381,PO649123,SUP618392,WH356150,2026-01-05,2026-01-18,Delivered,Paid
SYSPO0008382,PO380469,SUP133659,WH781453,2026-06-07,2026-06-25,Delivered,Paid
SYSPO0008383,PO713194,SUP671858,WH656116,2025-11-07,2025-11-23,Delivered,Paid
SYSPO0008384,PO706837,SUP259784,WH930555,2025-08-08,2025-08-15,Delivered,Paid
SYSPO0008385,PO372332,SUP572700,WH824586,2025-08-21,2025-09-01,Delivered,Paid
SYSPO0008386,PO850186,SUP497382,WH380746,2026-03-18,2026-04-05,Delivered,Paid
SYSPO0008387,PO637175,SUP349565,WH910891,2026-06-05,2026-07-01,Delivered,Paid
SYSPO0008388,PO462139,SUP870763,WH555884,2026-04-30,2026-05-16,Delivered,Paid
SYSPO0008389,PO890418,SUP330914,WH233470,2026-02-05,2026-02-24,Delivered,Paid
SYSPO0008390,PO141381,SUP437902,WH377746,2026-04-29,2026-05-16,Delivered,Paid
SYSPO0008391,PO438650,SUP576086,WH412942,2026-03-24,2026-03-30,Delivered,Paid
SYSPO0008392,PO337093,SUP736059,WH479201,2025-10-04,2025-10-18,Delivered,Paid
SYSPO0008393,PO862805,SUP768854,WH740967,2025-12-27,2026-01-13,Delivered,Paid
SYSPO0008394,PO203533,SUP920652,WH690341,2026-05-31,2026-06-23,Delivered,Paid
SYSPO0008395,PO917134,SUP839677,WH662336,2025-09-08,2025-09-25,Delivered,Paid
SYSPO0008396,PO628466,SUP197251,WH922157,2025-11-09,2025-11-16,Delivered,Paid
SYSPO0008397,PO357320,SUP881177,WH429164,2025-10-05,2025-10-19,Cancelled,Cancelled
SYSPO0008398,PO329897,SUP300896,WH824586,2026-02-15,2026-02-23,Delivered,Paid
SYSPO0008399,PO247595,SUP259784,WH324082,2025-09-09,2025-09-16,Delivered,Paid
SYSPO0008400,PO634717,SUP671858,WH526833,2026-04-28,2026-05-14,Cancelled,Cancelled
SYSPO0008401,PO741636,SUP934794,WH922157,2026-04-02,2026-04-08,Delivered,Paid
SYSPO0008402,PO796573,SUP259784,WH356150,2025-12-14,2025-12-21,Delivered,Paid
SYSPO0008403,PO271161,SUP668532,WH824586,2026-08-01,2026-08-14,In Transit,Pending
SYSPO0008404,PO186934,SUP153872,WH112038,2026-05-26,2026-06-02,Delivered,Paid
SYSPO0008405,PO658286,SUP589710,WH515011,2026-04-04,2026-04-23,Delivered,Paid
SYSPO0008406,PO461116,SUP681343,WH274389,2025-08-28,2025-09-12,Delivered,Paid
SYSPO0008407,PO884753,SUP572700,WH460663,2025-08-28,2025-09-08,Delivered,Paid
SYSPO0008408,PO991498,SUP613425,WH930555,2025-12-21,2026-01-01,Cancelled,Cancelled
SYSPO0008409,PO576420,SUP378361,WH781453,2026-04-12,2026-05-18,Delivered,Paid
SYSPO0008410,PO691426,SUP662275,WH930555,2025-10-03,2025-10-15,Delivered,Paid
SYSPO0008411,PO505352,SUP372793,WH212235,2026-05-04,2026-05-18,Delivered,Paid
SYSPO0008412,PO914685,SUP179046,WH997546,2026-03-01,2026-03-21,Delivered,Pending
SYSPO0008413,PO979691,SUP420214,WH567574,2026-06-08,2026-06-21,Delivered,Paid
SYSPO0008414,PO879075,SUP871711,WH262316,2025-09-15,2025-09-25,Delivered,Paid
SYSPO0008415,PO967154,SUP437408,WH515011,2025-09-22,2025-10-07,Delivered,Paid
SYSPO0008416,PO591425,SUP813536,WH174441,2026-02-10,2026-03-03,Delivered,Paid
SYSPO0008417,PO609977,SUP946305,WH191161,2025-11-03,2025-12-01,Delivered,Paid
SYSPO0008418,PO154253,SUP333238,WH690341,2025-12-06,2025-12-25,Delayed,Pending
SYSPO0008419,PO164505,SUP497382,WH379766,2026-03-09,2026-03-27,Delivered,Paid
SYSPO0008420,PO877707,SUP335615,WH274389,2026-06-07,2026-06-13,Delivered,Paid
SYSPO0008421,PO189058,SUP925981,WH237174,2026-04-12,2026-04-30,Delivered,Paid
SYSPO0008422,PO751032,SUP260263,WH816751,2026-05-25,2026-06-01,Delivered,Paid
SYSPO0008423,PO396224,SUP572700,WH519066,2025-12-17,2025-12-28,Delivered,Paid
SYSPO0008424,PO745886,SUP668532,WH112038,2026-06-13,2026-06-26,Delivered,Paid
SYSPO0008425,PO616465,SUP736059,WH322086,2026-07-17,2026-07-31,Delivered,Paid
SYSPO0008426,PO479701,SUP335113,WH262316,2026-01-22,2026-02-02,Delivered,Pending
SYSPO0008427,PO790350,SUP736059,WH356150,2026-05-16,2026-05-30,Delivered,Paid
SYSPO0008428,PO395671,SUP486945,WH205907,2025-10-18,2025-11-10,Cancelled,Cancelled
SYSPO0008429,PO845511,SUP121753,WH829716,2025-08-13,2025-08-24,Delivered,Paid
SYSPO0008430,PO846066,SUP156213,WH515011,2026-04-29,2026-05-12,Delivered,Paid
SYSPO0008431,PO284912,SUP688508,WH658582,2025-12-29,2026-01-08,Delivered,Paid
SYSPO0008432,PO447315,SUP725084,WH820221,2025-12-22,2026-01-08,Delivered,Paid
SYSPO0008433,PO358562,SUP972064,WH785197,2026-05-13,2026-05-31,Delivered,Paid
SYSPO0008434,PO889385,SUP350867,WH910891,2025-09-26,2025-10-11,Delivered,Paid
SYSPO0008435,PO857351,SUP513160,WH205907,2025-11-10,2025-12-04,Delivered,Paid
SYSPO0008436,PO237156,SUP705397,WH781453,2026-07-20,2026-08-17,In Transit,Pending
SYSPO0008437,PO432642,SUP576086,WH662336,2025-08-20,2025-08-26,Delivered,Paid
SYSPO0008438,PO838278,SUP472060,WH526833,2026-02-09,2026-02-25,Delivered,Paid
SYSPO0008439,PO566726,SUP197251,WH377746,2026-05-06,2026-05-13,Delivered,Paid
SYSPO0008440,PO898715,SUP755788,WH771088,2026-01-21,2026-02-15,Delivered,Paid
SYSPO0008441,PO335746,SUP595631,WH785197,2026-03-10,2026-04-04,Delivered,Paid
SYSPO0008442,PO923325,SUP121753,WH205907,2025-11-27,2025-12-08,Delivered,Paid
SYSPO0008443,PO451604,SUP725084,WH740967,2026-03-03,2026-03-20,Delivered,Paid
SYSPO0008444,PO760985,SUP330914,WH740967,2026-05-02,2026-05-21,Delivered,Paid
SYSPO0008445,PO611092,SUP302511,WH526117,2026-02-11,2026-03-01,Delivered,Paid
SYSPO0008446,PO919921,SUP904150,WH740967,2025-10-17,2025-11-12,Delivered,Paid
SYSPO0008447,PO690059,SUP870763,WH212235,2026-03-13,2026-03-29,Delivered,Paid
SYSPO0008448,PO680864,SUP335615,WH519066,2025-10-16,2025-10-22,Delivered,Paid
SYSPO0008449,PO676864,SUP904150,WH740967,2026-03-04,2026-03-30,Cancelled,Cancelled
SYSPO0008450,PO878415,SUP887625,WH582662,2025-12-18,2025-12-31,Delivered,Paid
SYSPO0008451,PO725109,SUP211764,WH567574,2025-12-08,2025-12-25,Delivered,Paid
SYSPO0008452,PO439070,SUP259784,WH519066,2026-05-16,2026-05-23,Delivered,Paid
SYSPO0008453,PO898127,SUP944962,WH274389,2026-02-02,2026-02-16,Delivered,Paid
SYSPO0008454,PO831157,SUP618392,WH997546,2025-11-19,2025-12-02,Cancelled,Cancelled
SYSPO0008455,PO636087,SUP307428,WH233470,2026-07-07,2026-07-18,Delivered,Paid
SYSPO0008456,PO639853,SUP696750,WH274389,2026-06-23,2026-06-30,Delayed,Pending
SYSPO0008457,PO790967,SUP770487,WH808011,2026-03-25,2026-04-08,Delivered,Paid
SYSPO0008458,PO855704,SUP639593,WH922157,2026-07-26,2026-08-02,Delivered,Paid
SYSPO0008459,PO411858,SUP216970,WH526833,2026-07-05,2026-07-24,Delivered,Pending
SYSPO0008460,PO220551,SUP333238,WH642717,2026-03-08,2026-03-27,Delivered,Paid
SYSPO0008461,PO167052,SUP321275,WH380746,2025-10-06,2025-10-13,Delivered,Paid
SYSPO0008462,PO895731,SUP595631,WH662336,2025-08-31,2025-09-25,Delivered,Paid
SYSPO0008463,PO808326,SUP472060,WH329974,2026-02-27,2026-03-15,Delivered,Paid
SYSPO0008464,PO857265,SUP696750,WH801474,2025-10-04,2025-10-11,Delivered,Paid
SYSPO0008465,PO995701,SUP437902,WH262316,2026-01-26,2026-02-12,Delivered,Paid
SYSPO0008466,PO414107,SUP944962,WH429164,2025-11-27,2025-12-11,Delivered,Paid
SYSPO0008467,PO600572,SUP989545,WH274389,2026-06-19,2026-07-05,Delivered,Paid
SYSPO0008468,PO634778,SUP944962,WH567574,2025-11-15,2025-11-29,Delayed,Pending
SYSPO0008469,PO792439,SUP519093,WH808011,2026-03-03,2026-03-19,Delivered,Paid
SYSPO0008470,PO842372,SUP576086,WH237174,2025-12-25,2025-12-31,Delivered,Paid
SYSPO0008471,PO597619,SUP696750,WH274389,2026-01-28,2026-02-04,Delivered,Paid
SYSPO0008472,PO581782,SUP576086,WH237174,2025-08-05,2025-08-11,Delivered,Paid
SYSPO0008473,PO486140,SUP972064,WH740967,2026-06-02,2026-06-20,Delivered,Paid
SYSPO0008474,PO871066,SUP925981,WH379766,2026-04-09,2026-04-27,Delivered,Paid
SYSPO0008475,PO988737,SUP429164,WH770487,2026-02-17,2026-03-06,Delivered,Paid
SYSPO0008476,PO567129,SUP705397,WH379766,2025-12-30,2026-01-27,Delivered,Paid
SYSPO0008477,PO687450,SUP486945,WH785197,2026-05-16,2026-06-08,Delivered,Paid
SYSPO0008478,PO822021,SUP427110,WH781453,2025-10-16,2025-11-03,Delivered,Paid
SYSPO0008479,PO504757,SUP972335,WH582662,2026-07-13,2026-08-20,Processing,Pending
SYSPO0008480,PO811384,SUP437902,WH526833,2025-08-12,2025-08-29,Delivered,Paid
SYSPO0008481,PO831559,SUP156213,WH479201,2026-04-02,2026-04-15,Delivered,Paid
SYSPO0008482,PO348025,SUP184491,WH526833,2026-07-03,2026-08-04,Delivered,Paid
SYSPO0008483,PO562838,SUP839677,WH274389,2025-12-24,2026-01-10,Delivered,Paid
SYSPO0008484,PO899071,SUP768854,WH412942,2026-06-02,2026-06-19,Delivered,Paid
SYSPO0008485,PO453259,SUP121753,WH658582,2026-04-02,2026-04-13,Delivered,Pending
SYSPO0008486,PO164659,SUP437902,WH412942,2025-11-05,2025-11-22,Delivered,Paid
SYSPO0008487,PO931040,SUP391668,WH205907,2025-12-07,2025-12-20,Delivered,Paid
SYSPO0008488,PO566965,SUP153872,WH662336,2026-05-12,2026-05-19,Delivered,Paid
SYSPO0008489,PO987992,SUP378361,WH958179,2025-08-29,2025-10-04,Delivered,Paid
SYSPO0008490,PO194797,SUP472060,WH636265,2026-04-17,2026-05-03,Delivered,Paid
SYSPO0008491,PO890352,SUP696750,WH322086,2026-03-02,2026-03-09,Delivered,Paid
SYSPO0008492,PO762481,SUP972064,WH555884,2026-06-19,2026-07-07,Delivered,Paid
SYSPO0008493,PO267868,SUP650121,WH824586,2026-01-02,2026-01-08,Delayed,Pending
SYSPO0008494,PO902602,SUP899213,WH322086,2025-10-17,2025-11-04,Delivered,Paid
SYSPO0008495,PO591586,SUP153872,WH654634,2026-02-24,2026-03-03,Delivered,Paid
SYSPO0008496,PO848921,SUP197251,WH555884,2026-04-27,2026-05-04,Delivered,Paid
SYSPO0008497,PO734551,SUP321275,WH324082,2026-02-14,2026-02-21,Delivered,Paid
SYSPO0008498,PO406646,SUP770487,WH373903,2026-05-29,2026-06-12,Delivered,Paid
SYSPO0008499,PO109925,SUP755788,WH690341,2026-03-07,2026-04-01,Delivered,Paid
SYSPO0008500,PO829194,SUP870763,WH274389,2025-10-03,2025-10-19,Delivered,Paid
SYSPO0008501,PO304509,SUP842411,WH233470,2026-03-31,2026-04-08,Delivered,Paid
SYSPO0008502,PO361843,SUP829308,WH532322,2025-11-22,2025-11-30,Delivered,Paid
SYSPO0008503,PO477179,SUP680099,WH922157,2025-12-08,2025-12-25,Delivered,Paid
SYSPO0008504,PO170672,SUP965845,WH460663,2026-01-11,2026-01-18,Delivered,Paid
SYSPO0008505,PO719116,SUP513160,WH785197,2026-04-10,2026-05-04,Delivered,Paid
SYSPO0008506,PO798806,SUP613425,WH958179,2025-12-08,2025-12-19,Delivered,Paid
SYSPO0008507,PO826370,SUP256294,WH958179,2025-09-16,2025-09-29,Delivered,Paid
SYSPO0008508,PO683398,SUP613425,WH233470,2025-09-11,2025-09-22,Delivered,Paid
SYSPO0008509,PO304429,SUP420214,WH997546,2026-02-24,2026-03-09,Delivered,Paid
SYSPO0008510,PO916055,SUP899213,WH515011,2026-04-17,2026-05-05,Delivered,Paid
SYSPO0008511,PO250700,SUP839677,WH770487,2025-08-30,2025-09-16,Delivered,Paid
SYSPO0008512,PO303304,SUP197251,WH324082,2025-08-22,2025-08-29,Delivered,Paid
SYSPO0008513,PO607955,SUP624902,WH519066,2026-06-25,2026-07-08,Delivered,Paid
SYSPO0008514,PO623068,SUP184491,WH479201,2026-08-04,2026-09-05,In Transit,Pending
SYSPO0008515,PO436549,SUP692683,WH274389,2025-09-24,2025-10-19,Delivered,Paid
SYSPO0008516,PO895021,SUP664607,WH832052,2025-10-13,2025-11-15,Delayed,Pending
SYSPO0008517,PO677375,SUP321275,WH373903,2026-07-10,2026-07-17,Delivered,Paid
SYSPO0008518,PO666065,SUP459536,WH112038,2025-08-17,2025-08-31,Delivered,Paid
SYSPO0008519,PO467651,SUP899213,WH642717,2025-10-22,2025-11-09,Delivered,Paid
SYSPO0008520,PO112559,SUP733039,WH324082,2025-09-15,2025-10-01,Delivered,Paid
SYSPO0008521,PO772923,SUP420214,WH690341,2026-02-09,2026-02-22,Delivered,Paid
SYSPO0008522,PO615713,SUP989545,WH785197,2025-10-18,2025-11-03,Delivered,Paid
SYSPO0008523,PO568227,SUP733039,WH376807,2025-09-12,2025-09-28,Delivered,Pending
SYSPO0008524,PO495237,SUP446954,WH324082,2025-08-17,2025-08-27,Delivered,Paid
SYSPO0008525,PO899847,SUP589710,WH930555,2026-03-14,2026-04-02,Delivered,Paid
SYSPO0008526,PO565791,SUP614663,WH376807,2026-04-11,2026-04-28,Delivered,Pending
SYSPO0008527,PO308281,SUP156213,WH922157,2026-06-25,2026-07-08,Delivered,Paid
SYSPO0008528,PO826028,SUP755788,WH479201,2026-01-02,2026-01-27,Delayed,Pending
SYSPO0008529,PO220002,SUP598216,WH112038,2026-04-17,2026-04-29,Delivered,Paid
SYSPO0008530,PO316778,SUP829308,WH373903,2026-02-11,2026-02-19,Delivered,Paid
SYSPO0008531,PO272584,SUP662275,WH100425,2026-02-25,2026-03-09,Cancelled,Cancelled
SYSPO0008532,PO764162,SUP385470,WH174441,2026-04-04,2026-04-24,Delivered,Paid
SYSPO0008533,PO754640,SUP300337,WH808011,2026-05-04,2026-05-17,Delivered,Paid
SYSPO0008534,PO724083,SUP934794,WH771088,2026-03-22,2026-03-28,Delivered,Paid
SYSPO0008535,PO347718,SUP880879,WH515011,2025-11-12,2025-12-20,Delivered,Paid
SYSPO0008536,PO432486,SUP624902,WH429164,2025-08-24,2025-09-06,Delivered,Paid
SYSPO0008537,PO412516,SUP437902,WH567574,2025-12-25,2026-01-11,Delayed,Pending
SYSPO0008538,PO557008,SUP770487,WH930555,2025-10-29,2025-11-12,Delivered,Paid
SYSPO0008539,PO467079,SUP972335,WH781453,2026-03-28,2026-05-05,Delivered,Paid
SYSPO0008540,PO813001,SUP156213,WH237174,2026-05-10,2026-05-23,Delayed,Pending
SYSPO0008541,PO574672,SUP322955,WH532322,2025-09-01,2025-09-14,Delivered,Paid
SYSPO0008542,PO365463,SUP350867,WH526833,2025-08-10,2025-08-25,Delivered,Paid
SYSPO0008543,PO509262,SUP925981,WH515011,2026-08-01,2026-08-19,Processing,Pending
SYSPO0008544,PO691907,SUP391668,WH373903,2026-07-28,2026-08-10,In Transit,Pending
SYSPO0008545,PO600665,SUP216970,WH686075,2025-10-25,2025-11-13,Delivered,Paid
SYSPO0008546,PO183213,SUP572700,WH274389,2026-04-16,2026-04-27,Delivered,Paid
SYSPO0008547,PO487124,SUP384076,WH322086,2026-02-11,2026-02-26,Delayed,Pending
SYSPO0008548,PO998838,SUP925981,WH997546,2026-07-31,2026-08-18,In Transit,Pending
SYSPO0008549,PO690123,SUP497382,WH262316,2026-07-16,2026-08-03,Delivered,Paid
SYSPO0008550,PO663993,SUP813536,WH654634,2026-06-24,2026-07-15,Delivered,Paid
SYSPO0008551,PO770302,SUP333238,WH356150,2025-09-05,2025-09-24,Delayed,Pending
SYSPO0008552,PO112892,SUP597732,WH642717,2026-02-02,2026-02-28,Delivered,Paid
SYSPO0008553,PO498232,SUP890170,WH654634,2026-06-12,2026-06-19,Delivered,Paid
SYSPO0008554,PO694831,SUP624902,WH237174,2026-04-10,2026-04-23,Delivered,Paid
SYSPO0008555,PO404558,SUP597732,WH212235,2025-08-28,2025-09-23,Delivered,Paid
SYSPO0008556,PO208159,SUP245051,WH770487,2025-12-23,2026-01-13,Delivered,Paid
SYSPO0008557,PO158012,SUP572700,WH997546,2026-03-09,2026-03-20,Delivered,Paid
SYSPO0008558,PO304209,SUP829308,WH356150,2026-05-20,2026-05-28,Delivered,Paid
SYSPO0008559,PO961047,SUP576086,WH380746,2026-08-04,2026-08-10,In Transit,Pending
SYSPO0008560,PO264029,SUP972335,WH656116,2026-07-16,2026-08-23,In Transit,Pending
SYSPO0008561,PO522931,SUP385470,WH429164,2026-01-13,2026-02-02,Delivered,Paid
SYSPO0008562,PO441014,SUP880879,WH781453,2026-06-20,2026-07-28,Delivered,Paid
SYSPO0008563,PO835638,SUP688508,WH526117,2025-12-26,2026-01-05,Delayed,Pending
SYSPO0008564,PO545564,SUP156213,WH555884,2026-06-09,2026-06-22,Delivered,Paid
SYSPO0008565,PO709269,SUP768854,WH582662,2026-05-07,2026-05-24,Delivered,Paid
SYSPO0008566,PO696869,SUP891937,WH816751,2025-08-27,2025-09-24,Delivered,Paid
SYSPO0008567,PO441734,SUP733039,WH636265,2026-06-20,2026-07-06,Delayed,Pending
SYSPO0008568,PO890710,SUP770487,WH112038,2026-04-01,2026-04-15,Delivered,Pending
SYSPO0008569,PO793905,SUP300337,WH237174,2025-11-16,2025-11-29,Delivered,Paid
SYSPO0008570,PO739418,SUP356150,WH829716,2026-02-26,2026-03-16,Delayed,Pending
SYSPO0008571,PO128523,SUP690341,WH422451,2025-08-20,2025-08-25,Delivered,Paid
SYSPO0008572,PO290805,SUP881177,WH274389,2026-05-17,2026-05-31,Delayed,Pending
SYSPO0008573,PO254891,SUP384076,WH808011,2025-09-01,2025-09-16,Delivered,Paid
SYSPO0008574,PO116462,SUP446954,WH656116,2026-06-25,2026-07-05,Delivered,Paid
SYSPO0008575,PO546017,SUP497887,WH174441,2025-12-01,2025-12-19,Delivered,Paid
SYSPO0008576,PO712424,SUP344098,WH377746,2025-09-04,2025-09-20,Delivered,Paid
SYSPO0008577,PO563786,SUP321275,WH922157,2025-10-27,2025-11-03,Delivered,Paid
SYSPO0008578,PO851491,SUP624902,WH526833,2026-02-22,2026-03-07,Delivered,Paid
SYSPO0008579,PO135965,SUP472060,WH482364,2025-09-11,2025-09-27,Delivered,Paid
SYSPO0008580,PO310220,SUP437902,WH515011,2025-09-13,2025-09-30,Delivered,Paid
SYSPO0008581,PO757096,SUP870763,WH740967,2026-05-13,2026-05-29,Delivered,Paid
SYSPO0008582,PO488977,SUP378361,WH329974,2025-11-02,2025-12-08,Delivered,Pending
SYSPO0008583,PO466163,SUP595631,WH820221,2026-02-27,2026-03-24,Delivered,Paid
SYSPO0008584,PO535586,SUP613425,WH636265,2026-01-01,2026-01-12,Delivered,Paid
SYSPO0008585,PO432998,SUP865990,WH686075,2025-10-17,2025-11-07,Delivered,Paid
SYSPO0008586,PO968162,SUP989545,WH532322,2025-10-19,2025-11-04,Delivered,Paid
SYSPO0008587,PO335294,SUP804318,WH910891,2026-02-25,2026-03-18,Delivered,Paid
SYSPO0008588,PO217062,SUP197251,WH274389,2026-04-17,2026-04-24,Delayed,Pending
SYSPO0008589,PO278938,SUP871711,WH654634,2025-11-09,2025-11-19,Delivered,Paid
SYSPO0008590,PO102644,SUP273982,WH740967,2026-03-14,2026-03-30,Delivered,Paid
SYSPO0008591,PO654887,SUP733039,WH771088,2026-04-04,2026-04-20,Cancelled,Cancelled
SYSPO0008592,PO686434,SUP865990,WH205907,2025-10-13,2025-11-03,Delivered,Pending
SYSPO0008593,PO545699,SUP240814,WH519066,2026-03-09,2026-03-15,Delivered,Paid
SYSPO0008594,PO546239,SUP372793,WH816751,2026-05-22,2026-06-05,Delivered,Paid
SYSPO0008595,PO604101,SUP972335,WH690341,2026-03-09,2026-04-16,Delayed,Pending
SYSPO0008596,PO473006,SUP696750,WH662336,2026-01-13,2026-01-20,Delivered,Paid
SYSPO0008597,PO443035,SUP680099,WH770487,2026-05-21,2026-06-07,Cancelled,Cancelled
SYSPO0008598,PO881241,SUP839677,WH808011,2025-09-14,2025-10-01,Delivered,Paid
SYSPO0008599,PO112518,SUP597732,WH429164,2026-05-29,2026-06-24,Delivered,Paid
SYSPO0008600,PO885132,SUP211764,WH930555,2026-04-10,2026-04-27,Delivered,Paid
SYSPO0008601,PO441136,SUP335113,WH686075,2026-03-16,2026-03-27,Delivered,Paid
SYSPO0008602,PO892798,SUP372793,WH412942,2025-12-22,2026-01-05,Delivered,Paid
SYSPO0008603,PO122313,SUP870763,WH205907,2026-04-23,2026-05-09,Delivered,Paid
SYSPO0008604,PO189807,SUP321275,WH237174,2026-01-30,2026-02-06,Delivered,Paid
SYSPO0008605,PO899775,SUP870763,WH636265,2026-05-04,2026-05-20,Delivered,Paid
SYSPO0008606,PO648402,SUP671858,WH930555,2026-04-20,2026-05-06,Delivered,Paid
SYSPO0008607,PO459951,SUP920652,WH801474,2026-01-17,2026-02-09,Delivered,Paid
SYSPO0008608,PO779376,SUP133659,WH526117,2026-07-13,2026-07-31,Delivered,Paid
SYSPO0008609,PO473601,SUP321275,WH482364,2025-09-14,2025-09-21,Delivered,Paid
SYSPO0008610,PO678809,SUP427110,WH599948,2025-10-08,2025-10-26,Delivered,Paid
SYSPO0008611,PO236443,SUP333238,WH212235,2026-06-08,2026-06-27,Delivered,Paid
SYSPO0008612,PO753231,SUP801364,WH532322,2025-10-14,2025-11-05,Delayed,Pending
SYSPO0008613,PO736466,SUP887625,WH515011,2026-03-06,2026-03-19,Delivered,Paid
SYSPO0008614,PO875004,SUP259784,WH532322,2026-01-07,2026-01-14,Delayed,Pending
SYSPO0008615,PO787252,SUP891937,WH662336,2026-02-17,2026-03-17,Delivered,Paid
SYSPO0008616,PO246910,SUP668532,WH322086,2025-12-14,2025-12-27,Delivered,Paid
SYSPO0008617,PO879931,SUP990844,WH274389,2026-04-17,2026-05-06,Delivered,Paid
SYSPO0008618,PO466454,SUP437408,WH824586,2025-10-05,2025-10-20,Delivered,Paid
SYSPO0008619,PO800325,SUP624902,WH532322,2026-02-28,2026-03-13,Delivered,Paid
SYSPO0008620,PO742330,SUP221263,WH422451,2026-03-25,2026-04-18,Delivered,Paid
SYSPO0008621,PO907837,SUP519093,WH237174,2026-01-24,2026-02-09,Delivered,Paid
SYSPO0008622,PO844546,SUP256294,WH322086,2026-08-02,2026-08-15,In Transit,Pending
SYSPO0008623,PO859455,SUP259784,WH237174,2025-12-19,2025-12-26,Delivered,Paid
SYSPO0008624,PO416241,SUP420214,WH526117,2026-07-21,2026-08-03,Delivered,Paid
SYSPO0008625,PO153403,SUP842411,WH922157,2025-12-05,2025-12-13,Delivered,Paid
SYSPO0008626,PO718645,SUP891937,WH412942,2026-03-06,2026-04-03,Delivered,Pending
SYSPO0008627,PO688199,SUP378361,WH642717,2025-12-09,2026-01-14,Cancelled,Cancelled
SYSPO0008628,PO999605,SUP865990,WH922157,2026-06-29,2026-07-20,Delivered,Paid
SYSPO0008629,PO200590,SUP890170,WH519066,2025-12-27,2026-01-03,Delivered,Paid
SYSPO0008630,PO528714,SUP519093,WH658582,2026-01-12,2026-01-28,Delayed,Pending
SYSPO0008631,PO342886,SUP946305,WH376807,2026-05-28,2026-06-25,Delivered,Paid
SYSPO0008632,PO233411,SUP260263,WH526833,2026-04-07,2026-04-14,Delivered,Paid
SYSPO0008633,PO907693,SUP690341,WH922157,2026-01-19,2026-01-24,Delivered,Paid
SYSPO0008634,PO622370,SUP420214,WH356150,2026-06-21,2026-07-04,Delivered,Paid
SYSPO0008635,PO481534,SUP692683,WH654634,2026-05-13,2026-06-07,Delivered,Paid
SYSPO0008636,PO746861,SUP576086,WH808011,2025-12-08,2025-12-14,Delivered,Paid
SYSPO0008637,PO193901,SUP662275,WH662336,2026-03-29,2026-04-10,Delivered,Paid
SYSPO0008638,PO391236,SUP256294,WH212235,2025-11-06,2025-11-19,Delivered,Paid
SYSPO0008639,PO974802,SUP642717,WH526833,2026-03-11,2026-03-25,Delivered,Paid
SYSPO0008640,PO989364,SUP624902,WH100425,2026-03-04,2026-03-17,Delivered,Paid
SYSPO0008641,PO373925,SUP497887,WH429164,2025-10-27,2025-11-14,Delayed,Pending
SYSPO0008642,PO624524,SUP664607,WH656116,2025-12-28,2026-01-30,Delivered,Paid
SYSPO0008643,PO399689,SUP865990,WH112038,2026-05-29,2026-06-19,Delivered,Paid
SYSPO0008644,PO936933,SUP871711,WH740967,2026-03-06,2026-03-16,Delivered,Paid
SYSPO0008645,PO684795,SUP385470,WH930555,2026-07-30,2026-08-19,In Transit,Pending
SYSPO0008646,PO968735,SUP671858,WH824586,2026-05-21,2026-06-06,Delivered,Paid
SYSPO0008647,PO947222,SUP184491,WH429164,2025-11-11,2025-12-13,Delivered,Paid
SYSPO0008648,PO871691,SUP842411,WH519066,2025-12-22,2025-12-30,Delivered,Paid
SYSPO0008649,PO537146,SUP333238,WH686075,2026-01-27,2026-02-15,Delivered,Paid
SYSPO0008650,PO226946,SUP880879,WH515011,2026-01-25,2026-03-04,Delivered,Paid
SYSPO0008651,PO103567,SUP486945,WH482364,2026-01-06,2026-01-29,Delivered,Paid
SYSPO0008652,PO396133,SUP802729,WH174441,2025-08-05,2025-08-16,Delivered,Paid
SYSPO0008653,PO307048,SUP925981,WH567574,2026-05-14,2026-06-01,Delivered,Paid
SYSPO0008654,PO192573,SUP765095,WH656116,2025-08-18,2025-09-22,Delivered,Paid
SYSPO0008655,PO477576,SUP890170,WH237174,2025-11-23,2025-11-30,Cancelled,Cancelled
SYSPO0008656,PO799414,SUP871711,WH379766,2026-03-24,2026-04-03,Delivered,Pending
SYSPO0008657,PO479613,SUP595631,WH429164,2025-08-11,2025-09-05,Delivered,Paid
SYSPO0008658,PO667455,SUP899213,WH829716,2026-02-22,2026-03-12,Delivered,Paid
SYSPO0008659,PO280274,SUP589710,WH100425,2025-09-26,2025-10-15,Delivered,Paid
SYSPO0008660,PO510298,SUP372793,WH824586,2026-07-16,2026-07-30,Cancelled,Cancelled
SYSPO0008661,PO796211,SUP650121,WH519066,2025-11-30,2025-12-06,Delivered,Paid
SYSPO0008662,PO210436,SUP437408,WH829716,2025-08-07,2025-08-22,Delivered,Paid
SYSPO0008663,PO573224,SUP688508,WH212235,2025-11-29,2025-12-09,Delivered,Paid
SYSPO0008664,PO568877,SUP865990,WH686075,2025-10-30,2025-11-20,Delivered,Paid
SYSPO0008665,PO631218,SUP755788,WH785197,2025-10-27,2025-11-21,Delivered,Paid
SYSPO0008666,PO663534,SUP813536,WH930555,2026-07-03,2026-07-24,Delivered,Paid
SYSPO0008667,PO819318,SUP256294,WH322086,2025-12-05,2025-12-18,Delayed,Pending
SYSPO0008668,PO736587,SUP349565,WH582662,2025-08-13,2025-09-08,Delivered,Paid
SYSPO0008669,PO618945,SUP260263,WH532322,2026-05-31,2026-06-07,Delayed,Pending
SYSPO0008670,PO886710,SUP256294,WH740967,2026-06-20,2026-07-03,Delivered,Paid
SYSPO0008671,PO104799,SUP256294,WH205907,2026-04-29,2026-05-12,Delivered,Paid
SYSPO0008672,PO560471,SUP733039,WH377746,2026-06-20,2026-07-06,Delivered,Paid
SYSPO0008673,PO179316,SUP671858,WH112038,2025-11-20,2025-12-06,Delivered,Paid
SYSPO0008674,PO212515,SUP989545,WH820221,2026-07-27,2026-08-12,Cancelled,Cancelled
SYSPO0008675,PO355145,SUP639593,WH112038,2026-03-08,2026-03-15,Delivered,Paid
SYSPO0008676,PO332373,SUP523389,WH526117,2026-02-19,2026-03-07,Delivered,Paid
SYSPO0008677,PO797037,SUP437902,WH376807,2026-03-09,2026-03-26,Delivered,Paid
SYSPO0008678,PO666808,SUP671858,WH212235,2026-03-14,2026-03-30,Delivered,Paid
SYSPO0008679,PO225025,SUP839677,WH771088,2026-07-30,2026-08-16,In Transit,Pending
SYSPO0008680,PO873432,SUP321275,WH910891,2026-03-14,2026-03-21,Delayed,Pending
SYSPO0008681,PO470788,SUP842411,WH274389,2025-10-04,2025-10-12,Delivered,Paid
SYSPO0008682,PO607536,SUP350867,WH532322,2025-09-10,2025-09-25,Delayed,Pending
SYSPO0008683,PO358023,SUP572387,WH832052,2025-08-19,2025-09-04,Delivered,Paid
SYSPO0008684,PO188562,SUP871711,WH785197,2026-01-30,2026-02-09,Delivered,Paid
SYSPO0008685,PO540652,SUP920652,WH373903,2025-12-21,2026-01-13,Delivered,Paid
SYSPO0008686,PO516471,SUP880879,WH636265,2025-10-04,2025-11-11,Delayed,Pending
SYSPO0008687,PO784742,SUP965845,WH237174,2025-09-27,2025-10-04,Delivered,Pending
SYSPO0008688,PO679018,SUP946305,WH690341,2025-11-15,2025-12-13,Delivered,Paid
SYSPO0008689,PO769335,SUP802729,WH482364,2025-12-25,2026-01-05,Delayed,Pending
SYSPO0008690,PO546967,SUP650121,WH654634,2026-07-16,2026-07-22,Delayed,Pending
SYSPO0008691,PO145206,SUP887625,WH781453,2026-03-19,2026-04-01,Delivered,Paid
SYSPO0008692,PO181145,SUP887625,WH781453,2025-11-10,2025-11-23,Delivered,Paid
SYSPO0008693,PO620533,SUP972064,WH422451,2025-11-03,2025-11-21,Delivered,Paid
SYSPO0008694,PO648880,SUP197251,WH519066,2025-11-12,2025-11-19,Delivered,Paid
SYSPO0008695,PO471005,SUP801364,WH324082,2026-06-15,2026-07-07,Delivered,Paid
SYSPO0008696,PO492344,SUP285652,WH567574,2025-11-29,2025-12-30,Delayed,Pending
SYSPO0008697,PO679175,SUP608257,WH379766,2025-09-09,2025-09-25,Delivered,Paid
SYSPO0008698,PO271923,SUP356150,WH654634,2026-03-14,2026-04-01,Delivered,Paid
SYSPO0008699,PO305483,SUP321275,WH910891,2026-01-07,2026-01-14,Delivered,Paid
SYSPO0008700,PO394202,SUP384076,WH910891,2026-03-14,2026-03-29,Delivered,Paid
SYSPO0008701,PO262585,SUP300337,WH205907,2026-07-27,2026-08-09,Processing,Pending
SYSPO0008702,PO928870,SUP934794,WH262316,2025-10-28,2025-11-03,Delivered,Paid
SYSPO0008703,PO763215,SUP865990,WH377746,2026-05-17,2026-06-07,Delayed,Pending
SYSPO0008704,PO616358,SUP437408,WH526833,2025-09-03,2025-09-18,Delivered,Paid
SYSPO0008705,PO753998,SUP265080,WH515011,2026-05-13,2026-05-29,Delivered,Paid
SYSPO0008706,PO222897,SUP989545,WH816751,2025-12-09,2025-12-25,Delayed,Pending
SYSPO0008707,PO922786,SUP572700,WH958179,2026-06-08,2026-06-19,Delivered,Paid
SYSPO0008708,PO283137,SUP285652,WH376807,2026-02-08,2026-03-11,Delivered,Paid
SYSPO0008709,PO994950,SUP728492,WH373903,2025-10-11,2025-10-27,Delivered,Paid
SYSPO0008710,PO613071,SUP865990,WH356150,2026-02-10,2026-03-03,Delivered,Paid
SYSPO0008711,PO521337,SUP335113,WH322086,2026-06-21,2026-07-02,Delivered,Paid
SYSPO0008712,PO160220,SUP802729,WH532322,2026-07-20,2026-07-31,Delivered,Paid
SYSPO0008713,PO872219,SUP519093,WH376807,2026-04-29,2026-05-15,Delivered,Paid
SYSPO0008714,PO727733,SUP688508,WH329974,2026-05-04,2026-05-14,Delivered,Pending
SYSPO0008715,PO781120,SUP598216,WH686075,2026-03-16,2026-03-28,Delivered,Paid
SYSPO0008716,PO670587,SUP497887,WH686075,2026-06-19,2026-07-07,Delivered,Paid
SYSPO0008717,PO877711,SUP420214,WH785197,2026-07-23,2026-08-05,Delivered,Paid
SYSPO0008718,PO156845,SUP598216,WH422451,2025-09-11,2025-09-23,Delivered,Paid
SYSPO0008719,PO181582,SUP989545,WH519066,2026-03-24,2026-04-09,Delivered,Paid
SYSPO0008720,PO102479,SUP133659,WH686075,2026-04-11,2026-04-29,Delivered,Paid
SYSPO0008721,PO492963,SUP427110,WH262316,2025-11-29,2025-12-17,Delivered,Paid
SYSPO0008722,PO151129,SUP972064,WH771088,2025-08-19,2025-09-06,Cancelled,Cancelled
SYSPO0008723,PO748110,SUP972064,WH686075,2026-05-15,2026-06-02,Delivered,Paid
SYSPO0008724,PO294607,SUP680099,WH515011,2026-06-14,2026-07-01,Delivered,Pending
SYSPO0008725,PO948772,SUP372793,WH205907,2026-03-16,2026-03-30,Delivered,Paid
SYSPO0008726,PO506573,SUP597732,WH636265,2025-12-31,2026-01-26,Delivered,Paid
SYSPO0008727,PO337728,SUP572700,WH329974,2025-09-04,2025-09-15,Delivered,Paid
SYSPO0008728,PO676438,SUP259784,WH910891,2026-06-03,2026-06-10,Cancelled,Cancelled
SYSPO0008729,PO598449,SUP881177,WH380746,2025-08-26,2025-09-09,Delivered,Paid
SYSPO0008730,PO409438,SUP804318,WH429164,2026-07-29,2026-08-19,In Transit,Pending
SYSPO0008731,PO148445,SUP680099,WH997546,2026-05-31,2026-06-17,Delivered,Paid
SYSPO0008732,PO479562,SUP614663,WH686075,2025-12-12,2025-12-29,Delivered,Paid
SYSPO0008733,PO105955,SUP664607,WH412942,2025-12-18,2026-01-20,Delivered,Paid
SYSPO0008734,PO768663,SUP156213,WH519066,2026-07-12,2026-07-25,Delivered,Paid
SYSPO0008735,PO727154,SUP668532,WH658582,2026-06-18,2026-07-01,Delivered,Paid
SYSPO0008736,PO290965,SUP880879,WH460663,2026-01-20,2026-02-27,Delivered,Paid
SYSPO0008737,PO838749,SUP662275,WH997546,2026-01-13,2026-01-25,Delivered,Paid
SYSPO0008738,PO494655,SUP184491,WH816751,2026-08-01,2026-09-02,Processing,Pending
SYSPO0008739,PO534334,SUP350867,WH824586,2026-07-08,2026-07-23,Cancelled,Cancelled
SYSPO0008740,PO409175,SUP335615,WH686075,2025-09-20,2025-09-26,Delayed,Pending
SYSPO0008741,PO567404,SUP770487,WH771088,2026-07-08,2026-07-22,Delivered,Paid
SYSPO0008742,PO145974,SUP650121,WH237174,2026-05-31,2026-06-06,Delivered,Paid
SYSPO0008743,PO234747,SUP153872,WH824586,2025-11-01,2025-11-08,Delivered,Paid
SYSPO0008744,PO976539,SUP121753,WH785197,2026-05-22,2026-06-02,Delivered,Paid
SYSPO0008745,PO512892,SUP302511,WH781453,2026-04-15,2026-05-03,Delivered,Paid
SYSPO0008746,PO754779,SUP650121,WH262316,2026-06-30,2026-07-06,Delivered,Paid
SYSPO0008747,PO203424,SUP302511,WH205907,2026-03-26,2026-04-13,Delayed,Pending
SYSPO0008748,PO218830,SUP944962,WH412942,2026-07-31,2026-08-14,In Transit,Pending
SYSPO0008749,PO375874,SUP335113,WH824586,2025-08-09,2025-08-20,Delivered,Paid
SYSPO0008750,PO481955,SUP976325,WH930555,2026-04-08,2026-04-21,Delayed,Pending
SYSPO0008751,PO177975,SUP356150,WH662336,2026-06-02,2026-06-20,Delayed,Pending
SYSPO0008752,PO877070,SUP437902,WH322086,2026-04-07,2026-04-24,Delivered,Paid
SYSPO0008753,PO701216,SUP256294,WH482364,2025-12-31,2026-01-13,Delivered,Paid
SYSPO0008754,PO432901,SUP624902,WH771088,2025-08-26,2025-09-08,Delivered,Paid
SYSPO0008755,PO105153,SUP650121,WH555884,2025-12-01,2025-12-07,Delivered,Paid
SYSPO0008756,PO933666,SUP972335,WH781453,2026-02-24,2026-04-03,Delayed,Pending
SYSPO0008757,PO193674,SUP322955,WH376807,2025-08-20,2025-09-02,Delivered,Paid
SYSPO0008758,PO138557,SUP256294,WH539589,2025-12-07,2025-12-20,Delivered,Paid
SYSPO0008759,PO332423,SUP690341,WH808011,2026-03-02,2026-03-07,Delivered,Paid
SYSPO0008760,PO192115,SUP613425,WH771088,2026-03-12,2026-03-23,Delivered,Pending
SYSPO0008761,PO592965,SUP184491,WH373903,2025-10-02,2025-11-03,Delivered,Paid
SYSPO0008762,PO132141,SUP598216,WH526117,2025-12-09,2025-12-21,Delivered,Paid
SYSPO0008763,PO871576,SUP681343,WH829716,2026-02-16,2026-03-03,Delivered,Paid
SYSPO0008764,PO160031,SUP934794,WH567574,2026-05-02,2026-05-08,Delivered,Paid
SYSPO0008765,PO178769,SUP904150,WH829716,2025-10-29,2025-11-24,Delivered,Paid
SYSPO0008766,PO821944,SUP920652,WH662336,2025-10-03,2025-10-26,Delivered,Pending
SYSPO0008767,PO173103,SUP813536,WH100425,2025-08-24,2025-09-14,Delivered,Paid
SYSPO0008768,PO405808,SUP497382,WH100425,2026-04-23,2026-05-11,Delayed,Pending
SYSPO0008769,PO889466,SUP733039,WH820221,2026-05-16,2026-06-01,Delivered,Paid
SYSPO0008770,PO775514,SUP245051,WH100425,2026-01-04,2026-01-25,Delivered,Paid
SYSPO0008771,PO176846,SUP829308,WH100425,2026-01-25,2026-02-02,Delivered,Paid
SYSPO0008772,PO335212,SUP725084,WH479201,2026-05-24,2026-06-10,Delivered,Paid
SYSPO0008773,PO202546,SUP240814,WH237174,2026-03-24,2026-03-30,Delivered,Paid
SYSPO0008774,PO543096,SUP378361,WH958179,2026-03-16,2026-04-21,Delivered,Paid
SYSPO0008775,PO400547,SUP870763,WH539589,2026-02-17,2026-03-05,Delivered,Paid
SYSPO0008776,PO203336,SUP680099,WH656116,2025-09-08,2025-09-25,Delivered,Paid
SYSPO0008777,PO110013,SUP572700,WH422451,2025-10-30,2025-11-10,Delivered,Paid
SYSPO0008778,PO208422,SUP260422,WH274389,2026-01-19,2026-01-28,Delivered,Pending
SYSPO0008779,PO784997,SUP259784,WH686075,2025-11-25,2025-12-02,Delayed,Pending
SYSPO0008780,PO771893,SUP221263,WH262316,2026-06-06,2026-06-30,Delivered,Paid
SYSPO0008781,PO893682,SUP321275,WH324082,2026-01-05,2026-01-12,Delayed,Pending
SYSPO0008782,PO989013,SUP662275,WH922157,2025-10-01,2025-10-13,Delivered,Paid
SYSPO0008783,PO817750,SUP842411,WH274389,2025-09-25,2025-10-03,Delivered,Paid
SYSPO0008784,PO939624,SUP990844,WH824586,2025-12-13,2026-01-01,Delayed,Pending
SYSPO0008785,PO829284,SUP446954,WH958179,2025-09-06,2025-09-16,Delivered,Paid
SYSPO0008786,PO612180,SUP300896,WH324082,2026-02-05,2026-02-13,Delivered,Paid
SYSPO0008787,PO333723,SUP688508,WH237174,2026-03-14,2026-03-24,Delayed,Pending
SYSPO0008788,PO998159,SUP681343,WH958179,2026-05-21,2026-06-05,Delivered,Paid
SYSPO0008789,PO136100,SUP680099,WH690341,2025-08-24,2025-09-10,Delivered,Paid
SYSPO0008790,PO976715,SUP378361,WH771088,2026-03-05,2026-04-10,Delivered,Paid
SYSPO0008791,PO836506,SUP446954,WH824586,2026-01-07,2026-01-17,Delivered,Paid
SYSPO0008792,PO104296,SUP608257,WH373903,2025-11-14,2025-11-30,Delivered,Paid
SYSPO0008793,PO643518,SUP300896,WH262316,2025-09-07,2025-09-15,Delivered,Paid
SYSPO0008794,PO381716,SUP300896,WH808011,2026-01-06,2026-01-14,Delivered,Paid
SYSPO0008795,PO443461,SUP618392,WH322086,2026-02-15,2026-02-28,Delivered,Paid
SYSPO0008796,PO467107,SUP221263,WH233470,2026-01-20,2026-02-13,Delayed,Pending
SYSPO0008797,PO170695,SUP179046,WH636265,2026-06-01,2026-06-21,Delivered,Paid
SYSPO0008798,PO629873,SUP221263,WH599948,2026-05-03,2026-05-27,Delivered,Paid
SYSPO0008799,PO735021,SUP920652,WH829716,2025-09-24,2025-10-17,Delivered,Paid
SYSPO0008800,PO194775,SUP664607,WH329974,2026-05-27,2026-06-29,Cancelled,Cancelled
SYSPO0008801,PO823515,SUP680099,WH237174,2025-09-26,2025-10-13,Delivered,Paid
SYSPO0008802,PO741114,SUP639593,WH555884,2026-02-07,2026-02-14,Delivered,Paid
SYSPO0008803,PO788001,SUP385470,WH642717,2026-03-10,2026-03-30,Delivered,Paid
SYSPO0008804,PO228700,SUP211764,WH373903,2025-10-20,2025-11-06,Delayed,Pending
SYSPO0008805,PO582711,SUP273982,WH237174,2026-02-10,2026-02-26,Delivered,Paid
SYSPO0008806,PO916323,SUP899213,WH429164,2026-01-05,2026-01-23,Delivered,Paid
SYSPO0008807,PO509127,SUP890170,WH824586,2026-04-15,2026-04-22,Delivered,Paid
SYSPO0008808,PO842857,SUP880879,WH377746,2026-03-14,2026-04-21,Delivered,Paid
SYSPO0008809,PO549753,SUP976325,WH322086,2025-10-20,2025-11-02,Delivered,Paid
SYSPO0008810,PO373893,SUP642717,WH690341,2026-03-10,2026-03-24,Delivered,Paid
SYSPO0008811,PO842803,SUP184491,WH429164,2026-04-01,2026-05-03,Delivered,Paid
SYSPO0008812,PO343818,SUP934794,WH532322,2026-05-17,2026-05-23,Delivered,Paid
SYSPO0008813,PO809082,SUP197251,WH412942,2026-02-24,2026-03-03,Cancelled,Cancelled
SYSPO0008814,PO364902,SUP618392,WH373903,2025-11-08,2025-11-21,Delivered,Paid
SYSPO0008815,PO373577,SUP211764,WH460663,2025-11-07,2025-11-24,Delivered,Paid
SYSPO0008816,PO843345,SUP385470,WH654634,2025-09-01,2025-09-21,Delivered,Pending
SYSPO0008817,PO794693,SUP725084,WH380746,2025-11-16,2025-12-03,Delayed,Pending
SYSPO0008818,PO988054,SUP179046,WH555884,2026-06-02,2026-06-22,Delivered,Paid
SYSPO0008819,PO102291,SUP285652,WH770487,2026-01-19,2026-02-19,Delivered,Paid
SYSPO0008820,PO615581,SUP680099,WH212235,2025-12-08,2025-12-25,Delivered,Paid
SYSPO0008821,PO514587,SUP513160,WH379766,2026-04-27,2026-05-21,Delivered,Paid
SYSPO0008822,PO713386,SUP333238,WH829716,2026-07-29,2026-08-17,In Transit,Pending
SYSPO0008823,PO856715,SUP920652,WH377746,2026-03-16,2026-04-08,Delivered,Paid
SYSPO0008824,PO233860,SUP728492,WH412942,2025-09-08,2025-09-24,Delivered,Paid
SYSPO0008825,PO767567,SUP990844,WH422451,2025-09-17,2025-10-06,Delivered,Paid
SYSPO0008826,PO598518,SUP904150,WH377746,2026-04-22,2026-05-18,Delivered,Paid
SYSPO0008827,PO286772,SUP696750,WH829716,2026-01-12,2026-01-19,Delivered,Pending
SYSPO0008828,PO972714,SUP486945,WH233470,2026-01-16,2026-02-08,Delivered,Paid
SYSPO0008829,PO246207,SUP733039,WH829716,2025-12-24,2026-01-09,Delivered,Paid
SYSPO0008830,PO135001,SUP344098,WH642717,2025-12-18,2026-01-03,Delivered,Paid
SYSPO0008831,PO838063,SUP302511,WH482364,2025-10-17,2025-11-04,Delivered,Paid
SYSPO0008832,PO703477,SUP302511,WH377746,2025-12-07,2025-12-25,Delivered,Paid
SYSPO0008833,PO603356,SUP300337,WH519066,2025-12-16,2025-12-29,Delayed,Pending
SYSPO0008834,PO689149,SUP446954,WH567574,2026-03-23,2026-04-02,Delayed,Pending
SYSPO0008835,PO747988,SUP829308,WH237174,2026-04-16,2026-04-24,Delivered,Paid
SYSPO0008836,PO955384,SUP330914,WH656116,2025-08-14,2025-09-02,Delivered,Paid
SYSPO0008837,PO747255,SUP972064,WH422451,2026-05-30,2026-06-17,Delivered,Paid
SYSPO0008838,PO343149,SUP197251,WH422451,2025-12-01,2025-12-08,Delayed,Pending
SYSPO0008839,PO416246,SUP755788,WH567574,2025-10-09,2025-11-03,Delivered,Paid
SYSPO0008840,PO943141,SUP736059,WH662336,2025-12-18,2026-01-01,Delivered,Paid
SYSPO0008841,PO781598,SUP153872,WH656116,2026-04-01,2026-04-08,Delivered,Paid
SYSPO0008842,PO200367,SUP523389,WH997546,2026-06-20,2026-07-06,Delivered,Paid
SYSPO0008843,PO702787,SUP765095,WH930555,2026-06-12,2026-07-17,Delivered,Paid
SYSPO0008844,PO423576,SUP356150,WH356150,2026-01-23,2026-02-10,Delivered,Pending
SYSPO0008845,PO116268,SUP335615,WH262316,2026-04-04,2026-04-10,Delayed,Pending
SYSPO0008846,PO437546,SUP692683,WH532322,2025-09-30,2025-10-25,Delivered,Paid
SYSPO0008847,PO206029,SUP519904,WH654634,2026-01-23,2026-02-06,Delivered,Paid
SYSPO0008848,PO950526,SUP770487,WH686075,2025-08-22,2025-09-05,Delivered,Paid
SYSPO0008849,PO437653,SUP765095,WH539589,2026-07-29,2026-09-02,Processing,Pending
SYSPO0008850,PO660927,SUP976325,WH380746,2026-06-18,2026-07-01,Delivered,Paid
SYSPO0008851,PO274032,SUP446954,WH380746,2025-11-03,2025-11-13,Delivered,Paid
SYSPO0008852,PO173558,SUP356150,WH422451,2025-10-21,2025-11-08,Delivered,Paid
SYSPO0008853,PO991114,SUP260422,WH808011,2026-04-28,2026-05-07,Cancelled,Cancelled
SYSPO0008854,PO909296,SUP972064,WH100425,2025-12-28,2026-01-15,Delivered,Paid
SYSPO0008855,PO163809,SUP899213,WH100425,2025-10-04,2025-10-22,Delivered,Paid
SYSPO0008856,PO700908,SUP880879,WH930555,2026-05-26,2026-07-03,Delivered,Pending
SYSPO0008857,PO718956,SUP240814,WH422451,2026-05-14,2026-05-20,Delivered,Paid
SYSPO0008858,PO613880,SUP300337,WH324082,2026-07-02,2026-07-15,Delivered,Paid
SYSPO0008859,PO159844,SUP372793,WH112038,2025-09-07,2025-09-21,Delivered,Pending
SYSPO0008860,PO108830,SUP300896,WH654634,2025-09-17,2025-09-25,Delivered,Paid
SYSPO0008861,PO534287,SUP153872,WH112038,2026-05-19,2026-05-26,Delivered,Paid
SYSPO0008862,PO115275,SUP179046,WH686075,2025-08-26,2025-09-15,Delayed,Pending
SYSPO0008863,PO235885,SUP300896,WH237174,2025-11-07,2025-11-15,Delivered,Paid
SYSPO0008864,PO968352,SUP121753,WH662336,2026-04-03,2026-04-14,Delivered,Paid
SYSPO0008865,PO552564,SUP273982,WH262316,2026-07-30,2026-08-15,In Transit,Pending
SYSPO0008866,PO254592,SUP608257,WH422451,2025-10-01,2025-10-17,Delivered,Paid
SYSPO0008867,PO545224,SUP920652,WH237174,2026-07-08,2026-07-31,Delivered,Paid
SYSPO0008868,PO451575,SUP608257,WH820221,2026-06-24,2026-07-10,Delivered,Paid
SYSPO0008869,PO766617,SUP184491,WH658582,2026-06-19,2026-07-21,Delivered,Pending
SYSPO0008870,PO884374,SUP705397,WH380746,2025-11-24,2025-12-22,Delivered,Paid
SYSPO0008871,PO734744,SUP733039,WH112038,2025-08-10,2025-08-26,Delivered,Pending
SYSPO0008872,PO436405,SUP572387,WH930555,2025-12-16,2026-01-01,Delayed,Pending
SYSPO0008873,PO695979,SUP427110,WH237174,2026-05-01,2026-05-19,Delivered,Paid
SYSPO0008874,PO665818,SUP300337,WH686075,2026-06-13,2026-06-26,Delivered,Pending
SYSPO0008875,PO568397,SUP801364,WH100425,2025-09-17,2025-10-09,Delivered,Paid
SYSPO0008876,PO294458,SUP639593,WH555884,2025-12-01,2025-12-08,Delayed,Pending
SYSPO0008877,PO766728,SUP391668,WH212235,2026-01-26,2026-02-08,Delayed,Pending
SYSPO0008878,PO487872,SUP920652,WH555884,2026-02-03,2026-02-26,Delivered,Paid
SYSPO0008879,PO691372,SUP725084,WH808011,2025-08-13,2025-08-30,Delivered,Paid
SYSPO0008880,PO937699,SUP572387,WH910891,2025-12-11,2025-12-27,Delivered,Paid
SYSPO0008881,PO125204,SUP934794,WH100425,2025-10-25,2025-10-31,Delivered,Paid
SYSPO0008882,PO417950,SUP887625,WH526117,2026-05-19,2026-06-01,Delivered,Paid
SYSPO0008883,PO760685,SUP184491,WH515011,2026-03-01,2026-04-02,Delivered,Paid
SYSPO0008884,PO923338,SUP696750,WH816751,2025-10-26,2025-11-02,Delayed,Pending
SYSPO0008885,PO644365,SUP265080,WH205907,2025-10-23,2025-11-08,Delivered,Paid
SYSPO0008886,PO408069,SUP989545,WH801474,2026-03-05,2026-03-21,Delivered,Paid
SYSPO0008887,PO476213,SUP497382,WH824586,2026-02-24,2026-03-14,Delivered,Paid
SYSPO0008888,PO410054,SUP598216,WH555884,2026-05-23,2026-06-04,Delivered,Paid
SYSPO0008889,PO678391,SUP664607,WH515011,2025-11-13,2025-12-16,Delivered,Paid
SYSPO0008890,PO565025,SUP989545,WH412942,2026-03-06,2026-03-22,Delivered,Paid
SYSPO0008891,PO830522,SUP690341,WH662336,2026-02-08,2026-02-13,Delivered,Paid
SYSPO0008892,PO631777,SUP688508,WH958179,2026-04-03,2026-04-13,Delivered,Paid
SYSPO0008893,PO502712,SUP572387,WH237174,2026-05-15,2026-05-31,Delivered,Paid
SYSPO0008894,PO807827,SUP955662,WH515011,2025-09-28,2025-10-17,Delivered,Paid
SYSPO0008895,PO351935,SUP497887,WH205907,2026-05-01,2026-05-19,Cancelled,Cancelled
SYSPO0008896,PO978896,SUP755788,WH832052,2026-05-03,2026-05-28,Delivered,Paid
SYSPO0008897,PO816977,SUP335615,WH100425,2026-04-21,2026-04-27,Delivered,Paid
SYSPO0008898,PO856788,SUP865990,WH686075,2025-08-12,2025-09-02,Delivered,Paid
SYSPO0008899,PO206454,SUP256294,WH262316,2025-12-29,2026-01-11,Delivered,Paid
SYSPO0008900,PO962967,SUP197251,WH262316,2026-03-19,2026-03-26,Delivered,Paid
SYSPO0008901,PO594728,SUP801364,WH274389,2026-07-22,2026-08-13,In Transit,Pending
SYSPO0008902,PO494005,SUP608257,WH930555,2026-04-19,2026-05-05,Delivered,Paid
SYSPO0008903,PO498169,SUP736059,WH808011,2026-02-25,2026-03-11,Delivered,Paid
SYSPO0008904,PO629610,SUP965845,WH233470,2025-08-21,2025-08-28,Delivered,Paid
SYSPO0008905,PO668582,SUP221263,WH636265,2025-11-12,2025-12-06,Delivered,Paid
SYSPO0008906,PO192293,SUP639593,WH274389,2025-10-10,2025-10-17,Delivered,Paid
SYSPO0008907,PO882112,SUP240814,WH808011,2025-08-28,2025-09-03,Delivered,Paid
SYSPO0008908,PO844741,SUP865990,WH429164,2025-11-23,2025-12-14,Delivered,Paid
SYSPO0008909,PO702611,SUP801364,WH808011,2025-10-21,2025-11-12,Delivered,Paid
SYSPO0008910,PO656031,SUP420214,WH205907,2026-06-07,2026-06-20,Cancelled,Cancelled
SYSPO0008911,PO105207,SUP668532,WH539589,2026-05-02,2026-05-15,Delivered,Paid
SYSPO0008912,PO367458,SUP681343,WH526117,2026-04-01,2026-04-16,Delivered,Paid
SYSPO0008913,PO775661,SUP572700,WH262316,2025-11-18,2025-11-29,Delivered,Paid
SYSPO0008914,PO687359,SUP197251,WH100425,2025-08-25,2025-09-01,Delivered,Paid
SYSPO0008915,PO516596,SUP887625,WH237174,2026-02-01,2026-02-14,Delivered,Paid
SYSPO0008916,PO367012,SUP725084,WH482364,2026-04-16,2026-05-03,Delivered,Paid
SYSPO0008917,PO437252,SUP321275,WH930555,2025-08-08,2025-08-15,Delivered,Paid
SYSPO0008918,PO204454,SUP486945,WH781453,2025-08-30,2025-09-22,Delivered,Paid
SYSPO0008919,PO568049,SUP446954,WH997546,2026-01-02,2026-01-12,Delivered,Paid
SYSPO0008920,PO827921,SUP216970,WH808011,2026-04-18,2026-05-07,Delivered,Paid
SYSPO0008921,PO226344,SUP333238,WH816751,2025-11-18,2025-12-07,Delivered,Paid
SYSPO0008922,PO365413,SUP449499,WH820221,2026-04-19,2026-04-24,Delivered,Paid
SYSPO0008923,PO218723,SUP472060,WH379766,2026-07-01,2026-07-17,Delivered,Paid
SYSPO0008924,PO987967,SUP273982,WH642717,2026-07-25,2026-08-10,In Transit,Pending
SYSPO0008925,PO888555,SUP639593,WH658582,2026-04-18,2026-04-25,Delivered,Paid
SYSPO0008926,PO986796,SUP770487,WH567574,2025-12-22,2026-01-05,Delivered,Paid
SYSPO0008927,PO869324,SUP589710,WH519066,2026-07-06,2026-07-25,Delivered,Paid
SYSPO0008928,PO148662,SUP133659,WH808011,2025-09-15,2025-10-03,Delivered,Paid
SYSPO0008929,PO604698,SUP804318,WH958179,2025-08-12,2025-09-02,Delivered,Paid
SYSPO0008930,PO988614,SUP240814,WH824586,2025-11-26,2025-12-02,Delayed,Pending
SYSPO0008931,PO482929,SUP877236,WH356150,2026-07-07,2026-07-14,Delivered,Pending
SYSPO0008932,PO368485,SUP618392,WH922157,2026-07-14,2026-07-27,Delivered,Paid
SYSPO0008933,PO825584,SUP946305,WH515011,2026-04-14,2026-05-12,Delivered,Paid
SYSPO0008934,PO760529,SUP497887,WH801474,2026-01-02,2026-01-20,Delivered,Paid
SYSPO0008935,PO882569,SUP595631,WH429164,2025-11-02,2025-11-27,Delivered,Paid
SYSPO0008936,PO786288,SUP990844,WH662336,2025-12-30,2026-01-18,Delivered,Paid
SYSPO0008937,PO529916,SUP211764,WH599948,2026-02-18,2026-03-07,Delivered,Paid
SYSPO0008938,PO292669,SUP513160,WH233470,2026-05-07,2026-05-31,Delivered,Paid
SYSPO0008939,PO692752,SUP650121,WH824586,2025-09-12,2025-09-18,Delayed,Pending
SYSPO0008940,PO819140,SUP333238,WH460663,2026-07-22,2026-08-10,In Transit,Pending
SYSPO0008941,PO592987,SUP768854,WH930555,2025-12-05,2025-12-22,Delivered,Paid
SYSPO0008942,PO597866,SUP671858,WH785197,2026-02-09,2026-02-25,Delivered,Paid
SYSPO0008943,PO622169,SUP356150,WH829716,2026-07-07,2026-07-25,Delayed,Pending
SYSPO0008944,PO385949,SUP307428,WH237174,2026-03-24,2026-04-04,Delivered,Paid
SYSPO0008945,PO522663,SUP662275,WH274389,2026-02-27,2026-03-11,Delivered,Paid
SYSPO0008946,PO666552,SUP934794,WH636265,2025-09-08,2025-09-14,Delivered,Paid
SYSPO0008947,PO814440,SUP865990,WH356150,2025-10-16,2025-11-06,Delivered,Paid
SYSPO0008948,PO729214,SUP437902,WH422451,2025-10-21,2025-11-07,Delivered,Paid
SYSPO0008949,PO605357,SUP705397,WH174441,2026-02-15,2026-03-15,Delivered,Paid
SYSPO0008950,PO619811,SUP197251,WH539589,2026-01-29,2026-02-05,Delivered,Paid
SYSPO0008951,PO211328,SUP265080,WH377746,2026-03-10,2026-03-26,Delayed,Pending
SYSPO0008952,PO167769,SUP690341,WH654634,2026-07-30,2026-08-04,Delivered,Paid
SYSPO0008953,PO449881,SUP965845,WH356150,2026-05-08,2026-05-15,Delivered,Paid
SYSPO0008954,PO459774,SUP285652,WH781453,2025-08-13,2025-09-13,Delivered,Paid
SYSPO0008955,PO465620,SUP197251,WH379766,2025-08-20,2025-08-27,Delivered,Paid
SYSPO0008956,PO634380,SUP608257,WH376807,2025-11-09,2025-11-25,Delivered,Paid
SYSPO0008957,PO649334,SUP429164,WH479201,2026-07-29,2026-08-15,In Transit,Pending
SYSPO0008958,PO885939,SUP372793,WH771088,2026-02-26,2026-03-12,Delivered,Paid
SYSPO0008959,PO908229,SUP680099,WH519066,2025-12-01,2025-12-18,Delivered,Pending
SYSPO0008960,PO702111,SUP513160,WH422451,2025-12-12,2026-01-05,Delivered,Paid
SYSPO0008961,PO679024,SUP459536,WH820221,2026-02-11,2026-02-25,Delivered,Paid
SYSPO0008962,PO469579,SUP880879,WH642717,2026-01-04,2026-02-11,Delivered,Paid
SYSPO0008963,PO415125,SUP692683,WH174441,2026-05-21,2026-06-15,Cancelled,Cancelled
SYSPO0008964,PO171482,SUP486945,WH829716,2025-10-04,2025-10-27,Delivered,Pending
SYSPO0008965,PO199019,SUP955662,WH997546,2025-08-12,2025-08-31,Delivered,Paid
SYSPO0008966,PO186097,SUP300896,WH654634,2025-12-17,2025-12-25,Delivered,Paid
SYSPO0008967,PO953122,SUP890170,WH112038,2026-04-27,2026-05-04,Delayed,Pending
SYSPO0008968,PO503462,SUP486945,WH274389,2025-12-19,2026-01-11,Delivered,Paid
SYSPO0008969,PO327376,SUP891937,WH642717,2025-12-21,2026-01-18,Delivered,Paid
SYSPO0008970,PO605068,SUP802729,WH519066,2026-04-04,2026-04-15,Delivered,Paid
SYSPO0008971,PO400933,SUP459536,WH482364,2025-11-30,2025-12-14,Delivered,Paid
SYSPO0008972,PO854456,SUP391668,WH324082,2025-11-04,2025-11-17,Delivered,Paid
SYSPO0008973,PO440266,SUP437408,WH322086,2026-02-15,2026-03-02,Cancelled,Cancelled
SYSPO0008974,PO866540,SUP642717,WH824586,2025-11-20,2025-12-04,Delivered,Paid
SYSPO0008975,PO931405,SUP385470,WH642717,2026-06-16,2026-07-06,Delayed,Pending
SYSPO0008976,PO953563,SUP572700,WH785197,2025-08-29,2025-09-09,Delivered,Paid
SYSPO0008977,PO446036,SUP260263,WH412942,2026-04-05,2026-04-12,Delivered,Paid
SYSPO0008978,PO252766,SUP356150,WH532322,2025-11-13,2025-12-01,Delivered,Paid
SYSPO0008979,PO911624,SUP349565,WH379766,2026-07-12,2026-08-07,In Transit,Pending
SYSPO0008980,PO685473,SUP300337,WH555884,2026-01-02,2026-01-15,Delivered,Paid
SYSPO0008981,PO869446,SUP829308,WH412942,2026-07-16,2026-07-24,Delivered,Paid
SYSPO0008982,PO652146,SUP881177,WH377746,2026-06-17,2026-07-01,Delivered,Paid
SYSPO0008983,PO622047,SUP736059,WH233470,2025-08-16,2025-08-30,Delivered,Paid
SYSPO0008984,PO118886,SUP972064,WH191161,2026-03-08,2026-03-26,Delivered,Paid
SYSPO0008985,PO725798,SUP801364,WH377746,2025-11-21,2025-12-13,Delivered,Paid
SYSPO0008986,PO291512,SUP595631,WH174441,2025-10-31,2025-11-25,Delivered,Paid
SYSPO0008987,PO798058,SUP624902,WH515011,2025-10-02,2025-10-15,Cancelled,Cancelled
SYSPO0008988,PO121168,SUP765095,WH412942,2025-12-15,2026-01-19,Delivered,Paid
SYSPO0008989,PO207253,SUP662275,WH100425,2026-07-19,2026-07-31,Delivered,Paid
SYSPO0008990,PO924928,SUP265080,WH526833,2026-01-04,2026-01-20,Delivered,Paid
SYSPO0008991,PO482114,SUP216970,WH324082,2026-04-17,2026-05-06,Delivered,Paid
SYSPO0008992,PO332802,SUP384076,WH808011,2025-09-27,2025-10-12,Delivered,Paid
SYSPO0008993,PO319179,SUP976325,WH429164,2025-09-08,2025-09-21,Cancelled,Cancelled
SYSPO0008994,PO219330,SUP391668,WH376807,2026-05-15,2026-05-28,Delivered,Paid
SYSPO0008995,PO984310,SUP944962,WH930555,2025-12-31,2026-01-14,Delayed,Pending
SYSPO0008996,PO329532,SUP865990,WH233470,2026-02-23,2026-03-16,Delivered,Paid
SYSPO0008997,PO168791,SUP221263,WH322086,2026-04-25,2026-05-19,Delivered,Paid
SYSPO0008998,PO572919,SUP384076,WH519066,2026-03-30,2026-04-14,Cancelled,Cancelled
SYSPO0008999,PO623940,SUP307428,WH324082,2026-07-09,2026-07-20,Delivered,Paid
SYSPO0009000,PO834211,SUP813536,WH922157,2026-04-04,2026-04-25,Delivered,Paid
SYSPO0009001,PO604442,SUP768854,WH482364,2026-04-28,2026-05-15,Delivered,Paid
SYSPO0009002,PO792614,SUP802729,WH237174,2025-11-01,2025-11-12,Delivered,Paid
SYSPO0009003,PO937706,SUP156213,WH636265,2026-01-14,2026-01-27,Delivered,Paid
SYSPO0009004,PO861239,SUP572700,WH422451,2025-11-06,2025-11-17,Cancelled,Cancelled
SYSPO0009005,PO181102,SUP880879,WH820221,2026-03-15,2026-04-22,Delivered,Paid
SYSPO0009006,PO722394,SUP330914,WH262316,2025-10-03,2025-10-22,Delayed,Pending
SYSPO0009007,PO781918,SUP920652,WH654634,2026-01-17,2026-02-09,Delivered,Paid
SYSPO0009008,PO457974,SUP335113,WH422451,2025-12-04,2025-12-15,Delivered,Paid
SYSPO0009009,PO970370,SUP307428,WH997546,2026-07-24,2026-08-04,Cancelled,Cancelled
SYSPO0009010,PO417543,SUP335615,WH237174,2026-03-28,2026-04-03,Delivered,Paid
SYSPO0009011,PO173455,SUP755788,WH771088,2025-12-10,2026-01-04,Delivered,Pending
SYSPO0009012,PO952177,SUP608257,WH100425,2026-01-26,2026-02-11,Delivered,Paid
SYSPO0009013,PO729591,SUP245051,WH582662,2026-03-03,2026-03-24,Delivered,Paid
SYSPO0009014,PO893346,SUP260422,WH958179,2025-09-25,2025-10-04,Delayed,Pending
SYSPO0009015,PO537402,SUP322955,WH274389,2025-10-24,2025-11-06,Delivered,Paid
SYSPO0009016,PO448428,SUP427110,WH829716,2026-04-15,2026-05-03,Delivered,Paid
SYSPO0009017,PO386643,SUP680099,WH191161,2025-09-27,2025-10-14,Delivered,Paid
SYSPO0009018,PO159660,SUP526117,WH801474,2026-03-18,2026-04-03,Delivered,Paid
SYSPO0009019,PO624531,SUP216970,WH322086,2026-03-03,2026-03-22,Delivered,Paid
SYSPO0009020,PO453904,SUP597732,WH829716,2026-04-27,2026-05-23,Delivered,Paid
SYSPO0009021,PO914927,SUP880879,WH740967,2026-06-11,2026-07-19,Delivered,Paid
SYSPO0009022,PO967526,SUP321275,WH555884,2025-10-22,2025-10-29,Delivered,Paid
SYSPO0009023,PO179312,SUP589710,WH322086,2026-07-05,2026-07-24,Delivered,Paid
SYSPO0009024,PO613916,SUP179046,WH429164,2025-09-27,2025-10-17,Delivered,Paid
SYSPO0009025,PO499944,SUP671858,WH112038,2025-12-03,2025-12-19,Delivered,Paid
SYSPO0009026,PO195848,SUP333238,WH656116,2026-04-29,2026-05-18,Delayed,Pending
SYSPO0009027,PO244073,SUP179046,WH526117,2026-05-05,2026-05-25,Delayed,Pending
SYSPO0009028,PO251991,SUP976325,WH824586,2026-07-19,2026-08-01,Delivered,Paid
SYSPO0009029,PO664991,SUP680099,WH958179,2026-02-24,2026-03-13,Delivered,Paid
SYSPO0009030,PO958929,SUP688508,WH237174,2026-07-24,2026-08-03,Delivered,Paid
SYSPO0009031,PO908355,SUP642717,WH785197,2025-09-26,2025-10-10,Delivered,Paid
SYSPO0009032,PO565824,SUP925981,WH429164,2026-01-19,2026-02-06,Delivered,Paid
SYSPO0009033,PO690809,SUP920652,WH829716,2026-07-24,2026-08-16,In Transit,Pending
SYSPO0009034,PO105848,SUP972064,WH412942,2026-05-31,2026-06-18,Delayed,Pending
SYSPO0009035,PO182414,SUP307428,WH519066,2025-09-30,2025-10-11,Delivered,Paid
SYSPO0009036,PO377535,SUP671858,WH191161,2026-04-16,2026-05-02,Delivered,Paid
SYSPO0009037,PO336591,SUP613425,WH460663,2026-08-02,2026-08-13,In Transit,Pending
SYSPO0009038,PO816356,SUP736059,WH174441,2026-03-12,2026-03-26,Delivered,Paid
SYSPO0009039,PO187598,SUP725084,WH322086,2026-07-27,2026-08-13,In Transit,Pending
SYSPO0009040,PO553424,SUP429164,WH376807,2025-10-05,2025-10-22,Delivered,Paid
SYSPO0009041,PO894582,SUP259784,WH555884,2025-12-06,2025-12-13,Delivered,Paid
SYSPO0009042,PO570577,SUP802729,WH100425,2025-08-31,2025-09-11,Delivered,Paid
SYSPO0009043,PO485585,SUP877236,WH422451,2026-03-09,2026-03-16,Delivered,Paid
SYSPO0009044,PO606664,SUP256294,WH785197,2026-02-27,2026-03-12,Delivered,Paid
SYSPO0009045,PO821482,SUP813536,WH808011,2026-05-11,2026-06-01,Delivered,Paid
SYSPO0009046,PO680107,SUP572700,WH422451,2025-09-19,2025-09-30,Delivered,Paid
SYSPO0009047,PO111191,SUP391668,WH771088,2025-10-15,2025-10-28,Delivered,Paid
SYSPO0009048,PO574454,SUP589710,WH658582,2025-12-06,2025-12-25,Delivered,Paid
SYSPO0009049,PO305813,SUP768854,WH820221,2026-06-27,2026-07-14,Delayed,Pending
SYSPO0009050,PO394008,SUP572387,WH582662,2026-07-12,2026-07-28,Delivered,Paid
SYSPO0009051,PO820344,SUP865990,WH174441,2025-09-30,2025-10-21,Delivered,Paid
SYSPO0009052,PO400495,SUP801364,WH832052,2026-05-14,2026-06-05,Delivered,Paid
SYSPO0009053,PO988528,SUP839677,WH373903,2025-08-16,2025-09-02,Delivered,Paid
SYSPO0009054,PO892033,SUP944962,WH429164,2026-05-29,2026-06-12,Delivered,Paid
SYSPO0009055,PO200701,SUP664607,WH429164,2025-12-06,2026-01-08,Delivered,Paid
SYSPO0009056,PO614734,SUP216970,WH958179,2026-07-12,2026-07-31,Delivered,Paid
SYSPO0009057,PO780454,SUP153872,WH100425,2026-01-12,2026-01-19,Delivered,Paid
SYSPO0009058,PO352662,SUP768854,WH539589,2026-01-11,2026-01-28,Delivered,Paid
SYSPO0009059,PO749126,SUP890170,WH997546,2025-11-30,2025-12-07,Delivered,Paid
SYSPO0009060,PO510438,SUP955662,WH112038,2026-01-24,2026-02-12,Delivered,Paid
SYSPO0009061,PO533429,SUP356150,WH829716,2026-05-21,2026-06-08,Delayed,Pending
SYSPO0009062,PO944311,SUP384076,WH233470,2026-08-02,2026-08-17,In Transit,Pending
SYSPO0009063,PO882458,SUP335113,WH997546,2026-06-20,2026-07-01,Delivered,Paid
SYSPO0009064,PO477220,SUP642717,WH380746,2026-07-18,2026-08-01,Delayed,Pending
SYSPO0009065,PO611890,SUP486945,WH380746,2026-04-09,2026-05-02,Delayed,Pending
SYSPO0009066,PO748889,SUP681343,WH356150,2026-08-02,2026-08-17,In Transit,Pending
SYSPO0009067,PO477054,SUP133659,WH958179,2026-05-18,2026-06-05,Delivered,Paid
SYSPO0009068,PO506019,SUP624902,WH910891,2025-11-19,2025-12-02,Delivered,Paid
SYSPO0009069,PO585581,SUP755788,WH690341,2025-10-03,2025-10-28,Delivered,Paid
SYSPO0009070,PO622209,SUP260422,WH482364,2026-06-03,2026-06-12,Delivered,Paid
SYSPO0009071,PO401473,SUP801364,WH422451,2025-10-16,2025-11-07,Delivered,Paid
SYSPO0009072,PO558246,SUP179046,WH555884,2025-09-15,2025-10-05,Delivered,Paid
SYSPO0009073,PO352546,SUP925981,WH324082,2025-09-25,2025-10-13,Delivered,Paid
SYSPO0009074,PO128647,SUP668532,WH910891,2025-10-15,2025-10-28,Delivered,Paid
SYSPO0009075,PO428393,SUP300337,WH686075,2025-08-15,2025-08-28,Delivered,Paid
SYSPO0009076,PO759256,SUP497887,WH820221,2026-05-28,2026-06-15,Delivered,Paid
SYSPO0009077,PO990366,SUP842411,WH237174,2026-03-30,2026-04-07,Delivered,Paid
SYSPO0009078,PO396383,SUP526117,WH324082,2026-04-01,2026-04-17,Delivered,Paid
SYSPO0009079,PO430176,SUP692683,WH324082,2025-11-16,2025-12-11,Delivered,Paid
SYSPO0009080,PO786663,SUP865990,WH482364,2026-03-28,2026-04-18,Delivered,Paid
SYSPO0009081,PO219099,SUP618392,WH662336,2026-03-13,2026-03-26,Delivered,Paid
SYSPO0009082,PO761208,SUP925981,WH526833,2026-03-30,2026-04-17,Delivered,Paid
SYSPO0009083,PO443694,SUP519904,WH212235,2025-11-02,2025-11-16,Delivered,Paid
SYSPO0009084,PO632616,SUP765095,WH785197,2026-03-24,2026-04-28,Delivered,Paid
SYSPO0009085,PO501404,SUP755788,WH482364,2025-11-03,2025-11-28,Delivered,Paid
SYSPO0009086,PO566000,SUP459536,WH377746,2025-11-02,2025-11-16,Delivered,Paid
SYSPO0009087,PO827154,SUP681343,WH519066,2026-04-28,2026-05-13,Delayed,Pending
SYSPO0009088,PO435127,SUP356150,WH322086,2025-08-15,2025-09-02,Delivered,Paid
SYSPO0009089,PO365176,SUP965845,WH233470,2025-12-22,2025-12-29,Delivered,Paid
SYSPO0009090,PO597007,SUP240814,WH233470,2025-09-04,2025-09-10,Delivered,Paid
SYSPO0009091,PO752593,SUP614663,WH910891,2026-04-29,2026-05-16,Delivered,Paid
SYSPO0009092,PO192057,SUP877236,WH824586,2026-06-03,2026-06-10,Delivered,Paid
SYSPO0009093,PO233353,SUP671858,WH429164,2026-02-06,2026-02-22,Delayed,Pending
SYSPO0009094,PO103398,SUP692683,WH526833,2025-09-26,2025-10-21,Delivered,Pending
SYSPO0009095,PO870678,SUP322955,WH482364,2026-02-16,2026-03-01,Delivered,Paid
SYSPO0009096,PO978558,SUP877236,WH100425,2026-06-29,2026-07-06,Delivered,Paid
SYSPO0009097,PO834168,SUP842411,WH205907,2026-03-27,2026-04-04,Delivered,Paid
SYSPO0009098,PO712279,SUP829308,WH997546,2026-02-03,2026-02-11,Delivered,Paid
SYSPO0009099,PO312928,SUP153872,WH808011,2026-05-08,2026-05-15,Delivered,Paid
SYSPO0009100,PO992098,SUP976325,WH910891,2026-04-14,2026-04-27,Delivered,Paid
SYSPO0009101,PO532827,SUP184491,WH656116,2025-12-28,2026-01-29,Delivered,Paid
SYSPO0009102,PO416323,SUP437408,WH422451,2025-10-15,2025-10-30,Delivered,Paid
SYSPO0009103,PO745555,SUP378361,WH479201,2026-07-01,2026-08-06,In Transit,Pending
SYSPO0009104,PO953647,SUP378361,WH771088,2026-01-02,2026-02-07,Delivered,Paid
SYSPO0009105,PO401113,SUP955662,WH112038,2026-02-11,2026-03-02,Delivered,Paid
SYSPO0009106,PO810923,SUP891937,WH412942,2026-02-05,2026-03-05,Delivered,Paid
SYSPO0009107,PO430424,SUP259784,WH274389,2025-09-27,2025-10-04,Delivered,Paid
SYSPO0009108,PO486043,SUP437408,WH112038,2025-10-07,2025-10-22,Delivered,Pending
SYSPO0009109,PO407805,SUP829308,WH740967,2025-10-19,2025-10-27,Delivered,Paid
SYSPO0009110,PO213024,SUP891937,WH539589,2025-10-31,2025-11-28,Delivered,Paid
SYSPO0009111,PO918996,SUP133659,WH212235,2025-08-17,2025-09-04,Delivered,Paid
SYSPO0009112,PO308116,SUP335113,WH233470,2026-01-10,2026-01-21,Delivered,Paid
SYSPO0009113,PO952425,SUP153872,WH112038,2026-05-28,2026-06-04,Delivered,Paid
SYSPO0009114,PO208679,SUP650121,WH422451,2025-08-10,2025-08-16,Delivered,Paid
SYSPO0009115,PO861562,SUP990844,WH532322,2026-07-30,2026-08-18,In Transit,Pending
SYSPO0009116,PO125428,SUP486945,WH322086,2025-11-17,2025-12-10,Delivered,Paid
SYSPO0009117,PO497970,SUP668532,WH237174,2026-01-12,2026-01-25,Delivered,Paid
SYSPO0009118,PO784004,SUP990844,WH686075,2025-10-30,2025-11-18,Delivered,Paid
SYSPO0009119,PO599784,SUP378361,WH636265,2026-05-20,2026-06-25,Delayed,Pending
SYSPO0009120,PO627921,SUP842411,WH422451,2026-04-22,2026-04-30,Delivered,Paid
SYSPO0009121,PO655656,SUP384076,WH958179,2025-10-22,2025-11-06,Delivered,Pending
SYSPO0009122,PO254385,SUP757711,WH526117,2026-05-26,2026-05-31,Delivered,Paid
SYSPO0009123,PO130977,SUP335113,WH205907,2025-10-23,2025-11-03,Delivered,Paid
SYSPO0009124,PO408915,SUP668532,WH322086,2025-08-30,2025-09-12,Delivered,Paid
SYSPO0009125,PO204098,SUP696750,WH460663,2025-10-12,2025-10-19,Cancelled,Cancelled
SYSPO0009126,PO631637,SUP391668,WH376807,2026-07-31,2026-08-13,In Transit,Pending
SYSPO0009127,PO969766,SUP321275,WH567574,2026-01-22,2026-01-29,Delivered,Paid
SYSPO0009128,PO818899,SUP955662,WH482364,2026-07-07,2026-07-26,Delivered,Paid
SYSPO0009129,PO670889,SUP576086,WH539589,2026-04-01,2026-04-07,Delivered,Paid
SYSPO0009130,PO518326,SUP934794,WH801474,2026-02-11,2026-02-17,Delivered,Paid
SYSPO0009131,PO426713,SUP801364,WH555884,2026-04-29,2026-05-21,Delivered,Paid
SYSPO0009132,PO438192,SUP829308,WH910891,2025-12-09,2025-12-17,Delivered,Paid
SYSPO0009133,PO725772,SUP688508,WH771088,2026-07-07,2026-07-17,Delivered,Paid
SYSPO0009134,PO739258,SUP211764,WH656116,2026-01-29,2026-02-15,Delayed,Pending
SYSPO0009135,PO327482,SUP881177,WH771088,2026-07-15,2026-07-29,Delivered,Paid
SYSPO0009136,PO685907,SUP595631,WH958179,2025-11-08,2025-12-03,Delivered,Paid
SYSPO0009137,PO860666,SUP618392,WH482364,2026-01-18,2026-01-31,Delivered,Paid
SYSPO0009138,PO701374,SUP870763,WH801474,2026-01-09,2026-01-25,Delayed,Pending
SYSPO0009139,PO384925,SUP597732,WH770487,2026-06-02,2026-06-28,Delivered,Paid
SYSPO0009140,PO665377,SUP920652,WH274389,2025-08-21,2025-09-13,Delayed,Pending
SYSPO0009141,PO871992,SUP420214,WH262316,2026-03-29,2026-04-11,Delivered,Paid
SYSPO0009142,PO173656,SUP330914,WH376807,2026-05-17,2026-06-05,Delivered,Paid
SYSPO0009143,PO412102,SUP240814,WH274389,2026-06-21,2026-06-27,Delivered,Paid
SYSPO0009144,PO599683,SUP839677,WH262316,2025-12-30,2026-01-16,Cancelled,Cancelled
SYSPO0009145,PO622924,SUP420214,WH515011,2026-05-11,2026-05-24,Delivered,Paid
SYSPO0009146,PO649493,SUP688508,WH262316,2025-12-04,2025-12-14,Delayed,Pending
SYSPO0009147,PO450673,SUP391668,WH479201,2026-01-05,2026-01-18,Delayed,Pending
SYSPO0009148,PO212108,SUP589710,WH377746,2026-03-30,2026-04-18,Delivered,Paid
SYSPO0009149,PO620609,SUP757711,WH808011,2026-08-04,2026-08-09,In Transit,Pending
SYSPO0009150,PO449840,SUP664607,WH174441,2026-05-20,2026-06-22,Delivered,Paid
SYSPO0009151,PO762427,SUP260422,WH922157,2026-03-15,2026-03-24,Delivered,Paid
SYSPO0009152,PO225243,SUP384076,WH801474,2026-03-23,2026-04-07,Delivered,Paid
SYSPO0009153,PO603813,SUP598216,WH686075,2026-03-01,2026-03-13,Delayed,Pending
SYSPO0009154,PO305933,SUP865990,WH930555,2026-02-24,2026-03-17,Delivered,Paid
SYSPO0009155,PO857503,SUP523389,WH233470,2026-04-11,2026-04-27,Delivered,Paid
SYSPO0009156,PO555816,SUP459536,WH656116,2026-07-11,2026-07-25,Delivered,Paid
SYSPO0009157,PO561930,SUP519093,WH829716,2026-05-05,2026-05-21,Delivered,Paid
SYSPO0009158,PO901084,SUP608257,WH636265,2026-06-06,2026-06-22,Delivered,Paid
SYSPO0009159,PO504954,SUP696750,WH526117,2025-08-19,2025-08-26,Delivered,Paid
SYSPO0009160,PO794371,SUP842411,WH237174,2026-02-23,2026-03-03,Delivered,Paid
SYSPO0009161,PO460293,SUP497887,WH770487,2025-09-16,2025-10-04,Delivered,Paid
SYSPO0009162,PO926538,SUP519904,WH376807,2026-01-27,2026-02-10,Delivered,Paid
SYSPO0009163,PO736592,SUP221263,WH690341,2026-01-29,2026-02-22,Delayed,Pending
SYSPO0009164,PO853524,SUP391668,WH515011,2026-06-22,2026-07-05,Delivered,Paid
SYSPO0009165,PO124611,SUP890170,WH322086,2026-07-11,2026-07-18,Delivered,Paid
SYSPO0009166,PO641866,SUP259784,WH910891,2025-08-21,2025-08-28,Delivered,Paid
SYSPO0009167,PO526932,SUP526117,WH429164,2026-07-11,2026-07-27,Delayed,Pending
SYSPO0009168,PO942514,SUP350867,WH958179,2025-11-08,2025-11-23,Delivered,Paid
SYSPO0009169,PO509235,SUP330914,WH658582,2026-02-22,2026-03-13,Delivered,Paid
SYSPO0009170,PO780718,SUP597732,WH174441,2026-03-01,2026-03-27,Delivered,Paid
SYSPO0009171,PO191096,SUP965845,WH112038,2026-01-05,2026-01-12,Delivered,Paid
SYSPO0009172,PO772582,SUP133659,WH824586,2026-05-17,2026-06-04,Delivered,Paid
SYSPO0009173,PO783486,SUP680099,WH412942,2025-08-20,2025-09-06,Delivered,Paid
SYSPO0009174,PO530355,SUP429164,WH930555,2026-03-09,2026-03-26,Delivered,Paid
SYSPO0009175,PO518160,SUP333238,WH532322,2026-01-02,2026-01-21,Delivered,Paid
SYSPO0009176,PO532632,SUP245051,WH356150,2026-02-21,2026-03-14,Delivered,Paid
SYSPO0009177,PO938207,SUP472060,WH526833,2026-05-29,2026-06-14,Delivered,Paid
SYSPO0009178,PO998782,SUP497887,WH422451,2026-04-06,2026-04-24,Delivered,Paid
SYSPO0009179,PO472892,SUP662275,WH324082,2025-08-24,2025-09-05,Delivered,Paid
SYSPO0009180,PO360695,SUP184491,WH930555,2025-10-17,2025-11-18,Delivered,Paid
SYSPO0009181,PO381821,SUP865990,WH808011,2025-11-26,2025-12-17,Delivered,Paid
SYSPO0009182,PO412597,SUP865990,WH412942,2026-01-22,2026-02-12,Cancelled,Cancelled
SYSPO0009183,PO778124,SUP216970,WH233470,2026-01-06,2026-01-25,Delivered,Paid
SYSPO0009184,PO807560,SUP597732,WH191161,2026-07-14,2026-08-09,In Transit,Pending
SYSPO0009185,PO159243,SUP265080,WH262316,2025-12-01,2025-12-17,Delivered,Paid
SYSPO0009186,PO516113,SUP972335,WH482364,2026-06-01,2026-07-09,Delivered,Paid
SYSPO0009187,PO211136,SUP446954,WH112038,2026-06-22,2026-07-02,Delivered,Paid
SYSPO0009188,PO800275,SUP285652,WH376807,2025-11-24,2025-12-25,Delivered,Paid
SYSPO0009189,PO618717,SUP877236,WH322086,2026-01-31,2026-02-07,Delivered,Paid
SYSPO0009190,PO253955,SUP899213,WH322086,2025-10-08,2025-10-26,Cancelled,Cancelled
SYSPO0009191,PO382837,SUP153872,WH555884,2026-01-16,2026-01-23,Delivered,Paid
SYSPO0009192,PO927387,SUP801364,WH656116,2025-11-27,2025-12-19,Delivered,Paid
SYSPO0009193,PO899839,SUP513160,WH329974,2026-03-31,2026-04-24,Delivered,Paid
SYSPO0009194,PO473431,SUP925981,WH212235,2026-07-27,2026-08-14,Processing,Pending
SYSPO0009195,PO398265,SUP321275,WH539589,2025-08-26,2025-09-02,Delivered,Paid
SYSPO0009196,PO185662,SUP335113,WH808011,2026-04-29,2026-05-10,Delivered,Paid
SYSPO0009197,PO469472,SUP946305,WH567574,2026-02-21,2026-03-21,Delivered,Pending
SYSPO0009198,PO663593,SUP664607,WH740967,2026-07-21,2026-08-23,In Transit,Pending
SYSPO0009199,PO688188,SUP427110,WH379766,2025-09-29,2025-10-17,Delayed,Pending
SYSPO0009200,PO874662,SUP680099,WH656116,2026-02-01,2026-02-18,Delivered,Paid
SYSPO0009201,PO438844,SUP429164,WH658582,2026-06-23,2026-07-10,Delayed,Pending
SYSPO0009202,PO873592,SUP321275,WH820221,2026-04-12,2026-04-19,Delivered,Paid
SYSPO0009203,PO518765,SUP519093,WH930555,2026-01-27,2026-02-12,Cancelled,Cancelled
SYSPO0009204,PO790873,SUP437902,WH642717,2025-09-09,2025-09-26,Delivered,Paid
SYSPO0009205,PO619053,SUP890170,WH356150,2026-05-12,2026-05-19,Delivered,Paid
SYSPO0009206,PO338303,SUP802729,WH482364,2026-02-15,2026-02-26,Delivered,Paid
SYSPO0009207,PO424096,SUP260263,WH654634,2025-09-17,2025-09-24,Delivered,Paid
SYSPO0009208,PO623120,SUP384076,WH555884,2025-10-13,2025-10-28,Delivered,Pending
SYSPO0009209,PO595397,SUP765095,WH412942,2026-06-03,2026-07-08,Delivered,Paid
SYSPO0009210,PO854315,SUP179046,WH324082,2026-03-20,2026-04-09,Delayed,Pending
SYSPO0009211,PO925331,SUP972335,WH567574,2026-08-04,2026-09-11,In Transit,Pending
SYSPO0009212,PO690264,SUP446954,WH515011,2026-07-18,2026-07-28,Delivered,Paid
SYSPO0009213,PO178094,SUP429164,WH771088,2026-05-02,2026-05-19,Delivered,Paid
SYSPO0009214,PO405730,SUP179046,WH662336,2026-03-05,2026-03-25,Delivered,Paid
SYSPO0009215,PO169235,SUP690341,WH380746,2025-09-26,2025-10-01,Delivered,Paid
SYSPO0009216,PO232799,SUP121753,WH380746,2026-01-04,2026-01-15,Delivered,Paid
SYSPO0009217,PO912454,SUP384076,WH379766,2026-01-12,2026-01-27,Delayed,Pending
SYSPO0009218,PO288674,SUP335615,WH262316,2025-12-08,2025-12-14,Delivered,Paid
SYSPO0009219,PO481395,SUP736059,WH526117,2026-01-27,2026-02-10,Delivered,Paid
SYSPO0009220,PO989841,SUP391668,WH599948,2025-08-14,2025-08-27,Delivered,Paid
SYSPO0009221,PO467781,SUP211764,WH781453,2025-10-13,2025-10-30,Delivered,Paid
SYSPO0009222,PO908014,SUP972064,WH112038,2026-01-28,2026-02-15,Delivered,Paid
SYSPO0009223,PO851537,SUP300337,WH654634,2026-03-22,2026-04-04,Delivered,Paid
SYSPO0009224,PO994769,SUP446954,WH233470,2026-07-19,2026-07-29,Delivered,Paid
SYSPO0009225,PO739999,SUP899213,WH824586,2026-05-08,2026-05-26,Delivered,Paid
SYSPO0009226,PO921473,SUP597732,WH429164,2026-07-18,2026-08-13,Processing,Pending
SYSPO0009227,PO878490,SUP240814,WH532322,2025-10-22,2025-10-28,Delivered,Paid
SYSPO0009228,PO263626,SUP589710,WH205907,2026-07-13,2026-08-01,Delivered,Paid
SYSPO0009229,PO291352,SUP133659,WH801474,2026-01-28,2026-02-15,Delivered,Pending
SYSPO0009230,PO635681,SUP639593,WH112038,2025-09-09,2025-09-16,Delivered,Paid
SYSPO0009231,PO680518,SUP259784,WH997546,2025-11-10,2025-11-17,Delivered,Paid
SYSPO0009232,PO611278,SUP335615,WH808011,2025-12-08,2025-12-14,Cancelled,Cancelled
SYSPO0009233,PO126359,SUP757711,WH532322,2026-04-30,2026-05-05,Delayed,Pending
SYSPO0009234,PO769474,SUP765095,WH191161,2026-04-13,2026-05-18,Delayed,Pending
SYSPO0009235,PO327869,SUP965845,WH519066,2026-07-23,2026-07-30,Delivered,Paid
SYSPO0009236,PO788675,SUP302511,WH781453,2026-05-08,2026-05-26,Delivered,Paid
SYSPO0009237,PO906349,SUP350867,WH100425,2026-06-10,2026-06-25,Delivered,Paid
SYSPO0009238,PO142040,SUP692683,WH212235,2025-10-07,2025-11-01,Delivered,Paid
SYSPO0009239,PO771915,SUP608257,WH690341,2026-05-10,2026-05-26,Delivered,Paid
SYSPO0009240,PO795792,SUP519904,WH832052,2026-05-16,2026-05-30,Delivered,Paid
SYSPO0009241,PO717524,SUP523389,WH329974,2025-09-21,2025-10-07,Delivered,Paid
SYSPO0009242,PO214123,SUP904150,WH429164,2025-09-09,2025-10-05,Delivered,Paid
SYSPO0009243,PO945675,SUP497887,WH922157,2025-09-18,2025-10-06,Delivered,Paid
SYSPO0009244,PO479922,SUP260263,WH460663,2026-05-06,2026-05-13,Delayed,Pending
SYSPO0009245,PO261073,SUP642717,WH262316,2026-01-26,2026-02-09,Delivered,Paid
SYSPO0009246,PO118722,SUP804318,WH567574,2026-04-08,2026-04-29,Delivered,Paid
SYSPO0009247,PO732582,SUP427110,WH997546,2025-12-23,2026-01-10,Delivered,Paid
SYSPO0009248,PO568014,SUP273982,WH526117,2025-09-07,2025-09-23,Delivered,Pending
SYSPO0009249,PO478658,SUP990844,WH582662,2026-02-24,2026-03-15,Delivered,Paid
SYSPO0009250,PO779057,SUP755788,WH212235,2026-05-06,2026-05-31,Delivered,Paid
SYSPO0009251,PO797452,SUP184491,WH479201,2026-01-01,2026-02-02,Delivered,Paid
SYSPO0009252,PO501523,SUP300896,WH233470,2026-05-14,2026-05-22,Delivered,Paid
SYSPO0009253,PO587369,SUP598216,WH526117,2026-06-08,2026-06-20,Delivered,Paid
SYSPO0009254,PO121384,SUP755788,WH785197,2026-02-19,2026-03-16,Delivered,Paid
SYSPO0009255,PO422638,SUP728492,WH422451,2026-03-30,2026-04-15,Delivered,Paid
SYSPO0009256,PO892029,SUP322955,WH771088,2025-10-06,2025-10-19,Cancelled,Cancelled
SYSPO0009257,PO226484,SUP946305,WH599948,2025-12-30,2026-01-27,Delayed,Pending
SYSPO0009258,PO783510,SUP378361,WH771088,2026-03-06,2026-04-11,Delivered,Paid
SYSPO0009259,PO743895,SUP608257,WH636265,2025-12-30,2026-01-15,Delivered,Paid
SYSPO0009260,PO501684,SUP871711,WH380746,2025-08-22,2025-09-01,Delivered,Paid
SYSPO0009261,PO968276,SUP965845,WH519066,2026-05-30,2026-06-06,Delivered,Paid
SYSPO0009262,PO808337,SUP260422,WH785197,2025-10-10,2025-10-19,Delivered,Paid
SYSPO0009263,PO809177,SUP870763,WH212235,2026-07-25,2026-08-10,In Transit,Pending
SYSPO0009264,PO883139,SUP664607,WH482364,2025-12-13,2026-01-15,Delivered,Paid
SYSPO0009265,PO665244,SUP692683,WH690341,2026-03-12,2026-04-06,Delivered,Paid
SYSPO0009266,PO567734,SUP705397,WH829716,2026-07-09,2026-08-06,In Transit,Pending
SYSPO0009267,PO782630,SUP356150,WH356150,2026-04-18,2026-05-06,Delivered,Paid
SYSPO0009268,PO938115,SUP696750,WH205907,2026-07-06,2026-07-13,Delivered,Paid
SYSPO0009269,PO430903,SUP934794,WH429164,2025-10-02,2025-10-08,Delivered,Paid
SYSPO0009270,PO391455,SUP372793,WH555884,2025-10-06,2025-10-20,Delayed,Pending
SYSPO0009271,PO851383,SUP692683,WH100425,2026-07-08,2026-08-02,Delivered,Paid
SYSPO0009272,PO984784,SUP801364,WH599948,2025-09-30,2025-10-22,Delivered,Paid
SYSPO0009273,PO534140,SUP690341,WH801474,2025-10-13,2025-10-18,Delivered,Paid
SYSPO0009274,PO215142,SUP664607,WH479201,2026-05-30,2026-07-02,Delivered,Paid
SYSPO0009275,PO132000,SUP613425,WH324082,2026-05-08,2026-05-19,Delivered,Paid
SYSPO0009276,PO119861,SUP153872,WH770487,2025-08-24,2025-08-31,Delivered,Paid
SYSPO0009277,PO877851,SUP865990,WH233470,2026-01-14,2026-02-04,Delivered,Paid
SYSPO0009278,PO528009,SUP668532,WH422451,2025-12-02,2025-12-15,Delivered,Paid
SYSPO0009279,PO196725,SUP705397,WH191161,2025-12-03,2025-12-31,Delivered,Paid
SYSPO0009280,PO101541,SUP891937,WH599948,2026-05-15,2026-06-12,Delivered,Paid
SYSPO0009281,PO458785,SUP650121,WH324082,2026-05-30,2026-06-05,Delivered,Paid
SYSPO0009282,PO985163,SUP372793,WH816751,2026-01-25,2026-02-08,Delivered,Paid
SYSPO0009283,PO882289,SUP972064,WH212235,2025-11-25,2025-12-13,Delivered,Paid
SYSPO0009284,PO599758,SUP972335,WH380746,2026-04-05,2026-05-13,Delayed,Pending
SYSPO0009285,PO161507,SUP990844,WH526833,2025-10-14,2025-11-02,Delivered,Paid
SYSPO0009286,PO930758,SUP804318,WH771088,2025-09-19,2025-10-10,Delivered,Paid
SYSPO0009287,PO546929,SUP768854,WH829716,2026-07-19,2026-08-05,Delivered,Paid
SYSPO0009288,PO538475,SUP871711,WH379766,2025-09-25,2025-10-05,Delivered,Paid
SYSPO0009289,PO991042,SUP624902,WH910891,2025-10-22,2025-11-04,Delivered,Paid
SYSPO0009290,PO313741,SUP519093,WH599948,2025-08-06,2025-08-22,Delivered,Pending
SYSPO0009291,PO843798,SUP576086,WH662336,2026-04-03,2026-04-09,Delivered,Paid
SYSPO0009292,PO312224,SUP733039,WH801474,2026-05-29,2026-06-14,Delayed,Pending
SYSPO0009293,PO496185,SUP671858,WH829716,2025-11-11,2025-11-27,Delivered,Paid
SYSPO0009294,PO983140,SUP156213,WH532322,2025-08-09,2025-08-22,Delivered,Paid
SYSPO0009295,PO330952,SUP221263,WH262316,2026-01-30,2026-02-23,Delivered,Paid
SYSPO0009296,PO161450,SUP692683,WH658582,2026-02-14,2026-03-11,Delivered,Paid
SYSPO0009297,PO770863,SUP765095,WH539589,2026-07-03,2026-08-07,In Transit,Pending
SYSPO0009298,PO312579,SUP842411,WH526117,2026-02-14,2026-02-22,Delivered,Paid
SYSPO0009299,PO133847,SUP273982,WH519066,2026-03-04,2026-03-20,Delayed,Pending
SYSPO0009300,PO151055,SUP690341,WH205907,2026-06-14,2026-06-19,Delivered,Paid
SYSPO0009301,PO255943,SUP449499,WH771088,2025-08-07,2025-08-12,Delivered,Paid
SYSPO0009302,PO638040,SUP768854,WH770487,2026-03-29,2026-04-15,Delivered,Paid
SYSPO0009303,PO990778,SUP427110,WH262316,2026-07-13,2026-07-31,Delivered,Paid
SYSPO0009304,PO915460,SUP133659,WH567574,2026-02-12,2026-03-02,Delivered,Pending
SYSPO0009305,PO876797,SUP681343,WH785197,2025-11-05,2025-11-20,Delivered,Paid
SYSPO0009306,PO365956,SUP256294,WH322086,2025-10-28,2025-11-10,Delivered,Paid
SYSPO0009307,PO917201,SUP976325,WH654634,2026-03-21,2026-04-03,Delivered,Paid
SYSPO0009308,PO369844,SUP736059,WH322086,2026-04-18,2026-05-02,Delivered,Paid
SYSPO0009309,PO221279,SUP990844,WH824586,2026-02-05,2026-02-24,Delivered,Paid
SYSPO0009310,PO574299,SUP662275,WH922157,2026-01-28,2026-02-09,Delivered,Paid
SYSPO0009311,PO500407,SUP920652,WH555884,2026-01-11,2026-02-03,Delivered,Paid
SYSPO0009312,PO118626,SUP972335,WH785197,2026-01-23,2026-03-02,Delayed,Pending
SYSPO0009313,PO408046,SUP624902,WH567574,2025-09-04,2025-09-17,Delivered,Paid
SYSPO0009314,PO934473,SUP576086,WH526833,2026-03-26,2026-04-01,Delivered,Paid
SYSPO0009315,PO441890,SUP804318,WH429164,2026-03-26,2026-04-16,Delivered,Paid
SYSPO0009316,PO949599,SUP598216,WH532322,2025-08-07,2025-08-19,Delivered,Paid
SYSPO0009317,PO769710,SUP259784,WH482364,2025-11-08,2025-11-15,Delivered,Paid
SYSPO0009318,PO223901,SUP437902,WH781453,2026-07-13,2026-07-30,Delivered,Paid
SYSPO0009319,PO353030,SUP576086,WH482364,2026-03-05,2026-03-11,Delivered,Paid
SYSPO0009320,PO561476,SUP472060,WH654634,2025-11-21,2025-12-07,Delivered,Paid
SYSPO0009321,PO374432,SUP260263,WH205907,2026-04-02,2026-04-09,Delivered,Paid
SYSPO0009322,PO444571,SUP705397,WH174441,2026-04-06,2026-05-04,Delivered,Paid
SYSPO0009323,PO263277,SUP273982,WH820221,2026-03-09,2026-03-25,Delivered,Pending
SYSPO0009324,PO837487,SUP427110,WH532322,2026-06-19,2026-07-07,Delayed,Pending
SYSPO0009325,PO818991,SUP486945,WH829716,2026-06-21,2026-07-14,Delivered,Paid
SYSPO0009326,PO122134,SUP572700,WH205907,2025-10-24,2025-11-04,Delayed,Pending
SYSPO0009327,PO543281,SUP260422,WH910891,2025-08-23,2025-09-01,Delivered,Paid
SYSPO0009328,PO184641,SUP344098,WH824586,2025-10-15,2025-10-31,Delivered,Paid
SYSPO0009329,PO200681,SUP519904,WH429164,2025-10-01,2025-10-15,Delivered,Paid
SYSPO0009330,PO738919,SUP955662,WH686075,2025-08-26,2025-09-14,Cancelled,Cancelled
SYSPO0009331,PO591561,SUP989545,WH274389,2026-04-15,2026-05-01,Cancelled,Cancelled
SYSPO0009332,PO876344,SUP300896,WH922157,2025-12-18,2025-12-26,Delivered,Paid
SYSPO0009333,PO367329,SUP768854,WH922157,2025-08-19,2025-09-05,Delivered,Pending
SYSPO0009334,PO437954,SUP946305,WH412942,2025-09-30,2025-10-28,Delivered,Paid
SYSPO0009335,PO161572,SUP613425,WH662336,2026-07-02,2026-07-13,Delivered,Paid
SYSPO0009336,PO533718,SUP333238,WH922157,2025-08-17,2025-09-05,Delivered,Paid
SYSPO0009337,PO286723,SUP920652,WH377746,2026-04-21,2026-05-14,Delivered,Paid
SYSPO0009338,PO590991,SUP865990,WH654634,2026-03-17,2026-04-07,Delivered,Paid
SYSPO0009339,PO718445,SUP519093,WH479201,2026-06-26,2026-07-12,Delivered,Paid
SYSPO0009340,PO480524,SUP523389,WH555884,2026-03-27,2026-04-12,Cancelled,Cancelled
SYSPO0009341,PO110509,SUP865990,WH910891,2025-11-28,2025-12-19,Delivered,Paid
SYSPO0009342,PO375101,SUP179046,WH662336,2025-12-11,2025-12-31,Delivered,Paid
SYSPO0009343,PO888439,SUP801364,WH740967,2026-07-28,2026-08-19,In Transit,Pending
SYSPO0009344,PO657322,SUP459536,WH801474,2025-09-08,2025-09-22,Delivered,Paid
SYSPO0009345,PO630741,SUP887625,WH532322,2025-08-24,2025-09-06,Delivered,Paid
SYSPO0009346,PO488739,SUP770487,WH482364,2025-09-16,2025-09-30,Delivered,Paid
SYSPO0009347,PO290668,SUP519904,WH205907,2026-01-13,2026-01-27,Delivered,Paid
SYSPO0009348,PO428570,SUP437408,WH515011,2025-10-13,2025-10-28,Delivered,Paid
SYSPO0009349,PO916501,SUP572700,WH816751,2025-10-06,2025-10-17,Delivered,Pending
SYSPO0009350,PO320957,SUP642717,WH654634,2026-04-23,2026-05-07,Delivered,Pending
SYSPO0009351,PO945136,SUP934794,WH519066,2025-11-23,2025-11-29,Delivered,Paid
SYSPO0009352,PO114601,SUP608257,WH515011,2026-03-30,2026-04-15,Delivered,Paid
SYSPO0009353,PO274939,SUP322955,WH636265,2026-04-18,2026-05-01,Delivered,Paid
SYSPO0009354,PO392301,SUP576086,WH770487,2026-04-30,2026-05-06,Delivered,Paid
SYSPO0009355,PO696574,SUP523389,WH174441,2026-05-03,2026-05-19,Delivered,Paid
SYSPO0009356,PO553457,SUP736059,WH785197,2026-03-24,2026-04-07,Delayed,Pending
SYSPO0009357,PO106802,SUP349565,WH930555,2026-03-15,2026-04-10,Delivered,Paid
SYSPO0009358,PO540734,SUP595631,WH658582,2026-06-06,2026-07-01,Delivered,Paid
SYSPO0009359,PO648616,SUP736059,WH816751,2026-03-11,2026-03-25,Delayed,Pending
SYSPO0009360,PO643711,SUP688508,WH539589,2025-10-12,2025-10-22,Delivered,Paid
SYSPO0009361,PO811709,SUP576086,WH532322,2026-01-28,2026-02-03,Delivered,Paid
SYSPO0009362,PO646902,SUP871711,WH922157,2026-05-23,2026-06-02,Delivered,Paid
SYSPO0009363,PO885545,SUP256294,WH212235,2026-03-17,2026-03-30,Delivered,Paid
SYSPO0009364,PO760641,SUP705397,WH329974,2025-12-22,2026-01-19,Delivered,Paid
SYSPO0009365,PO499013,SUP829308,WH816751,2026-08-01,2026-08-09,In Transit,Pending
SYSPO0009366,PO664649,SUP572700,WH690341,2025-08-18,2025-08-29,Delivered,Paid
SYSPO0009367,PO312714,SUP156213,WH740967,2025-09-10,2025-09-23,Delivered,Pending
SYSPO0009368,PO491407,SUP842411,WH233470,2026-05-30,2026-06-07,Delivered,Paid
SYSPO0009369,PO766800,SUP804318,WH656116,2025-11-29,2025-12-20,Delivered,Paid
SYSPO0009370,PO415349,SUP391668,WH356150,2025-12-08,2025-12-21,Delivered,Paid
SYSPO0009371,PO565387,SUP321275,WH262316,2025-12-26,2026-01-02,Delayed,Pending
SYSPO0009372,PO992531,SUP642717,WH322086,2026-07-19,2026-08-02,Delivered,Paid
SYSPO0009373,PO871867,SUP990844,WH376807,2025-12-30,2026-01-18,Delivered,Pending
SYSPO0009374,PO716406,SUP519093,WH377746,2026-06-19,2026-07-05,Cancelled,Cancelled
SYSPO0009375,PO948076,SUP725084,WH376807,2025-08-31,2025-09-17,Delayed,Pending
SYSPO0009376,PO630450,SUP891937,WH740967,2026-05-26,2026-06-23,Delivered,Paid
SYSPO0009377,PO178911,SUP597732,WH582662,2026-01-17,2026-02-12,Delivered,Paid
SYSPO0009378,PO790974,SUP356150,WH785197,2026-06-28,2026-07-16,Delivered,Paid
SYSPO0009379,PO884076,SUP705397,WH781453,2026-03-06,2026-04-03,Delivered,Paid
SYSPO0009380,PO896567,SUP736059,WH212235,2025-08-30,2025-09-13,Delivered,Paid
SYSPO0009381,PO756684,SUP300896,WH808011,2025-11-26,2025-12-04,Delayed,Pending
SYSPO0009382,PO277243,SUP385470,WH771088,2026-02-03,2026-02-23,Delivered,Paid
SYSPO0009383,PO923054,SUP692683,WH429164,2025-09-26,2025-10-21,Delivered,Paid
SYSPO0009384,PO938841,SUP153872,WH997546,2025-09-21,2025-09-28,Delivered,Paid
SYSPO0009385,PO319885,SUP321275,WH262316,2026-05-01,2026-05-08,Delivered,Paid
SYSPO0009386,PO494350,SUP865990,WH377746,2026-07-04,2026-07-25,Delayed,Pending
SYSPO0009387,PO721408,SUP335113,WH112038,2025-11-19,2025-11-30,Delivered,Paid
SYSPO0009388,PO503004,SUP344098,WH820221,2025-12-10,2025-12-26,Delivered,Paid
SYSPO0009389,PO746292,SUP523389,WH356150,2026-02-25,2026-03-13,Delivered,Paid
SYSPO0009390,PO866125,SUP472060,WH212235,2026-01-12,2026-01-28,Delivered,Paid
SYSPO0009391,PO491388,SUP513160,WH526833,2026-02-24,2026-03-20,Delivered,Paid
SYSPO0009392,PO541984,SUP624902,WH479201,2025-10-25,2025-11-07,Cancelled,Cancelled
SYSPO0009393,PO494897,SUP437408,WH515011,2026-05-02,2026-05-17,Delivered,Paid
SYSPO0009394,PO284766,SUP595631,WH820221,2025-10-25,2025-11-19,Delivered,Paid
SYSPO0009395,PO414659,SUP965845,WH324082,2026-03-30,2026-04-06,Delivered,Paid
SYSPO0009396,PO672835,SUP725084,WH781453,2025-08-27,2025-09-13,Delivered,Paid
SYSPO0009397,PO675068,SUP613425,WH740967,2025-09-16,2025-09-27,Delivered,Paid
SYSPO0009398,PO103801,SUP765095,WH377746,2026-03-14,2026-04-18,Delivered,Paid
SYSPO0009399,PO314263,SUP904150,WH658582,2026-05-15,2026-06-10,Delivered,Paid
SYSPO0009400,PO130770,SUP273982,WH322086,2026-04-06,2026-04-22,Delivered,Paid
SYSPO0009401,PO400106,SUP801364,WH656116,2026-02-26,2026-03-20,Delivered,Paid
SYSPO0009402,PO611678,SUP589710,WH482364,2025-09-08,2025-09-27,Delivered,Paid
SYSPO0009403,PO928671,SUP576086,WH482364,2026-02-08,2026-02-14,Delayed,Pending
SYSPO0009404,PO322732,SUP335113,WH237174,2026-05-13,2026-05-24,Delivered,Paid
SYSPO0009405,PO817172,SUP197251,WH555884,2026-04-29,2026-05-06,Delivered,Paid
SYSPO0009406,PO832355,SUP880879,WH770487,2026-03-27,2026-05-04,Delivered,Paid
SYSPO0009407,PO611927,SUP802729,WH233470,2026-08-02,2026-08-13,Processing,Pending
SYSPO0009408,PO850749,SUP881177,WH910891,2026-06-07,2026-06-21,Delivered,Paid
SYSPO0009409,PO134547,SUP486945,WH329974,2026-05-06,2026-05-29,Delivered,Paid
SYSPO0009410,PO585126,SUP285652,WH482364,2025-11-24,2025-12-25,Delivered,Paid
SYSPO0009411,PO339492,SUP618392,WH412942,2026-01-17,2026-01-30,Delivered,Paid
SYSPO0009412,PO825355,SUP598216,WH356150,2026-03-29,2026-04-10,Cancelled,Cancelled
SYSPO0009413,PO160043,SUP597732,WH910891,2026-06-30,2026-07-26,Delivered,Paid
SYSPO0009414,PO653464,SUP595631,WH740967,2025-12-05,2025-12-30,Delivered,Paid
SYSPO0009415,PO837411,SUP608257,WH829716,2025-11-13,2025-11-29,Delivered,Paid
SYSPO0009416,PO670890,SUP733039,WH658582,2026-02-25,2026-03-13,Delivered,Paid
SYSPO0009417,PO951349,SUP770487,WH555884,2026-03-16,2026-03-30,Delivered,Paid
SYSPO0009418,PO222000,SUP300337,WH808011,2026-04-04,2026-04-17,Delivered,Paid
SYSPO0009419,PO515490,SUP705397,WH656116,2025-12-20,2026-01-17,Delivered,Paid
SYSPO0009420,PO460840,SUP350867,WH820221,2026-07-31,2026-08-15,In Transit,Pending
SYSPO0009421,PO965696,SUP446954,WH555884,2025-09-24,2025-10-04,Delivered,Paid
SYSPO0009422,PO439585,SUP519904,WH380746,2026-03-31,2026-04-14,Delivered,Paid
SYSPO0009423,PO304439,SUP197251,WH824586,2026-03-11,2026-03-18,Delivered,Pending
SYSPO0009424,PO285206,SUP989545,WH262316,2026-02-13,2026-03-01,Delivered,Paid
SYSPO0009425,PO988410,SUP755788,WH582662,2026-02-22,2026-03-19,Delivered,Paid
SYSPO0009426,PO892269,SUP768854,WH636265,2026-05-15,2026-06-01,Delivered,Paid
SYSPO0009427,PO347695,SUP300896,WH262316,2026-04-07,2026-04-15,Delivered,Paid
SYSPO0009428,PO614774,SUP613425,WH329974,2026-02-14,2026-02-25,Delivered,Paid
SYSPO0009429,PO829922,SUP259784,WH958179,2026-02-12,2026-02-19,Delivered,Paid
SYSPO0009430,PO818481,SUP256294,WH820221,2026-06-14,2026-06-27,Delivered,Paid
SYSPO0009431,PO217477,SUP804318,WH662336,2025-10-13,2025-11-03,Delivered,Paid
SYSPO0009432,PO171549,SUP240814,WH997546,2026-07-14,2026-07-20,Delivered,Paid
SYSPO0009433,PO225322,SUP891937,WH816751,2026-03-29,2026-04-26,Delivered,Paid
SYSPO0009434,PO178242,SUP572700,WH262316,2025-11-03,2025-11-14,Delivered,Paid
SYSPO0009435,PO720423,SUP572387,WH379766,2026-05-07,2026-05-23,Delivered,Paid
SYSPO0009436,PO714980,SUP692683,WH519066,2025-11-25,2025-12-20,Cancelled,Cancelled
SYSPO0009437,PO424428,SUP300896,WH356150,2025-10-19,2025-10-27,Delivered,Paid
SYSPO0009438,PO813319,SUP639593,WH930555,2025-08-05,2025-08-12,Delivered,Paid
SYSPO0009439,PO333094,SUP372793,WH380746,2025-09-19,2025-10-03,Delivered,Pending
SYSPO0009440,PO479483,SUP184491,WH379766,2025-08-14,2025-09-15,Delivered,Paid
SYSPO0009441,PO435632,SUP179046,WH532322,2026-02-01,2026-02-21,Cancelled,Cancelled
SYSPO0009442,PO934045,SUP300896,WH824586,2026-04-04,2026-04-12,Delivered,Paid
SYSPO0009443,PO478095,SUP184491,WH930555,2026-06-10,2026-07-12,Delivered,Paid
SYSPO0009444,PO779881,SUP755788,WH379766,2025-09-19,2025-10-14,Delivered,Pending
SYSPO0009445,PO919540,SUP839677,WH820221,2026-05-18,2026-06-04,Delivered,Paid
SYSPO0009446,PO488149,SUP608257,WH324082,2026-06-30,2026-07-16,Delivered,Paid
SYSPO0009447,PO404562,SUP802729,WH237174,2025-10-24,2025-11-04,Delivered,Paid
SYSPO0009448,PO202425,SUP385470,WH356150,2026-06-11,2026-07-01,Delivered,Paid
SYSPO0009449,PO247266,SUP597732,WH832052,2026-03-31,2026-04-26,Delivered,Pending
SYSPO0009450,PO210268,SUP300896,WH324082,2026-01-13,2026-01-21,Cancelled,Cancelled
SYSPO0009451,PO722681,SUP597732,WH820221,2026-01-12,2026-02-07,Delivered,Paid
SYSPO0009452,PO460233,SUP372793,WH922157,2025-08-22,2025-09-05,Delayed,Pending
SYSPO0009453,PO269362,SUP211764,WH532322,2025-12-12,2025-12-29,Delivered,Paid
SYSPO0009454,PO941391,SUP378361,WH771088,2025-12-18,2026-01-23,Delivered,Paid
SYSPO0009455,PO267237,SUP519093,WH422451,2026-03-10,2026-03-26,Delivered,Paid
SYSPO0009456,PO397558,SUP770487,WH205907,2026-06-14,2026-06-28,Delivered,Paid
SYSPO0009457,PO664061,SUP429164,WH205907,2026-04-09,2026-04-26,Delivered,Paid
SYSPO0009458,PO103665,SUP839677,WH555884,2025-10-26,2025-11-12,Delivered,Pending
SYSPO0009459,PO184235,SUP526117,WH910891,2025-08-09,2025-08-25,Delivered,Paid
SYSPO0009460,PO338532,SUP265080,WH922157,2026-04-10,2026-04-26,Delivered,Paid
SYSPO0009461,PO405628,SUP335615,WH526117,2025-10-22,2025-10-28,Delivered,Paid
SYSPO0009462,PO220583,SUP613425,WH373903,2026-04-29,2026-05-10,Delayed,Pending
SYSPO0009463,PO167556,SUP321275,WH526833,2025-11-22,2025-11-29,Delivered,Paid
SYSPO0009464,PO687132,SUP497887,WH997546,2025-11-11,2025-11-29,Delivered,Paid
SYSPO0009465,PO547248,SUP680099,WH690341,2026-06-07,2026-06-24,Delivered,Paid
SYSPO0009466,PO366628,SUP427110,WH658582,2025-08-31,2025-09-18,Delivered,Paid
SYSPO0009467,PO312995,SUP618392,WH174441,2025-12-02,2025-12-15,Cancelled,Cancelled
SYSPO0009468,PO921375,SUP976325,WH532322,2025-11-29,2025-12-12,Delivered,Paid
SYSPO0009469,PO439111,SUP725084,WH555884,2026-02-17,2026-03-06,Delivered,Paid
SYSPO0009470,PO797317,SUP589710,WH770487,2026-03-06,2026-03-25,Delivered,Paid
SYSPO0009471,PO106323,SUP802729,WH997546,2025-12-08,2025-12-19,Delivered,Paid
SYSPO0009472,PO113373,SUP804318,WH379766,2026-05-29,2026-06-19,Delivered,Paid
SYSPO0009473,PO311973,SUP322955,WH532322,2025-08-07,2025-08-20,Delivered,Paid
SYSPO0009474,PO571971,SUP768854,WH212235,2025-09-18,2025-10-05,Delivered,Paid
SYSPO0009475,PO703977,SUP497382,WH824586,2026-04-28,2026-05-16,Delivered,Paid
SYSPO0009476,PO811948,SUP350867,WH816751,2025-12-12,2025-12-27,Delivered,Pending
SYSPO0009477,PO743887,SUP595631,WH377746,2025-12-15,2026-01-09,Delivered,Paid
SYSPO0009478,PO680606,SUP733039,WH555884,2026-01-05,2026-01-21,Delivered,Paid
SYSPO0009479,PO989007,SUP842411,WH322086,2026-05-13,2026-05-21,Delivered,Paid
SYSPO0009480,PO900322,SUP322955,WH832052,2026-03-13,2026-03-26,Delivered,Paid
SYSPO0009481,PO471143,SUP690341,WH997546,2026-04-01,2026-04-06,Delayed,Pending
SYSPO0009482,PO163865,SUP688508,WH654634,2025-08-16,2025-08-26,Delivered,Paid
SYSPO0009483,PO602802,SUP300896,WH274389,2026-06-24,2026-07-02,Delivered,Paid
SYSPO0009484,PO277810,SUP668532,WH997546,2025-10-12,2025-10-25,Delivered,Paid
SYSPO0009485,PO160784,SUP273982,WH112038,2025-10-19,2025-11-04,Delivered,Pending
SYSPO0009486,PO420552,SUP385470,WH380746,2025-12-11,2025-12-31,Delivered,Paid
SYSPO0009487,PO692220,SUP576086,WH422451,2026-06-24,2026-06-30,Delivered,Paid
SYSPO0009488,PO707074,SUP472060,WH808011,2025-12-14,2025-12-30,Delivered,Paid
SYSPO0009489,PO461078,SUP904150,WH373903,2026-07-29,2026-08-24,Processing,Pending
SYSPO0009490,PO349998,SUP728492,WH658582,2026-04-23,2026-05-09,Delivered,Paid
SYSPO0009491,PO294676,SUP733039,WH567574,2026-02-07,2026-02-23,Delivered,Paid
SYSPO0009492,PO973338,SUP690341,WH526117,2026-07-26,2026-07-31,Delivered,Paid
SYSPO0009493,PO690136,SUP899213,WH781453,2026-02-05,2026-02-23,Delivered,Paid
SYSPO0009494,PO948635,SUP614663,WH567574,2026-06-10,2026-06-27,Delivered,Paid
SYSPO0009495,PO455322,SUP330914,WH829716,2025-08-18,2025-09-06,Delivered,Paid
SYSPO0009496,PO115697,SUP429164,WH412942,2026-04-12,2026-04-29,Delivered,Paid
SYSPO0009497,PO403572,SUP891937,WH482364,2025-09-26,2025-10-24,Delivered,Paid
SYSPO0009498,PO930207,SUP260422,WH922157,2026-02-07,2026-02-16,Delivered,Paid
SYSPO0009499,PO709930,SUP705397,WH740967,2025-10-04,2025-11-01,Delivered,Paid
SYSPO0009500,PO206482,SUP904150,WH380746,2026-04-05,2026-05-01,Delivered,Paid
SYSPO0009501,PO896409,SUP427110,WH599948,2026-01-30,2026-02-17,Delivered,Paid
SYSPO0009502,PO557696,SUP322955,WH958179,2026-07-17,2026-07-30,Delayed,Pending
SYSPO0009503,PO424435,SUP179046,WH785197,2026-07-07,2026-07-27,Delivered,Paid
SYSPO0009504,PO679133,SUP972335,WH832052,2026-03-01,2026-04-08,Delivered,Paid
SYSPO0009505,PO432847,SUP920652,WH808011,2026-07-18,2026-08-10,In Transit,Pending
SYSPO0009506,PO429739,SUP572387,WH380746,2025-12-13,2025-12-29,Delivered,Paid
SYSPO0009507,PO528801,SUP302511,WH656116,2026-01-31,2026-02-18,Delivered,Paid
SYSPO0009508,PO377318,SUP842411,WH100425,2026-06-05,2026-06-13,Delivered,Paid
SYSPO0009509,PO765531,SUP335113,WH686075,2026-06-17,2026-06-28,Delivered,Paid
SYSPO0009510,PO525197,SUP801364,WH930555,2026-01-12,2026-02-03,Delivered,Paid
SYSPO0009511,PO378459,SUP829308,WH658582,2026-07-31,2026-08-08,In Transit,Pending
SYSPO0009512,PO122080,SUP121753,WH824586,2026-05-20,2026-05-31,Delivered,Paid
SYSPO0009513,PO705342,SUP260263,WH377746,2025-08-26,2025-09-02,Delivered,Paid
SYSPO0009514,PO763816,SUP429164,WH690341,2026-06-25,2026-07-12,Delivered,Paid
SYSPO0009515,PO190962,SUP829308,WH816751,2026-02-23,2026-03-03,Cancelled,Cancelled
SYSPO0009516,PO813774,SUP356150,WH262316,2025-11-29,2025-12-17,Delivered,Paid
SYSPO0009517,PO362513,SUP427110,WH526117,2026-03-12,2026-03-30,Delivered,Paid
SYSPO0009518,PO170655,SUP692683,WH112038,2026-05-13,2026-06-07,Delayed,Pending
SYSPO0009519,PO375559,SUP245051,WH636265,2026-04-25,2026-05-16,Delivered,Paid
SYSPO0009520,PO604938,SUP728492,WH526833,2025-12-05,2025-12-21,Delivered,Paid
SYSPO0009521,PO230374,SUP300337,WH205907,2026-03-08,2026-03-21,Delivered,Paid
SYSPO0009522,PO278861,SUP770487,WH100425,2026-03-01,2026-03-15,Delivered,Paid
SYSPO0009523,PO929574,SUP307428,WH274389,2025-08-12,2025-08-23,Delivered,Paid
SYSPO0009524,PO439343,SUP216970,WH205907,2025-10-24,2025-11-12,Delivered,Paid
SYSPO0009525,PO303417,SUP989545,WH262316,2026-03-17,2026-04-02,Delivered,Paid
SYSPO0009526,PO442691,SUP595631,WH642717,2026-04-28,2026-05-23,Delivered,Paid
SYSPO0009527,PO119748,SUP497887,WH801474,2025-12-11,2025-12-29,Delivered,Paid
SYSPO0009528,PO381578,SUP839677,WH479201,2026-06-11,2026-06-28,Delivered,Paid
SYSPO0009529,PO800339,SUP757711,WH322086,2026-07-26,2026-07-31,Delivered,Paid
SYSPO0009530,PO524254,SUP330914,WH801474,2026-07-15,2026-08-03,Cancelled,Cancelled
SYSPO0009531,PO655236,SUP572387,WH479201,2026-06-10,2026-06-26,Delivered,Paid
SYSPO0009532,PO171858,SUP989545,WH100425,2025-12-20,2026-01-05,Delivered,Paid
SYSPO0009533,PO521681,SUP576086,WH356150,2025-08-30,2025-09-05,Delivered,Paid
SYSPO0009534,PO589987,SUP770487,WH997546,2025-10-01,2025-10-15,Delivered,Paid
SYSPO0009535,PO950946,SUP972064,WH519066,2025-11-21,2025-12-09,Delivered,Paid
SYSPO0009536,PO311410,SUP725084,WH519066,2026-06-27,2026-07-14,Delivered,Paid
SYSPO0009537,PO189531,SUP839677,WH174441,2025-08-17,2025-09-03,Delivered,Paid
SYSPO0009538,PO873990,SUP437408,WH356150,2025-12-14,2025-12-29,Delivered,Paid
SYSPO0009539,PO107083,SUP920652,WH482364,2025-12-28,2026-01-20,Delivered,Paid
SYSPO0009540,PO874305,SUP519093,WH322086,2026-04-05,2026-04-21,Delivered,Paid
SYSPO0009541,PO400132,SUP197251,WH662336,2026-02-28,2026-03-07,Delivered,Paid
SYSPO0009542,PO307186,SUP804318,WH482364,2026-06-28,2026-07-19,Delivered,Paid
SYSPO0009543,PO863425,SUP156213,WH429164,2025-10-08,2025-10-21,Delivered,Paid
SYSPO0009544,PO611057,SUP881177,WH422451,2026-03-14,2026-03-28,Delivered,Paid
SYSPO0009545,PO462131,SUP804318,WH656116,2026-03-28,2026-04-18,Delivered,Paid
SYSPO0009546,PO660913,SUP273982,WH740967,2026-01-03,2026-01-19,Delivered,Paid
SYSPO0009547,PO610323,SUP330914,WH829716,2025-10-16,2025-11-04,Delivered,Paid
SYSPO0009548,PO426011,SUP829308,WH519066,2026-03-24,2026-04-01,Delayed,Pending
SYSPO0009549,PO646417,SUP349565,WH662336,2025-09-19,2025-10-15,Delivered,Paid
SYSPO0009550,PO726888,SUP880879,WH642717,2026-07-06,2026-08-13,In Transit,Pending
SYSPO0009551,PO824484,SUP245051,WH555884,2026-06-04,2026-06-25,Delivered,Paid
SYSPO0009552,PO131753,SUP486945,WH662336,2026-05-23,2026-06-15,Delivered,Paid
SYSPO0009553,PO282068,SUP437902,WH479201,2025-12-02,2025-12-19,Delivered,Paid
SYSPO0009554,PO666280,SUP459536,WH460663,2026-05-05,2026-05-19,Delayed,Pending
SYSPO0009555,PO893596,SUP523389,WH824586,2026-07-04,2026-07-20,Delivered,Pending
SYSPO0009556,PO931295,SUP664607,WH910891,2025-12-05,2026-01-07,Delivered,Paid
SYSPO0009557,PO387199,SUP179046,WH532322,2026-05-07,2026-05-27,Delivered,Paid
SYSPO0009558,PO967733,SUP576086,WH824586,2025-08-17,2025-08-23,Delivered,Paid
SYSPO0009559,PO913991,SUP725084,WH205907,2025-11-18,2025-12-05,Delivered,Paid
SYSPO0009560,PO636534,SUP427110,WH191161,2026-01-12,2026-01-30,Delivered,Paid
SYSPO0009561,PO938619,SUP285652,WH460663,2025-09-07,2025-10-08,Delivered,Paid
SYSPO0009562,PO622502,SUP813536,WH567574,2026-02-14,2026-03-07,Delivered,Paid
SYSPO0009563,PO615074,SUP642717,WH460663,2026-07-11,2026-07-25,Delayed,Pending
SYSPO0009564,PO181222,SUP513160,WH324082,2025-11-05,2025-11-29,Delivered,Paid
SYSPO0009565,PO558776,SUP523389,WH324082,2025-12-27,2026-01-12,Delayed,Pending
SYSPO0009566,PO266158,SUP211764,WH658582,2026-01-27,2026-02-13,Delayed,Pending
SYSPO0009567,PO540222,SUP618392,WH910891,2026-06-23,2026-07-06,Delivered,Paid
SYSPO0009568,PO522255,SUP688508,WH567574,2025-11-30,2025-12-10,Delivered,Paid
SYSPO0009569,PO683174,SUP899213,WH322086,2025-10-27,2025-11-14,Delivered,Paid
SYSPO0009570,PO940050,SUP829308,WH686075,2026-02-24,2026-03-04,Delivered,Paid
SYSPO0009571,PO837670,SUP880879,WH820221,2025-11-30,2026-01-07,Delayed,Pending
SYSPO0009572,PO781742,SUP378361,WH376807,2025-10-11,2025-11-16,Delivered,Paid
SYSPO0009573,PO696651,SUP300337,WH233470,2025-09-17,2025-09-30,Delivered,Paid
SYSPO0009574,PO831945,SUP613425,WH662336,2025-12-28,2026-01-08,Delivered,Paid
SYSPO0009575,PO535377,SUP335113,WH801474,2026-06-05,2026-06-16,Delayed,Pending
SYSPO0009576,PO358568,SUP300896,WH356150,2025-08-19,2025-08-27,Delivered,Paid
SYSPO0009577,PO189781,SUP472060,WH832052,2026-06-03,2026-06-19,Delivered,Paid
SYSPO0009578,PO849181,SUP642717,WH642717,2025-10-22,2025-11-05,Delivered,Paid
SYSPO0009579,PO738985,SUP302511,WH824586,2026-07-25,2026-08-12,Processing,Pending
SYSPO0009580,PO534108,SUP216970,WH820221,2025-09-09,2025-09-28,Delivered,Paid
SYSPO0009581,PO831755,SUP356150,WH262316,2026-01-24,2026-02-11,Delivered,Paid
SYSPO0009582,PO274269,SUP802729,WH910891,2026-02-17,2026-02-28,Delivered,Paid
SYSPO0009583,PO395748,SUP335615,WH324082,2025-08-14,2025-08-20,Delivered,Paid
SYSPO0009584,PO973048,SUP813536,WH816751,2026-06-11,2026-07-02,Delivered,Paid
SYSPO0009585,PO602675,SUP681343,WH380746,2026-02-08,2026-02-23,Delivered,Pending
SYSPO0009586,PO682369,SUP829308,WH356150,2026-07-22,2026-07-30,Delayed,Pending
SYSPO0009587,PO858418,SUP618392,WH770487,2026-02-15,2026-02-28,Delayed,Pending
SYSPO0009588,PO531001,SUP449499,WH654634,2025-10-03,2025-10-08,Delivered,Paid
SYSPO0009589,PO974549,SUP260263,WH656116,2025-10-17,2025-10-24,Delivered,Paid
SYSPO0009590,PO264379,SUP696750,WH274389,2025-12-15,2025-12-22,Delivered,Paid
SYSPO0009591,PO637403,SUP260263,WH526833,2026-07-29,2026-08-05,Delivered,Paid
SYSPO0009592,PO533275,SUP356150,WH526117,2026-02-08,2026-02-26,Delivered,Paid
SYSPO0009593,PO103230,SUP768854,WH539589,2026-05-16,2026-06-02,Delivered,Paid
SYSPO0009594,PO929112,SUP391668,WH801474,2026-07-10,2026-07-23,Delivered,Paid
SYSPO0009595,PO133846,SUP597732,WH212235,2026-02-24,2026-03-22,Delivered,Paid
SYSPO0009596,PO290432,SUP349565,WH567574,2025-12-03,2025-12-29,Delayed,Pending
SYSPO0009597,PO523136,SUP221263,WH686075,2026-06-02,2026-06-26,Delivered,Paid
SYSPO0009598,PO646756,SUP865990,WH808011,2025-12-10,2025-12-31,Delivered,Paid
SYSPO0009599,PO111277,SUP307428,WH274389,2025-09-29,2025-10-10,Delivered,Paid
SYSPO0009600,PO513447,SUP813536,WH112038,2026-05-30,2026-06-20,Delivered,Paid
SYSPO0009601,PO320390,SUP285652,WH636265,2026-07-09,2026-08-09,In Transit,Pending
SYSPO0009602,PO106951,SUP944962,WH808011,2025-09-12,2025-09-26,Delivered,Paid
SYSPO0009603,PO527840,SUP221263,WH785197,2026-06-20,2026-07-14,Delivered,Paid
SYSPO0009604,PO496850,SUP639593,WH770487,2026-08-04,2026-08-11,In Transit,Pending
SYSPO0009605,PO407529,SUP526117,WH910891,2026-02-21,2026-03-09,Delivered,Paid
SYSPO0009606,PO718524,SUP642717,WH770487,2026-04-24,2026-05-08,Delivered,Paid
SYSPO0009607,PO824014,SUP459536,WH781453,2025-09-25,2025-10-09,Delivered,Paid
SYSPO0009608,PO448546,SUP576086,WH515011,2025-10-23,2025-10-29,Delivered,Paid
SYSPO0009609,PO299793,SUP427110,WH656116,2026-05-13,2026-05-31,Delivered,Paid
SYSPO0009610,PO303797,SUP887625,WH922157,2025-08-19,2025-09-01,Delivered,Paid
SYSPO0009611,PO425368,SUP976325,WH997546,2026-01-30,2026-02-12,Delivered,Paid
SYSPO0009612,PO495487,SUP865990,WH658582,2026-01-02,2026-01-23,Delivered,Paid
SYSPO0009613,PO952338,SUP804318,WH567574,2026-05-09,2026-05-30,Delivered,Paid
SYSPO0009614,PO137955,SUP842411,WH322086,2026-07-06,2026-07-14,Delivered,Paid
SYSPO0009615,PO333892,SUP770487,WH770487,2026-02-23,2026-03-09,Delivered,Paid
SYSPO0009616,PO940953,SUP680099,WH539589,2025-09-18,2025-10-05,Delivered,Paid
SYSPO0009617,PO572053,SUP770487,WH567574,2025-08-06,2025-08-20,Delivered,Paid
SYSPO0009618,PO736829,SUP260263,WH377746,2025-12-03,2025-12-10,Delivered,Paid
SYSPO0009619,PO408602,SUP344098,WH237174,2026-08-02,2026-08-18,Processing,Pending
SYSPO0009620,PO271259,SUP391668,WH274389,2025-08-22,2025-09-04,Delivered,Paid
SYSPO0009621,PO439258,SUP736059,WH373903,2026-04-28,2026-05-12,Delivered,Paid
SYSPO0009622,PO142907,SUP595631,WH785197,2026-06-30,2026-07-25,Delivered,Paid
SYSPO0009623,PO994015,SUP133659,WH770487,2026-03-23,2026-04-10,Delivered,Paid
SYSPO0009624,PO771754,SUP681343,WH112038,2026-07-09,2026-07-24,Delayed,Pending
SYSPO0009625,PO652474,SUP221263,WH515011,2025-09-07,2025-10-01,Delivered,Paid
SYSPO0009626,PO214461,SUP156213,WH262316,2025-12-12,2025-12-25,Delivered,Paid
SYSPO0009627,PO606751,SUP356150,WH686075,2026-02-02,2026-02-20,Delayed,Pending
SYSPO0009628,PO943623,SUP955662,WH658582,2026-07-16,2026-08-04,Delivered,Paid
SYSPO0009629,PO854464,SUP211764,WH656116,2025-08-22,2025-09-08,Delivered,Paid
SYSPO0009630,PO590643,SUP680099,WH539589,2025-09-14,2025-10-01,Delivered,Paid
SYSPO0009631,PO573486,SUP733039,WH479201,2026-02-23,2026-03-11,Delayed,Pending
SYSPO0009632,PO131570,SUP728492,WH785197,2026-05-29,2026-06-14,Delivered,Paid
SYSPO0009633,PO664231,SUP221263,WH100425,2026-04-17,2026-05-11,Delayed,Pending
SYSPO0009634,PO872554,SUP904150,WH642717,2026-05-21,2026-06-16,Delivered,Paid
SYSPO0009635,PO392374,SUP260422,WH816751,2025-12-04,2025-12-13,Delivered,Paid
SYSPO0009636,PO903767,SUP344098,WH429164,2025-08-13,2025-08-29,Delivered,Paid
SYSPO0009637,PO711449,SUP880879,WH642717,2026-03-17,2026-04-24,Cancelled,Cancelled
SYSPO0009638,PO903219,SUP768854,WH770487,2026-05-26,2026-06-12,Delivered,Paid
SYSPO0009639,PO411445,SUP899213,WH567574,2025-12-04,2025-12-22,Delivered,Paid
SYSPO0009640,PO882117,SUP330914,WH233470,2026-04-10,2026-04-29,Delivered,Paid
SYSPO0009641,PO373061,SUP333238,WH771088,2026-07-17,2026-08-05,Delivered,Paid
SYSPO0009642,PO479900,SUP865990,WH100425,2025-10-25,2025-11-15,Delivered,Paid
SYSPO0009643,PO531976,SUP598216,WH519066,2025-12-07,2025-12-19,Delivered,Paid
SYSPO0009644,PO780766,SUP335113,WH808011,2025-10-21,2025-11-01,Delivered,Paid
SYSPO0009645,PO433033,SUP865990,WH212235,2025-10-18,2025-11-08,Delivered,Paid
SYSPO0009646,PO364818,SUP614663,WH829716,2025-11-24,2025-12-11,Delivered,Paid
SYSPO0009647,PO685997,SUP133659,WH832052,2025-11-20,2025-12-08,Delivered,Paid
SYSPO0009648,PO738909,SUP955662,WH376807,2026-02-27,2026-03-18,Delivered,Paid
SYSPO0009649,PO490152,SUP768854,WH801474,2025-12-06,2025-12-23,Cancelled,Cancelled
SYSPO0009650,PO854533,SUP519904,WH832052,2026-06-01,2026-06-15,Delivered,Paid
SYSPO0009651,PO805006,SUP595631,WH771088,2026-01-23,2026-02-17,Delivered,Paid
SYSPO0009652,PO437965,SUP976325,WH829716,2026-04-22,2026-05-05,Delayed,Pending
SYSPO0009653,PO741684,SUP589710,WH174441,2025-09-19,2025-10-08,Delivered,Paid
SYSPO0009654,PO513572,SUP955662,WH658582,2025-11-18,2025-12-07,Delivered,Paid
SYSPO0009655,PO170305,SUP330914,WH555884,2025-10-01,2025-10-20,Delivered,Paid
SYSPO0009656,PO902407,SUP211764,WH237174,2025-10-05,2025-10-22,Delivered,Paid
SYSPO0009657,PO902793,SUP877236,WH526117,2025-11-19,2025-11-26,Delivered,Paid
SYSPO0009658,PO307495,SUP265080,WH376807,2025-09-18,2025-10-04,Delivered,Paid
SYSPO0009659,PO959060,SUP330914,WH808011,2025-08-10,2025-08-29,Delivered,Paid
SYSPO0009660,PO484059,SUP662275,WH112038,2026-04-03,2026-04-15,Delivered,Paid
SYSPO0009661,PO335927,SUP990844,WH781453,2026-03-10,2026-03-29,Delivered,Paid
SYSPO0009662,PO956818,SUP429164,WH519066,2026-02-20,2026-03-09,Delayed,Pending
SYSPO0009663,PO401218,SUP728492,WH329974,2025-09-13,2025-09-29,Delivered,Paid
SYSPO0009664,PO150747,SUP302511,WH824586,2025-10-24,2025-11-11,Delivered,Paid
SYSPO0009665,PO656832,SUP680099,WH770487,2026-03-03,2026-03-20,Delivered,Paid
SYSPO0009666,PO109596,SUP965845,WH324082,2025-12-19,2025-12-26,Delivered,Paid
SYSPO0009667,PO472611,SUP688508,WH808011,2026-03-06,2026-03-16,Delivered,Paid
SYSPO0009668,PO472134,SUP259784,WH237174,2025-12-06,2025-12-13,Delivered,Paid
SYSPO0009669,PO140210,SUP662275,WH274389,2025-11-18,2025-11-30,Delivered,Paid
SYSPO0009670,PO923797,SUP725084,WH539589,2025-09-28,2025-10-15,Delivered,Paid
SYSPO0009671,PO228797,SUP420214,WH658582,2026-05-05,2026-05-18,Delivered,Paid
SYSPO0009672,PO828960,SUP650121,WH824586,2026-06-13,2026-06-19,Delivered,Pending
SYSPO0009673,PO197722,SUP671858,WH526833,2025-11-23,2025-12-09,Delivered,Paid
SYSPO0009674,PO982820,SUP671858,WH380746,2026-03-15,2026-03-31,Delivered,Paid
SYSPO0009675,PO557063,SUP344098,WH820221,2025-11-08,2025-11-24,Delivered,Paid
SYSPO0009676,PO380757,SUP322955,WH482364,2025-10-10,2025-10-23,Delivered,Pending
SYSPO0009677,PO188053,SUP681343,WH930555,2025-09-01,2025-09-16,Delivered,Paid
SYSPO0009678,PO703226,SUP378361,WH816751,2025-12-03,2026-01-08,Delivered,Paid
SYSPO0009679,PO324191,SUP725084,WH422451,2026-03-31,2026-04-17,Delivered,Paid
SYSPO0009680,PO610486,SUP696750,WH205907,2026-07-17,2026-07-24,Delivered,Paid
SYSPO0009681,PO247381,SUP681343,WH654634,2025-12-14,2025-12-29,Delivered,Paid
SYSPO0009682,PO479588,SUP321275,WH379766,2026-03-02,2026-03-09,Delivered,Paid
SYSPO0009683,PO939079,SUP934794,WH532322,2026-01-24,2026-01-30,Delivered,Paid
SYSPO0009684,PO531342,SUP472060,WH377746,2025-08-24,2025-09-09,Delivered,Paid
SYSPO0009685,PO154315,SUP946305,WH656116,2025-09-24,2025-10-22,Delivered,Paid
SYSPO0009686,PO747655,SUP378361,WH816751,2025-08-16,2025-09-21,Delivered,Paid
SYSPO0009687,PO414652,SUP595631,WH829716,2026-02-03,2026-02-28,Delivered,Paid
SYSPO0009688,PO954909,SUP624902,WH567574,2026-07-21,2026-08-03,Delivered,Paid
SYSPO0009689,PO958253,SUP813536,WH785197,2026-04-24,2026-05-15,Delivered,Paid
SYSPO0009690,PO543375,SUP330914,WH958179,2025-08-24,2025-09-12,Delivered,Paid
SYSPO0009691,PO895461,SUP572700,WH690341,2025-09-15,2025-09-26,Delivered,Paid
SYSPO0009692,PO846172,SUP595631,WH599948,2025-12-31,2026-01-25,Delivered,Paid
SYSPO0009693,PO901843,SUP391668,WH519066,2025-08-25,2025-09-07,Delivered,Paid
SYSPO0009694,PO192494,SUP642717,WH808011,2025-09-07,2025-09-21,Delivered,Paid
SYSPO0009695,PO661696,SUP513160,WH519066,2026-01-17,2026-02-10,Delivered,Paid
SYSPO0009696,PO430582,SUP944962,WH770487,2026-01-04,2026-01-18,Delivered,Paid
SYSPO0009697,PO521020,SUP890170,WH356150,2025-10-13,2025-10-20,Delivered,Paid
SYSPO0009698,PO754558,SUP972335,WH526833,2026-05-05,2026-06-12,Delivered,Paid
SYSPO0009699,PO263089,SUP597732,WH662336,2026-03-24,2026-04-19,Cancelled,Cancelled
SYSPO0009700,PO224605,SUP519904,WH379766,2026-07-17,2026-07-31,Delivered,Paid
SYSPO0009701,PO900925,SUP870763,WH479201,2026-03-23,2026-04-08,Delivered,Paid
SYSPO0009702,PO117221,SUP946305,WH771088,2026-04-06,2026-05-04,Cancelled,Cancelled
SYSPO0009703,PO712847,SUP156213,WH237174,2026-06-25,2026-07-08,Delivered,Paid
SYSPO0009704,PO702921,SUP256294,WH373903,2026-04-30,2026-05-13,Delayed,Pending
SYSPO0009705,PO595109,SUP572700,WH356150,2026-05-03,2026-05-14,Delivered,Paid
SYSPO0009706,PO298127,SUP265080,WH212235,2026-01-25,2026-02-10,Delivered,Paid
SYSPO0009707,PO866651,SUP614663,WH910891,2026-04-01,2026-04-18,Delivered,Paid
SYSPO0009708,PO507233,SUP955662,WH356150,2025-12-21,2026-01-09,Delivered,Paid
SYSPO0009709,PO843437,SUP307428,WH654634,2025-12-04,2025-12-15,Delivered,Paid
SYSPO0009710,PO501157,SUP519093,WH237174,2025-12-12,2025-12-28,Delivered,Paid
SYSPO0009711,PO503242,SUP688508,WH686075,2026-06-18,2026-06-28,Delivered,Paid
SYSPO0009712,PO974828,SUP944962,WH482364,2025-10-20,2025-11-03,Delivered,Paid
SYSPO0009713,PO317601,SUP990844,WH233470,2026-05-08,2026-05-27,Delivered,Paid
SYSPO0009714,PO665703,SUP662275,WH237174,2026-05-26,2026-06-07,Delivered,Paid
SYSPO0009715,PO295881,SUP891937,WH770487,2026-04-22,2026-05-20,Delivered,Paid
SYSPO0009716,PO861310,SUP681343,WH429164,2026-06-15,2026-06-30,Delivered,Paid
SYSPO0009717,PO815253,SUP598216,WH205907,2026-02-28,2026-03-12,Delivered,Paid
SYSPO0009718,PO761821,SUP681343,WH380746,2025-09-04,2025-09-19,Delivered,Paid
SYSPO0009719,PO523847,SUP813536,WH379766,2026-07-29,2026-08-19,Cancelled,Cancelled
SYSPO0009720,PO572789,SUP904150,WH930555,2026-05-25,2026-06-20,Delivered,Paid
SYSPO0009721,PO811893,SUP335113,WH205907,2026-05-28,2026-06-08,Cancelled,Cancelled
SYSPO0009722,PO319360,SUP725084,WH555884,2026-02-01,2026-02-18,Delivered,Paid
SYSPO0009723,PO632230,SUP614663,WH785197,2026-03-13,2026-03-30,Delivered,Paid
SYSPO0009724,PO933271,SUP519093,WH686075,2025-09-25,2025-10-11,Cancelled,Cancelled
SYSPO0009725,PO457985,SUP614663,WH205907,2025-09-10,2025-09-27,Delayed,Pending
SYSPO0009726,PO519838,SUP990844,WH205907,2026-06-16,2026-07-05,Delivered,Paid
SYSPO0009727,PO121883,SUP184491,WH642717,2026-06-12,2026-07-14,Delivered,Paid
SYSPO0009728,PO618972,SUP486945,WH539589,2026-07-28,2026-08-20,In Transit,Pending
SYSPO0009729,PO412341,SUP437902,WH801474,2026-05-03,2026-05-20,Delivered,Paid
SYSPO0009730,PO600868,SUP526117,WH958179,2026-02-02,2026-02-18,Delivered,Paid
SYSPO0009731,PO667719,SUP770487,WH781453,2025-09-11,2025-09-25,Delivered,Paid
SYSPO0009732,PO289660,SUP976325,WH832052,2026-01-28,2026-02-10,Delivered,Paid
SYSPO0009733,PO288537,SUP725084,WH379766,2025-12-03,2025-12-20,Delivered,Paid
SYSPO0009734,PO748423,SUP240814,WH555884,2026-04-27,2026-05-03,Delayed,Pending
SYSPO0009735,PO186564,SUP300337,WH555884,2026-04-12,2026-04-25,Delivered,Paid
SYSPO0009736,PO130608,SUP725084,WH412942,2026-05-07,2026-05-24,Delivered,Paid
SYSPO0009737,PO458247,SUP240814,WH526117,2026-05-29,2026-06-04,Delivered,Paid
SYSPO0009738,PO670119,SUP240814,WH801474,2026-02-01,2026-02-07,Delivered,Paid
SYSPO0009739,PO887598,SUP526117,WH785197,2026-02-03,2026-02-19,Cancelled,Cancelled
SYSPO0009740,PO872287,SUP829308,WH636265,2025-11-02,2025-11-10,Delivered,Paid
SYSPO0009741,PO194979,SUP696750,WH829716,2025-10-30,2025-11-06,Delivered,Paid
SYSPO0009742,PO979883,SUP307428,WH771088,2025-09-29,2025-10-10,Delivered,Paid
SYSPO0009743,PO495889,SUP680099,WH930555,2026-07-05,2026-07-22,Cancelled,Cancelled
SYSPO0009744,PO496140,SUP989545,WH555884,2026-07-18,2026-08-03,Delivered,Paid
SYSPO0009745,PO346563,SUP523389,WH922157,2026-04-01,2026-04-17,Delivered,Paid
SYSPO0009746,PO415304,SUP904150,WH376807,2025-11-13,2025-12-09,Delivered,Paid
SYSPO0009747,PO221300,SUP576086,WH832052,2026-07-25,2026-07-31,Delivered,Paid
SYSPO0009748,PO576285,SUP335615,WH100425,2025-12-24,2025-12-30,Delivered,Paid
SYSPO0009749,PO748605,SUP598216,WH997546,2026-01-04,2026-01-16,Delivered,Paid
SYSPO0009750,PO162875,SUP420214,WH376807,2025-10-15,2025-10-28,Delivered,Paid
SYSPO0009751,PO369708,SUP801364,WH191161,2026-05-03,2026-05-25,Delivered,Paid
SYSPO0009752,PO148745,SUP944962,WH686075,2026-07-27,2026-08-10,In Transit,Pending
SYSPO0009753,PO870545,SUP955662,WH801474,2026-04-20,2026-05-09,Delivered,Paid
SYSPO0009754,PO810941,SUP385470,WH526833,2025-12-11,2025-12-31,Delivered,Paid
SYSPO0009755,PO893085,SUP920652,WH205907,2026-06-07,2026-06-30,Cancelled,Cancelled
SYSPO0009756,PO336216,SUP733039,WH958179,2026-07-05,2026-07-21,Delivered,Paid
SYSPO0009757,PO435754,SUP449499,WH808011,2026-07-13,2026-07-18,Delivered,Pending
SYSPO0009758,PO973943,SUP696750,WH356150,2025-12-09,2025-12-16,Delivered,Paid
SYSPO0009759,PO712342,SUP211764,WH642717,2026-01-28,2026-02-14,Delivered,Paid
SYSPO0009760,PO666161,SUP881177,WH233470,2026-02-10,2026-02-24,Delivered,Paid
SYSPO0009761,PO145071,SUP302511,WH824586,2025-08-16,2025-09-03,Delivered,Paid
SYSPO0009762,PO377415,SUP420214,WH519066,2025-08-30,2025-09-12,Delivered,Paid
SYSPO0009763,PO127305,SUP420214,WH662336,2026-02-05,2026-02-18,Cancelled,Cancelled
SYSPO0009764,PO261391,SUP733039,WH324082,2025-09-17,2025-10-03,Delayed,Pending
SYSPO0009765,PO453948,SUP680099,WH910891,2025-12-19,2026-01-05,Delivered,Paid
SYSPO0009766,PO745990,SUP307428,WH801474,2026-02-06,2026-02-17,Delivered,Paid
SYSPO0009767,PO545002,SUP497382,WH567574,2026-01-31,2026-02-18,Delivered,Paid
SYSPO0009768,PO995246,SUP934794,WH356150,2026-06-29,2026-07-05,Delivered,Paid
SYSPO0009769,PO983621,SUP449499,WH205907,2025-10-10,2025-10-15,Delivered,Paid
SYSPO0009770,PO283792,SUP321275,WH322086,2025-11-22,2025-11-29,Delayed,Pending
SYSPO0009771,PO130604,SUP350867,WH686075,2026-05-30,2026-06-14,Delivered,Paid
SYSPO0009772,PO370778,SUP589710,WH519066,2025-12-18,2026-01-06,Delayed,Pending
SYSPO0009773,PO768221,SUP801364,WH324082,2026-03-27,2026-04-18,Delivered,Paid
SYSPO0009774,PO828382,SUP285652,WH910891,2026-03-16,2026-04-16,Delivered,Paid
SYSPO0009775,PO417283,SUP385470,WH636265,2025-09-23,2025-10-13,Delivered,Paid
SYSPO0009776,PO434033,SUP184491,WH690341,2026-02-18,2026-03-22,Delayed,Pending
SYSPO0009777,PO204777,SUP877236,WH324082,2025-09-13,2025-09-20,Delivered,Paid
SYSPO0009778,PO100829,SUP705397,WH582662,2026-01-09,2026-02-06,Delayed,Pending
SYSPO0009779,PO575923,SUP446954,WH526833,2026-06-18,2026-06-28,Delayed,Pending
SYSPO0009780,PO485301,SUP384076,WH816751,2026-05-09,2026-05-24,Delivered,Paid
SYSPO0009781,PO311787,SUP307428,WH112038,2026-06-10,2026-06-21,Cancelled,Cancelled
SYSPO0009782,PO901981,SUP877236,WH112038,2025-09-15,2025-09-22,Delayed,Pending
SYSPO0009783,PO651529,SUP680099,WH262316,2025-12-09,2025-12-26,Delivered,Paid
SYSPO0009784,PO205748,SUP757711,WH654634,2026-03-08,2026-03-13,Delivered,Paid
SYSPO0009785,PO980708,SUP965845,WH910891,2026-04-14,2026-04-21,Delivered,Paid
SYSPO0009786,PO589279,SUP671858,WH237174,2025-09-01,2025-09-17,Delayed,Pending
SYSPO0009787,PO432931,SUP519093,WH479201,2026-06-08,2026-06-24,Delivered,Paid
SYSPO0009788,PO697312,SUP349565,WH429164,2025-11-30,2025-12-26,Delivered,Paid
SYSPO0009789,PO969927,SUP613425,WH422451,2026-02-27,2026-03-10,Delivered,Paid
SYSPO0009790,PO335461,SUP755788,WH658582,2026-01-31,2026-02-25,Delayed,Pending
SYSPO0009791,PO788481,SUP300337,WH801474,2026-01-07,2026-01-20,Cancelled,Cancelled
SYSPO0009792,PO377912,SUP757711,WH100425,2026-03-22,2026-03-27,Delivered,Paid
SYSPO0009793,PO164775,SUP696750,WH785197,2026-01-12,2026-01-19,Delivered,Paid
SYSPO0009794,PO904922,SUP572700,WH781453,2025-11-05,2025-11-16,Delivered,Paid
SYSPO0009795,PO761829,SUP728492,WH690341,2026-04-03,2026-04-19,Delivered,Paid
SYSPO0009796,PO615174,SUP870763,WH801474,2025-11-07,2025-11-23,Delivered,Paid
SYSPO0009797,PO195907,SUP372793,WH832052,2026-03-05,2026-03-19,Delivered,Pending
SYSPO0009798,PO461307,SUP920652,WH636265,2025-10-05,2025-10-28,Delivered,Paid
SYSPO0009799,PO196076,SUP813536,WH958179,2026-02-08,2026-03-01,Delivered,Paid
SYSPO0009800,PO707822,SUP904150,WH781453,2026-01-01,2026-01-27,Delivered,Paid
SYSPO0009801,PO191319,SUP260422,WH686075,2025-08-30,2025-09-08,Delivered,Paid
SYSPO0009802,PO793779,SUP437408,WH654634,2025-12-15,2025-12-30,Delivered,Paid
SYSPO0009803,PO468426,SUP300896,WH356150,2025-10-24,2025-11-01,Delivered,Paid
SYSPO0009804,PO387426,SUP642717,WH322086,2026-06-17,2026-07-01,Delivered,Paid
SYSPO0009805,PO164211,SUP307428,WH377746,2026-05-01,2026-05-12,Delivered,Paid
SYSPO0009806,PO360914,SUP765095,WH910891,2026-03-22,2026-04-26,Delivered,Paid
SYSPO0009807,PO198666,SUP904150,WH658582,2026-01-19,2026-02-14,Delivered,Paid
SYSPO0009808,PO614612,SUP335113,WH997546,2026-06-05,2026-06-16,Delivered,Paid
SYSPO0009809,PO416063,SUP344098,WH324082,2026-01-21,2026-02-06,Delivered,Paid
SYSPO0009810,PO347733,SUP216970,WH515011,2026-03-13,2026-04-01,Delivered,Paid
SYSPO0009811,PO769403,SUP813536,WH356150,2026-06-06,2026-06-27,Delivered,Paid
SYSPO0009812,PO276990,SUP513160,WH100425,2025-12-15,2026-01-08,Delivered,Paid
SYSPO0009813,PO261863,SUP240814,WH274389,2026-03-04,2026-03-10,Delivered,Paid
SYSPO0009814,PO207036,SUP216970,WH636265,2026-05-01,2026-05-20,Delivered,Paid
SYSPO0009815,PO982252,SUP680099,WH930555,2025-11-04,2025-11-21,Delivered,Paid
SYSPO0009816,PO368545,SUP519904,WH824586,2025-10-11,2025-10-25,Delivered,Paid
SYSPO0009817,PO373924,SUP680099,WH824586,2026-04-19,2026-05-06,Delivered,Paid
SYSPO0009818,PO235326,SUP121753,WH237174,2026-04-22,2026-05-03,Delivered,Paid
SYSPO0009819,PO447154,SUP273982,WH380746,2025-09-04,2025-09-20,Delivered,Paid
SYSPO0009820,PO175655,SUP976325,WH958179,2026-05-19,2026-06-01,Delivered,Paid
SYSPO0009821,PO759536,SUP728492,WH482364,2026-08-01,2026-08-17,In Transit,Pending
SYSPO0009822,PO130581,SUP378361,WH910891,2026-05-08,2026-06-13,Cancelled,Cancelled
SYSPO0009823,PO944708,SUP608257,WH205907,2026-03-15,2026-03-31,Delivered,Paid
SYSPO0009824,PO145656,SUP344098,WH740967,2026-06-25,2026-07-11,Delivered,Paid
SYSPO0009825,PO412598,SUP802729,WH785197,2026-02-09,2026-02-20,Delivered,Paid
SYSPO0009826,PO578294,SUP519904,WH379766,2025-09-18,2025-10-02,Delivered,Paid
SYSPO0009827,PO467156,SUP614663,WH785197,2026-03-22,2026-04-08,Delivered,Paid
SYSPO0009828,PO919283,SUP662275,WH356150,2026-03-24,2026-04-05,Delayed,Pending
SYSPO0009829,PO400875,SUP946305,WH771088,2026-01-31,2026-02-28,Cancelled,Cancelled
SYSPO0009830,PO298179,SUP757711,WH801474,2025-12-09,2025-12-14,Delivered,Paid
SYSPO0009831,PO834178,SUP273982,WH205907,2026-03-08,2026-03-24,Delivered,Paid
SYSPO0009832,PO208214,SUP680099,WH460663,2025-09-11,2025-09-28,Delivered,Paid
SYSPO0009833,PO584941,SUP925981,WH539589,2026-06-20,2026-07-08,Delivered,Paid
SYSPO0009834,PO759927,SUP285652,WH376807,2026-01-24,2026-02-24,Delivered,Paid
SYSPO0009835,PO944109,SUP755788,WH582662,2025-10-12,2025-11-06,Delivered,Pending
SYSPO0009836,PO844521,SUP526117,WH816751,2025-12-02,2025-12-18,Delivered,Paid
SYSPO0009837,PO242042,SUP972335,WH191161,2026-01-09,2026-02-16,Delayed,Pending
SYSPO0009838,PO437316,SUP624902,WH539589,2025-09-01,2025-09-14,Delivered,Paid
SYSPO0009839,PO974303,SUP385470,WH322086,2026-03-25,2026-04-14,Delivered,Paid
SYSPO0009840,PO395472,SUP350867,WH832052,2025-09-16,2025-10-01,Delivered,Paid
SYSPO0009841,PO651719,SUP356150,WH373903,2026-04-28,2026-05-16,Cancelled,Cancelled
SYSPO0009842,PO941077,SUP768854,WH582662,2026-06-17,2026-07-04,Delivered,Paid
SYSPO0009843,PO374123,SUP865990,WH567574,2026-03-24,2026-04-14,Delivered,Paid
SYSPO0009844,PO885226,SUP356150,WH555884,2026-05-31,2026-06-18,Delivered,Paid
SYSPO0009845,PO541221,SUP608257,WH997546,2026-06-19,2026-07-05,Delivered,Paid
SYSPO0009846,PO682061,SUP770487,WH930555,2025-12-30,2026-01-13,Delayed,Pending
SYSPO0009847,PO276790,SUP690341,WH274389,2025-12-10,2025-12-15,Delivered,Paid
SYSPO0009848,PO534167,SUP265080,WH832052,2026-02-12,2026-02-28,Delayed,Pending
SYSPO0009849,PO482788,SUP429164,WH958179,2026-04-12,2026-04-29,Delivered,Paid
SYSPO0009850,PO678511,SUP692683,WH422451,2026-04-18,2026-05-13,Delivered,Paid
SYSPO0009851,PO304595,SUP829308,WH658582,2025-08-28,2025-09-05,Delivered,Paid
SYSPO0009852,PO649340,SUP385470,WH233470,2025-09-09,2025-09-29,Delivered,Paid
SYSPO0009853,PO988157,SUP153872,WH237174,2025-10-28,2025-11-04,Delivered,Paid
SYSPO0009854,PO576371,SUP813536,WH824586,2026-06-18,2026-07-09,Delivered,Paid
SYSPO0009855,PO900685,SUP801364,WH642717,2025-09-27,2025-10-19,Delivered,Paid
SYSPO0009856,PO841976,SUP642717,WH100425,2026-07-15,2026-07-29,Delivered,Paid
SYSPO0009857,PO218330,SUP870763,WH816751,2026-03-18,2026-04-03,Delivered,Pending
SYSPO0009858,PO171053,SUP429164,WH910891,2026-07-21,2026-08-07,In Transit,Pending
SYSPO0009859,PO811946,SUP972064,WH636265,2026-05-25,2026-06-12,Delivered,Paid
SYSPO0009860,PO972227,SUP650121,WH322086,2026-04-09,2026-04-15,Delivered,Paid
SYSPO0009861,PO528762,SUP335113,WH519066,2026-06-15,2026-06-26,Delivered,Paid
SYSPO0009862,PO712108,SUP736059,WH820221,2025-08-05,2025-08-19,Delivered,Paid
SYSPO0009863,PO908828,SUP259784,WH100425,2026-05-26,2026-06-02,Delivered,Paid
SYSPO0009864,PO738590,SUP733039,WH922157,2025-09-30,2025-10-16,Delivered,Paid
SYSPO0009865,PO340858,SUP523389,WH422451,2026-04-18,2026-05-04,Delivered,Paid
SYSPO0009866,PO577667,SUP770487,WH997546,2025-10-01,2025-10-15,Delivered,Paid
SYSPO0009867,PO786601,SUP733039,WH532322,2026-01-27,2026-02-12,Delivered,Paid
SYSPO0009868,PO555790,SUP904150,WH376807,2026-02-27,2026-03-25,Cancelled,Cancelled
SYSPO0009869,PO436781,SUP300337,WH555884,2025-11-26,2025-12-09,Cancelled,Cancelled
SYSPO0009870,PO767151,SUP662275,WH801474,2026-01-03,2026-01-15,Delivered,Paid
SYSPO0009871,PO730667,SUP614663,WH112038,2026-04-01,2026-04-18,Delivered,Paid
SYSPO0009872,PO999973,SUP378361,WH376807,2026-03-17,2026-04-22,Delivered,Paid
SYSPO0009873,PO790635,SUP519093,WH356150,2026-01-25,2026-02-10,Delivered,Paid
SYSPO0009874,PO632701,SUP696750,WH205907,2025-10-19,2025-10-26,Delivered,Paid
SYSPO0009875,PO184805,SUP211764,WH910891,2025-10-23,2025-11-09,Delivered,Paid
SYSPO0009876,PO756759,SUP597732,WH377746,2026-04-26,2026-05-22,Delivered,Paid
SYSPO0009877,PO662072,SUP321275,WH771088,2026-07-11,2026-07-18,Delivered,Paid
SYSPO0009878,PO704312,SUP839677,WH212235,2025-12-05,2025-12-22,Delivered,Paid
SYSPO0009879,PO517157,SUP925981,WH781453,2025-11-29,2025-12-17,Delivered,Pending
SYSPO0009880,PO617209,SUP595631,WH582662,2026-03-14,2026-04-08,Delayed,Pending
SYSPO0009881,PO684526,SUP523389,WH322086,2026-06-09,2026-06-25,Delivered,Paid
SYSPO0009882,PO621915,SUP526117,WH781453,2026-07-25,2026-08-10,Processing,Pending
SYSPO0009883,PO789539,SUP801364,WH656116,2026-04-25,2026-05-17,Delivered,Paid
SYSPO0009884,PO746874,SUP335615,WH237174,2025-12-01,2025-12-07,Delivered,Paid
SYSPO0009885,PO896273,SUP736059,WH656116,2026-07-27,2026-08-10,Processing,Pending
SYSPO0009886,PO125680,SUP877236,WH519066,2026-08-03,2026-08-10,In Transit,Pending
SYSPO0009887,PO113906,SUP870763,WH324082,2026-01-20,2026-02-05,Delivered,Paid
SYSPO0009888,PO233917,SUP733039,WH356150,2026-05-10,2026-05-26,Delivered,Paid
SYSPO0009889,PO407649,SUP265080,WH690341,2026-07-26,2026-08-11,Processing,Pending
SYSPO0009890,PO104895,SUP733039,WH922157,2025-12-16,2026-01-01,Delayed,Pending
SYSPO0009891,PO699945,SUP705397,WH329974,2025-09-08,2025-10-06,Delivered,Paid
SYSPO0009892,PO423239,SUP925981,WH274389,2026-03-19,2026-04-06,Delivered,Paid
SYSPO0009893,PO477004,SUP344098,WH636265,2025-08-08,2025-08-24,Delivered,Paid
SYSPO0009894,PO658532,SUP680099,WH997546,2026-03-30,2026-04-16,Delivered,Paid
SYSPO0009895,PO157000,SUP285652,WH820221,2026-02-19,2026-03-22,Delivered,Paid
SYSPO0009896,PO131053,SUP891937,WH770487,2026-01-08,2026-02-05,Delivered,Paid
SYSPO0009897,PO824349,SUP429164,WH373903,2026-06-30,2026-07-17,Delivered,Paid
SYSPO0009898,PO907740,SUP344098,WH377746,2025-09-23,2025-10-09,Cancelled,Cancelled
SYSPO0009899,PO376988,SUP211764,WH690341,2026-07-02,2026-07-19,Delivered,Paid
SYSPO0009900,PO431383,SUP344098,WH582662,2025-11-27,2025-12-13,Delivered,Paid
SYSPO0009901,PO914907,SUP765095,WH460663,2025-08-29,2025-10-03,Delayed,Pending
SYSPO0009902,PO887382,SUP486945,WH377746,2025-12-26,2026-01-18,Delayed,Pending
SYSPO0009903,PO496515,SUP497887,WH816751,2026-07-20,2026-08-07,Processing,Pending
SYSPO0009904,PO474582,SUP240814,WH686075,2026-03-06,2026-03-12,Delivered,Paid
SYSPO0009905,PO502835,SUP904150,WH785197,2025-08-25,2025-09-20,Delivered,Paid
SYSPO0009906,PO380361,SUP179046,WH422451,2025-08-05,2025-08-25,Delivered,Paid
SYSPO0009907,PO634931,SUP595631,WH642717,2026-05-05,2026-05-30,Delivered,Paid
SYSPO0009908,PO460085,SUP385470,WH824586,2026-03-10,2026-03-30,Delivered,Paid
SYSPO0009909,PO361437,SUP801364,WH112038,2026-06-19,2026-07-11,Delivered,Paid
SYSPO0009910,PO713380,SUP976325,WH820221,2025-12-22,2026-01-04,Delivered,Paid
SYSPO0009911,PO577229,SUP624902,WH519066,2025-09-16,2025-09-29,Delivered,Paid
SYSPO0009912,PO489941,SUP662275,WH997546,2026-07-05,2026-07-17,Delivered,Paid
SYSPO0009913,PO305338,SUP972335,WH832052,2025-11-22,2025-12-30,Delivered,Paid
SYSPO0009914,PO211048,SUP671858,WH567574,2026-07-07,2026-07-23,Delivered,Paid
SYSPO0009915,PO307433,SUP725084,WH781453,2025-08-17,2025-09-03,Delivered,Paid
SYSPO0009916,PO746804,SUP891937,WH832052,2025-11-04,2025-12-02,Delivered,Paid
SYSPO0009917,PO649968,SUP350867,WH582662,2026-01-19,2026-02-03,Delivered,Paid
SYSPO0009918,PO259131,SUP768854,WH532322,2026-05-04,2026-05-21,Delivered,Paid
SYSPO0009919,PO584461,SUP829308,WH910891,2026-03-22,2026-03-30,Cancelled,Cancelled
SYSPO0009920,PO213188,SUP976325,WH532322,2026-01-05,2026-01-18,Delivered,Paid
SYSPO0009921,PO408818,SUP197251,WH274389,2026-04-04,2026-04-11,Delivered,Paid
SYSPO0009922,PO102648,SUP302511,WH237174,2025-12-06,2025-12-24,Delivered,Paid
SYSPO0009923,PO370840,SUP696750,WH555884,2026-05-08,2026-05-15,Delivered,Paid
SYSPO0009924,PO365178,SUP356150,WH816751,2025-12-31,2026-01-18,Delivered,Paid
SYSPO0009925,PO509401,SUP385470,WH274389,2026-01-09,2026-01-29,Delayed,Pending
SYSPO0009926,PO322544,SUP920652,WH356150,2025-12-31,2026-01-23,Delivered,Paid
SYSPO0009927,PO652016,SUP302511,WH237174,2026-01-21,2026-02-08,Delivered,Paid
SYSPO0009928,PO862497,SUP391668,WH373903,2026-03-04,2026-03-17,Delivered,Paid
SYSPO0009929,PO185243,SUP690341,WH324082,2025-10-26,2025-10-31,Delivered,Paid
SYSPO0009930,PO827974,SUP639593,WH237174,2026-04-19,2026-04-26,Delivered,Paid
SYSPO0009931,PO129043,SUP736059,WH820221,2025-10-11,2025-10-25,Delivered,Pending
SYSPO0009932,PO120801,SUP260422,WH785197,2026-02-05,2026-02-14,Delivered,Paid
SYSPO0009933,PO246739,SUP976325,WH654634,2025-09-28,2025-10-11,Delayed,Pending
SYSPO0009934,PO416662,SUP378361,WH829716,2025-10-17,2025-11-22,Delivered,Pending
SYSPO0009935,PO563287,SUP472060,WH832052,2026-03-08,2026-03-24,Delivered,Paid
SYSPO0009936,PO198641,SUP870763,WH205907,2026-01-01,2026-01-17,Delivered,Paid
SYSPO0009937,PO643612,SUP497382,WH412942,2026-06-28,2026-07-16,Delivered,Paid
SYSPO0009938,PO828680,SUP497887,WH829716,2026-07-30,2026-08-17,In Transit,Pending
SYSPO0009939,PO421964,SUP801364,WH422451,2025-12-22,2026-01-13,Delivered,Paid
SYSPO0009940,PO374371,SUP934794,WH262316,2026-06-27,2026-07-03,Delivered,Paid
SYSPO0009941,PO487742,SUP664607,WH460663,2026-01-14,2026-02-16,Delayed,Pending
SYSPO0009942,PO464410,SUP265080,WH460663,2025-10-03,2025-10-19,Delivered,Paid
SYSPO0009943,PO501824,SUP662275,WH112038,2025-11-25,2025-12-07,Delivered,Paid
SYSPO0009944,PO449115,SUP880879,WH829716,2026-07-09,2026-08-16,Processing,Pending
SYSPO0009945,PO231659,SUP839677,WH379766,2026-04-22,2026-05-09,Delivered,Paid
SYSPO0009946,PO315518,SUP356150,WH526117,2025-09-22,2025-10-10,Delivered,Pending
SYSPO0009947,PO236012,SUP944962,WH380746,2025-09-26,2025-10-10,Delivered,Paid
SYSPO0009948,PO994603,SUP881177,WH656116,2025-08-09,2025-08-23,Delivered,Paid
SYSPO0009949,PO317713,SUP486945,WH832052,2025-09-01,2025-09-24,Cancelled,Cancelled
SYSPO0009950,PO781105,SUP705397,WH539589,2026-04-13,2026-05-11,Delayed,Pending
SYSPO0009951,PO859757,SUP608257,WH237174,2025-08-11,2025-08-27,Delivered,Paid
SYSPO0009952,PO287934,SUP829308,WH686075,2025-09-29,2025-10-07,Delivered,Paid
SYSPO0009953,PO477473,SUP256294,WH532322,2026-05-12,2026-05-25,Delivered,Paid
SYSPO0009954,PO862868,SUP688508,WH801474,2026-07-14,2026-07-24,Delayed,Pending
SYSPO0009955,PO199949,SUP260422,WH662336,2026-02-10,2026-02-19,Delivered,Paid
SYSPO0009956,PO631981,SUP904150,WH930555,2026-04-17,2026-05-13,Delivered,Paid
SYSPO0009957,PO427145,SUP829308,WH740967,2026-01-21,2026-01-29,Delivered,Paid
SYSPO0009958,PO248595,SUP349565,WH816751,2025-09-26,2025-10-22,Delivered,Paid
SYSPO0009959,PO276640,SUP690341,WH801474,2025-09-06,2025-09-11,Delivered,Paid
SYSPO0009960,PO477690,SUP614663,WH686075,2025-09-27,2025-10-14,Delivered,Paid
SYSPO0009961,PO221555,SUP705397,WH379766,2026-04-11,2026-05-09,Cancelled,Cancelled
SYSPO0009962,PO483328,SUP890170,WH112038,2026-06-13,2026-06-20,Delivered,Paid
SYSPO0009963,PO380974,SUP662275,WH322086,2026-01-13,2026-01-25,Cancelled,Cancelled
SYSPO0009964,PO492217,SUP427110,WH770487,2026-07-05,2026-07-23,Delivered,Pending
SYSPO0009965,PO336417,SUP372793,WH205907,2026-01-29,2026-02-12,Delivered,Paid
SYSPO0009966,PO633849,SUP384076,WH532322,2026-07-18,2026-08-02,Delivered,Paid
SYSPO0009967,PO683578,SUP350867,WH274389,2026-06-07,2026-06-22,Delivered,Paid
SYSPO0009968,PO411519,SUP870763,WH930555,2026-05-02,2026-05-18,Delivered,Paid
SYSPO0009969,PO851378,SUP260263,WH100425,2026-03-27,2026-04-03,Delivered,Paid
SYSPO0009970,PO981758,SUP179046,WH829716,2026-08-01,2026-08-21,Cancelled,Cancelled
SYSPO0009971,PO754047,SUP378361,WH816751,2026-01-17,2026-02-22,Delivered,Paid
SYSPO0009972,PO402975,SUP459536,WH636265,2026-04-04,2026-04-18,Delivered,Paid
SYSPO0009973,PO127500,SUP378361,WH212235,2025-10-13,2025-11-18,Delivered,Paid
SYSPO0009974,PO812410,SUP121753,WH373903,2026-01-28,2026-02-08,Delivered,Paid
SYSPO0009975,PO741671,SUP664607,WH636265,2026-02-18,2026-03-23,Delivered,Paid
SYSPO0009976,PO719446,SUP925981,WH636265,2026-01-16,2026-02-03,Delivered,Paid
SYSPO0009977,PO271761,SUP668532,WH555884,2026-03-07,2026-03-20,Delivered,Paid
SYSPO0009978,PO119024,SUP990844,WH422451,2026-06-19,2026-07-08,Delivered,Paid
SYSPO0009979,PO138984,SUP904150,WH460663,2026-01-26,2026-02-21,Delivered,Paid
SYSPO0009980,PO874885,SUP519093,WH274389,2026-01-01,2026-01-17,Delivered,Paid
SYSPO0009981,PO898778,SUP871711,WH329974,2025-12-20,2025-12-30,Delivered,Paid
SYSPO0009982,PO151812,SUP880879,WH642717,2025-10-31,2025-12-08,Delivered,Paid
SYSPO0009983,PO326804,SUP300896,WH274389,2025-10-16,2025-10-24,Delivered,Paid
SYSPO0009984,PO897184,SUP871711,WH690341,2026-01-16,2026-01-26,Delivered,Paid
SYSPO0009985,PO401533,SUP662275,WH356150,2026-03-27,2026-04-08,Delivered,Paid
SYSPO0009986,PO263787,SUP153872,WH324082,2025-08-07,2025-08-14,Cancelled,Cancelled
SYSPO0009987,PO342683,SUP725084,WH781453,2026-03-17,2026-04-03,Delivered,Paid
SYSPO0009988,PO201197,SUP768854,WH785197,2026-02-14,2026-03-03,Delivered,Paid
SYSPO0009989,PO671026,SUP965845,WH205907,2026-06-29,2026-07-06,Delivered,Paid
SYSPO0009990,PO714519,SUP273982,WH515011,2026-05-15,2026-05-31,Delivered,Paid
SYSPO0009991,PO341438,SUP757711,WH997546,2025-11-04,2025-11-09,Delivered,Paid
SYSPO0009992,PO608238,SUP770487,WH599948,2026-05-08,2026-05-22,Delivered,Paid
SYSPO0009993,PO644678,SUP887625,WH781453,2026-02-15,2026-02-28,Delivered,Paid
SYSPO0009994,PO158725,SUP349565,WH770487,2025-11-17,2025-12-13,Delivered,Paid
SYSPO0009995,PO172472,SUP437902,WH377746,2026-01-11,2026-01-28,Delivered,Paid
SYSPO0009996,PO141673,SUP446954,WH829716,2026-07-30,2026-08-09,In Transit,Pending
SYSPO0009997,PO349017,SUP256294,WH460663,2026-03-05,2026-03-18,Delivered,Paid
SYSPO0009998,PO227906,SUP880879,WH526833,2026-03-16,2026-04-23,Delivered,Paid
SYSPO0009999,PO172205,SUP972335,WH479201,2025-12-25,2026-02-01,Delivered,Paid
SYSPO0010000,PO296103,SUP372793,WH740967,2025-08-17,2025-08-31,Delivered,Paid
SYSPO0010001,PO671695,SUP733039,WH832052,2025-08-19,2025-09-04,Delivered,Paid
SYSPO0010002,PO670311,SUP925981,WH112038,2026-03-13,2026-03-31,Delivered,Paid
SYSPO0010003,PO626857,SUP972335,WH526833,2026-02-08,2026-03-18,Delivered,Paid
SYSPO0010004,PO273805,SUP211764,WH376807,2026-05-05,2026-05-22,Delayed,Pending
SYSPO0010005,PO995635,SUP680099,WH582662,2025-12-26,2026-01-12,Delivered,Paid
SYSPO0010006,PO624395,SUP972064,WH820221,2025-09-17,2025-10-05,Delivered,Paid
SYSPO0010007,PO129305,SUP391668,WH785197,2026-03-18,2026-03-31,Delivered,Paid
SYSPO0010008,PO839646,SUP335615,WH808011,2026-02-08,2026-02-14,Delayed,Pending
SYSPO0010009,PO144424,SUP420214,WH922157,2026-04-30,2026-05-13,Delivered,Paid
SYSPO0010010,PO280113,SUP608257,WH262316,2025-09-05,2025-09-21,Delivered,Paid
SYSPO0010011,PO262367,SUP307428,WH532322,2025-09-29,2025-10-10,Delivered,Paid
SYSPO0010012,PO647778,SUP990844,WH922157,2026-05-15,2026-06-03,Delivered,Paid
SYSPO0010013,PO775401,SUP920652,WH526117,2026-05-16,2026-06-08,Delivered,Paid
SYSPO0010014,PO743414,SUP523389,WH233470,2026-02-25,2026-03-13,Delivered,Paid
SYSPO0010015,PO469533,SUP972335,WH515011,2026-07-04,2026-08-11,Processing,Pending
SYSPO0010016,PO951924,SUP595631,WH212235,2026-05-23,2026-06-17,Delivered,Paid
SYSPO0010017,PO710806,SUP725084,WH690341,2026-06-03,2026-06-20,Delivered,Paid
SYSPO0010018,PO739012,SUP156213,WH532322,2025-11-21,2025-12-04,Delivered,Paid
SYSPO0010019,PO380983,SUP976325,WH582662,2026-02-01,2026-02-14,Delivered,Paid
SYSPO0010020,PO633480,SUP437408,WH599948,2026-02-21,2026-03-08,Delayed,Pending
SYSPO0010021,PO600170,SUP427110,WH801474,2025-09-04,2025-09-22,Delivered,Paid
SYSPO0010022,PO114689,SUP335113,WH356150,2026-02-24,2026-03-07,Delivered,Paid
SYSPO0010023,PO173440,SUP184491,WH832052,2026-07-16,2026-08-17,In Transit,Pending
SYSPO0010024,PO965917,SUP899213,WH686075,2026-03-29,2026-04-16,Delivered,Paid
SYSPO0010025,PO760714,SUP321275,WH910891,2025-09-08,2025-09-15,Delivered,Paid
SYSPO0010026,PO361737,SUP890170,WH322086,2025-11-08,2025-11-15,Delayed,Pending
SYSPO0010027,PO480693,SUP920652,WH816751,2026-02-04,2026-02-27,Delivered,Paid
SYSPO0010028,PO796854,SUP285652,WH376807,2026-04-06,2026-05-07,Delivered,Paid
SYSPO0010029,PO100708,SUP755788,WH930555,2026-05-20,2026-06-14,Delivered,Paid
SYSPO0010030,PO941847,SUP891937,WH832052,2026-04-19,2026-05-17,Delivered,Paid
SYSPO0010031,PO800391,SUP972064,WH771088,2026-04-21,2026-05-09,Delivered,Paid
SYSPO0010032,PO530419,SUP184491,WH690341,2025-09-04,2025-10-06,Delivered,Paid
SYSPO0010033,PO791759,SUP639593,WH740967,2026-04-27,2026-05-04,Delivered,Paid
SYSPO0010034,PO924130,SUP692683,WH910891,2026-04-08,2026-05-03,Delayed,Pending
SYSPO0010035,PO696035,SUP639593,WH412942,2026-03-02,2026-03-09,Cancelled,Cancelled
SYSPO0010036,PO310112,SUP385470,WH686075,2026-06-10,2026-06-30,Delivered,Paid
SYSPO0010037,PO902869,SUP692683,WH515011,2026-03-18,2026-04-12,Delivered,Paid
SYSPO0010038,PO551071,SUP446954,WH482364,2025-12-04,2025-12-14,Delivered,Paid
SYSPO0010039,PO527793,SUP472060,WH654634,2026-03-31,2026-04-16,Delivered,Paid
SYSPO0010040,PO829272,SUP420214,WH205907,2025-08-25,2025-09-07,Delayed,Pending
SYSPO0010041,PO972798,SUP733039,WH997546,2026-07-21,2026-08-06,In Transit,Pending
SYSPO0010042,PO982775,SUP920652,WH526117,2025-12-16,2026-01-08,Delivered,Paid
SYSPO0010043,PO451429,SUP256294,WH532322,2026-02-28,2026-03-13,Delivered,Paid
SYSPO0010044,PO131627,SUP664607,WH329974,2026-06-03,2026-07-06,Delivered,Paid
SYSPO0010045,PO295386,SUP335615,WH997546,2025-08-09,2025-08-15,Delayed,Pending
SYSPO0010046,PO908801,SUP613425,WH801474,2026-02-03,2026-02-14,Delivered,Paid
SYSPO0010047,PO586059,SUP813536,WH233470,2026-01-28,2026-02-18,Delivered,Paid
SYSPO0010048,PO404581,SUP335113,WH997546,2026-02-20,2026-03-03,Delivered,Paid
SYSPO0010049,PO344062,SUP681343,WH274389,2026-07-22,2026-08-06,In Transit,Pending
SYSPO0010050,PO131364,SUP692683,WH658582,2026-02-03,2026-02-28,Delivered,Paid
SYSPO0010051,PO868776,SUP391668,WH262316,2026-03-15,2026-03-28,Delivered,Paid
SYSPO0010052,PO404080,SUP335615,WH997546,2026-05-16,2026-05-22,Delivered,Paid
SYSPO0010053,PO235103,SUP335113,WH519066,2025-12-11,2025-12-22,Delivered,Paid
SYSPO0010054,PO714897,SUP330914,WH781453,2026-01-15,2026-02-03,Delivered,Paid
SYSPO0010055,PO157299,SUP240814,WH322086,2025-12-20,2025-12-26,Delivered,Paid
SYSPO0010056,PO867521,SUP307428,WH555884,2026-06-10,2026-06-21,Delayed,Pending
SYSPO0010057,PO132261,SUP664607,WH771088,2025-11-27,2025-12-30,Delivered,Paid
SYSPO0010058,PO534370,SUP829308,WH356150,2025-11-25,2025-12-03,Delivered,Paid
SYSPO0010059,PO161862,SUP664607,WH740967,2025-10-09,2025-11-11,Delivered,Paid
SYSPO0010060,PO316996,SUP526117,WH829716,2025-08-18,2025-09-03,Delivered,Paid
SYSPO0010061,PO327569,SUP497887,WH532322,2026-05-01,2026-05-19,Delivered,Paid
SYSPO0010062,PO431871,SUP662275,WH526117,2026-07-29,2026-08-10,Cancelled,Cancelled
SYSPO0010063,PO551572,SUP813536,WH958179,2026-03-25,2026-04-15,Delayed,Pending
SYSPO0010064,PO221385,SUP285652,WH174441,2026-05-23,2026-06-23,Delivered,Paid
SYSPO0010065,PO175469,SUP829308,WH662336,2025-12-01,2025-12-09,Delivered,Paid
SYSPO0010066,PO854321,SUP437902,WH658582,2026-05-14,2026-05-31,Delayed,Pending
SYSPO0010067,PO818588,SUP955662,WH686075,2026-06-05,2026-06-24,Delivered,Paid
SYSPO0010068,PO220437,SUP156213,WH824586,2026-03-11,2026-03-24,Delayed,Pending
SYSPO0010069,PO183123,SUP427110,WH274389,2025-11-14,2025-12-02,Delivered,Paid
SYSPO0010070,PO200888,SUP802729,WH324082,2025-08-28,2025-09-08,Delivered,Paid
SYSPO0010071,PO217296,SUP335113,WH532322,2026-04-06,2026-04-17,Delivered,Paid
SYSPO0010072,PO441433,SUP427110,WH515011,2026-02-04,2026-02-22,Delivered,Paid
SYSPO0010073,PO295847,SUP595631,WH658582,2026-03-17,2026-04-11,Delivered,Paid
SYSPO0010074,PO620909,SUP614663,WH824586,2025-10-09,2025-10-26,Delivered,Paid
SYSPO0010075,PO560022,SUP513160,WH422451,2026-03-15,2026-04-08,Cancelled,Cancelled
SYSPO0010076,PO779425,SUP765095,WH662336,2025-08-25,2025-09-29,Delivered,Paid
SYSPO0010077,PO120972,SUP300337,WH686075,2026-04-16,2026-04-29,Cancelled,Cancelled
SYSPO0010078,PO739326,SUP692683,WH816751,2025-11-26,2025-12-21,Delivered,Paid
SYSPO0010079,PO341419,SUP259784,WH740967,2026-06-15,2026-06-22,Delivered,Paid
SYSPO0010080,PO710606,SUP757711,WH526117,2026-05-18,2026-05-23,Delivered,Paid
SYSPO0010081,PO203166,SUP285652,WH376807,2026-04-04,2026-05-05,Cancelled,Cancelled
SYSPO0010082,PO723988,SUP300337,WH112038,2025-08-15,2025-08-28,Delivered,Paid
SYSPO0010083,PO841649,SUP449499,WH233470,2025-11-24,2025-11-29,Delayed,Pending
SYSPO0010084,PO793911,SUP420214,WH100425,2026-02-09,2026-02-22,Delivered,Paid
SYSPO0010085,PO569200,SUP572700,WH112038,2025-09-06,2025-09-17,Delivered,Paid
SYSPO0010086,PO369373,SUP972064,WH100425,2025-09-23,2025-10-11,Delivered,Paid
SYSPO0010087,PO412321,SUP497382,WH771088,2026-02-17,2026-03-07,Delivered,Paid
SYSPO0010088,PO776095,SUP887625,WH808011,2025-09-03,2025-09-16,Delivered,Paid
SYSPO0010089,PO755728,SUP321275,WH997546,2026-07-01,2026-07-08,Delivered,Paid
SYSPO0010090,PO187043,SUP705397,WH829716,2026-06-05,2026-07-03,Delivered,Paid
SYSPO0010091,PO771657,SUP681343,WH781453,2025-11-20,2025-12-05,Delivered,Paid
SYSPO0010092,PO384258,SUP642717,WH910891,2025-11-10,2025-11-24,Delivered,Paid
SYSPO0010093,PO747527,SUP153872,WH686075,2025-09-25,2025-10-02,Delivered,Paid
SYSPO0010094,PO112134,SUP133659,WH801474,2026-04-01,2026-04-19,Delivered,Paid
SYSPO0010095,PO156421,SUP519904,WH237174,2025-11-22,2025-12-06,Delivered,Paid
SYSPO0010096,PO850631,SUP904150,WH658582,2025-11-19,2025-12-15,Delivered,Pending
SYSPO0010097,PO576478,SUP384076,WH526833,2026-07-04,2026-07-19,Delivered,Paid
SYSPO0010098,PO553270,SUP925981,WH380746,2025-11-12,2025-11-30,Delivered,Paid
SYSPO0010099,PO116936,SUP671858,WH429164,2025-08-10,2025-08-26,Delivered,Paid
SYSPO0010100,PO950965,SUP870763,WH816751,2026-05-19,2026-06-04,Delivered,Paid
SYSPO0010101,PO983588,SUP446954,WH771088,2025-09-17,2025-09-27,Delivered,Paid
SYSPO0010102,PO538802,SUP839677,WH801474,2026-03-27,2026-04-13,Delivered,Paid
SYSPO0010103,PO120867,SUP260263,WH237174,2025-10-11,2025-10-18,Delivered,Paid
SYSPO0010104,PO695576,SUP877236,WH100425,2026-07-24,2026-07-31,Delivered,Pending
SYSPO0010105,PO510077,SUP322955,WH479201,2026-03-22,2026-04-04,Delivered,Paid
SYSPO0010106,PO537696,SUP801364,WH801474,2026-05-18,2026-06-09,Delivered,Paid
SYSPO0010107,PO724455,SUP260263,WH377746,2025-10-02,2025-10-09,Delivered,Paid
SYSPO0010108,PO617185,SUP887625,WH958179,2026-04-17,2026-04-30,Delivered,Paid
SYSPO0010109,PO651683,SUP690341,WH262316,2026-01-25,2026-01-30,Delivered,Paid
SYSPO0010110,PO811748,SUP765095,WH479201,2025-12-26,2026-01-30,Delivered,Paid
SYSPO0010111,PO295893,SUP877236,WH322086,2026-06-14,2026-06-21,Delivered,Paid
SYSPO0010112,PO969742,SUP519904,WH829716,2025-10-12,2025-10-26,Delivered,Paid
SYSPO0010113,PO552020,SUP497887,WH379766,2025-11-14,2025-12-02,Delivered,Paid
SYSPO0010114,PO401908,SUP344098,WH532322,2026-06-04,2026-06-20,Delivered,Paid
SYSPO0010115,PO511501,SUP664607,WH599948,2026-05-04,2026-06-06,Delivered,Paid
SYSPO0010116,PO888100,SUP595631,WH479201,2025-11-04,2025-11-29,Delivered,Paid
SYSPO0010117,PO760967,SUP696750,WH808011,2026-02-09,2026-02-16,Delivered,Paid
SYSPO0010118,PO662665,SUP728492,WH174441,2025-10-14,2025-10-30,Delivered,Paid
SYSPO0010119,PO348523,SUP260263,WH519066,2026-06-11,2026-06-18,Delivered,Paid
SYSPO0010120,PO690863,SUP598216,WH997546,2026-02-25,2026-03-09,Delayed,Pending
SYSPO0010121,PO556606,SUP705397,WH785197,2026-07-05,2026-08-02,Cancelled,Cancelled
SYSPO0010122,PO800324,SUP519093,WH356150,2025-08-17,2025-09-02,Delivered,Paid
SYSPO0010123,PO308746,SUP664607,WH656116,2025-12-16,2026-01-18,Delivered,Paid
SYSPO0010124,PO797114,SUP385470,WH770487,2025-09-06,2025-09-26,Delivered,Paid
SYSPO0010125,PO664532,SUP385470,WH910891,2025-09-30,2025-10-20,Delivered,Paid
SYSPO0010126,PO711568,SUP881177,WH555884,2026-03-24,2026-04-07,Delivered,Paid
SYSPO0010127,PO563579,SUP639593,WH829716,2026-08-02,2026-08-09,Processing,Pending
SYSPO0010128,PO485061,SUP668532,WH829716,2026-06-20,2026-07-03,Delivered,Paid
SYSPO0010129,PO430802,SUP330914,WH329974,2025-10-03,2025-10-22,Delivered,Pending
SYSPO0010130,PO398272,SUP519093,WH922157,2026-06-26,2026-07-12,Delivered,Paid
SYSPO0010131,PO279076,SUP391668,WH532322,2026-02-13,2026-02-26,Delivered,Paid
SYSPO0010132,PO127021,SUP526117,WH174441,2026-05-24,2026-06-09,Delivered,Paid
SYSPO0010133,PO103207,SUP285652,WH829716,2026-01-12,2026-02-12,Delivered,Paid
SYSPO0010134,PO259620,SUP446954,WH824586,2026-05-31,2026-06-10,Delivered,Paid
SYSPO0010135,PO110096,SUP121753,WH205907,2025-12-31,2026-01-11,Delivered,Paid
SYSPO0010136,PO660745,SUP770487,WH479201,2025-11-05,2025-11-19,Delivered,Paid
SYSPO0010137,PO119373,SUP989545,WH539589,2026-04-18,2026-05-04,Delivered,Paid
SYSPO0010138,PO728331,SUP842411,WH205907,2026-01-22,2026-01-30,Delivered,Paid
SYSPO0010139,PO804007,SUP608257,WH274389,2026-05-13,2026-05-29,Delivered,Paid
SYSPO0010140,PO231216,SUP285652,WH770487,2026-04-09,2026-05-10,Delayed,Pending
SYSPO0010141,PO565473,SUP925981,WH380746,2025-10-08,2025-10-26,Cancelled,Cancelled
SYSPO0010142,PO381613,SUP705397,WH785197,2025-10-25,2025-11-22,Delivered,Paid
SYSPO0010143,PO288827,SUP472060,WH958179,2026-03-17,2026-04-02,Delivered,Paid
SYSPO0010144,PO713128,SUP608257,WH582662,2026-05-17,2026-06-02,Delayed,Pending
SYSPO0010145,PO716302,SUP692683,WH662336,2026-06-27,2026-07-22,Delivered,Paid
SYSPO0010146,PO362327,SUP349565,WH785197,2025-12-17,2026-01-12,Delivered,Paid
SYSPO0010147,PO387759,SUP813536,WH801474,2025-08-26,2025-09-16,Delivered,Paid
SYSPO0010148,PO144721,SUP972064,WH832052,2026-04-11,2026-04-29,Delivered,Paid
SYSPO0010149,PO188351,SUP829308,WH380746,2025-11-15,2025-11-23,Delivered,Paid
SYSPO0010150,PO335503,SUP385470,WH322086,2026-05-25,2026-06-14,Delivered,Paid
SYSPO0010151,PO908595,SUP300896,WH555884,2026-06-19,2026-06-27,Delivered,Paid
SYSPO0010152,PO559650,SUP728492,WH526117,2025-09-19,2025-10-05,Delivered,Paid
SYSPO0010153,PO564296,SUP972064,WH910891,2025-08-25,2025-09-12,Delivered,Paid
SYSPO0010154,PO785689,SUP801364,WH412942,2025-10-09,2025-10-31,Delivered,Paid
SYSPO0010155,PO399379,SUP890170,WH532322,2026-02-01,2026-02-08,Delivered,Paid
SYSPO0010156,PO264699,SUP156213,WH262316,2026-01-06,2026-01-19,Delivered,Paid
SYSPO0010157,PO432760,SUP946305,WH377746,2026-02-05,2026-03-05,Delivered,Paid
SYSPO0010158,PO892192,SUP259784,WH237174,2025-11-30,2025-12-07,Delivered,Paid
SYSPO0010159,PO738092,SUP589710,WH930555,2026-02-05,2026-02-24,Cancelled,Cancelled
SYSPO0010160,PO547949,SUP765095,WH191161,2026-05-21,2026-06-25,Delivered,Paid
SYSPO0010161,PO267840,SUP680099,WH519066,2026-05-24,2026-06-10,Delivered,Paid
SYSPO0010162,PO679196,SUP350867,WH526833,2026-07-29,2026-08-13,Processing,Pending
SYSPO0010163,PO957720,SUP523389,WH771088,2026-02-27,2026-03-15,Delivered,Paid
SYSPO0010164,PO791042,SUP613425,WH771088,2025-11-03,2025-11-14,Delivered,Paid
SYSPO0010165,PO343859,SUP216970,WH801474,2025-12-30,2026-01-18,Delivered,Paid
SYSPO0010166,PO308129,SUP156213,WH910891,2026-04-27,2026-05-10,Delivered,Pending
SYSPO0010167,PO731948,SUP944962,WH781453,2026-05-06,2026-05-20,Delivered,Paid
SYSPO0010168,PO656854,SUP335615,WH555884,2026-01-03,2026-01-09,Delayed,Pending
SYSPO0010169,PO845682,SUP877236,WH654634,2026-02-05,2026-02-12,Delivered,Paid
SYSPO0010170,PO682896,SUP260422,WH997546,2025-11-14,2025-11-23,Delivered,Paid
SYSPO0010171,PO123235,SUP870763,WH515011,2025-09-30,2025-10-16,Delivered,Paid
SYSPO0010172,PO209476,SUP881177,WH532322,2026-02-27,2026-03-13,Delivered,Paid
SYSPO0010173,PO620293,SUP650121,WH356150,2026-07-08,2026-07-14,Delayed,Pending
SYSPO0010174,PO165132,SUP240814,WH205907,2026-01-20,2026-01-26,Delayed,Pending
SYSPO0010175,PO390614,SUP595631,WH820221,2025-08-09,2025-09-03,Delivered,Paid
SYSPO0010176,PO776954,SUP184491,WH785197,2025-11-25,2025-12-27,Delivered,Paid
SYSPO0010177,PO308982,SUP642717,WH429164,2026-07-31,2026-08-14,In Transit,Pending
SYSPO0010178,PO782208,SUP437408,WH555884,2026-06-10,2026-06-25,Delivered,Paid
SYSPO0010179,PO467062,SUP904150,WH910891,2026-01-26,2026-02-21,Delivered,Paid
SYSPO0010180,PO985165,SUP385470,WH212235,2025-12-31,2026-01-20,Delivered,Paid
SYSPO0010181,PO806024,SUP513160,WH654634,2026-04-25,2026-05-19,Delivered,Paid
SYSPO0010182,PO548584,SUP497887,WH379766,2025-12-05,2025-12-23,Delivered,Paid
SYSPO0010183,PO915059,SUP920652,WH324082,2026-02-26,2026-03-21,Delivered,Paid
SYSPO0010184,PO991598,SUP497887,WH356150,2026-04-27,2026-05-15,Delivered,Paid
SYSPO0010185,PO783996,SUP240814,WH100425,2025-08-20,2025-08-26,Delivered,Paid
SYSPO0010186,PO507949,SUP871711,WH205907,2025-09-11,2025-09-21,Delivered,Paid
SYSPO0010187,PO188641,SUP133659,WH532322,2026-07-27,2026-08-14,Processing,Pending
SYSPO0010188,PO555656,SUP240814,WH686075,2026-02-27,2026-03-05,Delivered,Paid
SYSPO0010189,PO167517,SUP681343,WH820221,2026-04-09,2026-04-24,Delivered,Paid
SYSPO0010190,PO824047,SUP598216,WH356150,2025-12-20,2026-01-01,Delayed,Pending
SYSPO0010191,PO536811,SUP598216,WH233470,2026-06-28,2026-07-10,Delivered,Paid
SYSPO0010192,PO829166,SUP946305,WH460663,2026-01-19,2026-02-16,Delivered,Paid
SYSPO0010193,PO163096,SUP972064,WH582662,2026-03-30,2026-04-17,Delivered,Paid
SYSPO0010194,PO183913,SUP350867,WH770487,2026-07-27,2026-08-11,In Transit,Pending
SYSPO0010195,PO724391,SUP384076,WH100425,2026-04-15,2026-04-30,Delivered,Paid
SYSPO0010196,PO965292,SUP156213,WH930555,2026-07-04,2026-07-17,Delivered,Paid
SYSPO0010197,PO928449,SUP680099,WH829716,2025-11-18,2025-12-05,Delayed,Pending
SYSPO0010198,PO729680,SUP946305,WH599948,2025-12-13,2026-01-10,Delivered,Paid
SYSPO0010199,PO946377,SUP156213,WH515011,2025-11-17,2025-11-30,Delivered,Paid
SYSPO0010200,PO100154,SUP572387,WH329974,2025-11-16,2025-12-02,Delivered,Paid
SYSPO0010201,PO227305,SUP965845,WH532322,2026-06-12,2026-06-19,Delivered,Paid
SYSPO0010202,PO790688,SUP572700,WH808011,2025-09-12,2025-09-23,Delivered,Paid
SYSPO0010203,PO538462,SUP802729,WH532322,2025-11-12,2025-11-23,Delivered,Paid
SYSPO0010204,PO458439,SUP589710,WH636265,2026-04-16,2026-05-05,Delivered,Paid
SYSPO0010205,PO479526,SUP692683,WH785197,2026-03-19,2026-04-13,Delivered,Paid
SYSPO0010206,PO806960,SUP321275,WH690341,2026-01-03,2026-01-10,Delivered,Paid
SYSPO0010207,PO634948,SUP156213,WH191161,2026-01-31,2026-02-13,Delivered,Paid
SYSPO0010208,PO445228,SUP273982,WH781453,2026-06-01,2026-06-17,Delivered,Paid
SYSPO0010209,PO290005,SUP681343,WH460663,2026-04-24,2026-05-09,Delivered,Paid
SYSPO0010210,PO447805,SUP736059,WH100425,2026-05-22,2026-06-05,Delivered,Paid
SYSPO0010211,PO628825,SUP179046,WH412942,2025-11-06,2025-11-26,Delivered,Pending
SYSPO0010212,PO842307,SUP965845,WH997546,2026-05-17,2026-05-24,Delivered,Paid
SYSPO0010213,PO503796,SUP260422,WH740967,2026-04-22,2026-05-01,Delivered,Paid
SYSPO0010214,PO636286,SUP307428,WH930555,2026-03-21,2026-04-01,Delayed,Pending
SYSPO0010215,PO572639,SUP624902,WH526117,2026-05-31,2026-06-13,Delivered,Paid
SYSPO0010216,PO344678,SUP804318,WH429164,2025-10-19,2025-11-09,Delivered,Paid
SYSPO0010217,PO125850,SUP576086,WH829716,2026-02-22,2026-02-28,Delivered,Paid
SYSPO0010218,PO851625,SUP572387,WH515011,2025-12-14,2025-12-30,Delivered,Paid
SYSPO0010219,PO285324,SUP608257,WH324082,2026-04-25,2026-05-11,Delivered,Pending
SYSPO0010220,PO372140,SUP668532,WH997546,2026-04-30,2026-05-13,Delivered,Paid
SYSPO0010221,PO836737,SUP880879,WH662336,2025-10-13,2025-11-20,Delivered,Paid
SYSPO0010222,PO981542,SUP899213,WH112038,2025-12-04,2025-12-22,Delayed,Pending
SYSPO0010223,PO273599,SUP472060,WH642717,2026-03-05,2026-03-21,Delivered,Paid
SYSPO0010224,PO567068,SUP733039,WH191161,2025-08-09,2025-08-25,Delivered,Paid
SYSPO0010225,PO189209,SUP330914,WH801474,2026-04-23,2026-05-12,Delivered,Paid
SYSPO0010226,PO264479,SUP842411,WH274389,2025-08-08,2025-08-16,Delivered,Paid
SYSPO0010227,PO985778,SUP121753,WH555884,2026-06-23,2026-07-04,Delivered,Paid
SYSPO0010228,PO166119,SUP322955,WH656116,2025-08-31,2025-09-13,Delivered,Paid
SYSPO0010229,PO179029,SUP642717,WH356150,2025-08-09,2025-08-23,Delivered,Paid
SYSPO0010230,PO912415,SUP904150,WH656116,2026-01-11,2026-02-06,Delivered,Paid
SYSPO0010231,PO516404,SUP624902,WH212235,2025-09-11,2025-09-24,Delivered,Paid
SYSPO0010232,PO867860,SUP705397,WH515011,2026-02-24,2026-03-24,Delivered,Paid
SYSPO0010233,PO872329,SUP736059,WH599948,2025-09-14,2025-09-28,Delivered,Paid
SYSPO0010234,PO759732,SUP156213,WH642717,2026-04-28,2026-05-11,Delivered,Paid
SYSPO0010235,PO678863,SUP595631,WH429164,2026-01-25,2026-02-19,Delivered,Paid
SYSPO0010236,PO511485,SUP728492,WH373903,2025-12-19,2026-01-04,Delivered,Paid
SYSPO0010237,PO476760,SUP642717,WH377746,2025-10-29,2025-11-12,Delivered,Paid
SYSPO0010238,PO825463,SUP384076,WH930555,2026-05-13,2026-05-28,Delivered,Paid
SYSPO0010239,PO627177,SUP890170,WH526117,2025-11-23,2025-11-30,Cancelled,Cancelled
SYSPO0010240,PO750357,SUP880879,WH460663,2025-11-10,2025-12-18,Delivered,Paid
SYSPO0010241,PO350795,SUP133659,WH824586,2025-10-18,2025-11-05,Delivered,Paid
SYSPO0010242,PO972735,SUP624902,WH237174,2025-08-18,2025-08-31,Delayed,Pending
SYSPO0010243,PO429975,SUP946305,WH910891,2025-08-14,2025-09-11,Delivered,Paid
SYSPO0010244,PO966808,SUP688508,WH356150,2026-04-02,2026-04-12,Delivered,Paid
SYSPO0010245,PO102019,SUP608257,WH922157,2025-09-09,2025-09-25,Delivered,Paid
SYSPO0010246,PO548201,SUP335615,WH233470,2025-08-27,2025-09-02,Delivered,Paid
SYSPO0010247,PO988975,SUP650121,WH555884,2026-08-04,2026-08-10,Processing,Pending
SYSPO0010248,PO355630,SUP344098,WH930555,2026-03-23,2026-04-08,Delivered,Paid
SYSPO0010249,PO465722,SUP265080,WH785197,2026-04-17,2026-05-03,Delayed,Pending
SYSPO0010250,PO478267,SUP216970,WH690341,2026-07-18,2026-08-06,In Transit,Pending
SYSPO0010251,PO883651,SUP899213,WH539589,2026-06-25,2026-07-13,Delivered,Paid
SYSPO0010252,PO453683,SUP664607,WH930555,2025-10-28,2025-11-30,Delivered,Paid
SYSPO0010253,PO724703,SUP350867,WH656116,2026-03-25,2026-04-09,Delivered,Paid
SYSPO0010254,PO990319,SUP990844,WH460663,2026-04-09,2026-04-28,Delivered,Paid
SYSPO0010255,PO603409,SUP216970,WH690341,2025-09-21,2025-10-10,Delivered,Paid
SYSPO0010256,PO487648,SUP972064,WH112038,2026-05-06,2026-05-24,Delivered,Paid
SYSPO0010257,PO940551,SUP519904,WH322086,2025-09-20,2025-10-04,Delivered,Paid
SYSPO0010258,PO302348,SUP300896,WH322086,2025-09-07,2025-09-15,Delivered,Paid
SYSPO0010259,PO942554,SUP904150,WH658582,2026-07-03,2026-07-29,Delivered,Paid
SYSPO0010260,PO993093,SUP965845,WH519066,2026-03-27,2026-04-03,Delayed,Pending
SYSPO0010261,PO424458,SUP842411,WH519066,2025-09-24,2025-10-02,Delivered,Pending
SYSPO0010262,PO238713,SUP391668,WH460663,2025-12-29,2026-01-11,Delivered,Paid
SYSPO0010263,PO764544,SUP184491,WH191161,2026-04-16,2026-05-18,Delivered,Paid
SYSPO0010264,PO247433,SUP972064,WH324082,2026-05-28,2026-06-15,Delivered,Paid
SYSPO0010265,PO893087,SUP887625,WH274389,2026-07-20,2026-08-02,Delivered,Paid
SYSPO0010266,PO375402,SUP437408,WH654634,2026-04-13,2026-04-28,Delivered,Paid
SYSPO0010267,PO551796,SUP153872,WH233470,2026-03-12,2026-03-19,Delivered,Paid
SYSPO0010268,PO873704,SUP642717,WH801474,2026-06-12,2026-06-26,Delivered,Paid
SYSPO0010269,PO245127,SUP519904,WH237174,2025-10-15,2025-10-29,Delivered,Paid
SYSPO0010270,PO629824,SUP728492,WH771088,2026-07-18,2026-08-03,Delivered,Paid
SYSPO0010271,PO974629,SUP934794,WH526117,2025-09-17,2025-09-23,Delivered,Paid
SYSPO0010272,PO918212,SUP572387,WH460663,2026-05-02,2026-05-18,Delivered,Paid
SYSPO0010273,PO546495,SUP613425,WH422451,2025-10-15,2025-10-26,Delivered,Paid
SYSPO0010274,PO758576,SUP300337,WH324082,2025-11-11,2025-11-24,Delivered,Paid
SYSPO0010275,PO862727,SUP437408,WH532322,2025-11-27,2025-12-12,Delivered,Paid
SYSPO0010276,PO830840,SUP598216,WH356150,2026-02-02,2026-02-14,Delivered,Paid
SYSPO0010277,PO834776,SUP955662,WH237174,2026-04-18,2026-05-07,Delivered,Paid
SYSPO0010278,PO351919,SUP333238,WH816751,2026-08-03,2026-08-22,In Transit,Pending
SYSPO0010279,PO374716,SUP681343,WH237174,2025-09-03,2025-09-18,Delivered,Paid
SYSPO0010280,PO460744,SUP692683,WH690341,2026-04-10,2026-05-05,Delivered,Paid
SYSPO0010281,PO778034,SUP256294,WH205907,2026-01-28,2026-02-10,Delivered,Paid
SYSPO0010282,PO724149,SUP437408,WH832052,2026-07-29,2026-08-13,Processing,Pending
SYSPO0010283,PO983373,SUP877236,WH555884,2025-11-20,2025-11-27,Delivered,Paid
SYSPO0010284,PO168958,SUP681343,WH233470,2026-05-30,2026-06-14,Delivered,Paid
SYSPO0010285,PO235090,SUP990844,WH555884,2026-01-17,2026-02-05,Delayed,Pending
SYSPO0010286,PO701825,SUP459536,WH824586,2026-04-30,2026-05-14,Delivered,Paid
SYSPO0010287,PO697710,SUP690341,WH324082,2026-07-21,2026-07-26,Delivered,Paid
SYSPO0010288,PO645095,SUP260263,WH412942,2026-04-21,2026-04-28,Delivered,Paid
SYSPO0010289,PO964219,SUP350867,WH519066,2026-05-30,2026-06-14,Delivered,Paid
SYSPO0010290,PO503703,SUP614663,WH832052,2026-05-31,2026-06-17,Delivered,Paid
SYSPO0010291,PO305112,SUP768854,WH781453,2025-12-08,2025-12-25,Delivered,Paid
SYSPO0010292,PO103127,SUP733039,WH662336,2025-11-12,2025-11-28,Delivered,Paid
SYSPO0010293,PO451030,SUP260263,WH801474,2025-10-06,2025-10-13,Delivered,Paid
SYSPO0010294,PO476241,SUP757711,WH356150,2026-06-04,2026-06-09,Delivered,Pending
SYSPO0010295,PO881208,SUP259784,WH658582,2025-09-02,2025-09-09,Delayed,Pending
SYSPO0010296,PO687823,SUP690341,WH824586,2025-11-20,2025-11-25,Delivered,Paid
SYSPO0010297,PO145310,SUP890170,WH233470,2026-06-02,2026-06-09,Delivered,Paid
SYSPO0010298,PO438379,SUP216970,WH262316,2025-08-29,2025-09-17,Delayed,Pending
SYSPO0010299,PO524172,SUP259784,WH636265,2025-12-31,2026-01-07,Delivered,Paid
SYSPO0010300,PO901922,SUP437408,WH191161,2026-01-02,2026-01-17,Delivered,Paid
SYSPO0010301,PO919695,SUP671858,WH539589,2025-12-12,2025-12-28,Delivered,Paid
SYSPO0010302,PO487559,SUP385470,WH515011,2025-08-28,2025-09-17,Delivered,Paid
SYSPO0010303,PO775227,SUP871711,WH482364,2025-11-13,2025-11-23,Delivered,Paid
SYSPO0010304,PO562011,SUP260263,WH379766,2026-06-16,2026-06-23,Delivered,Paid
SYSPO0010305,PO176027,SUP349565,WH174441,2025-11-15,2025-12-11,Delivered,Paid
SYSPO0010306,PO850932,SUP335113,WH824586,2025-10-13,2025-10-24,Delivered,Paid
SYSPO0010307,PO251418,SUP133659,WH930555,2026-01-23,2026-02-10,Delivered,Paid
SYSPO0010308,PO792390,SUP881177,WH356150,2025-08-31,2025-09-14,Delivered,Paid
SYSPO0010309,PO925990,SUP121753,WH212235,2026-02-11,2026-02-22,Delivered,Paid
SYSPO0010310,PO958671,SUP321275,WH816751,2026-07-31,2026-08-07,Cancelled,Cancelled
SYSPO0010311,PO574160,SUP459536,WH322086,2025-10-21,2025-11-04,Delivered,Paid
SYSPO0010312,PO678580,SUP680099,WH422451,2026-03-30,2026-04-16,Delivered,Paid
SYSPO0010313,PO315222,SUP385470,WH808011,2026-01-04,2026-01-24,Delivered,Paid
SYSPO0010314,PO677992,SUP437902,WH690341,2025-10-13,2025-10-30,Delivered,Paid
SYSPO0010315,PO721309,SUP459536,WH539589,2026-04-12,2026-04-26,Delivered,Paid
SYSPO0010316,PO434936,SUP842411,WH356150,2026-02-12,2026-02-20,Delivered,Paid
SYSPO0010317,PO985521,SUP904150,WH930555,2025-09-16,2025-10-12,Delivered,Paid
SYSPO0010318,PO389564,SUP598216,WH922157,2025-09-29,2025-10-11,Delivered,Paid
SYSPO0010319,PO908409,SUP572700,WH526833,2026-03-02,2026-03-13,Delivered,Paid
SYSPO0010320,PO208560,SUP990844,WH324082,2026-05-30,2026-06-18,Delivered,Paid
SYSPO0010321,PO273448,SUP955662,WH233470,2026-01-19,2026-02-07,Delivered,Paid
SYSPO0010322,PO253205,SUP662275,WH690341,2025-10-28,2025-11-09,Delivered,Paid
SYSPO0010323,PO206040,SUP472060,WH829716,2026-03-31,2026-04-16,Delivered,Paid
SYSPO0010324,PO869178,SUP871711,WH356150,2026-04-11,2026-04-21,Delivered,Paid
SYSPO0010325,PO793464,SUP472060,WH654634,2025-09-15,2025-10-01,Delivered,Paid
SYSPO0010326,PO620358,SUP705397,WH212235,2026-07-25,2026-08-22,In Transit,Pending
SYSPO0010327,PO992343,SUP680099,WH656116,2026-01-23,2026-02-09,Delivered,Paid
SYSPO0010328,PO837579,SUP668532,WH771088,2026-05-09,2026-05-22,Delivered,Paid
SYSPO0010329,PO242107,SUP880879,WH539589,2025-11-13,2025-12-21,Delivered,Paid
SYSPO0010330,PO926159,SUP333238,WH930555,2025-09-14,2025-10-03,Delayed,Pending
SYSPO0010331,PO641342,SUP330914,WH820221,2025-08-18,2025-09-06,Delayed,Pending
SYSPO0010332,PO163279,SUP133659,WH958179,2025-09-02,2025-09-20,Delivered,Paid
SYSPO0010333,PO829804,SUP877236,WH686075,2025-09-01,2025-09-08,Delivered,Paid
SYSPO0010334,PO453642,SUP156213,WH781453,2026-03-14,2026-03-27,Delivered,Paid
SYSPO0010335,PO357674,SUP572700,WH429164,2026-05-14,2026-05-25,Delivered,Paid
SYSPO0010336,PO301493,SUP429164,WH690341,2025-11-10,2025-11-27,Delivered,Paid
SYSPO0010337,PO395227,SUP804318,WH379766,2026-06-02,2026-06-23,Delivered,Paid
SYSPO0010338,PO886397,SUP733039,WH329974,2026-01-25,2026-02-10,Delivered,Paid
SYSPO0010339,PO309415,SUP955662,WH479201,2025-08-12,2025-08-31,Delivered,Paid
SYSPO0010340,PO771815,SUP589710,WH322086,2026-07-19,2026-08-07,In Transit,Pending
SYSPO0010341,PO107768,SUP526117,WH380746,2026-02-14,2026-03-02,Delivered,Paid
SYSPO0010342,PO342675,SUP890170,WH808011,2025-10-01,2025-10-08,Delivered,Paid
SYSPO0010343,PO189951,SUP133659,WH377746,2026-04-15,2026-05-03,Delivered,Paid
SYSPO0010344,PO228254,SUP216970,WH656116,2026-04-10,2026-04-29,Delivered,Paid
SYSPO0010345,PO466819,SUP976325,WH808011,2025-08-05,2025-08-18,Delivered,Paid
SYSPO0010346,PO977972,SUP802729,WH820221,2026-08-02,2026-08-13,Processing,Pending
SYSPO0010347,PO452480,SUP802729,WH567574,2025-08-19,2025-08-30,Delivered,Paid
SYSPO0010348,PO928432,SUP335113,WH422451,2026-04-20,2026-05-01,Delivered,Paid
SYSPO0010349,PO432852,SUP688508,WH770487,2026-01-03,2026-01-13,Delivered,Paid
SYSPO0010350,PO420324,SUP733039,WH824586,2025-11-16,2025-12-02,Delivered,Paid
SYSPO0010351,PO802543,SUP614663,WH100425,2025-10-02,2025-10-19,Delivered,Paid
SYSPO0010352,PO262441,SUP322955,WH740967,2026-05-03,2026-05-16,Delivered,Pending
SYSPO0010353,PO502609,SUP728492,WH785197,2025-12-11,2025-12-27,Delivered,Paid
SYSPO0010354,PO375456,SUP608257,WH770487,2026-07-22,2026-08-07,In Transit,Pending
SYSPO0010355,PO981861,SUP597732,WH690341,2026-01-03,2026-01-29,Delivered,Pending
SYSPO0010356,PO211872,SUP335113,WH654634,2026-03-16,2026-03-27,Delivered,Paid
SYSPO0010357,PO856722,SUP880879,WH910891,2025-08-06,2025-09-13,Delivered,Paid
SYSPO0010358,PO394259,SUP519904,WH422451,2026-02-21,2026-03-07,Cancelled,Cancelled
SYSPO0010359,PO218616,SUP589710,WH662336,2026-05-06,2026-05-25,Delivered,Paid
SYSPO0010360,PO293896,SUP871711,WH262316,2026-08-05,2026-08-15,In Transit,Pending
SYSPO0010361,PO601354,SUP664607,WH636265,2026-05-31,2026-07-03,Delayed,Pending
SYSPO0010362,PO796034,SUP597732,WH174441,2026-02-11,2026-03-09,Delivered,Pending
SYSPO0010363,PO124680,SUP240814,WH532322,2026-02-06,2026-02-12,Delivered,Paid
SYSPO0010364,PO518907,SUP801364,WH662336,2026-01-21,2026-02-12,Delivered,Paid
SYSPO0010365,PO571732,SUP497382,WH539589,2026-01-08,2026-01-26,Delivered,Paid
SYSPO0010366,PO917654,SUP449499,WH112038,2026-06-28,2026-07-03,Delivered,Paid
SYSPO0010367,PO569587,SUP639593,WH380746,2026-05-14,2026-05-21,Delivered,Paid
SYSPO0010368,PO276048,SUP733039,WH829716,2026-06-04,2026-06-20,Delivered,Paid
SYSPO0010369,PO530836,SUP322955,WH112038,2026-06-16,2026-06-29,Delivered,Paid
SYSPO0010370,PO211106,SUP965845,WH460663,2026-06-06,2026-06-13,Delivered,Paid
SYSPO0010371,PO473482,SUP333238,WH356150,2025-09-01,2025-09-20,Delivered,Paid
SYSPO0010372,PO984330,SUP680099,WH100425,2026-03-02,2026-03-19,Delivered,Paid
SYSPO0010373,PO249305,SUP385470,WH829716,2025-10-31,2025-11-20,Delayed,Pending
SYSPO0010374,PO697603,SUP842411,WH324082,2025-08-06,2025-08-14,Delivered,Paid
SYSPO0010375,PO901067,SUP608257,WH658582,2026-01-01,2026-01-17,Delivered,Paid
SYSPO0010376,PO177993,SUP437408,WH910891,2026-04-29,2026-05-14,Delayed,Pending
SYSPO0010377,PO751642,SUP265080,WH820221,2026-06-18,2026-07-04,Delivered,Paid
SYSPO0010378,PO710496,SUP300337,WH322086,2026-06-03,2026-06-16,Delivered,Paid
SYSPO0010379,PO652654,SUP459536,WH922157,2026-02-08,2026-02-22,Delivered,Paid
SYSPO0010380,PO223421,SUP245051,WH824586,2025-09-21,2025-10-12,Delivered,Paid
SYSPO0010381,PO711212,SUP696750,WH922157,2026-03-13,2026-03-20,Delayed,Pending
SYSPO0010382,PO437606,SUP890170,WH262316,2026-02-28,2026-03-07,Delayed,Pending
SYSPO0010383,PO110971,SUP322955,WH100425,2026-08-03,2026-08-16,In Transit,Pending
SYSPO0010384,PO522793,SUP871711,WH100425,2025-12-22,2026-01-01,Delivered,Paid
SYSPO0010385,PO663845,SUP572700,WH808011,2025-12-12,2025-12-23,Delivered,Paid
SYSPO0010386,PO567643,SUP690341,WH274389,2026-04-26,2026-05-01,Delivered,Paid
SYSPO0010387,PO463222,SUP614663,WH519066,2025-11-30,2025-12-17,Cancelled,Cancelled
SYSPO0010388,PO777522,SUP989545,WH380746,2026-01-07,2026-01-23,Delivered,Pending
SYSPO0010389,PO621896,SUP891937,WH636265,2025-08-26,2025-09-23,Delivered,Paid
SYSPO0010390,PO868918,SUP256294,WH740967,2026-04-07,2026-04-20,Delivered,Paid
SYSPO0010391,PO278242,SUP589710,WH930555,2026-04-13,2026-05-02,Delivered,Paid
SYSPO0010392,PO314842,SUP870763,WH636265,2025-09-09,2025-09-25,Delivered,Paid
SYSPO0010393,PO664902,SUP302511,WH112038,2025-12-24,2026-01-11,Delivered,Paid
SYSPO0010394,PO664727,SUP802729,WH526117,2026-02-28,2026-03-11,Delivered,Paid
SYSPO0010395,PO613571,SUP265080,WH829716,2026-07-02,2026-07-18,Delivered,Paid
SYSPO0010396,PO402224,SUP965845,WH532322,2025-12-15,2025-12-22,Delivered,Paid
SYSPO0010397,PO834277,SUP870763,WH324082,2025-09-05,2025-09-21,Delivered,Pending
SYSPO0010398,PO773415,SUP671858,WH377746,2026-06-27,2026-07-13,Delivered,Paid
SYSPO0010399,PO209633,SUP688508,WH112038,2026-01-30,2026-02-09,Delivered,Paid
SYSPO0010400,PO959274,SUP972335,WH958179,2026-05-27,2026-07-04,Delivered,Paid
SYSPO0010401,PO763679,SUP899213,WH233470,2026-05-29,2026-06-16,Delivered,Paid
SYSPO0010402,PO946364,SUP642717,WH771088,2025-11-25,2025-12-09,Delivered,Paid
SYSPO0010403,PO599317,SUP904150,WH642717,2026-04-13,2026-05-09,Delivered,Paid
SYSPO0010404,PO491413,SUP265080,WH274389,2025-10-22,2025-11-07,Cancelled,Cancelled
SYSPO0010405,PO120665,SUP259784,WH262316,2025-10-12,2025-10-19,Delivered,Paid
SYSPO0010406,PO209397,SUP497887,WH274389,2026-03-08,2026-03-26,Delivered,Paid
SYSPO0010407,PO213710,SUP801364,WH532322,2025-08-20,2025-09-11,Delivered,Paid
SYSPO0010408,PO824201,SUP671858,WH460663,2026-01-01,2026-01-17,Delivered,Paid
SYSPO0010409,PO777102,SUP705397,WH379766,2026-04-18,2026-05-16,Delivered,Paid
SYSPO0010410,PO402742,SUP881177,WH922157,2025-10-18,2025-11-01,Delivered,Paid
SYSPO0010411,PO781661,SUP211764,WH262316,2025-11-29,2025-12-16,Delivered,Paid
SYSPO0010412,PO382760,SUP384076,WH479201,2026-05-02,2026-05-17,Delivered,Paid
SYSPO0010413,PO920099,SUP681343,WH808011,2026-01-03,2026-01-18,Delivered,Paid
SYSPO0010414,PO103699,SUP273982,WH636265,2026-07-19,2026-08-04,Delivered,Paid
SYSPO0010415,PO269798,SUP608257,WH262316,2025-09-15,2025-10-01,Delivered,Pending
SYSPO0010416,PO819919,SUP153872,WH555884,2026-04-06,2026-04-13,Delivered,Paid
SYSPO0010417,PO753167,SUP335615,WH824586,2026-04-29,2026-05-05,Delivered,Paid
SYSPO0010418,PO135179,SUP427110,WH379766,2025-12-22,2026-01-09,Delivered,Pending
SYSPO0010419,PO870453,SUP890170,WH997546,2026-02-09,2026-02-16,Delivered,Paid
SYSPO0010420,PO927556,SUP733039,WH274389,2025-09-06,2025-09-22,Delivered,Paid
SYSPO0010421,PO464248,SUP871711,WH322086,2026-07-14,2026-07-24,Delivered,Paid
SYSPO0010422,PO219028,SUP696750,WH100425,2026-04-07,2026-04-14,Delayed,Pending
SYSPO0010423,PO385768,SUP613425,WH262316,2026-01-22,2026-02-02,Delivered,Paid
SYSPO0010424,PO377229,SUP899213,WH642717,2026-05-17,2026-06-04,Delivered,Paid
SYSPO0010425,PO933368,SUP946305,WH930555,2025-10-17,2025-11-14,Delivered,Paid
SYSPO0010426,PO883012,SUP920652,WH820221,2025-09-28,2025-10-21,Delivered,Paid
SYSPO0010427,PO356851,SUP307428,WH532322,2025-08-18,2025-08-29,Delivered,Paid
SYSPO0010428,PO970628,SUP736059,WH356150,2025-10-18,2025-11-01,Delivered,Paid
SYSPO0010429,PO931189,SUP335615,WH922157,2025-08-14,2025-08-20,Delivered,Paid
SYSPO0010430,PO551317,SUP321275,WH429164,2026-05-11,2026-05-18,Delivered,Paid
SYSPO0010431,PO322084,SUP427110,WH380746,2026-03-23,2026-04-10,Delivered,Paid
SYSPO0010432,PO148943,SUP972064,WH785197,2025-11-05,2025-11-23,Delivered,Paid
SYSPO0010433,PO577553,SUP240814,WH205907,2026-02-10,2026-02-16,Delivered,Paid
SYSPO0010434,PO747913,SUP755788,WH781453,2026-01-02,2026-01-27,Delayed,Pending
SYSPO0010435,PO869520,SUP595631,WH539589,2025-08-29,2025-09-23,Delivered,Paid
SYSPO0010436,PO516815,SUP965845,WH532322,2026-06-08,2026-06-15,Delivered,Pending
SYSPO0010437,PO824516,SUP302511,WH274389,2026-03-02,2026-03-20,Delivered,Paid
SYSPO0010438,PO323792,SUP350867,WH824586,2026-04-11,2026-04-26,Delivered,Paid
SYSPO0010439,PO166836,SUP870763,WH233470,2025-12-02,2025-12-18,Delivered,Paid
SYSPO0010440,PO708734,SUP887625,WH997546,2026-02-15,2026-02-28,Delayed,Pending
SYSPO0010441,PO481796,SUP335113,WH824586,2026-02-28,2026-03-11,Delivered,Paid
SYSPO0010442,PO382863,SUP350867,WH662336,2026-06-24,2026-07-09,Delivered,Paid
SYSPO0010443,PO353917,SUP705397,WH379766,2026-06-16,2026-07-14,Delivered,Paid
SYSPO0010444,PO675551,SUP372793,WH324082,2026-01-26,2026-02-09,Delivered,Paid
SYSPO0010445,PO847538,SUP437408,WH100425,2025-08-11,2025-08-26,Delivered,Paid
SYSPO0010446,PO440663,SUP179046,WH785197,2025-08-19,2025-09-08,Delivered,Paid
SYSPO0010447,PO790685,SUP595631,WH377746,2025-12-14,2026-01-08,Delivered,Paid
SYSPO0010448,PO802900,SUP972064,WH191161,2025-08-26,2025-09-13,Delivered,Paid
SYSPO0010449,PO894689,SUP459536,WH599948,2025-12-14,2025-12-28,Delivered,Paid
SYSPO0010450,PO256044,SUP965845,WH654634,2026-06-06,2026-06-13,Delivered,Pending
SYSPO0010451,PO376339,SUP965845,WH237174,2026-05-12,2026-05-19,Delivered,Paid
SYSPO0010452,PO378065,SUP976325,WH237174,2025-08-21,2025-09-03,Delivered,Paid
SYSPO0010453,PO792306,SUP608257,WH322086,2026-01-09,2026-01-25,Delivered,Paid
SYSPO0010454,PO315571,SUP437408,WH322086,2025-09-19,2025-10-04,Delivered,Paid
SYSPO0010455,PO573016,SUP925981,WH829716,2025-10-26,2025-11-13,Delayed,Pending
SYSPO0010456,PO799974,SUP664607,WH930555,2026-06-14,2026-07-17,Delivered,Paid
SYSPO0010457,PO110076,SUP802729,WH824586,2026-04-15,2026-04-26,Delivered,Paid
SYSPO0010458,PO190619,SUP804318,WH515011,2026-04-21,2026-05-12,Cancelled,Cancelled
SYSPO0010459,PO524253,SUP449499,WH460663,2026-02-24,2026-03-01,Delivered,Paid
SYSPO0010460,PO295177,SUP990844,WH515011,2026-01-30,2026-02-18,Delivered,Paid
SYSPO0010461,PO953778,SUP349565,WH429164,2026-08-05,2026-08-31,In Transit,Pending
SYSPO0010462,PO464527,SUP273982,WH324082,2026-04-25,2026-05-11,Delivered,Paid
SYSPO0010463,PO709977,SUP256294,WH422451,2026-07-08,2026-07-21,Delivered,Paid
SYSPO0010464,PO252917,SUP725084,WH801474,2026-07-10,2026-07-27,Delivered,Paid
SYSPO0010465,PO358749,SUP842411,WH555884,2026-03-01,2026-03-09,Delivered,Paid
SYSPO0010466,PO601645,SUP650121,WH824586,2025-10-01,2025-10-07,Delivered,Paid
SYSPO0010467,PO269655,SUP865990,WH567574,2026-05-19,2026-06-09,Delivered,Paid
SYSPO0010468,PO981487,SUP300896,WH801474,2026-03-17,2026-03-25,Cancelled,Cancelled
SYSPO0010469,PO713738,SUP446954,WH324082,2025-11-03,2025-11-13,Delivered,Paid
SYSPO0010470,PO310787,SUP955662,WH526833,2026-07-30,2026-08-18,Processing,Pending
SYSPO0010471,PO636078,SUP804318,WH555884,2025-09-01,2025-09-22,Delivered,Paid
SYSPO0010472,PO765340,SUP260263,WH808011,2025-08-19,2025-08-26,Delivered,Paid
SYSPO0010473,PO775754,SUP890170,WH356150,2026-05-17,2026-05-24,Cancelled,Cancelled
SYSPO0010474,PO717444,SUP285652,WH785197,2025-09-28,2025-10-29,Delivered,Paid
SYSPO0010475,PO295471,SUP179046,WH740967,2026-02-10,2026-03-02,Delivered,Paid
SYSPO0010476,PO825534,SUP865990,WH808011,2026-04-15,2026-05-06,Cancelled,Cancelled
SYSPO0010477,PO593186,SUP624902,WH997546,2025-08-12,2025-08-25,Delivered,Paid
SYSPO0010478,PO332905,SUP946305,WH380746,2026-02-04,2026-03-04,Delivered,Paid
SYSPO0010479,PO326408,SUP865990,WH801474,2026-07-23,2026-08-13,In Transit,Pending
SYSPO0010480,PO623051,SUP733039,WH656116,2026-07-27,2026-08-12,In Transit,Pending
SYSPO0010481,PO250869,SUP372793,WH642717,2026-04-02,2026-04-16,Delivered,Paid
SYSPO0010482,PO391841,SUP523389,WH816751,2025-08-22,2025-09-07,Delivered,Paid
SYSPO0010483,PO232080,SUP472060,WH112038,2025-11-07,2025-11-23,Delivered,Paid
SYSPO0010484,PO866469,SUP642717,WH997546,2026-05-04,2026-05-18,Delivered,Paid
SYSPO0010485,PO424403,SUP880879,WH212235,2026-04-13,2026-05-21,Delivered,Paid
SYSPO0010486,PO189624,SUP459536,WH356150,2025-09-24,2025-10-08,Delivered,Paid
SYSPO0010487,PO799479,SUP302511,WH112038,2025-08-10,2025-08-28,Delayed,Pending
SYSPO0010488,PO126691,SUP842411,WH526117,2025-10-10,2025-10-18,Delivered,Paid
SYSPO0010489,PO120355,SUP446954,WH237174,2026-04-07,2026-04-17,Delivered,Paid
SYSPO0010490,PO381739,SUP671858,WH686075,2025-08-24,2025-09-09,Delivered,Paid
SYSPO0010491,PO731550,SUP372793,WH329974,2026-07-22,2026-08-05,Delivered,Paid
SYSPO0010492,PO822998,SUP576086,WH322086,2025-12-02,2025-12-08,Delivered,Paid
SYSPO0010493,PO430693,SUP829308,WH808011,2026-06-19,2026-06-27,Delivered,Paid
SYSPO0010494,PO511410,SUP904150,WH662336,2026-06-09,2026-07-05,Delivered,Paid
SYSPO0010495,PO564089,SUP221263,WH519066,2025-09-11,2025-10-05,Delivered,Paid
SYSPO0010496,PO454682,SUP179046,WH377746,2026-01-29,2026-02-18,Delayed,Pending
SYSPO0010497,PO542586,SUP459536,WH910891,2026-03-30,2026-04-13,Delivered,Pending
SYSPO0010498,PO973719,SUP446954,WH829716,2025-10-10,2025-10-20,Delivered,Paid
SYSPO0010499,PO546793,SUP486945,WH582662,2026-06-25,2026-07-18,Delayed,Pending
SYSPO0010500,PO968159,SUP668532,WH526833,2026-03-22,2026-04-04,Delivered,Paid
SYSPO0010501,PO514308,SUP801364,WH429164,2025-08-29,2025-09-20,Delayed,Pending
SYSPO0010502,PO813238,SUP184491,WH658582,2026-06-18,2026-07-20,Delivered,Paid
SYSPO0010503,PO790335,SUP121753,WH922157,2026-06-18,2026-06-29,Delivered,Paid
SYSPO0010504,PO711268,SUP273982,WH237174,2025-09-15,2025-10-01,Delivered,Paid
SYSPO0010505,PO482673,SUP650121,WH997546,2025-09-18,2025-09-24,Delivered,Paid
SYSPO0010506,PO828823,SUP871711,WH262316,2026-02-14,2026-02-24,Delayed,Pending
SYSPO0010507,PO496589,SUP349565,WH482364,2026-03-24,2026-04-19,Delivered,Paid
SYSPO0010508,PO478186,SUP576086,WH380746,2026-06-11,2026-06-17,Delivered,Paid
SYSPO0010509,PO725942,SUP972064,WH526833,2026-04-01,2026-04-19,Delayed,Pending
SYSPO0010510,PO564329,SUP265080,WH112038,2025-10-29,2025-11-14,Delivered,Paid
SYSPO0010511,PO388084,SUP335113,WH824586,2025-08-29,2025-09-09,Delivered,Paid
SYSPO0010512,PO819619,SUP427110,WH656116,2026-06-13,2026-07-01,Delivered,Paid
SYSPO0010513,PO873799,SUP429164,WH781453,2025-10-22,2025-11-08,Delivered,Pending
SYSPO0010514,PO411173,SUP330914,WH958179,2026-01-17,2026-02-05,Delivered,Paid
SYSPO0010515,PO621615,SUP989545,WH829716,2025-12-14,2025-12-30,Delivered,Paid
SYSPO0010516,PO255099,SUP285652,WH482364,2026-06-16,2026-07-17,Delivered,Paid
SYSPO0010517,PO237562,SUP608257,WH377746,2026-06-25,2026-07-11,Delivered,Paid
SYSPO0010518,PO301115,SUP256294,WH322086,2026-05-18,2026-05-31,Delivered,Paid
SYSPO0010519,PO704335,SUP300896,WH555884,2026-04-25,2026-05-03,Delayed,Pending
SYSPO0010520,PO313912,SUP153872,WH322086,2026-01-08,2026-01-15,Delivered,Paid
SYSPO0010521,PO719625,SUP197251,WH770487,2025-12-08,2025-12-15,Delivered,Paid
SYSPO0010522,PO630701,SUP597732,WH658582,2025-09-20,2025-10-16,Delivered,Paid
SYSPO0010523,PO429329,SUP736059,WH373903,2026-04-27,2026-05-11,Delivered,Pending
SYSPO0010524,PO433265,SUP802729,WH997546,2026-03-16,2026-03-27,Delivered,Paid
SYSPO0010525,PO409075,SUP300896,WH422451,2026-03-05,2026-03-13,Delivered,Paid
SYSPO0010526,PO763524,SUP265080,WH690341,2025-09-27,2025-10-13,Delivered,Paid
SYSPO0010527,PO305097,SUP427110,WH582662,2025-12-07,2025-12-25,Delivered,Paid
SYSPO0010528,PO373121,SUP664607,WH567574,2026-06-25,2026-07-28,Delivered,Paid
SYSPO0010529,PO274456,SUP668532,WH801474,2026-06-09,2026-06-22,Delivered,Paid
SYSPO0010530,PO699202,SUP449499,WH656116,2025-10-26,2025-10-31,Delivered,Paid
SYSPO0010531,PO665605,SUP920652,WH379766,2026-05-28,2026-06-20,Delivered,Paid
SYSPO0010532,PO367079,SUP891937,WH191161,2025-08-22,2025-09-19,Delivered,Paid
SYSPO0010533,PO637103,SUP427110,WH829716,2026-03-23,2026-04-10,Delivered,Paid
SYSPO0010534,PO700733,SUP728492,WH373903,2025-10-11,2025-10-27,Delivered,Paid
SYSPO0010535,PO189420,SUP802729,WH808011,2025-12-13,2025-12-24,Delivered,Paid
SYSPO0010536,PO734437,SUP664607,WH820221,2025-08-29,2025-10-01,Delivered,Paid
SYSPO0010537,PO538545,SUP449499,WH100425,2025-09-20,2025-09-25,Delivered,Paid
SYSPO0010538,PO554681,SUP662275,WH274389,2025-11-19,2025-12-01,Delivered,Paid
SYSPO0010539,PO989929,SUP497382,WH801474,2025-09-28,2025-10-16,Delivered,Paid
SYSPO0010540,PO434199,SUP221263,WH324082,2026-05-26,2026-06-19,Delivered,Paid
SYSPO0010541,PO888886,SUP420214,WH808011,2026-01-13,2026-01-26,Delivered,Paid
SYSPO0010542,PO182027,SUP736059,WH785197,2025-10-09,2025-10-23,Delivered,Paid
SYSPO0010543,PO734886,SUP664607,WH429164,2026-05-02,2026-06-04,Delayed,Pending
SYSPO0010544,PO282535,SUP920652,WH781453,2025-12-26,2026-01-18,Delivered,Paid
SYSPO0010545,PO417275,SUP728492,WH785197,2026-03-07,2026-03-23,Delivered,Paid
SYSPO0010546,PO247248,SUP801364,WH526833,2025-10-08,2025-10-30,Delivered,Paid
SYSPO0010547,PO193399,SUP378361,WH740967,2026-01-22,2026-02-27,Delivered,Paid
SYSPO0010548,PO210849,SUP344098,WH429164,2025-11-07,2025-11-23,Delivered,Paid
SYSPO0010549,PO763546,SUP725084,WH237174,2026-07-30,2026-08-16,In Transit,Pending
SYSPO0010550,PO685314,SUP322955,WH658582,2026-03-19,2026-04-01,Delivered,Paid
SYSPO0010551,PO916981,SUP990844,WH808011,2025-08-20,2025-09-08,Delivered,Paid
SYSPO0010552,PO226544,SUP613425,WH958179,2025-09-25,2025-10-06,Delayed,Pending
SYSPO0010553,PO101269,SUP597732,WH642717,2025-09-12,2025-10-08,Delivered,Paid
SYSPO0010554,PO840297,SUP256294,WH820221,2026-06-08,2026-06-21,Delivered,Paid
SYSPO0010555,PO151236,SUP829308,WH422451,2026-06-30,2026-07-08,Delivered,Paid
SYSPO0010556,PO599925,SUP245051,WH237174,2026-04-07,2026-04-28,Delivered,Paid
SYSPO0010557,PO160205,SUP802729,WH567574,2026-03-30,2026-04-10,Delivered,Paid
SYSPO0010558,PO792142,SUP260263,WH922157,2025-12-29,2026-01-05,Delivered,Paid
SYSPO0010559,PO866763,SUP378361,WH816751,2026-06-03,2026-07-09,Delivered,Paid
SYSPO0010560,PO631723,SUP153872,WH233470,2025-10-05,2025-10-12,Delivered,Paid
SYSPO0010561,PO749764,SUP662275,WH820221,2025-08-11,2025-08-23,Delivered,Paid
SYSPO0010562,PO423672,SUP891937,WH781453,2026-07-12,2026-08-09,Processing,Pending
SYSPO0010563,PO816311,SUP768854,WH532322,2026-02-10,2026-02-27,Delivered,Paid
SYSPO0010564,PO912878,SUP153872,WH930555,2025-09-05,2025-09-12,Delivered,Paid
SYSPO0010565,PO510841,SUP486945,WH781453,2025-08-07,2025-08-30,Delivered,Paid
SYSPO0010566,PO382871,SUP378361,WH539589,2025-08-07,2025-09-12,Delivered,Paid
SYSPO0010567,PO285215,SUP427110,WH801474,2025-10-13,2025-10-31,Delivered,Paid
SYSPO0010568,PO946867,SUP688508,WH112038,2026-07-30,2026-08-09,In Transit,Pending
SYSPO0010569,PO767860,SUP664607,WH930555,2025-09-08,2025-10-11,Delivered,Pending
SYSPO0010570,PO734907,SUP221263,WH997546,2026-05-06,2026-05-30,Delayed,Pending
SYSPO0010571,PO545635,SUP437408,WH781453,2026-04-15,2026-04-30,Delivered,Paid
SYSPO0010572,PO789253,SUP356150,WH112038,2026-03-23,2026-04-10,Delivered,Paid
SYSPO0010573,PO941081,SUP608257,WH567574,2026-07-15,2026-07-31,Delivered,Paid
SYSPO0010574,PO645793,SUP513160,WH373903,2025-11-23,2025-12-17,Delivered,Paid
SYSPO0010575,PO708580,SUP865990,WH582662,2026-01-13,2026-02-03,Delivered,Paid
SYSPO0010576,PO329993,SUP871711,WH539589,2026-05-01,2026-05-11,Delivered,Paid
SYSPO0010577,PO266606,SUP955662,WH922157,2026-06-14,2026-07-03,Delivered,Paid
SYSPO0010578,PO134786,SUP519093,WH958179,2026-06-08,2026-06-24,Delivered,Paid
SYSPO0010579,PO249532,SUP486945,WH824586,2026-06-01,2026-06-24,Cancelled,Cancelled
SYSPO0010580,PO123687,SUP618392,WH642717,2026-02-05,2026-02-18,Delivered,Paid
SYSPO0010581,PO824280,SUP920652,WH356150,2026-04-30,2026-05-23,Delayed,Pending
SYSPO0010582,PO310826,SUP839677,WH205907,2025-09-23,2025-10-10,Delivered,Paid
SYSPO0010583,PO953022,SUP519904,WH567574,2025-10-24,2025-11-07,Delivered,Pending
SYSPO0010584,PO563011,SUP692683,WH816751,2025-09-29,2025-10-24,Delivered,Paid
SYSPO0010585,PO129526,SUP216970,WH654634,2026-04-10,2026-04-29,Delivered,Paid
SYSPO0010586,PO203240,SUP333238,WH526833,2025-11-18,2025-12-07,Cancelled,Cancelled
SYSPO0010587,PO277819,SUP934794,WH329974,2026-02-24,2026-03-02,Delivered,Paid
SYSPO0010588,PO861675,SUP680099,WH785197,2026-01-26,2026-02-12,Delivered,Paid
SYSPO0010589,PO152294,SUP429164,WH930555,2026-01-12,2026-01-29,Delivered,Paid
SYSPO0010590,PO962899,SUP639593,WH801474,2025-11-05,2025-11-12,Delivered,Paid
SYSPO0010591,PO104585,SUP526117,WH212235,2026-08-04,2026-08-20,In Transit,Pending
SYSPO0010592,PO167135,SUP307428,WH997546,2025-10-11,2025-10-22,Delivered,Paid
SYSPO0010593,PO986930,SUP335615,WH100425,2026-03-30,2026-04-05,Delivered,Paid
SYSPO0010594,PO488124,SUP322955,WH582662,2026-04-30,2026-05-13,Delivered,Paid
SYSPO0010595,PO748054,SUP865990,WH429164,2025-08-19,2025-09-09,Delivered,Paid
SYSPO0010596,PO836359,SUP598216,WH324082,2026-03-24,2026-04-05,Delivered,Paid
SYSPO0010597,PO243028,SUP972064,WH329974,2025-10-13,2025-10-31,Delivered,Paid
SYSPO0010598,PO914576,SUP765095,WH820221,2026-05-10,2026-06-14,Delivered,Paid
SYSPO0010599,PO698455,SUP668532,WH329974,2026-02-15,2026-02-28,Delivered,Paid
SYSPO0010600,PO155645,SUP197251,WH205907,2026-03-30,2026-04-06,Delivered,Paid
SYSPO0010601,PO933249,SUP618392,WH482364,2025-09-08,2025-09-21,Delivered,Paid
SYSPO0010602,PO999363,SUP349565,WH376807,2026-04-05,2026-05-01,Delivered,Paid
SYSPO0010603,PO880424,SUP680099,WH930555,2026-06-21,2026-07-08,Delivered,Paid
SYSPO0010604,PO608899,SUP813536,WH212235,2026-06-04,2026-06-25,Delivered,Pending
SYSPO0010605,PO313794,SUP378361,WH460663,2025-11-29,2026-01-04,Delivered,Paid
SYSPO0010606,PO843097,SUP688508,WH233470,2025-12-18,2025-12-28,Delayed,Pending
SYSPO0010607,PO575932,SUP572387,WH373903,2026-01-14,2026-01-30,Delivered,Paid
SYSPO0010608,PO204723,SUP904150,WH460663,2025-08-06,2025-09-01,Delivered,Paid
SYSPO0010609,PO554907,SUP733039,WH582662,2026-03-09,2026-03-25,Delivered,Paid
SYSPO0010610,PO653736,SUP221263,WH112038,2025-11-04,2025-11-28,Delivered,Paid
SYSPO0010611,PO807958,SUP273982,WH380746,2025-10-18,2025-11-03,Delivered,Paid
SYSPO0010612,PO163696,SUP804318,WH412942,2025-09-19,2025-10-10,Delayed,Pending
SYSPO0010613,PO667979,SUP733039,WH429164,2026-02-26,2026-03-14,Delivered,Paid
SYSPO0010614,PO602957,SUP384076,WH429164,2025-09-11,2025-09-26,Delivered,Paid
SYSPO0010615,PO931600,SUP765095,WH740967,2026-04-02,2026-05-07,Delivered,Paid
SYSPO0010616,PO475083,SUP437408,WH539589,2025-12-23,2026-01-07,Delivered,Paid
SYSPO0010617,PO735147,SUP608257,WH785197,2026-07-06,2026-07-22,Delivered,Paid
SYSPO0010618,PO293794,SUP871711,WH654634,2026-05-27,2026-06-06,Delivered,Paid
SYSPO0010619,PO270436,SUP572387,WH379766,2026-03-02,2026-03-18,Delivered,Paid
SYSPO0010620,PO836509,SUP197251,WH205907,2026-02-18,2026-02-25,Delayed,Pending
SYSPO0010621,PO336431,SUP449499,WH567574,2025-10-29,2025-11-03,Delivered,Paid
SYSPO0010622,PO436358,SUP429164,WH373903,2026-02-01,2026-02-18,Delivered,Paid
SYSPO0010623,PO300537,SUP865990,WH100425,2026-05-31,2026-06-21,Delivered,Paid
SYSPO0010624,PO745622,SUP904150,WH567574,2026-04-05,2026-05-01,Delivered,Pending
SYSPO0010625,PO920199,SUP904150,WH785197,2026-04-18,2026-05-14,Delivered,Paid
SYSPO0010626,PO330874,SUP384076,WH656116,2025-10-24,2025-11-08,Delayed,Pending
SYSPO0010627,PO502651,SUP437902,WH380746,2025-11-20,2025-12-07,Delivered,Paid
SYSPO0010628,PO802383,SUP265080,WH662336,2025-08-25,2025-09-10,Delivered,Paid
SYSPO0010629,PO510213,SUP459536,WH922157,2025-10-19,2025-11-02,Delivered,Paid
SYSPO0010630,PO479787,SUP755788,WH379766,2025-09-17,2025-10-12,Delivered,Paid
SYSPO0010631,PO101693,SUP121753,WH422451,2026-06-10,2026-06-21,Delayed,Pending
SYSPO0010632,PO826239,SUP197251,WH429164,2025-10-01,2025-10-08,Delivered,Paid
SYSPO0010633,PO990469,SUP757711,WH356150,2026-04-28,2026-05-03,Delivered,Paid
SYSPO0010634,PO159708,SUP572700,WH262316,2026-06-28,2026-07-09,Delivered,Paid
SYSPO0010635,PO997035,SUP356150,WH519066,2026-07-24,2026-08-11,In Transit,Pending
SYSPO0010636,PO241209,SUP497382,WH567574,2026-02-05,2026-02-23,Delivered,Paid
SYSPO0010637,PO745233,SUP446954,WH112038,2026-02-14,2026-02-24,Delivered,Paid
SYSPO0010638,PO757581,SUP972335,WH599948,2025-10-12,2025-11-19,Cancelled,Cancelled
SYSPO0010639,PO318946,SUP801364,WH237174,2025-10-06,2025-10-28,Delivered,Paid
SYSPO0010640,PO340702,SUP259784,WH205907,2026-04-22,2026-04-29,Delivered,Paid
SYSPO0010641,PO257476,SUP333238,WH526117,2026-07-29,2026-08-17,In Transit,Pending
SYSPO0010642,PO957260,SUP877236,WH532322,2025-08-21,2025-08-28,Delivered,Pending
SYSPO0010643,PO263327,SUP260263,WH212235,2025-08-25,2025-09-01,Delivered,Paid
SYSPO0010644,PO899678,SUP877236,WH922157,2026-04-12,2026-04-19,Delivered,Paid
SYSPO0010645,PO317944,SUP285652,WH740967,2025-12-24,2026-01-24,Delivered,Paid
SYSPO0010646,PO505930,SUP692683,WH329974,2025-11-23,2025-12-18,Delivered,Paid
SYSPO0010647,PO272210,SUP572700,WH654634,2025-10-25,2025-11-05,Delivered,Paid
SYSPO0010648,PO324483,SUP870763,WH642717,2026-01-20,2026-02-05,Delivered,Paid
SYSPO0010649,PO285685,SUP664607,WH930555,2025-11-10,2025-12-13,Delayed,Pending
SYSPO0010650,PO517082,SUP153872,WH274389,2025-12-12,2025-12-19,Delivered,Paid
SYSPO0010651,PO860609,SUP260263,WH212235,2026-04-01,2026-04-08,Cancelled,Cancelled
SYSPO0010652,PO869617,SUP595631,WH212235,2026-06-13,2026-07-08,Delivered,Paid
SYSPO0010653,PO482184,SUP692683,WH922157,2026-07-16,2026-08-10,Processing,Pending
SYSPO0010654,PO305489,SUP449499,WH262316,2026-05-26,2026-05-31,Delivered,Pending
SYSPO0010655,PO283893,SUP904150,WH567574,2026-01-27,2026-02-22,Delayed,Pending
SYSPO0010656,PO907034,SUP804318,WH832052,2025-08-21,2025-09-11,Delivered,Pending
SYSPO0010657,PO558194,SUP446954,WH567574,2025-09-14,2025-09-24,Delivered,Paid
SYSPO0010658,PO620787,SUP946305,WH740967,2026-05-19,2026-06-16,Delivered,Paid
SYSPO0010659,PO483103,SUP842411,WH233470,2025-08-25,2025-09-02,Delivered,Paid
SYSPO0010660,PO533647,SUP513160,WH379766,2026-07-30,2026-08-23,Processing,Pending
SYSPO0010661,PO492226,SUP733039,WH429164,2026-03-01,2026-03-17,Delivered,Paid
SYSPO0010662,PO984263,SUP705397,WH379766,2025-10-12,2025-11-09,Delivered,Paid
SYSPO0010663,PO273740,SUP350867,WH377746,2025-10-05,2025-10-20,Delivered,Paid
SYSPO0010664,PO148639,SUP513160,WH112038,2026-06-06,2026-06-30,Delivered,Paid
SYSPO0010665,PO980029,SUP955662,WH379766,2025-08-16,2025-09-04,Delivered,Paid
SYSPO0010666,PO838325,SUP391668,WH519066,2026-02-09,2026-02-22,Cancelled,Cancelled
SYSPO0010667,PO410116,SUP350867,WH479201,2026-02-20,2026-03-07,Delivered,Paid
SYSPO0010668,PO937419,SUP877236,WH519066,2025-09-19,2025-09-26,Delivered,Paid
SYSPO0010669,PO283271,SUP804318,WH515011,2025-09-01,2025-09-22,Delivered,Paid
SYSPO0010670,PO113114,SUP934794,WH656116,2026-07-18,2026-07-24,Delivered,Paid
SYSPO0010671,PO833939,SUP523389,WH781453,2025-11-04,2025-11-20,Delayed,Pending
SYSPO0010672,PO240944,SUP513160,WH460663,2026-05-12,2026-06-05,Delivered,Paid
SYSPO0010673,PO407908,SUP420214,WH824586,2026-01-24,2026-02-06,Delivered,Paid
SYSPO0010674,PO196060,SUP972064,WH526833,2026-03-23,2026-04-10,Delivered,Paid
SYSPO0010675,PO444778,SUP322955,WH958179,2026-03-18,2026-03-31,Delivered,Paid
SYSPO0010676,PO865593,SUP133659,WH100425,2025-12-09,2025-12-27,Delivered,Pending
SYSPO0010677,PO338079,SUP420214,WH515011,2026-01-14,2026-01-27,Delivered,Paid
SYSPO0010678,PO757787,SUP572700,WH567574,2025-10-21,2025-11-01,Delivered,Paid
SYSPO0010679,PO898810,SUP429164,WH274389,2026-05-22,2026-06-08,Delivered,Paid
SYSPO0010680,PO812559,SUP300337,WH555884,2026-04-24,2026-05-07,Delivered,Paid
SYSPO0010681,PO146307,SUP285652,WH174441,2026-07-19,2026-08-19,In Transit,Pending
SYSPO0010682,PO416594,SUP613425,WH274389,2025-12-09,2025-12-20,Delivered,Paid
SYSPO0010683,PO736734,SUP624902,WH922157,2025-11-02,2025-11-15,Delivered,Paid
SYSPO0010684,PO669150,SUP221263,WH412942,2026-06-03,2026-06-27,Delayed,Pending
SYSPO0010685,PO801970,SUP273982,WH658582,2025-09-16,2025-10-02,Delivered,Paid
SYSPO0010686,PO888441,SUP259784,WH922157,2025-12-09,2025-12-16,Delivered,Paid
SYSPO0010687,PO780357,SUP829308,WH482364,2025-11-01,2025-11-09,Delivered,Paid
SYSPO0010688,PO614590,SUP265080,WH824586,2025-09-12,2025-09-28,Delivered,Paid
SYSPO0010689,PO404985,SUP965845,WH832052,2025-11-05,2025-11-12,Delivered,Paid
SYSPO0010690,PO850870,SUP240814,WH112038,2026-05-18,2026-05-24,Delivered,Paid
SYSPO0010691,PO953167,SUP285652,WH526833,2026-01-12,2026-02-12,Delivered,Paid
SYSPO0010692,PO526839,SUP259784,WH808011,2026-07-08,2026-07-15,Cancelled,Cancelled
SYSPO0010693,PO587812,SUP899213,WH262316,2025-10-21,2025-11-08,Delivered,Paid
SYSPO0010694,PO425931,SUP608257,WH642717,2025-12-28,2026-01-13,Delivered,Paid
SYSPO0010695,PO701636,SUP829308,WH824586,2026-07-17,2026-07-25,Delivered,Paid
SYSPO0010696,PO102335,SUP302511,WH379766,2025-10-29,2025-11-16,Delivered,Paid
SYSPO0010697,PO131069,SUP497887,WH654634,2025-09-02,2025-09-20,Delivered,Paid
SYSPO0010698,PO388981,SUP446954,WH662336,2026-02-03,2026-02-13,Delivered,Paid
SYSPO0010699,PO956839,SUP211764,WH740967,2026-03-20,2026-04-06,Delivered,Paid
SYSPO0010700,PO730138,SUP497887,WH412942,2026-02-09,2026-02-27,Delayed,Pending
SYSPO0010701,PO716528,SUP944962,WH482364,2025-08-26,2025-09-09,Delivered,Paid
SYSPO0010702,PO164580,SUP813536,WH636265,2026-07-16,2026-08-06,In Transit,Pending
SYSPO0010703,PO237782,SUP459536,WH191161,2026-01-21,2026-02-04,Delivered,Paid
SYSPO0010704,PO492784,SUP642717,WH642717,2025-09-30,2025-10-14,Delivered,Paid
SYSPO0010705,PO130013,SUP429164,WH690341,2025-10-27,2025-11-13,Delivered,Paid
SYSPO0010706,PO621489,SUP662275,WH329974,2026-07-31,2026-08-12,Cancelled,Cancelled
SYSPO0010707,PO846209,SUP595631,WH482364,2026-03-29,2026-04-23,Delivered,Paid
SYSPO0010708,PO754217,SUP259784,WH324082,2026-01-28,2026-02-04,Delivered,Paid
SYSPO0010709,PO711883,SUP757711,WH322086,2025-10-13,2025-10-18,Delivered,Paid
SYSPO0010710,PO373595,SUP497887,WH539589,2026-01-02,2026-01-20,Delivered,Paid
SYSPO0010711,PO765604,SUP211764,WH808011,2025-12-28,2026-01-14,Delivered,Paid
SYSPO0010712,PO636782,SUP755788,WH771088,2025-09-26,2025-10-21,Delivered,Paid
SYSPO0010713,PO871197,SUP523389,WH832052,2026-01-29,2026-02-14,Delivered,Paid
SYSPO0010714,PO218487,SUP692683,WH654634,2026-05-11,2026-06-05,Delivered,Paid
SYSPO0010715,PO813836,SUP614663,WH808011,2025-10-19,2025-11-05,Delivered,Paid
SYSPO0010716,PO739741,SUP153872,WH237174,2026-04-07,2026-04-14,Delivered,Paid
SYSPO0010717,PO198316,SUP121753,WH910891,2025-12-22,2026-01-02,Delivered,Paid
SYSPO0010718,PO563651,SUP597732,WH771088,2025-11-17,2025-12-13,Delivered,Paid
SYSPO0010719,PO251573,SUP300337,WH237174,2025-10-22,2025-11-04,Delivered,Paid
SYSPO0010720,PO357619,SUP260263,WH429164,2025-12-13,2025-12-20,Delivered,Paid
SYSPO0010721,PO637575,SUP696750,WH205907,2025-09-23,2025-09-30,Delivered,Paid
SYSPO0010722,PO152965,SUP598216,WH555884,2025-08-17,2025-08-29,Delivered,Paid
SYSPO0010723,PO408009,SUP768854,WH816751,2026-04-30,2026-05-17,Delivered,Paid
SYSPO0010724,PO914017,SUP877236,WH526117,2026-03-13,2026-03-20,Delivered,Paid
SYSPO0010725,PO216821,SUP728492,WH379766,2025-08-28,2025-09-13,Delivered,Paid
SYSPO0010726,PO457260,SUP576086,WH636265,2025-11-21,2025-11-27,Delivered,Paid
SYSPO0010727,PO636042,SUP639593,WH781453,2025-09-27,2025-10-04,Delivered,Paid
SYSPO0010728,PO145835,SUP133659,WH429164,2025-09-17,2025-10-05,Delivered,Paid
SYSPO0010729,PO333989,SUP437408,WH376807,2026-07-01,2026-07-16,Delivered,Paid
SYSPO0010730,PO389166,SUP804318,WH274389,2026-02-01,2026-02-22,Delivered,Paid
SYSPO0010731,PO162158,SUP965845,WH690341,2026-01-30,2026-02-06,Delivered,Paid
SYSPO0010732,PO841562,SUP472060,WH322086,2026-01-14,2026-01-30,Delivered,Paid
SYSPO0010733,PO645842,SUP597732,WH832052,2025-10-10,2025-11-05,Delivered,Paid
SYSPO0010734,PO149154,SUP765095,WH832052,2026-05-27,2026-07-01,Delivered,Paid
SYSPO0010735,PO822343,SUP321275,WH662336,2025-12-16,2025-12-23,Delivered,Pending
SYSPO0010736,PO523671,SUP429164,WH958179,2025-10-29,2025-11-15,Delivered,Paid
SYSPO0010737,PO764664,SUP768854,WH832052,2026-07-15,2026-08-01,Delivered,Paid
SYSPO0010738,PO210907,SUP486945,WH582662,2025-11-27,2025-12-20,Delivered,Paid
SYSPO0010739,PO495828,SUP972335,WH460663,2026-03-27,2026-05-04,Delivered,Paid
SYSPO0010740,PO956872,SUP384076,WH690341,2025-10-04,2025-10-19,Delivered,Paid
SYSPO0010741,PO893096,SUP613425,WH997546,2026-06-07,2026-06-18,Delivered,Paid
SYSPO0010742,PO205288,SUP523389,WH112038,2026-06-09,2026-06-25,Delivered,Paid
SYSPO0010743,PO668085,SUP197251,WH379766,2026-04-09,2026-04-16,Delivered,Paid
SYSPO0010744,PO982743,SUP972335,WH642717,2026-03-30,2026-05-07,Delivered,Paid
SYSPO0010745,PO473263,SUP385470,WH373903,2026-07-22,2026-08-11,In Transit,Pending
SYSPO0010746,PO391510,SUP302511,WH422451,2025-10-09,2025-10-27,Delivered,Paid
SYSPO0010747,PO983574,SUP572387,WH567574,2026-03-17,2026-04-02,Delivered,Paid
SYSPO0010748,PO362884,SUP240814,WH324082,2026-03-07,2026-03-13,Delayed,Pending
SYSPO0010749,PO569519,SUP813536,WH824586,2026-07-03,2026-07-24,Delivered,Paid
SYSPO0010750,PO375649,SUP736059,WH429164,2025-11-02,2025-11-16,Delivered,Paid
SYSPO0010751,PO419985,SUP624902,WH816751,2025-09-07,2025-09-20,Delivered,Paid
SYSPO0010752,PO171534,SUP757711,WH801474,2026-01-11,2026-01-16,Delivered,Paid
SYSPO0010753,PO636470,SUP736059,WH233470,2026-07-03,2026-07-17,Delivered,Paid
SYSPO0010754,PO433449,SUP705397,WH539589,2026-02-23,2026-03-23,Delivered,Paid
SYSPO0010755,PO362146,SUP899213,WH191161,2026-02-10,2026-02-28,Delayed,Pending
SYSPO0010756,PO685215,SUP459536,WH519066,2026-07-05,2026-07-19,Delivered,Paid
SYSPO0010757,PO334681,SUP384076,WH824586,2025-10-28,2025-11-12,Delivered,Paid
SYSPO0010758,PO373293,SUP385470,WH237174,2026-03-22,2026-04-11,Delivered,Paid
SYSPO0010759,PO238943,SUP589710,WH324082,2026-02-04,2026-02-23,Delivered,Paid
SYSPO0010760,PO479636,SUP245051,WH422451,2026-06-26,2026-07-17,Delivered,Paid
SYSPO0010761,PO899595,SUP513160,WH324082,2026-01-31,2026-02-24,Delivered,Paid
SYSPO0010762,PO388415,SUP391668,WH808011,2025-11-21,2025-12-04,Delivered,Paid
SYSPO0010763,PO997032,SUP871711,WH690341,2025-08-10,2025-08-20,Delayed,Pending
SYSPO0010764,PO411974,SUP944962,WH212235,2026-05-15,2026-05-29,Delivered,Paid
SYSPO0010765,PO151691,SUP829308,WH373903,2026-01-18,2026-01-26,Delivered,Paid
SYSPO0010766,PO733477,SUP595631,WH526833,2026-05-17,2026-06-11,Delayed,Pending
SYSPO0010767,PO490934,SUP429164,WH785197,2026-07-09,2026-07-26,Cancelled,Cancelled
SYSPO0010768,PO458058,SUP613425,WH910891,2025-11-08,2025-11-19,Delayed,Pending
SYSPO0010769,PO473689,SUP965845,WH526117,2025-11-09,2025-11-16,Delayed,Pending
SYSPO0010770,PO191865,SUP770487,WH205907,2025-12-10,2025-12-24,Delivered,Paid
SYSPO0010771,PO487510,SUP437902,WH636265,2026-01-20,2026-02-06,Delivered,Paid
SYSPO0010772,PO632047,SUP877236,WH654634,2026-03-18,2026-03-25,Delivered,Paid
SYSPO0010773,PO730865,SUP265080,WH785197,2025-10-30,2025-11-15,Delivered,Paid
SYSPO0010774,PO845306,SUP650121,WH205907,2026-07-17,2026-07-23,Delivered,Paid
SYSPO0010775,PO367603,SUP572387,WH690341,2026-07-31,2026-08-16,In Transit,Pending
SYSPO0010776,PO881406,SUP770487,WH771088,2026-03-22,2026-04-05,Delivered,Paid
SYSPO0010777,PO423694,SUP221263,WH429164,2025-10-01,2025-10-25,Delivered,Paid
SYSPO0010778,PO203589,SUP153872,WH740967,2026-07-25,2026-08-01,Cancelled,Cancelled
SYSPO0010779,PO152938,SUP768854,WH377746,2026-03-15,2026-04-01,Delivered,Paid
SYSPO0010780,PO968173,SUP801364,WH112038,2026-07-19,2026-08-10,Processing,Pending
SYSPO0010781,PO184984,SUP260422,WH555884,2025-08-06,2025-08-15,Delivered,Paid
SYSPO0010782,PO407641,SUP378361,WH910891,2026-01-14,2026-02-19,Delivered,Paid
SYSPO0010783,PO622139,SUP944962,WH274389,2025-08-22,2025-09-05,Delivered,Paid
SYSPO0010784,PO700662,SUP890170,WH205907,2025-08-20,2025-08-27,Delayed,Pending
SYSPO0010785,PO241940,SUP728492,WH740967,2026-02-03,2026-02-19,Delayed,Pending
SYSPO0010786,PO619840,SUP598216,WH274389,2026-05-16,2026-05-28,Delayed,Pending
SYSPO0010787,PO152271,SUP614663,WH262316,2026-05-30,2026-06-16,Delivered,Pending
SYSPO0010788,PO976667,SUP184491,WH740967,2026-02-16,2026-03-20,Delivered,Paid
SYSPO0010789,PO783096,SUP472060,WH658582,2025-08-18,2025-09-03,Cancelled,Cancelled
SYSPO0010790,PO502549,SUP801364,WH654634,2026-01-17,2026-02-08,Delivered,Paid
SYSPO0010791,PO189401,SUP335615,WH532322,2026-02-27,2026-03-05,Delayed,Pending
SYSPO0010792,PO616952,SUP877236,WH205907,2026-01-05,2026-01-12,Delivered,Paid
SYSPO0010793,PO159082,SUP321275,WH322086,2026-02-07,2026-02-14,Delivered,Paid
SYSPO0010794,PO121852,SUP733039,WH808011,2026-06-15,2026-07-01,Delivered,Paid
SYSPO0010795,PO232598,SUP378361,WH380746,2026-06-10,2026-07-16,Delivered,Paid
SYSPO0010796,PO485762,SUP618392,WH808011,2026-05-02,2026-05-15,Cancelled,Cancelled
SYSPO0010797,PO326079,SUP378361,WH781453,2026-06-19,2026-07-25,Delivered,Paid
SYSPO0010798,PO427423,SUP768854,WH479201,2025-09-12,2025-09-29,Delivered,Paid
SYSPO0010799,PO774129,SUP955662,WH205907,2026-01-27,2026-02-15,Delivered,Paid
SYSPO0010800,PO769925,SUP216970,WH658582,2026-02-13,2026-03-04,Delivered,Paid
SYSPO0010801,PO483886,SUP497382,WH662336,2025-11-06,2025-11-24,Delivered,Paid
SYSPO0010802,PO284924,SUP259784,WH233470,2025-09-06,2025-09-13,Delivered,Paid
SYSPO0010803,PO301327,SUP300896,WH237174,2026-03-09,2026-03-17,Delivered,Pending
SYSPO0010804,PO446243,SUP330914,WH599948,2026-05-24,2026-06-12,Delivered,Paid
SYSPO0010805,PO132805,SUP497382,WH479201,2025-08-09,2025-08-27,Delayed,Pending
SYSPO0010806,PO155278,SUP972335,WH212235,2026-05-01,2026-06-08,Delivered,Paid
SYSPO0010807,PO138857,SUP576086,WH690341,2026-05-16,2026-05-22,Delivered,Paid
SYSPO0010808,PO282885,SUP891937,WH740967,2026-01-09,2026-02-06,Delivered,Paid
SYSPO0010809,PO441844,SUP302511,WH237174,2025-10-28,2025-11-15,Delivered,Paid
SYSPO0010810,PO956529,SUP260422,WH274389,2025-09-25,2025-10-04,Delivered,Paid
SYSPO0010811,PO731148,SUP925981,WH380746,2025-12-22,2026-01-09,Delivered,Paid
SYSPO0010812,PO983293,SUP757711,WH801474,2025-11-27,2025-12-02,Delivered,Paid
SYSPO0010813,PO884202,SUP642717,WH740967,2025-11-05,2025-11-19,Delivered,Paid
SYSPO0010814,PO368055,SUP944962,WH829716,2026-04-13,2026-04-27,Delivered,Paid
SYSPO0010815,PO231787,SUP437408,WH237174,2025-09-09,2025-09-24,Delivered,Paid
SYSPO0010816,PO616959,SUP650121,WH922157,2025-08-11,2025-08-17,Delivered,Paid
SYSPO0010817,PO472938,SUP285652,WH212235,2026-02-07,2026-03-10,Delayed,Pending
SYSPO0010818,PO408538,SUP350867,WH808011,2026-04-21,2026-05-06,Delivered,Paid
SYSPO0010819,PO919704,SUP302511,WH658582,2025-12-01,2025-12-19,Delivered,Paid
SYSPO0010820,PO733642,SUP335615,WH422451,2025-10-06,2025-10-12,Delivered,Paid
SYSPO0010821,PO187143,SUP513160,WH582662,2026-05-05,2026-05-29,Delivered,Paid
SYSPO0010822,PO887199,SUP449499,WH801474,2026-01-30,2026-02-04,Delayed,Pending
SYSPO0010823,PO213798,SUP344098,WH262316,2026-07-04,2026-07-20,Delivered,Paid
SYSPO0010824,PO345945,SUP802729,WH100425,2026-03-14,2026-03-25,Delivered,Paid
SYSPO0010825,PO909751,SUP300337,WH324082,2026-05-22,2026-06-04,Delivered,Paid
SYSPO0010826,PO464161,SUP598216,WH922157,2026-03-19,2026-03-31,Delivered,Paid
SYSPO0010827,PO587913,SUP526117,WH526833,2025-08-14,2025-08-30,Delivered,Paid
SYSPO0010828,PO657028,SUP429164,WH771088,2026-01-28,2026-02-14,Delivered,Paid
SYSPO0010829,PO469405,SUP690341,WH274389,2026-02-01,2026-02-06,Delivered,Paid
SYSPO0010830,PO570111,SUP736059,WH112038,2026-05-31,2026-06-14,Delivered,Paid
SYSPO0010831,PO898197,SUP944962,WH412942,2025-09-27,2025-10-11,Delivered,Paid
SYSPO0010832,PO269894,SUP300337,WH356150,2026-07-10,2026-07-23,Delivered,Paid
SYSPO0010833,PO655951,SUP449499,WH519066,2026-05-05,2026-05-10,Delivered,Paid
SYSPO0010834,PO713618,SUP650121,WH422451,2026-01-09,2026-01-15,Delivered,Paid
SYSPO0010835,PO826434,SUP624902,WH212235,2025-10-15,2025-10-28,Delivered,Paid
SYSPO0010836,PO941022,SUP221263,WH808011,2026-06-07,2026-07-01,Delayed,Pending
SYSPO0010837,PO343866,SUP133659,WH820221,2026-07-09,2026-07-27,Delivered,Paid
SYSPO0010838,PO669726,SUP184491,WH174441,2025-12-26,2026-01-27,Delayed,Pending
SYSPO0010839,PO915507,SUP429164,WH429164,2026-04-05,2026-04-22,Delivered,Pending
SYSPO0010840,PO731713,SUP335615,WH324082,2026-02-01,2026-02-07,Delivered,Paid
SYSPO0010841,PO532776,SUP624902,WH532322,2026-05-05,2026-05-18,Delivered,Paid
SYSPO0010842,PO722238,SUP256294,WH801474,2026-04-07,2026-04-20,Delivered,Paid
SYSPO0010843,PO210626,SUP307428,WH808011,2025-08-05,2025-08-16,Delivered,Paid
SYSPO0010844,PO752937,SUP245051,WH801474,2026-07-05,2026-07-26,Delivered,Paid
SYSPO0010845,PO177320,SUP265080,WH785197,2026-04-05,2026-04-21,Delivered,Paid
SYSPO0010846,PO289930,SUP925981,WH785197,2025-09-01,2025-09-19,Delivered,Paid
SYSPO0010847,PO817230,SUP273982,WH922157,2026-01-01,2026-01-17,Delivered,Paid
SYSPO0010848,PO386883,SUP156213,WH808011,2026-07-17,2026-07-30,Delivered,Paid
SYSPO0010849,PO971647,SUP650121,WH274389,2026-04-30,2026-05-06,Delivered,Paid
SYSPO0010850,PO444045,SUP216970,WH237174,2025-12-12,2025-12-31,Delayed,Pending
SYSPO0010851,PO918572,SUP513160,WH824586,2026-02-27,2026-03-23,Delivered,Paid
SYSPO0010852,PO649779,SUP972064,WH997546,2025-08-17,2025-09-04,Delivered,Paid
SYSPO0010853,PO181383,SUP260263,WH658582,2025-11-28,2025-12-05,Delivered,Paid
SYSPO0010854,PO608075,SUP378361,WH377746,2026-01-17,2026-02-22,Delivered,Paid
SYSPO0010855,PO973992,SUP153872,WH429164,2026-05-24,2026-05-31,Delivered,Paid
SYSPO0010856,PO831944,SUP668532,WH686075,2025-11-17,2025-11-30,Delivered,Paid
SYSPO0010857,PO536364,SUP335113,WH322086,2026-05-03,2026-05-14,Delivered,Paid
SYSPO0010858,PO533879,SUP755788,WH174441,2026-03-30,2026-04-24,Cancelled,Cancelled
SYSPO0010859,PO519130,SUP639593,WH100425,2026-03-03,2026-03-10,Delivered,Paid
SYSPO0010860,PO584389,SUP972064,WH922157,2026-03-16,2026-04-03,Delivered,Paid
SYSPO0010861,PO808402,SUP680099,WH532322,2026-06-09,2026-06-26,Delivered,Paid
SYSPO0010862,PO496285,SUP519904,WH526833,2025-10-24,2025-11-07,Delivered,Paid
SYSPO0010863,PO950156,SUP733039,WH429164,2026-06-06,2026-06-22,Delivered,Paid
SYSPO0010864,PO205104,SUP459536,WH429164,2026-04-27,2026-05-11,Delayed,Pending
SYSPO0010865,PO238840,SUP925981,WH274389,2025-09-05,2025-09-23,Delivered,Paid
SYSPO0010866,PO328775,SUP519093,WH808011,2026-04-02,2026-04-18,Delivered,Paid
SYSPO0010867,PO972661,SUP572387,WH658582,2026-07-13,2026-07-29,Delivered,Paid
SYSPO0010868,PO869590,SUP920652,WH233470,2025-12-13,2026-01-05,Delivered,Paid
SYSPO0010869,PO217337,SUP589710,WH656116,2026-05-17,2026-06-05,Delivered,Paid
SYSPO0010870,PO643332,SUP618392,WH829716,2026-08-02,2026-08-15,Cancelled,Cancelled
SYSPO0010871,PO215221,SUP736059,WH820221,2025-08-26,2025-09-09,Delivered,Paid
SYSPO0010872,PO914700,SUP671858,WH526833,2026-02-20,2026-03-08,Delivered,Paid
SYSPO0010873,PO259183,SUP770487,WH515011,2026-07-24,2026-08-07,In Transit,Pending
SYSPO0010874,PO910559,SUP725084,WH997546,2026-04-24,2026-05-11,Delayed,Pending
SYSPO0010875,PO445355,SUP842411,WH555884,2025-12-24,2026-01-01,Delivered,Paid
SYSPO0010876,PO608225,SUP459536,WH656116,2026-07-15,2026-07-29,Delivered,Paid
SYSPO0010877,PO995272,SUP179046,WH262316,2025-08-25,2025-09-14,Delivered,Paid
SYSPO0010878,PO137783,SUP307428,WH922157,2025-09-17,2025-09-28,Delivered,Paid
SYSPO0010879,PO850783,SUP972335,WH832052,2025-12-31,2026-02-07,Delivered,Paid
SYSPO0010880,PO441415,SUP133659,WH324082,2025-12-24,2026-01-11,Delivered,Paid
SYSPO0010881,PO462063,SUP768854,WH532322,2026-02-01,2026-02-18,Delivered,Paid
SYSPO0010882,PO364064,SUP526117,WH212235,2026-04-02,2026-04-18,Delivered,Paid
SYSPO0010883,PO338179,SUP614663,WH654634,2025-08-20,2025-09-06,Delivered,Paid
SYSPO0010884,PO564133,SUP523389,WH539589,2025-12-24,2026-01-09,Delayed,Pending
SYSPO0010885,PO303733,SUP904150,WH377746,2025-12-25,2026-01-20,Cancelled,Cancelled
SYSPO0010886,PO194474,SUP486945,WH460663,2025-10-12,2025-11-04,Delivered,Paid
SYSPO0010887,PO211009,SUP216970,WH380746,2026-04-13,2026-05-02,Delivered,Paid
SYSPO0010888,PO956303,SUP256294,WH515011,2026-03-10,2026-03-23,Delivered,Paid
SYSPO0010889,PO635067,SUP880879,WH526833,2026-05-05,2026-06-12,Delivered,Paid
SYSPO0010890,PO164782,SUP133659,WH479201,2025-08-31,2025-09-18,Delayed,Pending
SYSPO0010891,PO741874,SUP184491,WH662336,2026-03-10,2026-04-11,Delivered,Paid
SYSPO0010892,PO537695,SUP589710,WH642717,2026-05-07,2026-05-26,Delivered,Paid
SYSPO0010893,PO695233,SUP321275,WH785197,2026-06-01,2026-06-08,Delivered,Paid
SYSPO0010894,PO738254,SUP865990,WH801474,2025-10-23,2025-11-13,Delayed,Pending
SYSPO0010895,PO739572,SUP273982,WH274389,2025-09-27,2025-10-13,Delivered,Paid
SYSPO0010896,PO930481,SUP156213,WH636265,2025-12-13,2025-12-26,Delivered,Paid
SYSPO0010897,PO724274,SUP260263,WH785197,2025-11-05,2025-11-12,Delivered,Pending
SYSPO0010898,PO768939,SUP427110,WH233470,2026-03-02,2026-03-20,Delivered,Paid
SYSPO0010899,PO460890,SUP385470,WH322086,2025-09-18,2025-10-08,Delivered,Paid
SYSPO0010900,PO954823,SUP121753,WH740967,2026-04-14,2026-04-25,Delivered,Paid
SYSPO0010901,PO626369,SUP944962,WH785197,2026-02-06,2026-02-20,Delivered,Paid
SYSPO0010902,PO586813,SUP260422,WH412942,2026-05-18,2026-05-27,Delivered,Paid
SYSPO0010903,PO591194,SUP829308,WH412942,2026-08-04,2026-08-12,In Transit,Pending
SYSPO0010904,PO892916,SUP322955,WH112038,2026-05-24,2026-06-06,Delivered,Paid
SYSPO0010905,PO419940,SUP989545,WH930555,2026-03-18,2026-04-03,Delayed,Pending
SYSPO0010906,PO459411,SUP378361,WH329974,2026-07-09,2026-08-14,In Transit,Pending
SYSPO0010907,PO864977,SUP696750,WH519066,2026-05-04,2026-05-11,Delivered,Paid
SYSPO0010908,PO414836,SUP523389,WH237174,2025-10-25,2025-11-10,Delivered,Paid
SYSPO0010909,PO690827,SUP121753,WH690341,2026-05-24,2026-06-04,Delivered,Paid
SYSPO0010910,PO680000,SUP990844,WH112038,2026-05-21,2026-06-09,Delayed,Pending
SYSPO0010911,PO360925,SUP472060,WH460663,2026-05-27,2026-06-12,Delivered,Paid
SYSPO0010912,PO466067,SUP990844,WH379766,2025-10-31,2025-11-19,Delivered,Pending
SYSPO0010913,PO911799,SUP335113,WH205907,2025-12-07,2025-12-18,Delivered,Paid
SYSPO0010914,PO417997,SUP955662,WH599948,2025-12-19,2026-01-07,Delayed,Pending
SYSPO0010915,PO105554,SUP595631,WH526833,2026-07-19,2026-08-13,Processing,Pending
SYSPO0010916,PO100759,SUP976325,WH515011,2025-11-16,2025-11-29,Delivered,Paid
SYSPO0010917,PO515990,SUP497382,WH642717,2026-02-16,2026-03-06,Delivered,Paid
SYSPO0010918,PO579128,SUP972335,WH515011,2026-04-26,2026-06-03,Delayed,Pending
SYSPO0010919,PO425799,SUP372793,WH237174,2026-01-16,2026-01-30,Delivered,Paid
SYSPO0010920,PO653991,SUP597732,WH460663,2025-11-20,2025-12-16,Delivered,Paid
SYSPO0010921,PO470835,SUP639593,WH519066,2025-08-26,2025-09-02,Delivered,Paid
SYSPO0010922,PO475588,SUP385470,WH322086,2025-08-29,2025-09-18,Delivered,Paid
SYSPO0010923,PO140949,SUP446954,WH274389,2025-12-27,2026-01-06,Delivered,Paid
SYSPO0010924,PO768559,SUP842411,WH205907,2025-12-17,2025-12-25,Delivered,Paid
SYSPO0010925,PO734915,SUP526117,WH429164,2026-01-27,2026-02-12,Delivered,Paid
SYSPO0010926,PO787380,SUP437408,WH515011,2026-02-09,2026-02-24,Delivered,Paid
SYSPO0010927,PO706336,SUP330914,WH801474,2026-02-15,2026-03-06,Cancelled,Cancelled
SYSPO0010928,PO245900,SUP344098,WH324082,2026-02-25,2026-03-13,Delivered,Paid
SYSPO0010929,PO493289,SUP842411,WH824586,2026-06-23,2026-07-01,Delivered,Paid
SYSPO0010930,PO533129,SUP955662,WH636265,2025-09-21,2025-10-10,Cancelled,Cancelled
SYSPO0010931,PO763646,SUP881177,WH532322,2026-02-03,2026-02-17,Delivered,Paid
SYSPO0010932,PO512693,SUP690341,WH205907,2026-05-07,2026-05-12,Delivered,Paid
SYSPO0010933,PO191979,SUP300896,WH237174,2026-02-27,2026-03-07,Delivered,Paid
SYSPO0010934,PO339791,SUP877236,WH997546,2026-04-25,2026-05-02,Delayed,Pending
SYSPO0010935,PO379062,SUP813536,WH112038,2026-06-21,2026-07-12,Delivered,Paid
SYSPO0010936,PO331463,SUP572387,WH832052,2026-02-27,2026-03-15,Delivered,Paid
SYSPO0010937,PO866023,SUP598216,WH519066,2026-07-20,2026-08-01,Delivered,Paid
SYSPO0010938,PO869343,SUP221263,WH910891,2025-11-26,2025-12-20,Delivered,Paid
SYSPO0010939,PO166314,SUP871711,WH820221,2026-01-27,2026-02-06,Delivered,Paid
SYSPO0010940,PO666456,SUP497887,WH686075,2026-04-03,2026-04-21,Delivered,Paid
SYSPO0010941,PO153594,SUP668532,WH781453,2025-12-25,2026-01-07,Delivered,Paid
SYSPO0010942,PO684734,SUP725084,WH820221,2026-06-11,2026-06-28,Delivered,Paid
SYSPO0010943,PO632990,SUP736059,WH322086,2026-04-23,2026-05-07,Delivered,Paid
SYSPO0010944,PO449941,SUP572700,WH205907,2026-05-01,2026-05-12,Delayed,Pending
SYSPO0010945,PO718242,SUP802729,WH526117,2026-06-15,2026-06-26,Delivered,Paid
SYSPO0010946,PO461573,SUP944962,WH642717,2026-08-05,2026-08-19,In Transit,Pending
SYSPO0010947,PO393146,SUP391668,WH100425,2026-07-13,2026-07-26,Cancelled,Cancelled
SYSPO0010948,PO414789,SUP870763,WH380746,2025-08-30,2025-09-15,Delivered,Paid
SYSPO0010949,PO567164,SUP688508,WH526117,2025-10-17,2025-10-27,Delivered,Paid
SYSPO0010950,PO976837,SUP321275,WH412942,2026-07-17,2026-07-24,Delivered,Paid
SYSPO0010951,PO498748,SUP519093,WH567574,2026-07-14,2026-07-30,Delayed,Pending
SYSPO0010952,PO552058,SUP349565,WH479201,2026-01-29,2026-02-24,Delivered,Paid
SYSPO0010953,PO940125,SUP770487,WH205907,2025-09-07,2025-09-21,Delayed,Pending
SYSPO0010954,PO108801,SUP572387,WH191161,2025-09-05,2025-09-21,Delivered,Paid
SYSPO0010955,PO463236,SUP240814,WH824586,2026-01-03,2026-01-09,Delayed,Pending
SYSPO0010956,PO790767,SUP356150,WH233470,2026-07-19,2026-08-06,Processing,Pending
SYSPO0010957,PO826865,SUP614663,WH322086,2025-10-13,2025-10-30,Delivered,Paid
SYSPO0010958,PO328795,SUP664607,WH658582,2025-11-24,2025-12-27,Delivered,Paid
SYSPO0010959,PO656620,SUP572387,WH237174,2025-09-03,2025-09-19,Delivered,Pending
SYSPO0010960,PO873943,SUP865990,WH212235,2025-09-16,2025-10-07,Delivered,Paid
SYSPO0010961,PO799437,SUP728492,WH329974,2025-10-07,2025-10-23,Delivered,Paid
SYSPO0010962,PO408264,SUP690341,WH801474,2025-11-20,2025-11-25,Delivered,Paid
SYSPO0010963,PO424036,SUP839677,WH539589,2025-09-17,2025-10-04,Delivered,Paid
SYSPO0010964,PO173312,SUP497382,WH770487,2026-05-02,2026-05-20,Delayed,Pending
SYSPO0010965,PO817325,SUP259784,WH808011,2025-10-01,2025-10-08,Delivered,Paid
SYSPO0010966,PO712870,SUP920652,WH770487,2026-02-13,2026-03-08,Delayed,Pending
SYSPO0010967,PO921516,SUP880879,WH582662,2025-10-02,2025-11-09,Delivered,Pending
SYSPO0010968,PO446865,SUP300337,WH526117,2026-07-10,2026-07-23,Delivered,Paid
SYSPO0010969,PO545152,SUP335615,WH322086,2025-10-23,2025-10-29,Delivered,Paid
SYSPO0010970,PO551371,SUP728492,WH479201,2026-02-23,2026-03-11,Cancelled,Cancelled
SYSPO0010971,PO728584,SUP576086,WH771088,2026-04-05,2026-04-11,Delayed,Pending
SYSPO0010972,PO659449,SUP259784,WH555884,2025-08-13,2025-08-20,Delivered,Paid
SYSPO0010973,PO604797,SUP668532,WH460663,2025-11-26,2025-12-09,Delivered,Paid
SYSPO0010974,PO928568,SUP384076,WH380746,2026-01-13,2026-01-28,Delivered,Paid
SYSPO0010975,PO884996,SUP350867,WH770487,2026-04-27,2026-05-12,Delivered,Paid
SYSPO0010976,PO208885,SUP437902,WH740967,2026-03-03,2026-03-20,Delayed,Pending
SYSPO0010977,PO996808,SUP519904,WH997546,2026-08-01,2026-08-15,In Transit,Pending
SYSPO0010978,PO388663,SUP519904,WH740967,2025-09-25,2025-10-09,Delivered,Paid
SYSPO0010979,PO315441,SUP972064,WH274389,2026-02-05,2026-02-23,Delivered,Paid
SYSPO0010980,PO893545,SUP153872,WH824586,2025-12-17,2025-12-24,Cancelled,Cancelled
SYSPO0010981,PO505631,SUP768854,WH690341,2026-01-15,2026-02-01,Delivered,Paid
SYSPO0010982,PO788209,SUP650121,WH274389,2026-01-24,2026-01-30,Delivered,Paid
SYSPO0010983,PO278028,SUP446954,WH771088,2026-05-18,2026-05-28,Delivered,Paid
SYSPO0010984,PO280061,SUP692683,WH422451,2026-04-12,2026-05-07,Delivered,Paid
SYSPO0010985,PO518357,SUP384076,WH642717,2025-08-13,2025-08-28,Delivered,Paid
SYSPO0010986,PO870364,SUP688508,WH519066,2025-11-26,2025-12-06,Delivered,Paid
SYSPO0010987,PO779461,SUP385470,WH686075,2025-10-17,2025-11-06,Delivered,Paid
SYSPO0010988,PO384105,SUP285652,WH690341,2025-08-29,2025-09-29,Delayed,Pending
SYSPO0010989,PO104169,SUP768854,WH808011,2025-08-13,2025-08-30,Delivered,Paid
SYSPO0010990,PO900384,SUP904150,WH377746,2026-07-09,2026-08-04,Delivered,Paid
SYSPO0010991,PO779742,SUP925981,WH958179,2026-06-12,2026-06-30,Delivered,Paid
SYSPO0010992,PO929883,SUP904150,WH910891,2025-11-03,2025-11-29,Delivered,Paid
SYSPO0010993,PO356361,SUP972064,WH555884,2026-06-25,2026-07-13,Delivered,Paid
SYSPO0010994,PO923407,SUP384076,WH515011,2026-02-22,2026-03-09,Delivered,Paid
SYSPO0010995,PO870280,SUP696750,WH832052,2026-04-12,2026-04-19,Delivered,Paid
SYSPO0010996,PO158483,SUP497887,WH482364,2025-12-13,2025-12-31,Delayed,Pending
SYSPO0010997,PO452907,SUP880879,WH832052,2026-01-11,2026-02-18,Delivered,Paid
SYSPO0010998,PO146777,SUP300896,WH555884,2026-03-17,2026-03-25,Delivered,Paid
SYSPO0010999,PO478563,SUP671858,WH662336,2025-12-16,2026-01-01,Delivered,Paid
SYSPO0011000,PO746218,SUP733039,WH824586,2026-04-16,2026-05-02,Delivered,Paid
SYSPO0011001,PO242548,SUP757711,WH112038,2026-04-12,2026-04-17,Delivered,Paid
SYSPO0011002,PO212507,SUP300896,WH237174,2026-06-06,2026-06-14,Delivered,Paid
SYSPO0011003,PO889114,SUP904150,WH599948,2025-12-09,2026-01-04,Delivered,Paid
SYSPO0011004,PO984775,SUP989545,WH808011,2026-02-09,2026-02-25,Delivered,Paid
SYSPO0011005,PO107469,SUP446954,WH832052,2026-03-23,2026-04-02,Delivered,Paid
SYSPO0011006,PO108105,SUP765095,WH690341,2026-04-20,2026-05-25,Delivered,Paid
SYSPO0011007,PO678185,SUP664607,WH582662,2026-05-02,2026-06-04,Delivered,Paid
SYSPO0011008,PO772068,SUP639593,WH532322,2026-02-26,2026-03-05,Delivered,Paid
SYSPO0011009,PO703666,SUP613425,WH658582,2026-06-27,2026-07-08,Delivered,Pending
SYSPO0011010,PO660239,SUP429164,WH237174,2026-03-06,2026-03-23,Delivered,Paid
SYSPO0011011,PO102860,SUP335615,WH555884,2026-01-24,2026-01-30,Delivered,Paid
SYSPO0011012,PO479626,SUP842411,WH233470,2026-01-29,2026-02-06,Cancelled,Cancelled
SYSPO0011013,PO636258,SUP519093,WH808011,2025-12-01,2025-12-17,Delayed,Pending
SYSPO0011014,PO560887,SUP934794,WH482364,2026-03-13,2026-03-19,Delivered,Paid
SYSPO0011015,PO726106,SUP890170,WH532322,2025-09-25,2025-10-02,Delivered,Paid
SYSPO0011016,PO276218,SUP497382,WH526833,2026-07-19,2026-08-06,Processing,Pending
SYSPO0011017,PO523313,SUP614663,WH740967,2026-06-07,2026-06-24,Delivered,Paid
SYSPO0011018,PO613000,SUP891937,WH930555,2025-12-02,2025-12-30,Delivered,Paid
SYSPO0011019,PO942898,SUP321275,WH910891,2025-10-10,2025-10-17,Delayed,Pending
SYSPO0011020,PO221342,SUP260422,WH237174,2026-06-07,2026-06-16,Delivered,Paid
SYSPO0011021,PO612659,SUP156213,WH212235,2025-11-13,2025-11-26,Delayed,Pending
SYSPO0011022,PO921474,SUP333238,WH191161,2025-11-01,2025-11-20,Delivered,Paid
SYSPO0011023,PO791262,SUP934794,WH958179,2026-02-09,2026-02-15,Delivered,Paid
SYSPO0011024,PO436056,SUP572700,WH233470,2025-12-27,2026-01-07,Delivered,Paid
SYSPO0011025,PO215606,SUP121753,WH373903,2025-11-24,2025-12-05,Delivered,Paid
SYSPO0011026,PO200284,SUP598216,WH801474,2026-05-30,2026-06-11,Delivered,Paid
SYSPO0011027,PO660992,SUP335615,WH532322,2026-06-29,2026-07-05,Delivered,Paid
SYSPO0011028,PO227385,SUP891937,WH662336,2025-08-23,2025-09-20,Cancelled,Cancelled
SYSPO0011029,PO311482,SUP497382,WH324082,2025-10-01,2025-10-19,Delivered,Paid
SYSPO0011030,PO721549,SUP459536,WH237174,2025-12-20,2026-01-03,Delivered,Paid
SYSPO0011031,PO567509,SUP486945,WH686075,2025-11-23,2025-12-16,Delivered,Paid
SYSPO0011032,PO419361,SUP133659,WH740967,2026-01-29,2026-02-16,Delivered,Paid
SYSPO0011033,PO996544,SUP972064,WH376807,2025-10-08,2025-10-26,Delivered,Paid
SYSPO0011034,PO210868,SUP972335,WH642717,2026-04-02,2026-05-10,Delivered,Paid
SYSPO0011035,PO613391,SUP197251,WH997546,2026-07-29,2026-08-05,Cancelled,Cancelled
SYSPO0011036,PO916833,SUP899213,WH322086,2025-10-06,2025-10-24,Delivered,Paid
SYSPO0011037,PO318101,SUP801364,WH829716,2026-05-08,2026-05-30,Delivered,Paid
SYSPO0011038,PO838851,SUP925981,WH274389,2026-02-28,2026-03-18,Delivered,Paid
SYSPO0011039,PO549661,SUP437408,WH636265,2025-11-23,2025-12-08,Delivered,Paid
SYSPO0011040,PO407395,SUP887625,WH567574,2025-10-14,2025-10-27,Delivered,Paid
SYSPO0011041,PO273372,SUP221263,WH532322,2025-10-12,2025-11-05,Delivered,Paid
SYSPO0011042,PO829899,SUP302511,WH922157,2026-06-26,2026-07-14,Delivered,Paid
SYSPO0011043,PO544525,SUP829308,WH567574,2026-05-07,2026-05-15,Delivered,Paid
SYSPO0011044,PO865810,SUP427110,WH324082,2026-05-01,2026-05-19,Delayed,Pending
SYSPO0011045,PO567177,SUP650121,WH262316,2026-07-22,2026-07-28,Delivered,Paid
SYSPO0011046,PO847706,SUP736059,WH820221,2026-04-20,2026-05-04,Delivered,Paid
SYSPO0011047,PO347789,SUP121753,WH274389,2026-06-09,2026-06-20,Delivered,Paid
SYSPO0011048,PO610649,SUP513160,WH910891,2025-10-03,2025-10-27,Delivered,Paid
SYSPO0011049,PO871081,SUP153872,WH820221,2025-10-06,2025-10-13,Delivered,Paid
SYSPO0011050,PO909568,SUP728492,WH212235,2025-11-05,2025-11-21,Delivered,Paid
SYSPO0011051,PO112837,SUP692683,WH824586,2025-09-19,2025-10-14,Delivered,Paid
SYSPO0011052,PO871477,SUP608257,WH212235,2025-08-20,2025-09-05,Delivered,Paid
SYSPO0011053,PO871758,SUP801364,WH801474,2025-12-05,2025-12-27,Delayed,Pending
SYSPO0011054,PO820877,SUP245051,WH816751,2026-03-16,2026-04-06,Delivered,Paid
SYSPO0011055,PO796581,SUP688508,WH997546,2025-09-23,2025-10-03,Delivered,Paid
SYSPO0011056,PO836439,SUP285652,WH479201,2026-01-23,2026-02-23,Delivered,Paid
SYSPO0011057,PO597958,SUP662275,WH785197,2025-11-14,2025-11-26,Delivered,Paid
SYSPO0011058,PO675780,SUP597732,WH373903,2025-12-26,2026-01-21,Delivered,Paid
SYSPO0011059,PO615480,SUP273982,WH801474,2025-10-15,2025-10-31,Delivered,Paid
SYSPO0011060,PO600264,SUP179046,WH820221,2025-10-23,2025-11-12,Delivered,Paid
SYSPO0011061,PO730840,SUP153872,WH690341,2026-03-11,2026-03-18,Delivered,Paid
SYSPO0011062,PO493818,SUP446954,WH922157,2026-05-06,2026-05-16,Delivered,Paid
SYSPO0011063,PO471563,SUP972335,WH770487,2025-08-18,2025-09-25,Delivered,Pending
SYSPO0011064,PO857809,SUP273982,WH519066,2026-04-20,2026-05-06,Delayed,Pending
SYSPO0011065,PO898936,SUP420214,WH656116,2025-12-06,2025-12-19,Delivered,Paid
SYSPO0011066,PO998255,SUP618392,WH958179,2025-12-16,2025-12-29,Delivered,Paid
SYSPO0011067,PO650663,SUP972064,WH771088,2025-10-01,2025-10-19,Cancelled,Cancelled
SYSPO0011068,PO296382,SUP614663,WH690341,2025-12-27,2026-01-13,Delayed,Pending
SYSPO0011069,PO772637,SUP133659,WH770487,2026-01-26,2026-02-13,Delayed,Pending
SYSPO0011070,PO246601,SUP881177,WH740967,2026-03-02,2026-03-16,Delivered,Paid
SYSPO0011071,PO870004,SUP472060,WH479201,2025-10-07,2025-10-23,Delayed,Pending
SYSPO0011072,PO199811,SUP372793,WH686075,2026-02-28,2026-03-14,Delivered,Paid
SYSPO0011073,PO729343,SUP259784,WH322086,2025-11-30,2025-12-07,Delivered,Paid
SYSPO0011074,PO761066,SUP813536,WH636265,2025-09-21,2025-10-12,Delivered,Pending
SYSPO0011075,PO666170,SUP259784,WH808011,2026-07-28,2026-08-04,Delivered,Paid
SYSPO0011076,PO272581,SUP614663,WH785197,2025-08-14,2025-08-31,Delivered,Paid
SYSPO0011077,PO316014,SUP349565,WH599948,2026-01-09,2026-02-04,Delivered,Paid
SYSPO0011078,PO887533,SUP839677,WH412942,2026-08-01,2026-08-18,In Transit,Pending
SYSPO0011079,PO219049,SUP391668,WH740967,2026-02-14,2026-02-27,Delayed,Pending
SYSPO0011080,PO414595,SUP350867,WH808011,2026-05-30,2026-06-14,Delivered,Pending
SYSPO0011081,PO856293,SUP300337,WH112038,2025-09-30,2025-10-13,Delayed,Pending
SYSPO0011082,PO877033,SUP829308,WH205907,2026-01-29,2026-02-06,Delayed,Pending
SYSPO0011083,PO757384,SUP497887,WH824586,2026-07-31,2026-08-18,In Transit,Pending
SYSPO0011084,PO963089,SUP877236,WH422451,2025-12-07,2025-12-14,Delivered,Paid
SYSPO0011085,PO152977,SUP801364,WH555884,2025-10-04,2025-10-26,Delivered,Paid
SYSPO0011086,PO426959,SUP273982,WH690341,2025-08-06,2025-08-22,Cancelled,Cancelled
SYSPO0011087,PO283888,SUP572387,WH770487,2026-05-18,2026-06-03,Delivered,Paid
SYSPO0011088,PO524099,SUP285652,WH781453,2026-03-05,2026-04-05,Delivered,Paid
SYSPO0011089,PO360309,SUP705397,WH771088,2026-02-18,2026-03-18,Delivered,Paid
SYSPO0011090,PO426444,SUP944962,WH532322,2025-12-11,2025-12-25,Delivered,Paid
SYSPO0011091,PO637474,SUP240814,WH824586,2026-04-13,2026-04-19,Delivered,Paid
SYSPO0011092,PO896543,SUP300896,WH205907,2026-05-05,2026-05-13,Delivered,Paid
SYSPO0011093,PO791346,SUP211764,WH820221,2025-11-27,2025-12-14,Delivered,Paid
SYSPO0011094,PO286285,SUP944962,WH658582,2026-02-05,2026-02-19,Delivered,Paid
SYSPO0011095,PO380563,SUP865990,WH377746,2026-07-18,2026-08-08,In Transit,Pending
SYSPO0011096,PO191115,SUP642717,WH958179,2025-11-25,2025-12-09,Delivered,Paid
SYSPO0011097,PO614155,SUP349565,WH515011,2026-05-24,2026-06-19,Delivered,Paid
SYSPO0011098,PO163299,SUP156213,WH740967,2026-03-15,2026-03-28,Delivered,Paid
SYSPO0011099,PO956130,SUP322955,WH532322,2026-04-20,2026-05-03,Delivered,Paid
SYSPO0011100,PO763897,SUP153872,WH356150,2025-10-01,2025-10-08,Delivered,Paid
SYSPO0011101,PO196370,SUP688508,WH532322,2026-06-11,2026-06-21,Delivered,Paid
SYSPO0011102,PO823642,SUP576086,WH770487,2026-03-12,2026-03-18,Delivered,Paid
SYSPO0011103,PO988826,SUP944962,WH832052,2026-05-14,2026-05-28,Delivered,Paid
SYSPO0011104,PO584955,SUP842411,WH422451,2026-07-23,2026-07-31,Delivered,Paid
SYSPO0011105,PO169032,SUP197251,WH237174,2026-07-29,2026-08-05,Delivered,Paid
SYSPO0011106,PO190585,SUP385470,WH832052,2026-01-23,2026-02-12,Delivered,Paid
SYSPO0011107,PO888643,SUP899213,WH922157,2025-12-14,2026-01-01,Cancelled,Cancelled
SYSPO0011108,PO279582,SUP211764,WH824586,2026-04-29,2026-05-16,Delivered,Paid
SYSPO0011109,PO390086,SUP133659,WH356150,2025-09-17,2025-10-05,Delivered,Pending
SYSPO0011110,PO404318,SUP356150,WH997546,2026-05-16,2026-06-03,Delivered,Paid
SYSPO0011111,PO671577,SUP321275,WH820221,2026-02-07,2026-02-14,Delivered,Paid
SYSPO0011112,PO921132,SUP829308,WH233470,2026-07-20,2026-07-28,Delivered,Paid
SYSPO0011113,PO422454,SUP955662,WH690341,2025-08-20,2025-09-08,Delivered,Paid
SYSPO0011114,PO534751,SUP197251,WH100425,2025-09-28,2025-10-05,Delivered,Paid
SYSPO0011115,PO731472,SUP260263,WH373903,2026-04-25,2026-05-02,Cancelled,Cancelled
SYSPO0011116,PO856755,SUP589710,WH532322,2026-03-06,2026-03-25,Delivered,Paid
SYSPO0011117,PO522219,SUP813536,WH460663,2025-09-19,2025-10-10,Delivered,Paid
SYSPO0011118,PO484878,SUP690341,WH262316,2025-12-02,2025-12-07,Delayed,Pending
SYSPO0011119,PO614975,SUP372793,WH539589,2025-08-14,2025-08-28,Delivered,Paid
SYSPO0011120,PO839427,SUP802729,WH100425,2026-01-07,2026-01-18,Delivered,Paid
SYSPO0011121,PO708162,SUP285652,WH376807,2026-04-01,2026-05-02,Delivered,Paid
SYSPO0011122,PO118943,SUP668532,WH519066,2026-06-27,2026-07-10,Delivered,Paid
SYSPO0011123,PO582863,SUP322955,WH582662,2025-10-29,2025-11-11,Delivered,Paid
SYSPO0011124,PO512336,SUP813536,WH770487,2026-01-25,2026-02-15,Delivered,Paid
SYSPO0011125,PO897309,SUP946305,WH770487,2025-12-21,2026-01-18,Delivered,Paid
SYSPO0011126,PO875015,SUP944962,WH642717,2025-09-09,2025-09-23,Delivered,Paid
SYSPO0011127,PO791532,SUP121753,WH329974,2025-12-09,2025-12-20,Delivered,Paid
SYSPO0011128,PO615178,SUP384076,WH262316,2025-08-26,2025-09-10,Delivered,Paid
SYSPO0011129,PO944590,SUP757711,WH100425,2026-03-29,2026-04-03,Delivered,Paid
SYSPO0011130,PO367457,SUP597732,WH642717,2026-04-11,2026-05-07,Delivered,Paid
SYSPO0011131,PO894708,SUP427110,WH771088,2025-10-19,2025-11-06,Delivered,Paid
SYSPO0011132,PO350912,SUP642717,WH686075,2026-03-19,2026-04-02,Delivered,Paid
SYSPO0011133,PO356494,SUP770487,WH112038,2026-02-25,2026-03-11,Delivered,Paid
SYSPO0011134,PO892569,SUP925981,WH233470,2025-10-30,2025-11-17,Delivered,Paid
SYSPO0011135,PO305435,SUP240814,WH112038,2026-06-04,2026-06-10,Delivered,Paid
SYSPO0011136,PO854682,SUP497382,WH412942,2026-08-03,2026-08-21,In Transit,Pending
SYSPO0011137,PO256921,SUP681343,WH922157,2026-05-29,2026-06-13,Delivered,Paid
SYSPO0011138,PO854888,SUP429164,WH654634,2025-11-20,2025-12-07,Delayed,Pending
SYSPO0011139,PO497298,SUP705397,WH212235,2025-10-20,2025-11-17,Delivered,Paid
SYSPO0011140,PO615013,SUP446954,WH770487,2025-08-13,2025-08-23,Delivered,Paid
SYSPO0011141,PO762493,SUP260422,WH656116,2025-09-06,2025-09-15,Delivered,Paid
SYSPO0011142,PO495208,SUP829308,WH658582,2026-03-02,2026-03-10,Delayed,Pending
SYSPO0011143,PO131961,SUP216970,WH274389,2026-06-30,2026-07-19,Delivered,Paid
SYSPO0011144,PO723121,SUP572700,WH922157,2026-01-24,2026-02-04,Delivered,Paid
SYSPO0011145,PO854567,SUP497887,WH555884,2026-04-24,2026-05-12,Delivered,Paid
SYSPO0011146,PO192459,SUP934794,WH429164,2026-04-22,2026-04-28,Delivered,Paid
SYSPO0011147,PO565857,SUP755788,WH174441,2025-09-07,2025-10-02,Delayed,Pending
SYSPO0011148,PO340040,SUP378361,WH379766,2026-02-19,2026-03-27,Delivered,Pending
SYSPO0011149,PO147612,SUP664607,WH690341,2026-01-05,2026-02-07,Delivered,Paid
SYSPO0011150,PO625732,SUP705397,WH820221,2025-10-19,2025-11-16,Delivered,Paid
SYSPO0011151,PO394261,SUP972335,WH380746,2026-02-11,2026-03-21,Delivered,Paid
SYSPO0011152,PO506757,SUP446954,WH112038,2025-12-06,2025-12-16,Delivered,Paid
SYSPO0011153,PO683117,SUP688508,WH997546,2026-03-27,2026-04-06,Delivered,Paid
SYSPO0011154,PO662609,SUP300337,WH205907,2026-03-27,2026-04-09,Delivered,Paid
SYSPO0011155,PO528717,SUP595631,WH690341,2026-02-19,2026-03-16,Delivered,Paid
SYSPO0011156,PO519657,SUP989545,WH824586,2025-08-26,2025-09-11,Delayed,Pending
SYSPO0011157,PO291351,SUP755788,WH482364,2026-07-23,2026-08-17,In Transit,Pending
SYSPO0011158,PO728535,SUP955662,WH379766,2026-04-20,2026-05-09,Delivered,Paid
SYSPO0011159,PO792605,SUP519093,WH526833,2025-12-23,2026-01-08,Delivered,Paid
SYSPO0011160,PO809778,SUP757711,WH555884,2026-01-06,2026-01-11,Delivered,Paid
SYSPO0011161,PO472149,SUP765095,WH816751,2025-10-01,2025-11-05,Delivered,Paid
SYSPO0011162,PO635780,SUP690341,WH100425,2026-05-10,2026-05-15,Delivered,Paid
SYSPO0011163,PO268869,SUP427110,WH100425,2026-07-02,2026-07-20,Delayed,Pending
SYSPO0011164,PO428219,SUP384076,WH785197,2026-01-18,2026-02-02,Delayed,Pending
SYSPO0011165,PO380266,SUP765095,WH771088,2025-12-26,2026-01-30,Delivered,Paid
SYSPO0011166,PO461486,SUP662275,WH740967,2026-01-01,2026-01-13,Delivered,Paid
SYSPO0011167,PO933460,SUP598216,WH100425,2025-12-27,2026-01-08,Delivered,Paid
SYSPO0011168,PO692797,SUP156213,WH740967,2025-08-09,2025-08-22,Delivered,Paid
SYSPO0011169,PO701748,SUP925981,WH322086,2025-11-23,2025-12-11,Delivered,Paid
SYSPO0011170,PO248253,SUP330914,WH686075,2025-12-16,2026-01-04,Delivered,Paid
SYSPO0011171,PO188681,SUP877236,WH519066,2025-12-19,2025-12-26,Delayed,Pending
SYSPO0011172,PO135799,SUP526117,WH526833,2025-12-02,2025-12-18,Cancelled,Cancelled
SYSPO0011173,PO582569,SUP650121,WH322086,2026-01-25,2026-01-31,Delivered,Paid
SYSPO0011174,PO539850,SUP497382,WH429164,2026-07-10,2026-07-28,Delivered,Paid
SYSPO0011175,PO355052,SUP891937,WH582662,2026-03-10,2026-04-07,Delivered,Paid
SYSPO0011176,PO681004,SUP690341,WH567574,2025-09-08,2025-09-13,Delivered,Paid
SYSPO0011177,PO555960,SUP597732,WH781453,2025-10-27,2025-11-22,Delivered,Paid
SYSPO0011178,PO458655,SUP618392,WH329974,2026-05-14,2026-05-27,Delivered,Paid
SYSPO0011179,PO747787,SUP871711,WH356150,2026-07-15,2026-07-25,Delayed,Pending
SYSPO0011180,PO463217,SUP302511,WH322086,2026-01-24,2026-02-11,Delivered,Paid
SYSPO0011181,PO250628,SUP768854,WH322086,2026-05-19,2026-06-05,Delivered,Paid
SYSPO0011182,PO291614,SUP427110,WH910891,2026-01-13,2026-01-31,Delivered,Paid
SYSPO0011183,PO662123,SUP608257,WH526117,2026-06-13,2026-06-29,Delivered,Paid
SYSPO0011184,PO911193,SUP801364,WH429164,2026-01-23,2026-02-14,Delivered,Paid
SYSPO0011185,PO728827,SUP802729,WH429164,2025-11-25,2025-12-06,Delivered,Paid
SYSPO0011186,PO432221,SUP891937,WH582662,2025-10-07,2025-11-04,Delivered,Paid
SYSPO0011187,PO113904,SUP156213,WH801474,2026-06-13,2026-06-26,Delivered,Paid
SYSPO0011188,PO487273,SUP870763,WH322086,2026-05-14,2026-05-30,Delivered,Paid
SYSPO0011189,PO531177,SUP664607,WH174441,2026-07-19,2026-08-21,In Transit,Pending
SYSPO0011190,PO246988,SUP688508,WH654634,2026-01-16,2026-01-26,Delivered,Paid
SYSPO0011191,PO218566,SUP624902,WH824586,2026-05-14,2026-05-27,Delivered,Paid
SYSPO0011192,PO494008,SUP384076,WH539589,2026-07-19,2026-08-03,Delivered,Paid
SYSPO0011193,PO238764,SUP184491,WH642717,2026-01-12,2026-02-13,Delivered,Paid
SYSPO0011194,PO894517,SUP273982,WH100425,2025-09-28,2025-10-14,Delivered,Paid
SYSPO0011195,PO345961,SUP842411,WH100425,2026-06-25,2026-07-03,Delivered,Paid
SYSPO0011196,PO478135,SUP736059,WH515011,2026-03-21,2026-04-04,Delivered,Paid
SYSPO0011197,PO154722,SUP891937,WH690341,2026-03-25,2026-04-22,Delivered,Paid
SYSPO0011198,PO528232,SUP302511,WH829716,2025-09-07,2025-09-25,Delivered,Paid
SYSPO0011199,PO653954,SUP871711,WH808011,2025-09-29,2025-10-09,Delivered,Paid
SYSPO0011200,PO674545,SUP904150,WH636265,2025-10-24,2025-11-19,Cancelled,Cancelled
SYSPO0011201,PO353558,SUP891937,WH599948,2025-11-30,2025-12-28,Delivered,Paid
SYSPO0011202,PO908210,SUP865990,WH329974,2026-02-05,2026-02-26,Delayed,Pending
SYSPO0011203,PO153942,SUP899213,WH526117,2026-07-07,2026-07-25,Delivered,Paid
SYSPO0011204,PO138727,SUP757711,WH526117,2026-02-25,2026-03-02,Delivered,Paid
SYSPO0011205,PO924043,SUP523389,WH356150,2025-12-13,2025-12-29,Delivered,Paid
SYSPO0011206,PO780237,SUP692683,WH958179,2025-08-30,2025-09-24,Delivered,Paid
SYSPO0011207,PO111023,SUP946305,WH785197,2026-08-02,2026-08-30,In Transit,Pending
SYSPO0011208,PO917943,SUP497382,WH379766,2026-03-22,2026-04-09,Delayed,Pending
SYSPO0011209,PO513907,SUP589710,WH922157,2026-05-25,2026-06-13,Delivered,Paid
SYSPO0011210,PO987556,SUP391668,WH205907,2025-12-28,2026-01-10,Delivered,Paid
SYSPO0011211,PO636162,SUP955662,WH997546,2025-09-08,2025-09-27,Delivered,Paid
SYSPO0011212,PO608244,SUP519904,WH356150,2025-08-07,2025-08-21,Delivered,Paid
SYSPO0011213,PO700764,SUP989545,WH205907,2026-01-11,2026-01-27,Delivered,Paid
SYSPO0011214,PO379500,SUP881177,WH997546,2026-04-10,2026-04-24,Delivered,Paid
SYSPO0011215,PO143691,SUP486945,WH567574,2026-07-26,2026-08-18,In Transit,Pending
SYSPO0011216,PO827613,SUP420214,WH356150,2025-11-19,2025-12-02,Delivered,Paid
SYSPO0011217,PO119167,SUP598216,WH922157,2026-01-12,2026-01-24,Delivered,Paid
SYSPO0011218,PO385202,SUP344098,WH356150,2025-10-11,2025-10-27,Delivered,Paid
SYSPO0011219,PO296389,SUP385470,WH832052,2026-03-08,2026-03-28,Delivered,Paid
SYSPO0011220,PO177877,SUP372793,WH658582,2026-01-31,2026-02-14,Delivered,Paid
SYSPO0011221,PO898925,SUP614663,WH686075,2026-05-07,2026-05-24,Delivered,Paid
SYSPO0011222,PO763121,SUP881177,WH532322,2026-03-13,2026-03-27,Delivered,Paid
SYSPO0011223,PO361439,SUP179046,WH820221,2026-05-25,2026-06-14,Delivered,Paid
SYSPO0011224,PO375957,SUP273982,WH539589,2026-07-26,2026-08-11,Processing,Pending
SYSPO0011225,PO659951,SUP804318,WH429164,2025-09-27,2025-10-18,Delivered,Paid
SYSPO0011226,PO873646,SUP757711,WH555884,2025-10-21,2025-10-26,Delivered,Paid
SYSPO0011227,PO482103,SUP256294,WH329974,2025-10-16,2025-10-29,Delivered,Paid
SYSPO0011228,PO511761,SUP240814,WH801474,2026-06-24,2026-06-30,Cancelled,Cancelled
SYSPO0011229,PO790379,SUP321275,WH539589,2025-12-31,2026-01-07,Delayed,Pending
SYSPO0011230,PO152031,SUP755788,WH930555,2025-11-25,2025-12-20,Delayed,Pending
SYSPO0011231,PO466659,SUP972335,WH174441,2026-03-08,2026-04-15,Delivered,Paid
SYSPO0011232,PO155717,SUP692683,WH997546,2026-02-11,2026-03-08,Delivered,Paid
SYSPO0011233,PO821710,SUP755788,WH376807,2025-08-21,2025-09-15,Delivered,Paid
SYSPO0011234,PO604245,SUP813536,WH829716,2026-06-20,2026-07-11,Delivered,Paid
SYSPO0011235,PO749302,SUP955662,WH958179,2026-06-21,2026-07-10,Delayed,Pending
SYSPO0011236,PO656273,SUP300337,WH262316,2025-11-30,2025-12-13,Delivered,Paid
SYSPO0011237,PO925342,SUP642717,WH555884,2026-06-25,2026-07-09,Delayed,Pending
SYSPO0011238,PO526081,SUP871711,WH658582,2026-03-20,2026-03-30,Delivered,Paid
SYSPO0011239,PO215890,SUP221263,WH112038,2025-12-01,2025-12-25,Cancelled,Cancelled
SYSPO0011240,PO976151,SUP813536,WH997546,2026-02-12,2026-03-05,Delayed,Pending
SYSPO0011241,PO248375,SUP391668,WH654634,2026-03-10,2026-03-23,Delivered,Paid
SYSPO0011242,PO998285,SUP668532,WH539589,2026-05-19,2026-06-01,Delivered,Paid
SYSPO0011243,PO818253,SUP801364,WH460663,2026-01-31,2026-02-22,Delivered,Paid
SYSPO0011244,PO554620,SUP887625,WH482364,2025-10-31,2025-11-13,Delivered,Paid
SYSPO0011245,PO147762,SUP768854,WH376807,2025-08-15,2025-09-01,Delivered,Paid
SYSPO0011246,PO936270,SUP523389,WH422451,2026-06-08,2026-06-24,Delivered,Paid
SYSPO0011247,PO548664,SUP265080,WH832052,2025-08-05,2025-08-21,Delivered,Paid
SYSPO0011248,PO987378,SUP240814,WH233470,2025-10-03,2025-10-09,Delivered,Paid
SYSPO0011249,PO201391,SUP865990,WH422451,2025-11-15,2025-12-06,Delivered,Paid
SYSPO0011250,PO523515,SUP768854,WH662336,2025-11-29,2025-12-16,Delivered,Paid
SYSPO0011251,PO492219,SUP887625,WH808011,2026-04-10,2026-04-23,Delivered,Paid
SYSPO0011252,PO309359,SUP618392,WH785197,2026-06-24,2026-07-07,Delivered,Paid
SYSPO0011253,PO954830,SUP804318,WH785197,2026-04-09,2026-04-30,Delayed,Pending
SYSPO0011254,PO271814,SUP804318,WH690341,2026-02-04,2026-02-25,Delivered,Paid
SYSPO0011255,PO578402,SUP486945,WH690341,2025-09-22,2025-10-15,Delivered,Paid
SYSPO0011256,PO750739,SUP755788,WH380746,2026-04-15,2026-05-10,Delivered,Paid
SYSPO0011257,PO527101,SUP770487,WH205907,2026-04-20,2026-05-04,Delivered,Paid
SYSPO0011258,PO457695,SUP705397,WH910891,2026-07-17,2026-08-14,In Transit,Pending
SYSPO0011259,PO765415,SUP680099,WH373903,2025-11-24,2025-12-11,Delivered,Paid
SYSPO0011260,PO653358,SUP990844,WH379766,2026-01-14,2026-02-02,Delivered,Paid
SYSPO0011261,PO304793,SUP427110,WH356150,2025-10-13,2025-10-31,Delivered,Paid
SYSPO0011262,PO882086,SUP273982,WH824586,2026-02-12,2026-02-28,Delivered,Paid
SYSPO0011263,PO699510,SUP420214,WH112038,2026-07-23,2026-08-05,Delivered,Paid
SYSPO0011264,PO403215,SUP216970,WH262316,2026-04-29,2026-05-18,Delivered,Paid
SYSPO0011265,PO726335,SUP880879,WH515011,2026-04-12,2026-05-20,Delivered,Paid
SYSPO0011266,PO794709,SUP681343,WH233470,2025-11-08,2025-11-23,Delivered,Paid
SYSPO0011267,PO552974,SUP664607,WH329974,2025-08-16,2025-09-18,Delivered,Paid
SYSPO0011268,PO546613,SUP692683,WH233470,2025-09-20,2025-10-15,Delivered,Paid
SYSPO0011269,PO799924,SUP427110,WH539589,2026-05-28,2026-06-15,Delivered,Paid
SYSPO0011270,PO441233,SUP449499,WH373903,2025-11-20,2025-11-25,Delayed,Pending
SYSPO0011271,PO466525,SUP692683,WH233470,2026-02-12,2026-03-09,Delivered,Paid
SYSPO0011272,PO200272,SUP486945,WH356150,2025-08-30,2025-09-22,Delivered,Paid
SYSPO0011273,PO413303,SUP240814,WH324082,2026-03-25,2026-03-31,Delivered,Paid
SYSPO0011274,PO546126,SUP770487,WH690341,2026-05-21,2026-06-04,Delivered,Paid
SYSPO0011275,PO380105,SUP372793,WH801474,2025-12-23,2026-01-06,Delivered,Paid
SYSPO0011276,PO106046,SUP696750,WH654634,2026-03-18,2026-03-25,Delivered,Paid
SYSPO0011277,PO788901,SUP801364,WH958179,2026-02-07,2026-03-01,Delayed,Pending
SYSPO0011278,PO711188,SUP497382,WH237174,2026-03-12,2026-03-30,Delivered,Paid
SYSPO0011279,PO476587,SUP829308,WH379766,2026-01-21,2026-01-29,Delivered,Paid
SYSPO0011280,PO323010,SUP330914,WH519066,2026-07-08,2026-07-27,Delivered,Paid
SYSPO0011281,PO723658,SUP221263,WH519066,2025-11-13,2025-12-07,Delivered,Paid
SYSPO0011282,PO152023,SUP179046,WH356150,2026-04-05,2026-04-25,Delivered,Paid
SYSPO0011283,PO171914,SUP156213,WH233470,2026-04-28,2026-05-11,Delivered,Paid
SYSPO0011284,PO591153,SUP497382,WH460663,2026-02-05,2026-02-23,Delayed,Pending
SYSPO0011285,PO124323,SUP725084,WH642717,2026-05-01,2026-05-18,Delivered,Paid
SYSPO0011286,PO426872,SUP688508,WH274389,2026-06-18,2026-06-28,Delivered,Paid
SYSPO0011287,PO795203,SUP260422,WH922157,2025-09-20,2025-09-29,Cancelled,Cancelled
SYSPO0011288,PO474989,SUP391668,WH785197,2025-12-27,2026-01-09,Delivered,Paid
SYSPO0011289,PO636478,SUP618392,WH519066,2026-02-20,2026-03-05,Delivered,Paid
SYSPO0011290,PO129911,SUP497382,WH770487,2026-05-16,2026-06-03,Delivered,Paid
SYSPO0011291,PO245447,SUP842411,WH274389,2026-03-16,2026-03-24,Delivered,Paid
SYSPO0011292,PO973176,SUP725084,WH539589,2025-08-11,2025-08-28,Delivered,Paid
SYSPO0011293,PO317622,SUP273982,WH599948,2026-06-29,2026-07-15,Delayed,Pending
SYSPO0011294,PO147023,SUP650121,WH526117,2025-11-13,2025-11-19,Delivered,Paid
SYSPO0011295,PO321086,SUP595631,WH429164,2025-10-07,2025-11-01,Delivered,Paid
SYSPO0011296,PO788810,SUP880879,WH479201,2026-03-18,2026-04-25,Delivered,Pending
SYSPO0011297,PO955830,SUP680099,WH373903,2025-08-27,2025-09-13,Delivered,Paid
SYSPO0011298,PO906215,SUP391668,WH686075,2025-09-30,2025-10-13,Delivered,Paid
SYSPO0011299,PO463562,SUP597732,WH526833,2025-12-07,2026-01-02,Delivered,Paid
SYSPO0011300,PO963993,SUP372793,WH997546,2026-01-31,2026-02-14,Delivered,Paid
SYSPO0011301,PO580658,SUP265080,WH770487,2026-07-12,2026-07-28,Delivered,Paid
SYSPO0011302,PO194072,SUP526117,WH205907,2026-05-01,2026-05-17,Delivered,Paid
SYSPO0011303,PO505538,SUP216970,WH422451,2025-09-26,2025-10-15,Delivered,Paid
SYSPO0011304,PO193342,SUP946305,WH958179,2025-12-21,2026-01-18,Delivered,Paid
SYSPO0011305,PO772041,SUP472060,WH233470,2025-10-07,2025-10-23,Delivered,Paid
SYSPO0011306,PO281754,SUP184491,WH740967,2025-08-25,2025-09-26,Delivered,Paid
SYSPO0011307,PO777304,SUP391668,WH515011,2025-11-18,2025-12-01,Delivered,Paid
SYSPO0011308,PO313537,SUP322955,WH412942,2025-12-23,2026-01-05,Delivered,Paid
SYSPO0011309,PO663895,SUP497887,WH112038,2026-01-14,2026-02-01,Delivered,Paid
SYSPO0011310,PO689606,SUP589710,WH824586,2026-04-09,2026-04-28,Delivered,Paid
SYSPO0011311,PO392270,SUP513160,WH636265,2026-07-25,2026-08-18,In Transit,Pending
SYSPO0011312,PO752918,SUP513160,WH642717,2025-12-21,2026-01-14,Delivered,Paid
SYSPO0011313,PO270281,SUP705397,WH958179,2025-08-23,2025-09-20,Delayed,Pending
SYSPO0011314,PO297276,SUP614663,WH429164,2025-11-25,2025-12-12,Delivered,Paid
SYSPO0011315,PO161056,SUP572387,WH599948,2025-11-26,2025-12-12,Cancelled,Cancelled
SYSPO0011316,PO275795,SUP662275,WH824586,2026-02-26,2026-03-10,Delivered,Paid
SYSPO0011317,PO833823,SUP572700,WH654634,2026-04-10,2026-04-21,Delivered,Paid
SYSPO0011318,PO923304,SUP946305,WH174441,2026-08-03,2026-08-31,In Transit,Pending
SYSPO0011319,PO872898,SUP572700,WH690341,2025-09-03,2025-09-14,Delivered,Paid
SYSPO0011320,PO894656,SUP899213,WH922157,2026-02-20,2026-03-10,Delivered,Paid
SYSPO0011321,PO651946,SUP497382,WH656116,2025-10-19,2025-11-06,Delivered,Pending
SYSPO0011322,PO689223,SUP662275,WH519066,2026-05-29,2026-06-10,Delivered,Paid
SYSPO0011323,PO137662,SUP690341,WH555884,2026-04-05,2026-04-10,Delayed,Pending
SYSPO0011324,PO892240,SUP944962,WH781453,2025-10-15,2025-10-29,Delivered,Paid
SYSPO0011325,PO305199,SUP650121,WH322086,2026-05-28,2026-06-03,Delivered,Paid
SYSPO0011326,PO924473,SUP259784,WH519066,2025-09-10,2025-09-17,Delayed,Pending
SYSPO0011327,PO771424,SUP197251,WH686075,2026-03-25,2026-04-01,Delayed,Pending
SYSPO0011328,PO206961,SUP391668,WH322086,2026-05-24,2026-06-06,Delivered,Paid
SYSPO0011329,PO118019,SUP344098,WH820221,2025-10-08,2025-10-24,Delivered,Paid
SYSPO0011330,PO323701,SUP245051,WH479201,2026-03-04,2026-03-25,Delivered,Paid
SYSPO0011331,PO319832,SUP523389,WH910891,2025-12-08,2025-12-24,Delayed,Pending
SYSPO0011332,PO201223,SUP597732,WH930555,2026-07-09,2026-08-04,Delivered,Paid
SYSPO0011333,PO682470,SUP639593,WH233470,2025-12-05,2025-12-12,Delayed,Pending
SYSPO0011334,PO232713,SUP728492,WH832052,2026-06-22,2026-07-08,Delivered,Paid
SYSPO0011335,PO879952,SUP965845,WH519066,2026-06-29,2026-07-06,Delivered,Paid
SYSPO0011336,PO597869,SUP420214,WH112038,2026-04-28,2026-05-11,Cancelled,Cancelled
SYSPO0011337,PO437481,SUP429164,WH832052,2026-06-11,2026-06-28,Delivered,Paid
SYSPO0011338,PO561992,SUP757711,WH654634,2025-11-29,2025-12-04,Delivered,Paid
SYSPO0011339,PO182261,SUP614663,WH910891,2025-11-18,2025-12-05,Delivered,Paid
SYSPO0011340,PO318160,SUP333238,WH262316,2026-04-28,2026-05-17,Delivered,Paid
SYSPO0011341,PO283388,SUP265080,WH429164,2026-05-03,2026-05-19,Delivered,Paid
SYSPO0011342,PO740501,SUP598216,WH519066,2026-04-29,2026-05-11,Delivered,Paid
SYSPO0011343,PO689960,SUP486945,WH380746,2025-12-23,2026-01-15,Delivered,Paid
SYSPO0011344,PO566020,SUP839677,WH567574,2025-09-11,2025-09-28,Delivered,Paid
SYSPO0011345,PO674822,SUP335615,WH555884,2026-02-28,2026-03-06,Delivered,Paid
SYSPO0011346,PO686349,SUP736059,WH262316,2026-03-18,2026-04-01,Delivered,Paid
SYSPO0011347,PO499459,SUP260422,WH532322,2025-12-19,2025-12-28,Delivered,Paid
SYSPO0011348,PO397986,SUP179046,WH460663,2026-06-20,2026-07-10,Delayed,Pending
SYSPO0011349,PO115249,SUP870763,WH479201,2025-09-29,2025-10-15,Delivered,Paid
SYSPO0011350,PO491199,SUP870763,WH422451,2025-08-10,2025-08-26,Delivered,Paid
SYSPO0011351,PO696620,SUP497887,WH781453,2025-09-27,2025-10-15,Delivered,Paid
SYSPO0011352,PO650093,SUP572700,WH686075,2026-02-22,2026-03-05,Delayed,Pending
SYSPO0011353,PO229322,SUP184491,WH785197,2025-11-22,2025-12-24,Delivered,Paid
SYSPO0011354,PO386127,SUP692683,WH376807,2025-12-27,2026-01-21,Delivered,Paid
SYSPO0011355,PO727703,SUP829308,WH519066,2026-06-03,2026-06-11,Delivered,Paid
SYSPO0011356,PO218571,SUP976325,WH373903,2026-02-09,2026-02-22,Delivered,Paid
SYSPO0011357,PO328321,SUP680099,WH112038,2026-01-12,2026-01-29,Delivered,Paid
SYSPO0011358,PO596515,SUP576086,WH324082,2025-12-15,2025-12-21,Delivered,Paid
SYSPO0011359,PO521352,SUP944962,WH832052,2026-07-28,2026-08-11,Processing,Pending
SYSPO0011360,PO948599,SUP256294,WH555884,2026-07-24,2026-08-06,In Transit,Pending
SYSPO0011361,PO882304,SUP608257,WH654634,2025-10-07,2025-10-23,Delivered,Paid
SYSPO0011362,PO170283,SUP650121,WH519066,2025-09-13,2025-09-19,Delivered,Paid
SYSPO0011363,PO989515,SUP972335,WH582662,2025-10-28,2025-12-05,Delivered,Paid
SYSPO0011364,PO316788,SUP946305,WH816751,2025-10-04,2025-11-01,Delivered,Paid
SYSPO0011365,PO310712,SUP887625,WH205907,2026-02-16,2026-03-01,Delivered,Paid
SYSPO0011366,PO795220,SUP662275,WH526117,2025-10-29,2025-11-10,Delayed,Pending
SYSPO0011367,PO793277,SUP839677,WH958179,2026-06-23,2026-07-10,Delivered,Paid
SYSPO0011368,PO760222,SUP385470,WH922157,2025-10-17,2025-11-06,Delayed,Pending
SYSPO0011369,PO674625,SUP391668,WH356150,2026-06-09,2026-06-22,Delivered,Pending
SYSPO0011370,PO646730,SUP459536,WH690341,2026-07-19,2026-08-02,Delivered,Paid
SYSPO0011371,PO374458,SUP260422,WH262316,2026-03-09,2026-03-18,Delivered,Paid
SYSPO0011372,PO462405,SUP989545,WH820221,2026-03-31,2026-04-16,Delivered,Pending
SYSPO0011373,PO105132,SUP302511,WH274389,2026-04-29,2026-05-17,Delivered,Paid
SYSPO0011374,PO385774,SUP321275,WH526833,2026-06-23,2026-06-30,Delivered,Paid
SYSPO0011375,PO863648,SUP671858,WH658582,2026-02-25,2026-03-13,Delivered,Paid
SYSPO0011376,PO208871,SUP153872,WH662336,2026-06-29,2026-07-06,Delivered,Paid
SYSPO0011377,PO114955,SUP572700,WH482364,2026-02-27,2026-03-10,Delivered,Paid
SYSPO0011378,PO386007,SUP865990,WH770487,2026-05-08,2026-05-29,Delayed,Pending
SYSPO0011379,PO329821,SUP372793,WH690341,2026-03-07,2026-03-21,Delivered,Paid
SYSPO0011380,PO531941,SUP589710,WH636265,2026-05-04,2026-05-23,Delivered,Paid
SYSPO0011381,PO329858,SUP934794,WH379766,2026-05-25,2026-05-31,Delivered,Paid
SYSPO0011382,PO517162,SUP211764,WH377746,2026-06-12,2026-06-29,Delivered,Paid
SYSPO0011383,PO187720,SUP335615,WH112038,2025-09-18,2025-09-24,Delivered,Paid
SYSPO0011384,PO805372,SUP597732,WH785197,2026-01-14,2026-02-09,Delayed,Pending
SYSPO0011385,PO962480,SUP801364,WH329974,2026-01-30,2026-02-21,Delivered,Paid
SYSPO0011386,PO574170,SUP899213,WH233470,2026-07-26,2026-08-13,In Transit,Pending
SYSPO0011387,PO696000,SUP613425,WH771088,2025-09-03,2025-09-14,Delivered,Paid
SYSPO0011388,PO421556,SUP391668,WH816751,2025-09-19,2025-10-02,Delivered,Paid
SYSPO0011389,PO904287,SUP664607,WH515011,2026-06-19,2026-07-22,Delivered,Paid
SYSPO0011390,PO737513,SUP273982,WH658582,2025-09-24,2025-10-10,Cancelled,Cancelled
SYSPO0011391,PO556467,SUP497382,WH515011,2026-07-29,2026-08-16,In Transit,Pending
SYSPO0011392,PO971385,SUP829308,WH658582,2025-08-11,2025-08-19,Delivered,Paid
SYSPO0011393,PO323582,SUP671858,WH174441,2026-02-07,2026-02-23,Delivered,Paid
SYSPO0011394,PO467301,SUP572700,WH958179,2025-12-18,2025-12-29,Delivered,Paid
SYSPO0011395,PO508185,SUP519093,WH274389,2025-12-04,2025-12-20,Delivered,Paid
SYSPO0011396,PO601846,SUP802729,WH322086,2026-04-30,2026-05-11,Delivered,Paid
SYSPO0011397,PO589880,SUP350867,WH329974,2025-12-23,2026-01-07,Cancelled,Cancelled
SYSPO0011398,PO220441,SUP765095,WH526833,2025-09-27,2025-11-01,Delivered,Paid
SYSPO0011399,PO295413,SUP865990,WH237174,2026-06-18,2026-07-09,Delayed,Pending
SYSPO0011400,PO947108,SUP420214,WH377746,2026-01-23,2026-02-05,Delivered,Paid
SYSPO0011401,PO170411,SUP944962,WH820221,2026-07-16,2026-07-30,Delayed,Pending
SYSPO0011402,PO205274,SUP420214,WH636265,2026-03-25,2026-04-07,Delivered,Paid
SYSPO0011403,PO404799,SUP572700,WH233470,2026-02-24,2026-03-07,Delivered,Paid
SYSPO0011404,PO191133,SUP865990,WH519066,2026-05-28,2026-06-18,Delivered,Paid
SYSPO0011405,PO974186,SUP427110,WH205907,2025-12-15,2026-01-02,Delivered,Pending
SYSPO0011406,PO426297,SUP728492,WH930555,2025-10-10,2025-10-26,Delivered,Paid
SYSPO0011407,PO459260,SUP184491,WH636265,2026-05-07,2026-06-08,Delivered,Paid
SYSPO0011408,PO192231,SUP944962,WH100425,2025-12-01,2025-12-15,Delivered,Paid
SYSPO0011409,PO305259,SUP680099,WH526833,2025-08-16,2025-09-02,Delivered,Paid
SYSPO0011410,PO292676,SUP526117,WH930555,2026-05-21,2026-06-06,Delivered,Paid
SYSPO0011411,PO971075,SUP613425,WH274389,2026-06-17,2026-06-28,Delivered,Paid
SYSPO0011412,PO851508,SUP972335,WH376807,2025-09-20,2025-10-28,Delivered,Paid
SYSPO0011413,PO725044,SUP899213,WH233470,2025-10-30,2025-11-17,Delivered,Paid
SYSPO0011414,PO351556,SUP650121,WH997546,2025-09-23,2025-09-29,Delivered,Paid
SYSPO0011415,PO100129,SUP946305,WH174441,2026-07-03,2026-07-31,Delivered,Paid
SYSPO0011416,PO250645,SUP156213,WH233470,2026-05-01,2026-05-14,Delayed,Pending
SYSPO0011417,PO873935,SUP725084,WH816751,2025-09-29,2025-10-16,Delivered,Paid
SYSPO0011418,PO373982,SUP705397,WH479201,2026-04-29,2026-05-27,Cancelled,Cancelled
SYSPO0011419,PO574528,SUP221263,WH262316,2025-10-31,2025-11-24,Delivered,Paid
SYSPO0011420,PO765210,SUP965845,WH356150,2025-12-02,2025-12-09,Delayed,Pending
SYSPO0011421,PO698866,SUP427110,WH429164,2025-09-22,2025-10-10,Delivered,Paid
SYSPO0011422,PO231459,SUP446954,WH539589,2025-10-25,2025-11-04,Delayed,Pending
SYSPO0011423,PO310770,SUP871711,WH377746,2025-09-24,2025-10-04,Delayed,Pending
SYSPO0011424,PO260208,SUP765095,WH832052,2025-09-04,2025-10-09,Delivered,Paid
SYSPO0011425,PO374202,SUP624902,WH642717,2026-01-16,2026-01-29,Delivered,Paid
SYSPO0011426,PO538492,SUP307428,WH820221,2026-04-30,2026-05-11,Delivered,Paid
SYSPO0011427,PO508807,SUP614663,WH567574,2026-05-28,2026-06-14,Delivered,Paid
SYSPO0011428,PO638781,SUP765095,WH539589,2026-06-05,2026-07-10,Cancelled,Cancelled
SYSPO0011429,PO926219,SUP770487,WH922157,2025-09-17,2025-10-01,Delivered,Paid
SYSPO0011430,PO744925,SUP891937,WH526833,2025-09-04,2025-10-02,Delivered,Paid
SYSPO0011431,PO772117,SUP899213,WH519066,2025-08-12,2025-08-30,Delivered,Paid
SYSPO0011432,PO503499,SUP356150,WH322086,2026-06-01,2026-06-19,Delivered,Paid
SYSPO0011433,PO998742,SUP871711,WH526117,2026-02-09,2026-02-19,Delivered,Paid
SYSPO0011434,PO229166,SUP486945,WH801474,2026-05-26,2026-06-18,Delivered,Paid
SYSPO0011435,PO711488,SUP437902,WH460663,2026-01-19,2026-02-05,Delayed,Pending
SYSPO0011436,PO130669,SUP391668,WH690341,2025-08-21,2025-09-03,Delivered,Paid
SYSPO0011437,PO626100,SUP972335,WH690341,2025-10-20,2025-11-27,Delivered,Paid
SYSPO0011438,PO188740,SUP265080,WH771088,2025-09-15,2025-10-01,Delivered,Paid
SYSPO0011439,PO486515,SUP446954,WH322086,2025-08-17,2025-08-27,Delivered,Paid
SYSPO0011440,PO573742,SUP972335,WH820221,2026-06-08,2026-07-16,Delayed,Pending
SYSPO0011441,PO935563,SUP321275,WH212235,2026-04-18,2026-04-25,Cancelled,Cancelled
SYSPO0011442,PO157510,SUP197251,WH262316,2026-02-20,2026-02-27,Delivered,Paid
SYSPO0011443,PO977603,SUP768854,WH539589,2026-03-23,2026-04-09,Delivered,Paid
SYSPO0011444,PO125707,SUP989545,WH808011,2025-08-28,2025-09-13,Delayed,Pending
SYSPO0011445,PO755701,SUP801364,WH482364,2026-02-03,2026-02-25,Delivered,Paid
SYSPO0011446,PO960687,SUP256294,WH690341,2025-09-20,2025-10-03,Delivered,Paid
SYSPO0011447,PO136902,SUP614663,WH740967,2026-07-23,2026-08-09,In Transit,Pending
SYSPO0011448,PO927743,SUP350867,WH515011,2025-11-11,2025-11-26,Delivered,Paid
SYSPO0011449,PO335204,SUP736059,WH532322,2025-08-21,2025-09-04,Delivered,Paid
SYSPO0011450,PO832681,SUP322955,WH922157,2025-08-30,2025-09-12,Delayed,Pending
SYSPO0011451,PO750166,SUP618392,WH205907,2025-11-30,2025-12-13,Delivered,Paid
SYSPO0011452,PO355481,SUP378361,WH599948,2026-04-21,2026-05-27,Delivered,Pending
SYSPO0011453,PO508967,SUP608257,WH801474,2025-08-08,2025-08-24,Delayed,Pending
SYSPO0011454,PO357807,SUP184491,WH376807,2026-05-25,2026-06-26,Delivered,Paid
SYSPO0011455,PO236562,SUP972335,WH658582,2025-09-11,2025-10-19,Delivered,Paid
SYSPO0011456,PO445017,SUP865990,WH373903,2026-06-04,2026-06-25,Delivered,Paid
SYSPO0011457,PO495106,SUP728492,WH205907,2025-09-22,2025-10-08,Delivered,Paid
SYSPO0011458,PO262764,SUP887625,WH233470,2026-07-28,2026-08-10,In Transit,Pending
SYSPO0011459,PO808772,SUP904150,WH662336,2026-03-26,2026-04-21,Delivered,Paid
SYSPO0011460,PO630305,SUP260263,WH567574,2025-10-23,2025-10-30,Delivered,Paid
SYSPO0011461,PO182979,SUP972335,WH781453,2026-03-21,2026-04-28,Delivered,Paid
SYSPO0011462,PO349158,SUP829308,WH740967,2026-07-20,2026-07-28,Delivered,Paid
SYSPO0011463,PO707337,SUP728492,WH785197,2025-10-21,2025-11-06,Delivered,Pending
SYSPO0011464,PO559290,SUP589710,WH237174,2025-10-15,2025-11-03,Delivered,Paid
SYSPO0011465,PO454007,SUP497887,WH555884,2026-04-22,2026-05-10,Delayed,Pending
SYSPO0011466,PO393144,SUP513160,WH832052,2025-12-19,2026-01-12,Delivered,Paid
SYSPO0011467,PO279105,SUP680099,WH829716,2025-08-16,2025-09-02,Delivered,Paid
SYSPO0011468,PO685576,SUP839677,WH662336,2025-09-09,2025-09-26,Delivered,Pending
SYSPO0011469,PO781427,SUP179046,WH824586,2025-09-30,2025-10-20,Delivered,Paid
SYSPO0011470,PO190669,SUP965845,WH515011,2026-06-29,2026-07-06,Delivered,Pending
SYSPO0011471,PO948204,SUP595631,WH658582,2026-05-21,2026-06-15,Delivered,Paid
SYSPO0011472,PO903937,SUP639593,WH212235,2026-08-05,2026-08-12,Processing,Pending
SYSPO0011473,PO786589,SUP184491,WH658582,2025-11-20,2025-12-22,Delivered,Paid
SYSPO0011474,PO613817,SUP321275,WH808011,2026-03-18,2026-03-25,Delayed,Pending
SYSPO0011475,PO606229,SUP322955,WH482364,2025-12-18,2025-12-31,Delivered,Paid
SYSPO0011476,PO530884,SUP179046,WH770487,2025-12-19,2026-01-08,Delivered,Paid
SYSPO0011477,PO380758,SUP871711,WH112038,2025-10-06,2025-10-16,Delivered,Paid
SYSPO0011478,PO934747,SUP260422,WH922157,2026-07-03,2026-07-12,Delivered,Paid
SYSPO0011479,PO617019,SUP765095,WH460663,2026-02-15,2026-03-22,Delayed,Pending
SYSPO0011480,PO396612,SUP696750,WH274389,2026-06-04,2026-06-11,Delivered,Paid
SYSPO0011481,PO945062,SUP690341,WH816751,2026-05-14,2026-05-19,Delivered,Paid
SYSPO0011482,PO749877,SUP972335,WH781453,2026-03-31,2026-05-08,Delivered,Paid
SYSPO0011483,PO286391,SUP757711,WH997546,2025-11-06,2025-11-11,Delayed,Pending
SYSPO0011484,PO998677,SUP572387,WH690341,2026-02-17,2026-03-05,Delivered,Paid
SYSPO0011485,PO651185,SUP598216,WH274389,2026-03-14,2026-03-26,Delayed,Pending
SYSPO0011486,PO155763,SUP899213,WH377746,2025-08-31,2025-09-18,Delivered,Paid
SYSPO0011487,PO881759,SUP965845,WH482364,2025-09-12,2025-09-19,Delivered,Paid
SYSPO0011488,PO516505,SUP350867,WH532322,2026-06-19,2026-07-04,Delivered,Paid
SYSPO0011489,PO383831,SUP221263,WH379766,2026-03-17,2026-04-10,Delivered,Paid
SYSPO0011490,PO452947,SUP768854,WH656116,2026-05-28,2026-06-14,Delivered,Paid
SYSPO0011491,PO501129,SUP245051,WH824586,2025-08-10,2025-08-31,Delivered,Paid
SYSPO0011492,PO711328,SUP899213,WH690341,2026-02-26,2026-03-16,Delivered,Paid
SYSPO0011493,PO387993,SUP664607,WH781453,2025-10-28,2025-11-30,Delivered,Paid
SYSPO0011494,PO193991,SUP804318,WH930555,2026-05-09,2026-05-30,Delivered,Pending
SYSPO0011495,PO340698,SUP300337,WH322086,2025-10-18,2025-10-31,Delivered,Paid
SYSPO0011496,PO464993,SUP153872,WH526117,2025-11-22,2025-11-29,Delivered,Paid
SYSPO0011497,PO367926,SUP804318,WH740967,2025-10-10,2025-10-31,Cancelled,Cancelled
SYSPO0011498,PO757547,SUP618392,WH274389,2026-07-21,2026-08-03,Delivered,Paid
SYSPO0011499,PO198949,SUP972335,WH832052,2026-05-24,2026-07-01,Delivered,Paid
SYSPO0011500,PO636005,SUP618392,WH555884,2026-03-01,2026-03-14,Delivered,Paid
SYSPO0011501,PO875360,SUP650121,WH997546,2025-08-06,2025-08-12,Cancelled,Cancelled
SYSPO0011502,PO897174,SUP384076,WH262316,2026-05-13,2026-05-28,Delivered,Paid
SYSPO0011503,PO717297,SUP519904,WH380746,2025-09-12,2025-09-26,Delivered,Paid
SYSPO0011504,PO707798,SUP333238,WH519066,2026-07-29,2026-08-17,Processing,Pending
SYSPO0011505,PO719440,SUP768854,WH555884,2025-10-27,2025-11-13,Delivered,Paid
SYSPO0011506,PO358729,SUP437902,WH801474,2026-07-28,2026-08-14,In Transit,Pending
SYSPO0011507,PO209044,SUP256294,WH274389,2026-02-16,2026-03-01,Delivered,Paid
SYSPO0011508,PO145910,SUP801364,WH274389,2026-07-01,2026-07-23,Delivered,Paid
SYSPO0011509,PO173961,SUP437408,WH770487,2026-05-06,2026-05-21,Delivered,Paid
SYSPO0011510,PO818566,SUP690341,WH662336,2026-02-05,2026-02-10,Delivered,Paid
SYSPO0011511,PO934854,SUP925981,WH526117,2025-12-25,2026-01-12,Delivered,Paid
SYSPO0011512,PO132460,SUP671858,WH205907,2026-05-03,2026-05-19,Delivered,Paid
SYSPO0011513,PO973806,SUP842411,WH100425,2026-03-21,2026-03-29,Delivered,Paid
SYSPO0011514,PO733725,SUP880879,WH642717,2025-10-15,2025-11-22,Delivered,Paid
SYSPO0011515,PO158460,SUP972064,WH658582,2026-01-22,2026-02-09,Delivered,Paid
SYSPO0011516,PO622677,SUP385470,WH233470,2026-04-23,2026-05-13,Delivered,Paid
SYSPO0011517,PO529837,SUP385470,WH329974,2025-09-15,2025-10-05,Delivered,Paid
SYSPO0011518,PO711221,SUP690341,WH356150,2025-10-14,2025-10-19,Delivered,Pending
SYSPO0011519,PO712592,SUP300896,WH262316,2026-06-25,2026-07-03,Delayed,Pending
SYSPO0011520,PO834874,SUP321275,WH740967,2025-12-20,2025-12-27,Delivered,Paid
SYSPO0011521,PO165573,SUP497887,WH740967,2025-12-30,2026-01-17,Delivered,Paid
SYSPO0011522,PO963847,SUP598216,WH686075,2026-01-16,2026-01-28,Delivered,Paid
SYSPO0011523,PO672045,SUP497382,WH958179,2025-10-27,2025-11-14,Delivered,Paid
SYSPO0011524,PO638545,SUP572700,WH922157,2026-02-20,2026-03-03,Delivered,Paid
SYSPO0011525,PO945871,SUP265080,WH930555,2025-11-01,2025-11-17,Delivered,Paid
SYSPO0011526,PO827540,SUP449499,WH519066,2026-01-10,2026-01-15,Delivered,Paid
SYSPO0011527,PO536758,SUP955662,WH233470,2025-09-17,2025-10-06,Delivered,Paid
SYSPO0011528,PO826612,SUP925981,WH526117,2026-05-27,2026-06-14,Delivered,Paid
SYSPO0011529,PO539975,SUP245051,WH205907,2025-12-05,2025-12-26,Delivered,Paid
SYSPO0011530,PO217572,SUP300337,WH997546,2025-09-22,2025-10-05,Delivered,Paid
SYSPO0011531,PO118820,SUP899213,WH212235,2026-02-01,2026-02-19,Delivered,Paid
SYSPO0011532,PO756412,SUP307428,WH237174,2025-09-16,2025-09-27,Delivered,Paid
SYSPO0011533,PO718328,SUP513160,WH824586,2026-02-22,2026-03-18,Delivered,Paid
SYSPO0011534,PO856482,SUP349565,WH377746,2025-09-26,2025-10-22,Delivered,Paid
SYSPO0011535,PO845978,SUP891937,WH829716,2026-02-13,2026-03-13,Delivered,Paid
SYSPO0011536,PO758594,SUP755788,WH910891,2026-05-28,2026-06-22,Delivered,Paid
SYSPO0011537,PO628461,SUP920652,WH555884,2025-12-23,2026-01-15,Delivered,Paid
SYSPO0011538,PO876395,SUP356150,WH237174,2026-05-05,2026-05-23,Delivered,Paid
SYSPO0011539,PO252108,SUP692683,WH526117,2025-11-24,2025-12-19,Delivered,Paid
SYSPO0011540,PO666426,SUP597732,WH460663,2026-03-09,2026-04-04,Delivered,Paid
SYSPO0011541,PO823447,SUP765095,WH582662,2026-05-12,2026-06-16,Delivered,Paid
SYSPO0011542,PO670564,SUP486945,WH930555,2025-08-20,2025-09-12,Cancelled,Cancelled
SYSPO0011543,PO107715,SUP572700,WH237174,2025-09-05,2025-09-16,Delivered,Paid
SYSPO0011544,PO461439,SUP891937,WH829716,2025-12-10,2026-01-07,Delivered,Paid
SYSPO0011545,PO793517,SUP642717,WH801474,2026-02-12,2026-02-26,Delivered,Paid
SYSPO0011546,PO553668,SUP890170,WH274389,2025-09-18,2025-09-25,Delivered,Paid
SYSPO0011547,PO674900,SUP891937,WH373903,2026-01-01,2026-01-29,Delivered,Paid
SYSPO0011548,PO148698,SUP356150,WH656116,2025-11-23,2025-12-11,Delivered,Paid
SYSPO0011549,PO583342,SUP156213,WH740967,2026-01-29,2026-02-11,Cancelled,Cancelled
SYSPO0011550,PO509899,SUP459536,WH412942,2026-03-26,2026-04-09,Delivered,Paid
SYSPO0011551,PO899749,SUP871711,WH770487,2026-05-17,2026-05-27,Delivered,Paid
SYSPO0011552,PO379678,SUP330914,WH479201,2025-12-04,2025-12-23,Delivered,Paid
SYSPO0011553,PO534803,SUP736059,WH212235,2026-04-28,2026-05-12,Delivered,Pending
SYSPO0011554,PO804400,SUP322955,WH567574,2026-06-27,2026-07-10,Delivered,Paid
SYSPO0011555,PO433740,SUP664607,WH662336,2026-01-24,2026-02-26,Delivered,Paid
SYSPO0011556,PO840929,SUP887625,WH642717,2025-10-31,2025-11-13,Delayed,Pending
SYSPO0011557,PO822402,SUP757711,WH801474,2026-03-08,2026-03-13,Delivered,Paid
SYSPO0011558,PO666498,SUP259784,WH532322,2026-01-10,2026-01-17,Delayed,Pending
SYSPO0011559,PO192200,SUP802729,WH567574,2025-11-25,2025-12-06,Delivered,Paid
SYSPO0011560,PO443814,SUP156213,WH356150,2026-07-03,2026-07-16,Delivered,Paid
SYSPO0011561,PO479181,SUP618392,WH997546,2026-01-18,2026-01-31,Delivered,Paid
SYSPO0011562,PO454384,SUP335615,WH555884,2025-10-17,2025-10-23,Delivered,Paid
SYSPO0011563,PO963045,SUP335615,WH274389,2026-07-03,2026-07-09,Delivered,Paid
SYSPO0011564,PO856297,SUP197251,WH274389,2025-09-01,2025-09-08,Delivered,Paid
SYSPO0011565,PO126195,SUP705397,WH373903,2026-07-18,2026-08-15,In Transit,Pending
SYSPO0011566,PO705027,SUP972335,WH329974,2026-06-27,2026-08-04,Delivered,Paid
SYSPO0011567,PO978617,SUP197251,WH422451,2026-06-12,2026-06-19,Delivered,Paid
SYSPO0011568,PO389913,SUP184491,WH329974,2026-02-05,2026-03-09,Delivered,Paid
SYSPO0011569,PO672342,SUP497887,WH526833,2026-08-04,2026-08-22,Processing,Pending
SYSPO0011570,PO425752,SUP865990,WH958179,2026-04-25,2026-05-16,Delivered,Paid
SYSPO0011571,PO558715,SUP920652,WH658582,2025-12-25,2026-01-17,Delivered,Paid
SYSPO0011572,PO293948,SUP335615,WH112038,2025-10-13,2025-10-19,Delivered,Paid
SYSPO0011573,PO343900,SUP240814,WH274389,2025-08-09,2025-08-15,Delivered,Paid
SYSPO0011574,PO433978,SUP613425,WH460663,2026-04-23,2026-05-04,Delivered,Paid
SYSPO0011575,PO361092,SUP211764,WH191161,2026-02-11,2026-02-28,Delivered,Paid
SYSPO0011576,PO144035,SUP335113,WH808011,2026-04-23,2026-05-04,Delivered,Paid
SYSPO0011577,PO206665,SUP598216,WH233470,2025-09-14,2025-09-26,Delivered,Paid
SYSPO0011578,PO919797,SUP307428,WH100425,2026-01-05,2026-01-16,Cancelled,Cancelled
SYSPO0011579,PO750527,SUP472060,WH820221,2026-01-22,2026-02-07,Delivered,Paid
SYSPO0011580,PO763936,SUP472060,WH376807,2026-02-23,2026-03-11,Delivered,Paid
SYSPO0011581,PO725678,SUP839677,WH274389,2026-04-17,2026-05-04,Delivered,Paid
SYSPO0011582,PO980763,SUP350867,WH740967,2026-04-24,2026-05-09,Delivered,Paid
SYSPO0011583,PO826787,SUP770487,WH373903,2025-09-07,2025-09-21,Delivered,Pending
SYSPO0011584,PO756238,SUP877236,WH100425,2025-09-20,2025-09-27,Cancelled,Cancelled
SYSPO0011585,PO575667,SUP335113,WH801474,2025-09-29,2025-10-10,Cancelled,Cancelled
SYSPO0011586,PO157470,SUP221263,WH205907,2026-01-05,2026-01-29,Delivered,Paid
SYSPO0011587,PO983770,SUP179046,WH526117,2026-01-07,2026-01-27,Delivered,Paid
SYSPO0011588,PO862387,SUP597732,WH526833,2026-05-01,2026-05-27,Delivered,Paid
SYSPO0011589,PO940900,SUP842411,WH356150,2026-03-22,2026-03-30,Delivered,Paid
SYSPO0011590,PO695845,SUP671858,WH191161,2025-09-13,2025-09-29,Delivered,Paid
SYSPO0011591,PO122948,SUP595631,WH820221,2026-05-19,2026-06-13,Cancelled,Cancelled
SYSPO0011592,PO880438,SUP240814,WH808011,2026-07-30,2026-08-05,Delivered,Paid
SYSPO0011593,PO130274,SUP372793,WH820221,2026-07-17,2026-07-31,Cancelled,Cancelled
SYSPO0011594,PO973932,SUP429164,WH174441,2025-10-09,2025-10-26,Delivered,Paid
SYSPO0011595,PO737364,SUP259784,WH112038,2025-08-30,2025-09-06,Delivered,Paid
SYSPO0011596,PO605023,SUP260422,WH356150,2025-12-24,2026-01-02,Delivered,Paid
SYSPO0011597,PO494151,SUP356150,WH922157,2025-10-21,2025-11-08,Delivered,Paid
SYSPO0011598,PO390755,SUP526117,WH785197,2025-12-14,2025-12-30,Delayed,Pending
SYSPO0011599,PO396661,SUP300896,WH112038,2025-10-21,2025-10-29,Delivered,Paid
SYSPO0011600,PO677046,SUP765095,WH642717,2026-03-24,2026-04-28,Delivered,Paid
SYSPO0011601,PO764346,SUP221263,WH233470,2026-06-28,2026-07-22,Delivered,Paid
SYSPO0011602,PO886240,SUP572387,WH785197,2026-01-09,2026-01-25,Delivered,Paid
SYSPO0011603,PO192022,SUP671858,WH460663,2025-09-21,2025-10-07,Delivered,Paid
SYSPO0011604,PO504665,SUP765095,WH690341,2025-11-03,2025-12-08,Delivered,Paid
SYSPO0011605,PO480850,SUP728492,WH380746,2026-06-26,2026-07-12,Delivered,Paid
SYSPO0011606,PO614362,SUP899213,WH376807,2026-01-16,2026-02-03,Delivered,Paid
SYSPO0011607,PO656054,SUP662275,WH654634,2026-05-13,2026-05-25,Delivered,Paid
SYSPO0011608,PO398475,SUP245051,WH422451,2026-02-14,2026-03-07,Delivered,Paid
SYSPO0011609,PO527387,SUP920652,WH958179,2025-11-21,2025-12-14,Delivered,Paid
SYSPO0011610,PO119105,SUP608257,WH740967,2026-05-29,2026-06-14,Delivered,Paid
SYSPO0011611,PO960305,SUP877236,WH686075,2026-05-09,2026-05-16,Delivered,Paid
SYSPO0011612,PO157428,SUP184491,WH740967,2026-05-29,2026-06-30,Delivered,Paid
SYSPO0011613,PO500575,SUP801364,WH662336,2026-03-18,2026-04-09,Delivered,Paid
SYSPO0011614,PO283204,SUP802729,WH429164,2026-03-23,2026-04-03,Delivered,Paid
SYSPO0011615,PO982219,SUP285652,WH656116,2025-11-19,2025-12-20,Delivered,Paid
SYSPO0011616,PO251248,SUP880879,WH785197,2026-05-25,2026-07-02,Delivered,Paid
SYSPO0011617,PO197143,SUP618392,WH922157,2026-06-07,2026-06-20,Delivered,Paid
SYSPO0011618,PO462952,SUP770487,WH274389,2026-06-12,2026-06-26,Delivered,Paid
SYSPO0011619,PO809527,SUP437408,WH555884,2026-04-12,2026-04-27,Delivered,Paid
SYSPO0011620,PO772804,SUP755788,WH379766,2026-01-07,2026-02-01,Delivered,Paid
SYSPO0011621,PO551064,SUP437408,WH373903,2025-12-21,2026-01-05,Delivered,Paid
SYSPO0011622,PO770041,SUP472060,WH429164,2026-02-05,2026-02-21,Delivered,Paid
SYSPO0011623,PO926988,SUP662275,WH237174,2026-04-20,2026-05-02,Delivered,Paid
SYSPO0011624,PO694199,SUP705397,WH662336,2026-03-27,2026-04-24,Delivered,Paid
SYSPO0011625,PO954413,SUP680099,WH771088,2026-01-09,2026-01-26,Delivered,Paid
SYSPO0011626,PO423215,SUP572700,WH532322,2026-02-09,2026-02-20,Delivered,Paid
SYSPO0011627,PO492227,SUP865990,WH356150,2026-02-19,2026-03-12,Delivered,Paid
SYSPO0011628,PO478844,SUP688508,WH322086,2025-11-21,2025-12-01,Delivered,Pending
SYSPO0011629,PO305160,SUP576086,WH656116,2025-10-01,2025-10-07,Delivered,Paid
SYSPO0011630,PO955877,SUP385470,WH636265,2026-05-30,2026-06-19,Delivered,Paid
SYSPO0011631,PO186551,SUP197251,WH100425,2026-01-28,2026-02-04,Delivered,Paid
SYSPO0011632,PO186259,SUP420214,WH658582,2025-09-15,2025-09-28,Delivered,Paid
SYSPO0011633,PO901935,SUP728492,WH654634,2025-09-21,2025-10-07,Delivered,Paid
SYSPO0011634,PO449035,SUP618392,WH642717,2025-11-10,2025-11-23,Delivered,Paid
SYSPO0011635,PO776534,SUP870763,WH274389,2026-02-11,2026-02-27,Delivered,Paid
SYSPO0011636,PO171609,SUP920652,WH212235,2026-02-14,2026-03-09,Delivered,Pending
SYSPO0011637,PO676503,SUP614663,WH526117,2025-11-02,2025-11-19,Delivered,Paid
SYSPO0011638,PO375392,SUP955662,WH690341,2026-04-06,2026-04-25,Delivered,Paid
SYSPO0011639,PO110414,SUP350867,WH100425,2026-08-05,2026-08-20,In Transit,Pending
SYSPO0011640,PO952475,SUP265080,WH658582,2025-09-26,2025-10-12,Delivered,Paid
SYSPO0011641,PO430972,SUP285652,WH174441,2025-08-16,2025-09-16,Delivered,Paid
SYSPO0011642,PO779278,SUP755788,WH771088,2025-09-12,2025-10-07,Delivered,Paid
SYSPO0011643,PO413374,SUP842411,WH237174,2026-05-18,2026-05-26,Delivered,Paid
SYSPO0011644,PO668126,SUP880879,WH373903,2025-08-25,2025-10-02,Delivered,Paid
SYSPO0011645,PO129461,SUP472060,WH662336,2026-06-23,2026-07-09,Delivered,Paid
SYSPO0011646,PO536912,SUP692683,WH801474,2025-08-31,2025-09-25,Delayed,Pending
SYSPO0011647,PO525179,SUP989545,WH781453,2026-02-14,2026-03-02,Delivered,Paid
SYSPO0011648,PO680271,SUP904150,WH379766,2026-04-25,2026-05-21,Delivered,Paid
SYSPO0011649,PO507728,SUP650121,WH654634,2025-08-15,2025-08-21,Delivered,Paid
SYSPO0011650,PO935391,SUP133659,WH482364,2025-10-13,2025-10-31,Delivered,Paid
SYSPO0011651,PO580805,SUP385470,WH781453,2025-12-31,2026-01-20,Delivered,Paid
SYSPO0011652,PO717497,SUP597732,WH379766,2026-03-27,2026-04-22,Delivered,Paid
SYSPO0011653,PO888417,SUP728492,WH636265,2026-04-25,2026-05-11,Delivered,Paid
SYSPO0011654,PO818016,SUP770487,WH636265,2025-12-09,2025-12-23,Delivered,Paid
SYSPO0011655,PO133605,SUP333238,WH642717,2025-10-03,2025-10-22,Delivered,Paid
SYSPO0011656,PO448034,SUP664607,WH930555,2025-11-30,2026-01-02,Delayed,Pending
SYSPO0011657,PO101282,SUP944962,WH380746,2026-04-03,2026-04-17,Delivered,Paid
SYSPO0011658,PO887379,SUP690341,WH555884,2026-04-04,2026-04-09,Delivered,Paid
SYSPO0011659,PO127875,SUP595631,WH910891,2025-09-11,2025-10-06,Delivered,Paid
SYSPO0011660,PO883245,SUP156213,WH422451,2026-05-27,2026-06-09,Delivered,Pending
SYSPO0011661,PO657776,SUP572700,WH824586,2025-09-03,2025-09-14,Delivered,Paid
SYSPO0011662,PO914163,SUP692683,WH922157,2026-04-18,2026-05-13,Delivered,Paid
SYSPO0011663,PO343218,SUP755788,WH429164,2026-05-23,2026-06-17,Delivered,Paid
SYSPO0011664,PO604474,SUP513160,WH801474,2026-02-22,2026-03-18,Delivered,Paid
SYSPO0011665,PO282475,SUP946305,WH479201,2026-05-30,2026-06-27,Delivered,Paid
SYSPO0011666,PO457855,SUP692683,WH376807,2026-02-12,2026-03-09,Delivered,Paid
SYSPO0011667,PO242806,SUP486945,WH958179,2026-06-08,2026-07-01,Delivered,Paid
SYSPO0011668,PO625765,SUP472060,WH412942,2026-02-01,2026-02-17,Delivered,Paid
SYSPO0011669,PO600365,SUP925981,WH997546,2025-10-22,2025-11-09,Delivered,Paid
SYSPO0011670,PO905684,SUP598216,WH824586,2025-11-27,2025-12-09,Delivered,Paid
SYSPO0011671,PO161335,SUP153872,WH829716,2026-04-19,2026-04-26,Delivered,Paid
SYSPO0011672,PO854594,SUP572700,WH654634,2026-02-14,2026-02-25,Delivered,Paid
SYSPO0011673,PO957858,SUP877236,WH274389,2026-02-11,2026-02-18,Delivered,Paid
SYSPO0011674,PO785859,SUP321275,WH373903,2026-02-17,2026-02-24,Delivered,Paid
SYSPO0011675,PO947532,SUP391668,WH376807,2025-11-14,2025-11-27,Delayed,Pending
SYSPO0011676,PO974328,SUP597732,WH829716,2026-03-03,2026-03-29,Delivered,Paid
SYSPO0011677,PO264955,SUP153872,WH636265,2025-12-16,2025-12-23,Delivered,Paid
SYSPO0011678,PO550105,SUP333238,WH686075,2026-06-15,2026-07-04,Delivered,Paid
SYSPO0011679,PO400641,SUP595631,WH377746,2026-07-04,2026-07-29,Delivered,Paid
SYSPO0011680,PO939192,SUP121753,WH555884,2026-03-02,2026-03-13,Delivered,Paid
SYSPO0011681,PO627879,SUP245051,WH324082,2026-03-05,2026-03-26,Delivered,Paid
SYSPO0011682,PO941878,SUP335615,WH654634,2025-08-11,2025-08-17,Delivered,Paid
SYSPO0011683,PO174391,SUP216970,WH658582,2026-05-28,2026-06-16,Delivered,Paid
SYSPO0011684,PO107021,SUP153872,WH997546,2025-08-17,2025-08-24,Delivered,Paid
SYSPO0011685,PO995592,SUP925981,WH233470,2026-01-19,2026-02-06,Delayed,Pending
SYSPO0011686,PO612349,SUP972335,WH958179,2026-07-12,2026-08-19,In Transit,Pending
SYSPO0011687,PO873209,SUP300337,WH274389,2026-07-26,2026-08-08,In Transit,Pending
SYSPO0011688,PO497158,SUP920652,WH422451,2025-09-20,2025-10-13,Delivered,Paid
SYSPO0011689,PO816462,SUP639593,WH532322,2025-12-31,2026-01-07,Delivered,Paid
SYSPO0011690,PO380072,SUP944962,WH555884,2026-01-26,2026-02-09,Delivered,Paid
SYSPO0011691,PO534160,SUP688508,WH460663,2025-12-05,2025-12-15,Delivered,Paid
SYSPO0011692,PO176696,SUP519093,WH526117,2026-07-02,2026-07-18,Delivered,Pending
SYSPO0011693,PO594498,SUP589710,WH555884,2025-12-29,2026-01-17,Delivered,Paid
SYSPO0011694,PO246805,SUP300896,WH322086,2026-01-23,2026-01-31,Delivered,Paid
SYSPO0011695,PO886222,SUP681343,WH801474,2026-01-30,2026-02-14,Delivered,Paid
SYSPO0011696,PO476816,SUP156213,WH686075,2025-08-18,2025-08-31,Delayed,Pending
SYSPO0011697,PO698996,SUP333238,WH662336,2025-08-17,2025-09-05,Delivered,Paid
SYSPO0011698,PO568697,SUP690341,WH824586,2025-10-12,2025-10-17,Cancelled,Cancelled
SYSPO0011699,PO196636,SUP153872,WH429164,2026-03-09,2026-03-16,Delivered,Paid
SYSPO0011700,PO588411,SUP690341,WH997546,2026-04-18,2026-04-23,Delivered,Paid
SYSPO0011701,PO227690,SUP614663,WH658582,2026-07-05,2026-07-22,Delivered,Paid
SYSPO0011702,PO439943,SUP391668,WH824586,2026-06-03,2026-06-16,Delivered,Paid
SYSPO0011703,PO627075,SUP681343,WH373903,2025-11-30,2025-12-15,Delivered,Paid
SYSPO0011704,PO587424,SUP497887,WH274389,2026-07-14,2026-08-01,Cancelled,Cancelled
SYSPO0011705,PO969429,SUP696750,WH539589,2026-05-06,2026-05-13,Delivered,Paid
SYSPO0011706,PO456799,SUP757711,WH422451,2025-10-07,2025-10-12,Delivered,Paid
SYSPO0011707,PO878034,SUP216970,WH233470,2026-02-11,2026-03-02,Delivered,Paid
SYSPO0011708,PO828756,SUP472060,WH930555,2026-01-19,2026-02-04,Delivered,Paid
SYSPO0011709,PO793147,SUP639593,WH770487,2025-09-26,2025-10-03,Delivered,Paid
SYSPO0011710,PO879279,SUP385470,WH237174,2025-12-04,2025-12-24,Delivered,Paid
SYSPO0011711,PO497302,SUP427110,WH770487,2026-05-09,2026-05-27,Delivered,Paid
SYSPO0011712,PO846222,SUP639593,WH829716,2026-01-03,2026-01-10,Delivered,Paid
SYSPO0011713,PO273878,SUP572387,WH658582,2026-02-10,2026-02-26,Cancelled,Cancelled
SYSPO0011714,PO975980,SUP865990,WH479201,2026-05-28,2026-06-18,Delivered,Paid
SYSPO0011715,PO565147,SUP877236,WH555884,2025-09-16,2025-09-23,Delivered,Paid
SYSPO0011716,PO202362,SUP765095,WH658582,2026-03-13,2026-04-17,Delivered,Paid
SYSPO0011717,PO299729,SUP307428,WH262316,2026-04-24,2026-05-05,Delivered,Paid
SYSPO0011718,PO818393,SUP976325,WH555884,2026-02-11,2026-02-24,Delivered,Paid
SYSPO0011719,PO908039,SUP321275,WH429164,2026-04-18,2026-04-25,Delivered,Pending
SYSPO0011720,PO855685,SUP624902,WH555884,2026-03-08,2026-03-21,Delivered,Paid
SYSPO0011721,PO224369,SUP437408,WH820221,2026-04-28,2026-05-13,Delivered,Paid
SYSPO0011722,PO542016,SUP378361,WH582662,2026-03-02,2026-04-07,Delivered,Paid
SYSPO0011723,PO119920,SUP221263,WH922157,2026-03-15,2026-04-08,Delivered,Paid
SYSPO0011724,PO499731,SUP696750,WH356150,2026-02-03,2026-02-10,Delivered,Paid
SYSPO0011725,PO350330,SUP934794,WH373903,2026-02-05,2026-02-11,Delivered,Paid
SYSPO0011726,PO797002,SUP770487,WH526833,2026-03-11,2026-03-25,Delivered,Paid
SYSPO0011727,PO773338,SUP300896,WH555884,2026-07-02,2026-07-10,Delayed,Pending
SYSPO0011728,PO190382,SUP513160,WH658582,2025-10-04,2025-10-28,Delayed,Pending
SYSPO0011729,PO468031,SUP156213,WH380746,2026-02-17,2026-03-02,Delivered,Paid
SYSPO0011730,PO488536,SUP802729,WH233470,2025-08-26,2025-09-06,Delivered,Paid
SYSPO0011731,PO823098,SUP179046,WH930555,2026-01-03,2026-01-23,Delivered,Paid
SYSPO0011732,PO859788,SUP899213,WH376807,2025-11-15,2025-12-03,Delayed,Pending
SYSPO0011733,PO797615,SUP459536,WH100425,2026-02-13,2026-02-27,Delivered,Paid
SYSPO0011734,PO769205,SUP688508,WH100425,2026-03-22,2026-04-01,Delivered,Paid
SYSPO0011735,PO191896,SUP356150,WH422451,2025-12-29,2026-01-16,Delivered,Paid
SYSPO0011736,PO412827,SUP245051,WH460663,2026-04-01,2026-04-22,Delivered,Paid
SYSPO0011737,PO268652,SUP613425,WH829716,2026-04-24,2026-05-05,Delivered,Paid
SYSPO0011738,PO168918,SUP256294,WH690341,2025-12-19,2026-01-01,Delivered,Pending
SYSPO0011739,PO361728,SUP333238,WH801474,2026-05-29,2026-06-17,Delivered,Paid
SYSPO0011740,PO149517,SUP880879,WH376807,2025-11-23,2025-12-31,Delivered,Paid
SYSPO0011741,PO928309,SUP690341,WH519066,2025-12-07,2025-12-12,Delivered,Paid
SYSPO0011742,PO757480,SUP618392,WH808011,2025-08-28,2025-09-10,Delivered,Paid
SYSPO0011743,PO779502,SUP497382,WH329974,2025-08-15,2025-09-02,Delivered,Paid
SYSPO0011744,PO862630,SUP497382,WH642717,2026-03-22,2026-04-09,Cancelled,Cancelled
SYSPO0011745,PO629986,SUP513160,WH482364,2025-08-22,2025-09-15,Delivered,Paid
SYSPO0011746,PO476878,SUP197251,WH205907,2025-09-23,2025-09-30,Delivered,Paid
SYSPO0011747,PO872823,SUP260422,WH377746,2026-06-26,2026-07-05,Delivered,Paid
SYSPO0011748,PO118247,SUP216970,WH519066,2025-12-25,2026-01-13,Delivered,Paid
SYSPO0011749,PO689393,SUP801364,WH233470,2025-12-18,2026-01-09,Delivered,Paid
SYSPO0011750,PO307826,SUP692683,WH191161,2026-06-15,2026-07-10,Delivered,Paid
SYSPO0011751,PO241177,SUP696750,WH262316,2026-05-20,2026-05-27,Delayed,Pending
SYSPO0011752,PO819368,SUP690341,WH539589,2026-03-19,2026-03-24,Delivered,Paid
SYSPO0011753,PO671967,SUP925981,WH781453,2025-08-15,2025-09-02,Delivered,Paid
SYSPO0011754,PO937378,SUP446954,WH636265,2026-05-29,2026-06-08,Delayed,Pending
SYSPO0011755,PO277818,SUP589710,WH329974,2026-07-17,2026-08-05,Delivered,Paid
SYSPO0011756,PO896962,SUP813536,WH816751,2026-04-04,2026-04-25,Delivered,Paid
SYSPO0011757,PO911386,SUP597732,WH662336,2025-12-15,2026-01-10,Delivered,Paid
SYSPO0011758,PO660675,SUP245051,WH771088,2025-12-30,2026-01-20,Delivered,Paid
SYSPO0011759,PO486126,SUP757711,WH322086,2025-09-11,2025-09-16,Delivered,Paid
SYSPO0011760,PO403924,SUP300337,WH824586,2026-01-18,2026-01-31,Delivered,Paid
SYSPO0011761,PO464891,SUP618392,WH740967,2025-12-17,2025-12-30,Delivered,Paid
SYSPO0011762,PO189593,SUP598216,WH519066,2025-12-21,2026-01-02,Delivered,Paid
SYSPO0011763,PO986742,SUP804318,WH636265,2026-01-11,2026-02-01,Delivered,Paid
SYSPO0011764,PO711262,SUP642717,WH274389,2025-12-19,2026-01-02,Delivered,Paid
SYSPO0011765,PO626326,SUP804318,WH922157,2025-08-26,2025-09-16,Delayed,Pending
SYSPO0011766,PO794312,SUP671858,WH930555,2026-04-18,2026-05-04,Delivered,Paid
SYSPO0011767,PO198351,SUP880879,WH599948,2025-11-07,2025-12-15,Delivered,Paid
SYSPO0011768,PO615311,SUP890170,WH112038,2025-11-09,2025-11-16,Delivered,Paid
SYSPO0011769,PO893622,SUP733039,WH539589,2025-11-04,2025-11-20,Delivered,Paid
SYSPO0011770,PO385207,SUP608257,WH539589,2026-04-13,2026-04-29,Delivered,Paid
SYSPO0011771,PO966295,SUP179046,WH636265,2025-12-04,2025-12-24,Delivered,Paid
SYSPO0011772,PO769184,SUP770487,WH324082,2026-03-23,2026-04-06,Delivered,Paid
SYSPO0011773,PO119327,SUP221263,WH324082,2025-09-06,2025-09-30,Delayed,Pending
SYSPO0011774,PO861938,SUP955662,WH100425,2026-07-24,2026-08-12,Processing,Pending
SYSPO0011775,PO698441,SUP513160,WH100425,2026-04-29,2026-05-23,Delivered,Paid
SYSPO0011776,PO861855,SUP972335,WH785197,2025-08-30,2025-10-07,Delivered,Paid
SYSPO0011777,PO254408,SUP322955,WH429164,2026-07-08,2026-07-21,Delivered,Paid
SYSPO0011778,PO403033,SUP153872,WH824586,2025-12-01,2025-12-08,Delivered,Paid
SYSPO0011779,PO425321,SUP302511,WH233470,2025-09-18,2025-10-06,Delivered,Paid
SYSPO0011780,PO821714,SUP300896,WH808011,2025-12-14,2025-12-22,Delivered,Paid
SYSPO0011781,PO897110,SUP350867,WH824586,2025-10-09,2025-10-24,Delivered,Paid
SYSPO0011782,PO760113,SUP497887,WH274389,2025-08-12,2025-08-30,Delivered,Paid
SYSPO0011783,PO821030,SUP350867,WH460663,2026-03-02,2026-03-17,Delivered,Paid
SYSPO0011784,PO115660,SUP899213,WH781453,2025-12-09,2025-12-27,Delivered,Paid
SYSPO0011785,PO882109,SUP300896,WH654634,2025-08-19,2025-08-27,Delivered,Paid
SYSPO0011786,PO765905,SUP904150,WH770487,2026-01-30,2026-02-25,Delivered,Paid
SYSPO0011787,PO531414,SUP240814,WH262316,2026-04-17,2026-04-23,Delivered,Paid
SYSPO0011788,PO265494,SUP990844,WH479201,2026-07-06,2026-07-25,Delivered,Paid
SYSPO0011789,PO626767,SUP333238,WH274389,2026-01-16,2026-02-04,Delivered,Paid
SYSPO0011790,PO929689,SUP245051,WH997546,2026-03-13,2026-04-03,Delayed,Pending
SYSPO0011791,PO489186,SUP273982,WH519066,2026-02-20,2026-03-08,Delivered,Paid
SYSPO0011792,PO586516,SUP946305,WH930555,2026-07-21,2026-08-18,In Transit,Pending
SYSPO0011793,PO797697,SUP322955,WH379766,2026-01-15,2026-01-28,Cancelled,Cancelled
SYSPO0011794,PO584829,SUP260263,WH429164,2025-11-16,2025-11-23,Delivered,Paid
SYSPO0011795,PO301475,SUP618392,WH356150,2025-08-12,2025-08-25,Delivered,Paid
SYSPO0011796,PO334856,SUP681343,WH539589,2026-05-02,2026-05-17,Delivered,Paid
SYSPO0011797,PO197869,SUP624902,WH482364,2026-02-03,2026-02-16,Delivered,Paid
SYSPO0011798,PO523979,SUP285652,WH539589,2026-03-21,2026-04-21,Delivered,Paid
SYSPO0011799,PO671079,SUP624902,WH656116,2025-08-13,2025-08-26,Delivered,Paid
SYSPO0011800,PO891959,SUP608257,WH356150,2025-12-05,2025-12-21,Delivered,Pending
SYSPO0011801,PO320316,SUP692683,WH922157,2025-12-29,2026-01-23,Delivered,Paid
SYSPO0011802,PO638921,SUP420214,WH526833,2026-03-14,2026-03-27,Delivered,Paid
SYSPO0011803,PO632590,SUP300337,WH324082,2026-01-03,2026-01-16,Delayed,Pending
SYSPO0011804,PO913411,SUP197251,WH233470,2025-12-08,2025-12-15,Delivered,Paid
SYSPO0011805,PO888358,SUP446954,WH922157,2026-03-15,2026-03-25,Delivered,Paid
SYSPO0011806,PO648009,SUP946305,WH380746,2025-09-11,2025-10-09,Delivered,Paid
SYSPO0011807,PO867472,SUP344098,WH479201,2026-06-14,2026-06-30,Delivered,Paid
SYSPO0011808,PO921771,SUP671858,WH377746,2026-02-10,2026-02-26,Delivered,Paid
SYSPO0011809,PO462592,SUP330914,WH324082,2025-09-12,2025-10-01,Delivered,Paid
SYSPO0011810,PO690306,SUP802729,WH422451,2026-04-30,2026-05-11,Delivered,Paid
SYSPO0011811,PO672473,SUP519093,WH539589,2026-04-24,2026-05-10,Delivered,Paid
SYSPO0011812,PO837422,SUP302511,WH539589,2025-10-23,2025-11-10,Delivered,Paid
SYSPO0011813,PO761903,SUP449499,WH429164,2025-12-13,2025-12-18,Delivered,Paid
SYSPO0011814,PO543016,SUP595631,WH781453,2026-02-13,2026-03-10,Delivered,Paid
SYSPO0011815,PO746959,SUP576086,WH233470,2026-02-16,2026-02-22,Delivered,Paid
SYSPO0011816,PO917209,SUP728492,WH460663,2026-06-16,2026-07-02,Delayed,Pending
SYSPO0011817,PO111362,SUP256294,WH801474,2026-05-29,2026-06-11,Delivered,Paid
SYSPO0011818,PO159565,SUP839677,WH212235,2026-04-21,2026-05-08,Delivered,Paid
SYSPO0011819,PO490264,SUP300896,WH686075,2025-12-14,2025-12-22,Delivered,Paid
SYSPO0011820,PO749799,SUP804318,WH329974,2025-10-08,2025-10-29,Delivered,Paid
SYSPO0011821,PO380770,SUP121753,WH781453,2026-03-31,2026-04-11,Delivered,Paid
SYSPO0011822,PO851224,SUP449499,WH100425,2025-11-29,2025-12-04,Delivered,Paid
SYSPO0011823,PO737787,SUP437408,WH958179,2025-12-24,2026-01-08,Delayed,Pending
SYSPO0011824,PO257128,SUP446954,WH539589,2026-01-21,2026-01-31,Delivered,Paid
SYSPO0011825,PO779317,SUP519093,WH910891,2025-10-22,2025-11-07,Cancelled,Cancelled
SYSPO0011826,PO427621,SUP705397,WH770487,2026-02-13,2026-03-13,Delivered,Paid
SYSPO0011827,PO349479,SUP265080,WH482364,2026-04-08,2026-04-24,Delivered,Paid
SYSPO0011828,PO369235,SUP523389,WH322086,2026-06-30,2026-07-16,Delivered,Paid
SYSPO0011829,PO414606,SUP526117,WH112038,2026-06-06,2026-06-22,Delivered,Pending
SYSPO0011830,PO316469,SUP972335,WH373903,2025-09-03,2025-10-11,Delivered,Paid
SYSPO0011831,PO891724,SUP322955,WH770487,2026-06-27,2026-07-10,Delivered,Paid
SYSPO0011832,PO525903,SUP690341,WH997546,2026-07-01,2026-07-06,Delivered,Paid
SYSPO0011833,PO637427,SUP608257,WH801474,2026-03-01,2026-03-17,Delivered,Paid
SYSPO0011834,PO157152,SUP880879,WH567574,2025-10-27,2025-12-04,Delayed,Pending
SYSPO0011835,PO441390,SUP955662,WH770487,2025-11-24,2025-12-13,Delivered,Paid
SYSPO0011836,PO167424,SUP486945,WH373903,2025-11-15,2025-12-08,Delivered,Paid
SYSPO0011837,PO120636,SUP681343,WH526117,2025-08-23,2025-09-07,Delivered,Paid
SYSPO0011838,PO755694,SUP613425,WH539589,2025-11-28,2025-12-09,Delivered,Paid
SYSPO0011839,PO318066,SUP705397,WH373903,2026-03-15,2026-04-12,Delivered,Paid
SYSPO0011840,PO997891,SUP321275,WH816751,2026-01-08,2026-01-15,Delivered,Paid
SYSPO0011841,PO167977,SUP972335,WH191161,2026-06-13,2026-07-21,Delivered,Paid
SYSPO0011842,PO801133,SUP944962,WH770487,2025-10-31,2025-11-14,Delivered,Paid
SYSPO0011843,PO973956,SUP664607,WH526833,2026-04-04,2026-05-07,Delivered,Paid
SYSPO0011844,PO727649,SUP153872,WH555884,2026-05-20,2026-05-27,Delivered,Paid
SYSPO0011845,PO481671,SUP662275,WH205907,2025-09-09,2025-09-21,Delivered,Paid
SYSPO0011846,PO189963,SUP572387,WH910891,2026-05-10,2026-05-26,Delivered,Paid
SYSPO0011847,PO281375,SUP384076,WH356150,2026-06-28,2026-07-13,Delivered,Paid
SYSPO0011848,PO889432,SUP356150,WH654634,2026-03-17,2026-04-04,Delayed,Pending
SYSPO0011849,PO594978,SUP523389,WH205907,2025-09-10,2025-09-26,Delivered,Paid
SYSPO0011850,PO778545,SUP300337,WH233470,2026-03-22,2026-04-04,Delivered,Paid
SYSPO0011851,PO501805,SUP449499,WH781453,2025-12-13,2025-12-18,Delivered,Paid
SYSPO0011852,PO790817,SUP842411,WH100425,2025-11-19,2025-11-27,Delivered,Paid
SYSPO0011853,PO710829,SUP696750,WH205907,2025-08-31,2025-09-07,Delivered,Paid
SYSPO0011854,PO883064,SUP384076,WH479201,2026-03-12,2026-03-27,Delivered,Paid
SYSPO0011855,PO277033,SUP519093,WH377746,2026-06-12,2026-06-28,Delayed,Pending
SYSPO0011856,PO246798,SUP757711,WH233470,2026-02-27,2026-03-04,Cancelled,Cancelled
SYSPO0011857,PO281601,SUP240814,WH274389,2026-02-05,2026-02-11,Delivered,Paid
SYSPO0011858,PO787492,SUP618392,WH824586,2026-01-17,2026-01-30,Delivered,Paid
SYSPO0011859,PO698233,SUP429164,WH526833,2025-10-25,2025-11-11,Delivered,Paid
SYSPO0011860,PO700926,SUP802729,WH555884,2025-12-17,2025-12-28,Delivered,Paid
SYSPO0011861,PO595293,SUP300337,WH922157,2026-06-10,2026-06-23,Delivered,Paid
SYSPO0011862,PO837315,SUP899213,WH356150,2025-09-03,2025-09-21,Delivered,Paid
SYSPO0011863,PO186316,SUP934794,WH930555,2026-04-15,2026-04-21,Delivered,Paid
SYSPO0011864,PO669807,SUP839677,WH771088,2026-06-20,2026-07-07,Delivered,Pending
SYSPO0011865,PO831965,SUP904150,WH412942,2025-11-30,2025-12-26,Delivered,Pending
SYSPO0011866,PO825674,SUP965845,WH526117,2026-02-16,2026-02-23,Delivered,Paid
SYSPO0011867,PO797436,SUP265080,WH997546,2026-06-13,2026-06-29,Delivered,Paid
SYSPO0011868,PO657694,SUP944962,WH997546,2025-11-29,2025-12-13,Delivered,Paid
SYSPO0011869,PO504924,SUP725084,WH930555,2026-01-20,2026-02-06,Delivered,Paid
SYSPO0011870,PO493629,SUP925981,WH642717,2026-04-19,2026-05-07,Cancelled,Cancelled
SYSPO0011871,PO648599,SUP335113,WH205907,2026-03-02,2026-03-13,Delivered,Paid
SYSPO0011872,PO791791,SUP300896,WH322086,2025-12-04,2025-12-12,Delivered,Paid
SYSPO0011873,PO328277,SUP285652,WH820221,2025-10-21,2025-11-21,Delayed,Pending
SYSPO0011874,PO997662,SUP842411,WH322086,2026-01-12,2026-01-20,Delivered,Paid
SYSPO0011875,PO325274,SUP153872,WH555884,2026-01-08,2026-01-15,Delivered,Paid
SYSPO0011876,PO209081,SUP273982,WH262316,2025-11-10,2025-11-26,Delivered,Paid
SYSPO0011877,PO608706,SUP459536,WH526117,2026-04-04,2026-04-18,Delivered,Paid
SYSPO0011878,PO370704,SUP904150,WH829716,2026-02-21,2026-03-19,Delivered,Paid
SYSPO0011879,PO325265,SUP179046,WH262316,2026-01-28,2026-02-17,Cancelled,Cancelled
SYSPO0011880,PO580501,SUP307428,WH958179,2026-04-22,2026-05-03,Cancelled,Cancelled
SYSPO0011881,PO824983,SUP842411,WH526117,2026-05-28,2026-06-05,Delivered,Paid
SYSPO0011882,PO358707,SUP184491,WH212235,2026-03-05,2026-04-06,Delivered,Paid
SYSPO0011883,PO891457,SUP245051,WH479201,2025-10-14,2025-11-04,Delivered,Paid
SYSPO0011884,PO715753,SUP372793,WH373903,2026-07-13,2026-07-27,Cancelled,Cancelled
SYSPO0011885,PO676852,SUP870763,WH816751,2025-08-12,2025-08-28,Delivered,Paid
SYSPO0011886,PO242911,SUP965845,WH322086,2026-04-05,2026-04-12,Delivered,Paid
SYSPO0011887,PO548723,SUP934794,WH555884,2026-05-05,2026-05-11,Delivered,Paid
SYSPO0011888,PO840208,SUP497887,WH958179,2026-02-21,2026-03-11,Delayed,Pending
SYSPO0011889,PO415364,SUP813536,WH824586,2026-07-06,2026-07-27,Delivered,Pending
SYSPO0011890,PO742390,SUP944962,WH658582,2025-10-16,2025-10-30,Delivered,Paid
SYSPO0011891,PO362481,SUP211764,WH658582,2026-03-17,2026-04-03,Delivered,Paid
SYSPO0011892,PO893163,SUP240814,WH100425,2026-02-14,2026-02-20,Delivered,Paid
SYSPO0011893,PO863510,SUP887625,WH808011,2025-10-26,2025-11-08,Delivered,Paid
SYSPO0011894,PO284125,SUP972064,WH377746,2026-04-18,2026-05-06,Delivered,Paid
SYSPO0011895,PO722821,SUP197251,WH532322,2026-06-20,2026-06-27,Cancelled,Cancelled
SYSPO0011896,PO967365,SUP589710,WH555884,2026-05-20,2026-06-08,Delivered,Paid
SYSPO0011897,PO837569,SUP870763,WH636265,2026-08-04,2026-08-20,Processing,Pending
SYSPO0011898,PO462287,SUP642717,WH532322,2026-02-02,2026-02-16,Delivered,Paid
SYSPO0011899,PO865204,SUP197251,WH262316,2025-11-17,2025-11-24,Delivered,Paid
SYSPO0011900,PO986961,SUP829308,WH237174,2026-08-03,2026-08-11,In Transit,Pending
SYSPO0011901,PO116209,SUP770487,WH526833,2026-04-09,2026-04-23,Delayed,Pending
SYSPO0011902,PO726718,SUP595631,WH329974,2026-02-27,2026-03-24,Delivered,Paid
SYSPO0011903,PO928023,SUP184491,WH771088,2026-06-15,2026-07-17,Delivered,Paid
SYSPO0011904,PO799881,SUP668532,WH526117,2026-03-31,2026-04-13,Delayed,Pending
SYSPO0011905,PO928243,SUP904150,WH642717,2026-07-02,2026-07-28,Delivered,Paid
SYSPO0011906,PO677712,SUP437408,WH997546,2026-05-30,2026-06-14,Delivered,Paid
SYSPO0011907,PO113158,SUP877236,WH997546,2026-07-23,2026-07-30,Delivered,Paid
SYSPO0011908,PO925199,SUP372793,WH997546,2026-01-20,2026-02-03,Delivered,Paid
SYSPO0011909,PO407952,SUP391668,WH532322,2026-08-02,2026-08-15,In Transit,Pending
SYSPO0011910,PO689343,SUP437902,WH636265,2026-03-12,2026-03-29,Delivered,Paid
SYSPO0011911,PO667651,SUP813536,WH379766,2026-05-14,2026-06-04,Delivered,Paid
SYSPO0011912,PO247104,SUP768854,WH519066,2026-04-05,2026-04-22,Delayed,Pending
SYSPO0011913,PO122582,SUP955662,WH599948,2025-08-28,2025-09-16,Delivered,Pending
SYSPO0011914,PO403829,SUP899213,WH654634,2026-02-23,2026-03-13,Delayed,Pending
SYSPO0011915,PO563511,SUP880879,WH329974,2025-10-21,2025-11-28,Delivered,Paid
SYSPO0011916,PO525465,SUP705397,WH740967,2025-12-24,2026-01-21,Delivered,Paid
SYSPO0011917,PO594123,SUP865990,WH582662,2026-01-31,2026-02-21,Delivered,Paid
SYSPO0011918,PO914984,SUP618392,WH324082,2025-10-01,2025-10-14,Delivered,Paid
SYSPO0011919,PO546770,SUP197251,WH958179,2025-11-06,2025-11-13,Delivered,Paid
SYSPO0011920,PO832586,SUP989545,WH801474,2025-10-02,2025-10-18,Delayed,Pending
SYSPO0011921,PO821118,SUP899213,WH532322,2026-05-21,2026-06-08,Delivered,Paid
SYSPO0011922,PO178022,SUP671858,WH526117,2026-04-28,2026-05-14,Delivered,Paid
SYSPO0011923,PO293076,SUP614663,WH922157,2026-05-29,2026-06-15,Delivered,Paid
SYSPO0011924,PO805858,SUP877236,WH997546,2025-11-29,2025-12-06,Delivered,Paid
SYSPO0011925,PO560657,SUP757711,WH686075,2026-06-28,2026-07-03,Delivered,Paid
SYSPO0011926,PO951717,SUP946305,WH191161,2026-01-21,2026-02-18,Delivered,Paid
SYSPO0011927,PO343458,SUP437408,WH373903,2026-01-11,2026-01-26,Delivered,Paid
SYSPO0011928,PO466300,SUP322955,WH555884,2025-12-06,2025-12-19,Delivered,Paid
SYSPO0011929,PO311807,SUP335113,WH324082,2026-07-05,2026-07-16,Delivered,Paid
SYSPO0011930,PO490964,SUP870763,WH771088,2026-06-23,2026-07-09,Delivered,Paid
SYSPO0011931,PO554966,SUP990844,WH771088,2026-07-24,2026-08-12,In Transit,Pending
SYSPO0011932,PO790563,SUP728492,WH997546,2025-08-30,2025-09-15,Delivered,Paid
SYSPO0011933,PO215254,SUP804318,WH412942,2026-04-08,2026-04-29,Delivered,Paid
SYSPO0011934,PO221515,SUP598216,WH801474,2025-10-23,2025-11-04,Delivered,Paid
SYSPO0011935,PO750821,SUP696750,WH922157,2026-06-29,2026-07-06,Delivered,Paid
SYSPO0011936,PO754270,SUP256294,WH460663,2026-01-12,2026-01-25,Delivered,Paid
SYSPO0011937,PO452114,SUP705397,WH832052,2025-11-16,2025-12-14,Delivered,Paid
SYSPO0011938,PO543597,SUP662275,WH636265,2026-06-20,2026-07-02,Delivered,Paid
SYSPO0011939,PO927346,SUP349565,WH829716,2025-11-24,2025-12-20,Cancelled,Cancelled
SYSPO0011940,PO901649,SUP446954,WH237174,2026-04-12,2026-04-22,Delivered,Paid
SYSPO0011941,PO222763,SUP881177,WH910891,2025-10-06,2025-10-20,Delivered,Paid
SYSPO0011942,PO289968,SUP990844,WH958179,2025-11-12,2025-12-01,Delivered,Paid
SYSPO0011943,PO910613,SUP184491,WH174441,2026-04-28,2026-05-30,Delayed,Pending
SYSPO0011944,PO869697,SUP572387,WH356150,2026-03-26,2026-04-11,Delivered,Paid
SYSPO0011945,PO625433,SUP446954,WH519066,2025-11-04,2025-11-14,Delivered,Paid
SYSPO0011946,PO446384,SUP925981,WH829716,2026-01-09,2026-01-27,Delivered,Paid
SYSPO0011947,PO398842,SUP736059,WH539589,2025-11-05,2025-11-19,Delivered,Paid
SYSPO0011948,PO772622,SUP925981,WH567574,2025-09-18,2025-10-06,Delivered,Paid
SYSPO0011949,PO723357,SUP614663,WH654634,2025-10-02,2025-10-19,Delivered,Paid
SYSPO0011950,PO151806,SUP770487,WH686075,2025-10-18,2025-11-01,Delivered,Paid
SYSPO0011951,PO106019,SUP472060,WH212235,2025-08-15,2025-08-31,Delivered,Paid
SYSPO0011952,PO732163,SUP472060,WH997546,2025-11-08,2025-11-24,Delivered,Paid
SYSPO0011953,PO189925,SUP330914,WH322086,2026-06-10,2026-06-29,Delivered,Paid
SYSPO0011954,PO938055,SUP877236,WH422451,2026-06-22,2026-06-29,Delivered,Paid
SYSPO0011955,PO349198,SUP639593,WH205907,2025-12-03,2025-12-10,Cancelled,Cancelled
SYSPO0011956,PO691319,SUP330914,WH820221,2026-02-01,2026-02-20,Delivered,Paid
SYSPO0011957,PO220932,SUP572387,WH930555,2026-02-09,2026-02-25,Delivered,Paid
SYSPO0011958,PO563064,SUP221263,WH824586,2026-03-10,2026-04-03,Cancelled,Cancelled
SYSPO0011959,PO943521,SUP624902,WH686075,2026-01-21,2026-02-03,Delivered,Paid
SYSPO0011960,PO501069,SUP608257,WH686075,2026-01-15,2026-01-31,Delivered,Paid
SYSPO0011961,PO471056,SUP891937,WH380746,2026-04-13,2026-05-11,Delivered,Paid
SYSPO0011962,PO650744,SUP639593,WH658582,2026-07-22,2026-07-29,Delivered,Paid
SYSPO0011963,PO851632,SUP668532,WH373903,2025-08-19,2025-09-01,Delivered,Paid
SYSPO0011964,PO584675,SUP770487,WH801474,2025-10-22,2025-11-05,Delivered,Pending
SYSPO0011965,PO642334,SUP273982,WH100425,2025-10-05,2025-10-21,Delivered,Paid
SYSPO0011966,PO936062,SUP944962,WH526833,2025-11-18,2025-12-02,Delayed,Pending
SYSPO0011967,PO804248,SUP890170,WH112038,2025-09-26,2025-10-03,Delivered,Paid
SYSPO0011968,PO758692,SUP804318,WH412942,2025-08-16,2025-09-06,Delivered,Paid
SYSPO0011969,PO586786,SUP757711,WH555884,2025-11-13,2025-11-18,Delivered,Paid
SYSPO0011970,PO451709,SUP449499,WH482364,2026-06-07,2026-06-12,Delivered,Paid
SYSPO0011971,PO781867,SUP642717,WH808011,2026-06-13,2026-06-27,Delivered,Paid
SYSPO0011972,PO480216,SUP662275,WH801474,2025-11-20,2025-12-02,Delivered,Paid
SYSPO0011973,PO379013,SUP589710,WH656116,2026-04-17,2026-05-06,Delivered,Paid
SYSPO0011974,PO833900,SUP372793,WH233470,2026-03-06,2026-03-20,Delivered,Paid
SYSPO0011975,PO943554,SUP378361,WH740967,2025-10-12,2025-11-17,Delivered,Paid
SYSPO0011976,PO196954,SUP523389,WH808011,2026-04-12,2026-04-28,Delivered,Paid
SYSPO0011977,PO415965,SUP881177,WH642717,2026-07-02,2026-07-16,Delivered,Paid
SYSPO0011978,PO723992,SUP256294,WH482364,2025-08-21,2025-09-03,Delivered,Paid
SYSPO0011979,PO118704,SUP865990,WH482364,2026-05-12,2026-06-02,Delayed,Pending
SYSPO0011980,PO377488,SUP755788,WH599948,2026-02-09,2026-03-06,Delivered,Paid
SYSPO0011981,PO418264,SUP768854,WH373903,2026-06-04,2026-06-21,Delivered,Paid
SYSPO0011982,PO879657,SUP240814,WH555884,2025-08-12,2025-08-18,Delivered,Paid
SYSPO0011983,PO678453,SUP813536,WH377746,2025-08-26,2025-09-16,Delivered,Paid
SYSPO0011984,PO327637,SUP211764,WH479201,2026-07-04,2026-07-21,Delivered,Paid
SYSPO0011985,PO609677,SUP179046,WH801474,2026-07-19,2026-08-08,In Transit,Pending
SYSPO0011986,PO775560,SUP595631,WH412942,2025-09-06,2025-10-01,Delivered,Paid
SYSPO0011987,PO978460,SUP598216,WH112038,2025-12-04,2025-12-16,Delivered,Paid
SYSPO0011988,PO464030,SUP801364,WH205907,2026-03-26,2026-04-17,Delivered,Paid
SYSPO0011989,PO161225,SUP680099,WH654634,2025-11-28,2025-12-15,Delivered,Paid
SYSPO0011990,PO144690,SUP459536,WH356150,2026-07-07,2026-07-21,Delivered,Paid
SYSPO0011991,PO207931,SUP335113,WH808011,2025-08-29,2025-09-09,Delayed,Pending
SYSPO0011992,PO901130,SUP696750,WH658582,2026-07-20,2026-07-27,Delivered,Paid
SYSPO0011993,PO777524,SUP526117,WH958179,2026-01-10,2026-01-26,Delivered,Paid
SYSPO0011994,PO583511,SUP972064,WH801474,2026-07-19,2026-08-06,Processing,Pending
SYSPO0011995,PO536896,SUP804318,WH412942,2025-12-24,2026-01-14,Delivered,Paid
SYSPO0011996,PO233351,SUP899213,WH324082,2026-04-22,2026-05-10,Delivered,Paid
SYSPO0011997,PO243179,SUP302511,WH832052,2026-04-17,2026-05-05,Delayed,Pending
SYSPO0011998,PO186227,SUP572700,WH526117,2026-07-14,2026-07-25,Delivered,Paid
SYSPO0011999,PO774908,SUP156213,WH376807,2025-09-09,2025-09-22,Delayed,Pending
SYSPO0012000,PO440048,SUP934794,WH460663,2026-01-06,2026-01-12,Delivered,Paid
