SupplierProductSysID,SupplierID,ProductID,LeadTimeDays,MinimumOrderQty,QuotedUnitCost,DefectRatePercentage
SYSSP0000001,SUP770487,PROD508396,22,28,56462.06,2.29
SYSSP0000002,SUP770487,PROD693418,32,25,64261.93,0.87
SYSSP0000003,SUP770487,PROD966529,17,33,64049.09,2.12
SYSSP0000004,SUP770487,PROD739427,32,32,149540.11,2.34
SYSSP0000005,SUP770487,PROD475479,28,34,48601.57,1.41
SYSSP0000006,SUP770487,PROD638857,8,274,441.64,1.27
SYSSP0000007,SUP770487,PROD158896,7,152,108.64,1.01
SYSSP0000008,SUP770487,PROD384913,7,235,66.98,2.41
SYSSP0000009,SUP770487,PROD574167,10,163,45.43,1.63
SYSSP0000010,SUP770487,PROD326130,10,250,460.2,2.16
SYSSP0000011,SUP770487,PROD220936,7,395,437.49,0.95
SYSSP0000012,SUP770487,PROD901619,5,248,395.17,2.68
SYSSP0000013,SUP770487,PROD208310,3,294,687.41,2.2
SYSSP0000014,SUP770487,PROD454992,7,183,225.34,1.26
SYSSP0000015,SUP770487,PROD680099,4,93,40.8,1.34
SYSSP0000016,SUP770487,PROD794093,10,147,210.11,2.84
SYSSP0000017,SUP770487,PROD275377,11,106,224.88,2.65
SYSSP0000018,SUP770487,PROD976325,3,108,118.74,2.57
SYSSP0000019,SUP770487,PROD391865,9,118,39.68,2.81
SYSSP0000020,SUP770487,PROD130782,12,130,224.28,1.9
SYSSP0000021,SUP770487,PROD546768,10,86,142.77,1.34
SYSSP0000022,SUP770487,PROD922458,11,187,209.51,2.09
SYSSP0000023,SUP770487,PROD403742,12,152,1320.89,2.99
SYSSP0000024,SUP131244,PROD742686,2,328,102.63,0.99
SYSSP0000025,SUP131244,PROD593554,8,447,212.5,1.2
SYSSP0000026,SUP131244,PROD687044,8,533,116.65,0.21
SYSSP0000027,SUP131244,PROD855944,1,643,294.91,0.31
SYSSP0000028,SUP131244,PROD745972,7,482,68.07,0.92
SYSSP0000029,SUP131244,PROD962287,5,509,70.1,1.07
SYSSP0000030,SUP131244,PROD759176,5,328,67.87,0.36
SYSSP0000031,SUP131244,PROD324130,10,556,109.19,0.22
SYSSP0000032,SUP131244,PROD707314,5,372,168.34,1.08
SYSSP0000033,SUP131244,PROD158896,3,624,114.67,0.27
SYSSP0000034,SUP131244,PROD771088,9,315,109.96,1.15
SYSSP0000035,SUP131244,PROD670968,2,520,996.22,0.62
SYSSP0000036,SUP131244,PROD526949,4,615,378.97,1.2
SYSSP0000037,SUP131244,PROD486649,4,514,397.6,0.45
SYSSP0000038,SUP131244,PROD421549,21,40,105301.42,0.83
SYSSP0000039,SUP131244,PROD374267,22,97,102526.18,0.53
SYSSP0000040,SUP131244,PROD770532,30,57,114845.16,0.41
SYSSP0000041,SUP131244,PROD409355,16,55,53314.5,1.01
SYSSP0000042,SUP131244,PROD934042,21,46,84117.52,0.55
SYSSP0000043,SUP131244,PROD526117,25,95,132331.31,0.87
SYSSP0000044,SUP131244,PROD501936,35,43,91618.31,0.54
SYSSP0000045,SUP131244,PROD973294,17,52,141260.95,0.65
SYSSP0000046,SUP131244,PROD121215,27,57,144606.57,1.07
SYSSP0000047,SUP131244,PROD749137,14,91,138117.39,0.75
SYSSP0000048,SUP131244,PROD881177,16,45,67217.5,1.05
SYSSP0000049,SUP131244,PROD139581,17,71,78259.87,1.06
SYSSP0000050,SUP131244,PROD119524,15,64,57376.61,0.59
SYSSP0000051,SUP131244,PROD726822,37,58,18349.69,1.16
SYSSP0000052,SUP131244,PROD722780,4,211,481.41,0.78
SYSSP0000053,SUP131244,PROD242239,11,260,909.56,0.78
SYSSP0000054,SUP131244,PROD980651,10,129,329.13,0.28
SYSSP0000055,SUP131244,PROD740725,5,134,2162.24,0.44
SYSSP0000056,SUP131244,PROD824586,3,396,469.05,0.82
SYSSP0000057,SUP131244,PROD159532,7,233,546.07,0.92
SYSSP0000058,SUP131244,PROD889216,4,302,959.39,0.85
SYSSP0000059,SUP131244,PROD644932,8,137,1455.84,0.82
SYSSP0000060,SUP131244,PROD703139,12,137,2466.1,0.71
SYSSP0000061,SUP131244,PROD289934,3,135,2224.69,0.57
SYSSP0000062,SUP131244,PROD133958,2,378,1066.22,0.81
SYSSP0000063,SUP131244,PROD786587,11,383,1876.44,0.86
SYSSP0000064,SUP131244,PROD731977,3,159,813.41,0.94
SYSSP0000065,SUP131244,PROD391668,3,244,526.34,0.92
SYSSP0000066,SUP131244,PROD612530,4,358,720.33,1.11
SYSSP0000067,SUP131244,PROD794093,3,316,223.79,0.24
SYSSP0000068,SUP131244,PROD401601,7,234,265.62,0.64
SYSSP0000069,SUP717889,PROD533911,37,97,76640.94,0.88
SYSSP0000070,SUP717889,PROD281162,26,77,43370.01,1.75
SYSSP0000071,SUP717889,PROD139581,16,59,75417.73,2.85
SYSSP0000072,SUP717889,PROD704201,16,97,66610.51,2.3
SYSSP0000073,SUP717889,PROD259814,36,46,55273.57,2.03
SYSSP0000074,SUP717889,PROD714953,28,79,75313.9,2.84
SYSSP0000075,SUP717889,PROD993744,22,95,60111.83,2.56
SYSSP0000076,SUP717889,PROD926730,20,96,20230.71,1.19
SYSSP0000077,SUP717889,PROD373432,25,90,56093.3,2.56
SYSSP0000078,SUP717889,PROD851763,38,91,25461.35,1.15
SYSSP0000079,SUP717889,PROD219946,37,46,28587.8,0.89
SYSSP0000080,SUP717889,PROD838253,30,54,51613.28,2.82
SYSSP0000081,SUP717889,PROD546815,26,59,81394.16,2.72
SYSSP0000082,SUP717889,PROD630041,22,41,56153.44,1.68
SYSSP0000083,SUP717889,PROD434640,23,95,78500.72,2.5
SYSSP0000084,SUP717889,PROD409355,26,81,50923.35,2.29
SYSSP0000085,SUP717889,PROD564586,7,191,1618.89,2.96
SYSSP0000086,SUP717889,PROD702891,3,155,2018.17,1.56
SYSSP0000087,SUP717889,PROD333746,8,323,1031.93,1.93
SYSSP0000088,SUP717889,PROD820775,9,395,1764.92,0.9
SYSSP0000089,SUP717889,PROD722780,9,100,455.27,2.57
SYSSP0000090,SUP717889,PROD145767,6,286,726.78,2.89
SYSSP0000091,SUP717889,PROD649577,8,260,1248.38,1.07
SYSSP0000092,SUP717889,PROD213475,7,359,1673.81,1.7
SYSSP0000093,SUP717889,PROD261771,9,251,1066.77,1.22
SYSSP0000094,SUP717889,PROD703139,9,189,2405.0,1.46
SYSSP0000095,SUP717889,PROD908554,11,100,560.69,1.26
SYSSP0000096,SUP717889,PROD768636,12,264,106.09,1.77
SYSSP0000097,SUP717889,PROD324729,6,361,855.47,2.78
SYSSP0000098,SUP717889,PROD862760,5,143,737.52,2.26
SYSSP0000099,SUP498382,PROD952227,40,54,54578.52,3.24
SYSSP0000100,SUP498382,PROD475479,19,70,46727.8,6.34
SYSSP0000101,SUP498382,PROD273148,34,96,59665.0,3.47
SYSSP0000102,SUP498382,PROD117031,42,71,82463.84,3.24
SYSSP0000103,SUP498382,PROD859364,39,97,60265.87,6.35
SYSSP0000104,SUP498382,PROD286450,23,54,80901.53,7.29
SYSSP0000105,SUP498382,PROD627262,36,43,62409.75,7.09
SYSSP0000106,SUP498382,PROD243902,23,48,14344.4,5.84
SYSSP0000107,SUP498382,PROD397846,38,60,36777.61,6.96
SYSSP0000108,SUP498382,PROD986278,41,97,80384.31,6.65
SYSSP0000109,SUP498382,PROD188834,37,97,57406.47,6.81
SYSSP0000110,SUP498382,PROD324082,33,88,88757.61,5.69
SYSSP0000111,SUP498382,PROD321275,11,615,701.53,3.86
SYSSP0000112,SUP498382,PROD165142,13,291,489.06,3.66
SYSSP0000113,SUP498382,PROD489043,11,359,477.75,4.54
SYSSP0000114,SUP498382,PROD642895,15,462,54.02,6.66
SYSSP0000115,SUP498382,PROD302897,14,606,231.43,6.9
SYSSP0000116,SUP498382,PROD158132,13,253,406.82,3.99
SYSSP0000117,SUP498382,PROD526949,13,525,360.6,5.23
SYSSP0000118,SUP498382,PROD295892,10,362,663.65,4.93
SYSSP0000119,SUP498382,PROD542042,12,592,240.0,4.52
SYSSP0000120,SUP498382,PROD324345,9,315,323.98,5.17
SYSSP0000121,SUP498382,PROD800646,14,538,581.7,2.92
SYSSP0000122,SUP498382,PROD381444,11,693,252.82,2.75
SYSSP0000123,SUP498382,PROD199868,12,358,258.31,4.19
SYSSP0000124,SUP498382,PROD700067,12,635,766.32,4.61
SYSSP0000125,SUP969693,PROD881177,16,100,63065.55,2.23
SYSSP0000126,SUP969693,PROD728437,39,81,52491.82,0.87
SYSSP0000127,SUP969693,PROD986278,22,52,86365.5,2.17
SYSSP0000128,SUP969693,PROD787926,22,48,98285.6,1.05
SYSSP0000129,SUP969693,PROD546815,21,69,80808.3,2.49
SYSSP0000130,SUP969693,PROD121215,20,78,141576.95,2.45
SYSSP0000131,SUP969693,PROD913308,18,89,94767.0,2.92
SYSSP0000132,SUP969693,PROD558089,18,77,61197.42,1.49
SYSSP0000133,SUP969693,PROD465962,36,98,102347.8,1.67
SYSSP0000134,SUP969693,PROD476417,37,52,58086.78,2.32
SYSSP0000135,SUP969693,PROD434640,35,55,78659.39,2.5
SYSSP0000136,SUP969693,PROD409355,36,78,51836.74,2.55
SYSSP0000137,SUP969693,PROD239613,33,90,69178.88,1.97
SYSSP0000138,SUP969693,PROD735053,36,63,60739.35,2.22
SYSSP0000139,SUP969693,PROD675898,15,94,69751.66,1.88
SYSSP0000140,SUP969693,PROD179046,28,63,32223.4,2.62
SYSSP0000141,SUP969693,PROD644932,11,238,1465.24,2.82
SYSSP0000142,SUP969693,PROD980651,10,338,309.8,2.41
SYSSP0000143,SUP969693,PROD943700,7,265,2105.39,2.63
SYSSP0000144,SUP969693,PROD908554,4,242,580.56,1.34
SYSSP0000145,SUP969693,PROD889216,10,391,958.2,1.63
SYSSP0000146,SUP969693,PROD749887,3,353,1421.64,1.2
SYSSP0000147,SUP969693,PROD740725,6,281,2114.73,1.55
SYSSP0000148,SUP969693,PROD866260,12,241,360.5,1.94
SYSSP0000149,SUP969693,PROD703139,6,143,2350.84,1.69
SYSSP0000150,SUP969693,PROD289934,11,223,2136.53,2.22
SYSSP0000151,SUP969693,PROD922458,10,329,216.34,1.0
SYSSP0000152,SUP969693,PROD275377,6,307,224.98,1.47
SYSSP0000153,SUP969693,PROD412999,12,288,285.56,1.97
SYSSP0000154,SUP205907,PROD130782,8,332,225.09,1.35
SYSSP0000155,SUP205907,PROD468900,4,198,292.82,2.43
SYSSP0000156,SUP205907,PROD605065,5,198,192.36,1.87
SYSSP0000157,SUP205907,PROD768636,12,368,106.94,2.96
SYSSP0000158,SUP205907,PROD944962,6,251,243.85,1.19
SYSSP0000159,SUP205907,PROD934638,3,373,222.97,0.9
SYSSP0000160,SUP205907,PROD401601,3,383,259.73,2.88
SYSSP0000161,SUP205907,PROD968962,10,152,154.61,2.06
SYSSP0000162,SUP205907,PROD169403,10,345,245.93,1.21
SYSSP0000163,SUP205907,PROD571635,3,229,127.94,1.85
SYSSP0000164,SUP205907,PROD780768,4,305,270.34,2.07
SYSSP0000165,SUP205907,PROD722665,3,177,215.51,2.04
SYSSP0000166,SUP205907,PROD982885,7,143,117.36,1.06
SYSSP0000167,SUP205907,PROD297810,9,215,94.03,1.64
SYSSP0000168,SUP205907,PROD883132,10,252,66.4,2.98
SYSSP0000169,SUP205907,PROD939717,7,391,115.52,2.14
SYSSP0000170,SUP205907,PROD202365,4,206,558.05,1.38
SYSSP0000171,SUP205907,PROD405420,4,180,1483.62,2.01
SYSSP0000172,SUP205907,PROD520274,5,101,976.08,2.32
SYSSP0000173,SUP205907,PROD565776,10,249,675.54,1.43
SYSSP0000174,SUP205907,PROD449138,36,54,49097.83,2.53
SYSSP0000175,SUP205907,PROD859364,35,77,62751.25,2.85
SYSSP0000176,SUP205907,PROD946305,28,47,65797.58,2.22
SYSSP0000177,SUP205907,PROD904858,23,92,11239.05,0.93
SYSSP0000178,SUP205907,PROD641975,40,59,52990.29,2.61
SYSSP0000179,SUP205907,PROD674553,24,68,57313.55,2.32
SYSSP0000180,SUP205907,PROD934794,37,65,35234.67,1.9
SYSSP0000181,SUP205907,PROD373432,30,68,53275.94,0.89
SYSSP0000182,SUP205907,PROD308727,28,87,83357.34,1.35
SYSSP0000183,SUP205907,PROD306854,17,54,29413.49,2.64
SYSSP0000184,SUP205907,PROD726822,33,77,18379.81,3.0
SYSSP0000185,SUP205907,PROD117031,36,92,86374.66,0.89
SYSSP0000186,SUP205907,PROD267457,39,51,42939.37,2.23
SYSSP0000187,SUP205907,PROD444207,23,51,12128.83,1.76
SYSSP0000188,SUP205907,PROD213365,30,45,108101.65,1.7
SYSSP0000189,SUP205907,PROD374267,25,82,99879.13,1.15
SYSSP0000190,SUP205907,PROD600935,28,84,145044.42,2.26
SYSSP0000191,SUP205907,PROD793223,27,92,110822.47,0.88
SYSSP0000192,SUP738720,PROD501936,44,52,87267.29,2.51
SYSSP0000193,SUP738720,PROD269930,37,46,90696.5,5.09
SYSSP0000194,SUP738720,PROD693418,39,60,60384.23,2.76
SYSSP0000195,SUP738720,PROD408467,29,28,124323.98,4.69
SYSSP0000196,SUP738720,PROD881886,42,27,112041.41,5.65
SYSSP0000197,SUP738720,PROD864711,43,30,70042.37,2.57
SYSSP0000198,SUP738720,PROD890371,30,34,30226.45,7.06
SYSSP0000199,SUP738720,PROD812591,16,249,366.76,3.87
SYSSP0000200,SUP738720,PROD226611,14,224,341.65,3.22
SYSSP0000201,SUP738720,PROD189856,11,360,807.36,3.18
SYSSP0000202,SUP738720,PROD729371,7,312,380.06,6.44
SYSSP0000203,SUP738720,PROD531071,8,244,783.77,6.69
SYSSP0000204,SUP738720,PROD581532,12,328,864.36,4.23
SYSSP0000205,SUP738720,PROD221119,16,293,1099.65,4.11
SYSSP0000206,SUP738720,PROD689179,12,222,728.26,3.67
SYSSP0000207,SUP738720,PROD546688,10,262,301.08,6.03
SYSSP0000208,SUP738720,PROD899281,13,177,600.52,2.69
SYSSP0000209,SUP738720,PROD496764,12,184,1683.71,2.58
SYSSP0000210,SUP738720,PROD731977,10,89,706.3,6.41
SYSSP0000211,SUP738720,PROD262325,11,151,914.18,6.76
SYSSP0000212,SUP738720,PROD289934,16,131,2027.1,6.94
SYSSP0000213,SUP738720,PROD355021,16,59,2284.61,3.67
SYSSP0000214,SUP738720,PROD242239,10,73,855.81,2.99
SYSSP0000215,SUP738720,PROD553014,9,92,367.89,7.02
SYSSP0000216,SUP738720,PROD908554,7,64,529.3,4.37
SYSSP0000217,SUP738720,PROD891030,8,185,143.8,5.91
SYSSP0000218,SUP738720,PROD372793,8,94,240.52,6.85
SYSSP0000219,SUP738720,PROD315173,19,111,930.15,5.42
SYSSP0000220,SUP340174,PROD710224,23,20,96799.88,1.82
SYSSP0000221,SUP340174,PROD476417,24,54,58383.0,1.77
SYSSP0000222,SUP340174,PROD374267,26,57,101085.73,2.92
SYSSP0000223,SUP340174,PROD526117,37,36,126399.97,1.46
SYSSP0000224,SUP340174,PROD176066,27,50,92506.11,1.64
SYSSP0000225,SUP340174,PROD694916,26,56,72300.12,2.34
SYSSP0000226,SUP340174,PROD612573,15,45,62907.66,2.05
SYSSP0000227,SUP340174,PROD287654,36,23,39690.69,2.44
SYSSP0000228,SUP340174,PROD211579,7,212,931.72,2.17
SYSSP0000229,SUP340174,PROD277193,4,149,914.98,2.22
SYSSP0000230,SUP340174,PROD810189,6,325,1111.45,1.6
SYSSP0000231,SUP340174,PROD392670,4,146,216.79,1.52
SYSSP0000232,SUP340174,PROD689179,8,189,748.52,2.53
SYSSP0000233,SUP340174,PROD540208,7,371,306.76,1.4
SYSSP0000234,SUP340174,PROD454992,4,231,232.83,2.88
SYSSP0000235,SUP340174,PROD165142,6,273,541.23,1.83
SYSSP0000236,SUP340174,PROD401036,3,172,793.6,1.3
SYSSP0000237,SUP514850,PROD431699,7,146,473.32,0.83
SYSSP0000238,SUP514850,PROD341162,10,163,701.32,2.28
SYSSP0000239,SUP514850,PROD321275,6,399,747.14,2.2
SYSSP0000240,SUP514850,PROD329659,7,155,176.75,1.84
SYSSP0000241,SUP514850,PROD551860,10,267,454.56,1.29
SYSSP0000242,SUP514850,PROD381607,3,337,399.17,1.46
SYSSP0000243,SUP514850,PROD899281,8,159,618.91,2.88
SYSSP0000244,SUP514850,PROD724756,6,352,375.25,1.32
SYSSP0000245,SUP514850,PROD940247,10,169,39.14,1.62
SYSSP0000246,SUP514850,PROD885342,12,89,583.64,2.24
SYSSP0000247,SUP514850,PROD553014,10,154,391.31,1.42
SYSSP0000248,SUP514850,PROD648102,8,105,497.34,2.89
SYSSP0000249,SUP514850,PROD147489,8,75,1951.47,1.61
SYSSP0000250,SUP514850,PROD860242,8,65,820.55,1.22
SYSSP0000251,SUP514850,PROD933197,4,166,1026.23,1.27
SYSSP0000252,SUP514850,PROD183667,12,55,1657.3,1.53
SYSSP0000253,SUP514850,PROD558723,5,194,887.6,2.63
SYSSP0000254,SUP514850,PROD275377,11,103,223.56,2.59
SYSSP0000255,SUP514850,PROD413369,15,37,108505.52,1.12
SYSSP0000256,SUP514850,PROD787436,19,54,106952.99,1.18
SYSSP0000257,SUP514850,PROD934042,36,21,79082.04,1.59
SYSSP0000258,SUP514850,PROD881177,40,35,63987.01,0.83
SYSSP0000259,SUP514850,PROD308496,23,23,97278.73,1.73
SYSSP0000260,SUP514850,PROD306854,18,24,28571.3,2.51
SYSSP0000261,SUP514850,PROD243902,31,57,14380.55,1.91
SYSSP0000262,SUP329974,PROD896204,3,115,580.38,0.68
SYSSP0000263,SUP329974,PROD343807,5,155,144.5,1.11
SYSSP0000264,SUP329974,PROD321275,3,264,780.31,0.27
SYSSP0000265,SUP329974,PROD551860,4,295,470.13,0.73
SYSSP0000266,SUP329974,PROD958182,6,150,443.28,0.31
SYSSP0000267,SUP329974,PROD701253,22,45,138248.63,0.3
SYSSP0000268,SUP329974,PROD526117,26,36,129606.4,0.35
SYSSP0000269,SUP329974,PROD114338,30,25,125806.08,0.29
SYSSP0000270,SUP329974,PROD778700,16,28,100191.29,0.79
SYSSP0000271,SUP329974,PROD491329,30,27,51659.97,1.07
SYSSP0000272,SUP329974,PROD883641,36,23,149251.0,0.8
SYSSP0000273,SUP329974,PROD674553,26,56,60452.36,0.35
SYSSP0000274,SUP329974,PROD267457,29,26,43929.04,0.76
SYSSP0000275,SUP329974,PROD881549,9,118,933.97,0.47
SYSSP0000276,SUP329974,PROD375097,5,139,376.25,1.07
SYSSP0000277,SUP329974,PROD166412,9,67,895.26,0.83
SYSSP0000278,SUP329974,PROD520274,3,185,994.32,0.62
SYSSP0000279,SUP329974,PROD221707,7,144,466.72,0.52
SYSSP0000280,SUP329974,PROD272129,12,63,423.7,0.95
SYSSP0000281,SUP329974,PROD308296,3,119,187.96,0.62
SYSSP0000282,SUP329974,PROD887842,9,156,175.33,0.95
SYSSP0000283,SUP329974,PROD944962,2,160,249.61,0.88
SYSSP0000284,SUP329974,PROD656116,9,184,1483.83,0.25
SYSSP0000285,SUP500156,PROD794093,6,404,218.83,2.49
SYSSP0000286,SUP500156,PROD799565,7,398,182.41,0.82
SYSSP0000287,SUP500156,PROD644559,9,339,218.26,1.97
SYSSP0000288,SUP500156,PROD275377,6,506,223.19,2.27
SYSSP0000289,SUP500156,PROD931621,8,286,168.67,2.43
SYSSP0000290,SUP500156,PROD883132,9,259,64.83,0.97
SYSSP0000291,SUP500156,PROD477880,8,544,103.38,1.69
SYSSP0000292,SUP500156,PROD220764,9,398,226.36,0.85
SYSSP0000293,SUP500156,PROD546768,8,337,147.48,2.16
SYSSP0000294,SUP500156,PROD823975,8,295,158.19,1.03
SYSSP0000295,SUP500156,PROD976325,9,551,115.76,0.97
SYSSP0000296,SUP500156,PROD140932,7,631,160.52,1.53
SYSSP0000297,SUP500156,PROD722665,5,289,220.34,1.05
SYSSP0000298,SUP500156,PROD484682,11,349,245.0,1.57
SYSSP0000299,SUP500156,PROD758589,5,370,149.21,1.36
SYSSP0000300,SUP500156,PROD423993,5,558,84.23,2.47
SYSSP0000301,SUP500156,PROD412999,4,340,293.84,2.18
SYSSP0000302,SUP500156,PROD650121,10,636,226.98,2.07
SYSSP0000303,SUP500156,PROD762055,12,579,154.05,2.17
SYSSP0000304,SUP500156,PROD888795,8,327,286.03,1.83
SYSSP0000305,SUP500156,PROD253300,7,657,182.85,0.92
SYSSP0000306,SUP500156,PROD801765,11,287,170.25,1.79
SYSSP0000307,SUP500156,PROD780768,3,438,275.92,0.97
SYSSP0000308,SUP500156,PROD513224,4,564,50.64,1.65
SYSSP0000309,SUP500156,PROD820775,12,533,1848.22,2.43
SYSSP0000310,SUP500156,PROD272129,3,480,430.15,2.06
SYSSP0000311,SUP500156,PROD478427,6,414,296.7,1.9
SYSSP0000312,SUP500156,PROD731977,3,480,753.25,2.78
SYSSP0000313,SUP500156,PROD558723,8,615,880.98,2.22
SYSSP0000314,SUP500156,PROD289934,3,376,2138.71,2.98
SYSSP0000315,SUP500156,PROD456871,7,789,197.84,2.5
SYSSP0000316,SUP500156,PROD295892,2,1146,719.08,0.95
SYSSP0000317,SUP500156,PROD899281,3,1071,639.56,1.43
SYSSP0000318,SUP500156,PROD381607,4,841,379.63,2.26
SYSSP0000319,SUP500156,PROD730193,7,817,539.48,2.34
SYSSP0000320,SUP500156,PROD324345,8,632,329.69,2.86
SYSSP0000321,SUP500156,PROD302897,6,1072,252.23,2.54
SYSSP0000322,SUP500156,PROD418672,4,1186,192.93,2.88
SYSSP0000323,SUP500156,PROD489043,10,595,527.17,1.73
SYSSP0000324,SUP500156,PROD855408,7,518,300.78,1.2
SYSSP0000325,SUP500156,PROD401036,5,849,802.77,1.87
SYSSP0000326,SUP500156,PROD800646,5,640,591.62,1.45
SYSSP0000327,SUP500156,PROD571435,3,1019,225.12,2.64
SYSSP0000328,SUP500156,PROD158132,10,538,416.95,2.73
SYSSP0000329,SUP500156,PROD951452,4,1111,599.48,1.16
SYSSP0000330,SUP500156,PROD660605,4,948,570.05,1.6
SYSSP0000331,SUP500156,PROD130610,5,954,524.99,2.46
SYSSP0000332,SUP500156,PROD869864,9,739,275.35,1.48
SYSSP0000333,SUP500156,PROD540208,9,698,304.27,2.88
SYSSP0000334,SUP500156,PROD158896,9,972,113.2,2.51
SYSSP0000335,SUP500156,PROD392670,10,1040,210.5,1.16
SYSSP0000336,SUP500156,PROD794395,5,1119,265.1,1.35
SYSSP0000337,SUP500156,PROD874814,9,880,725.06,1.03
SYSSP0000338,SUP500156,PROD749137,29,145,128459.47,1.76
SYSSP0000339,SUP500156,PROD324082,22,137,97760.81,2.85
SYSSP0000340,SUP500156,PROD132316,28,86,86712.35,1.62
SYSSP0000341,SUP500156,PROD207570,27,90,111795.1,0.86
SYSSP0000342,SUP500156,PROD188834,18,122,63365.8,1.1
SYSSP0000343,SUP500156,PROD742412,24,140,145259.79,1.11
SYSSP0000344,SUP500156,PROD986278,37,140,84362.04,0.81
SYSSP0000345,SUP500156,PROD501936,17,82,88112.98,2.64
SYSSP0000346,SUP500156,PROD526117,32,147,126142.05,2.51
SYSSP0000347,SUP500156,PROD364955,22,118,61828.49,1.32
SYSSP0000348,SUP500156,PROD630041,35,138,54140.46,2.64
SYSSP0000349,SUP500156,PROD881886,30,148,119327.39,1.93
SYSSP0000350,SUP500156,PROD533321,22,98,113158.56,0.8
SYSSP0000351,SUP500156,PROD121215,26,110,141265.07,1.21
SYSSP0000352,SUP500156,PROD388086,36,90,50745.37,1.59
SYSSP0000353,SUP500156,PROD546815,31,149,79878.55,2.97
SYSSP0000354,SUP500156,PROD322182,32,82,142504.65,1.83
SYSSP0000355,SUP500156,PROD973294,35,129,143722.46,1.36
SYSSP0000356,SUP500156,PROD267457,15,125,43768.46,1.56
SYSSP0000357,SUP500156,PROD694849,38,93,19290.38,2.42
SYSSP0000358,SUP500156,PROD861319,25,97,30202.32,2.0
SYSSP0000359,SUP500156,PROD805200,35,102,35861.14,2.31
SYSSP0000360,SUP500156,PROD533911,37,141,78931.67,2.59
SYSSP0000361,SUP216970,PROD207570,27,22,109609.71,6.93
SYSSP0000362,SUP216970,PROD694916,29,52,68906.45,6.58
SYSSP0000363,SUP216970,PROD788772,34,22,141540.88,3.46
SYSSP0000364,SUP216970,PROD708798,28,41,69202.69,6.5
SYSSP0000365,SUP216970,PROD508396,33,48,54628.1,4.43
SYSSP0000366,SUP216970,PROD669460,25,51,119543.26,6.49
SYSSP0000367,SUP216970,PROD793223,25,47,99877.66,5.51
SYSSP0000368,SUP216970,PROD934042,26,38,75633.21,2.9
SYSSP0000369,SUP216970,PROD802729,40,39,21532.02,6.09
SYSSP0000370,SUP216970,PROD281162,27,48,40530.31,2.71
SYSSP0000371,SUP216970,PROD372793,5,153,246.56,6.51
SYSSP0000372,SUP216970,PROD982885,7,86,111.4,5.89
SYSSP0000373,SUP216970,PROD650121,12,82,206.78,6.39
SYSSP0000374,SUP216970,PROD888795,12,148,283.01,2.66
SYSSP0000375,SUP216970,PROD401601,12,165,259.3,4.36
SYSSP0000376,SUP216970,PROD751303,10,85,96.58,4.49
SYSSP0000377,SUP216970,PROD473023,10,79,57.48,3.43
SYSSP0000378,SUP216970,PROD824586,16,193,415.89,6.37
SYSSP0000379,SUP216970,PROD496764,13,123,1653.73,7.49
SYSSP0000380,SUP216970,PROD389913,11,327,251.24,6.55
SYSSP0000381,SUP216970,PROD901619,14,277,370.99,5.25
SYSSP0000382,SUP216970,PROD958182,10,180,408.83,7.14
SYSSP0000383,SUP216970,PROD759176,8,360,61.54,7.43
SYSSP0000384,SUP216970,PROD867541,7,352,244.04,5.27
SYSSP0000385,SUP982554,PROD612573,36,24,59575.31,7.5
SYSSP0000386,SUP982554,PROD255061,43,53,24397.69,4.55
SYSSP0000387,SUP982554,PROD476018,35,28,23956.69,5.71
SYSSP0000388,SUP982554,PROD666432,34,53,59028.97,6.89
SYSSP0000389,SUP982554,PROD533911,45,60,74907.09,6.34
SYSSP0000390,SUP982554,PROD446968,24,52,68211.28,2.78
SYSSP0000391,SUP982554,PROD400814,24,29,119366.18,3.31
SYSSP0000392,SUP982554,PROD188834,40,42,61373.02,5.09
SYSSP0000393,SUP982554,PROD837954,14,164,1048.96,5.57
SYSSP0000394,SUP982554,PROD581532,9,186,868.26,5.4
SYSSP0000395,SUP982554,PROD565765,11,272,962.72,5.32
SYSSP0000396,SUP982554,PROD141468,4,123,490.31,6.36
SYSSP0000397,SUP982554,PROD764000,13,207,892.15,4.58
SYSSP0000398,SUP982554,PROD531071,7,379,755.21,7.28
SYSSP0000399,SUP982554,PROD670968,12,307,882.92,2.86
SYSSP0000400,SUP982554,PROD123682,5,325,47.6,4.82
SYSSP0000401,SUP982554,PROD326130,13,173,421.57,6.09
SYSSP0000402,SUP982554,PROD975679,9,181,2287.56,4.1
SYSSP0000403,SUP982554,PROD553014,12,118,360.37,3.2
SYSSP0000404,SUP982554,PROD213475,7,148,1657.69,4.59
SYSSP0000405,SUP982554,PROD851413,9,197,1618.24,3.45
SYSSP0000406,SUP982554,PROD159532,10,181,510.7,6.9
SYSSP0000407,SUP982554,PROD529068,12,73,503.36,5.03
SYSSP0000408,SUP982554,PROD451470,9,199,1286.1,2.75
SYSSP0000409,SUP982554,PROD776909,16,170,1218.2,2.54
SYSSP0000410,SUP982554,PROD376807,9,84,259.45,6.14
SYSSP0000411,SUP982554,PROD473023,13,61,59.39,5.35
SYSSP0000412,SUP982554,PROD648410,10,191,212.98,4.43
SYSSP0000413,SUP120422,PROD927630,3,165,327.58,1.67
SYSSP0000414,SUP120422,PROD226611,7,385,370.76,2.46
SYSSP0000415,SUP120422,PROD478666,5,360,409.1,0.89
SYSSP0000416,SUP120422,PROD514913,2,170,200.37,2.57
SYSSP0000417,SUP120422,PROD211579,10,333,904.41,2.76
SYSSP0000418,SUP120422,PROD783414,4,267,336.39,1.5
SYSSP0000419,SUP120422,PROD377304,8,253,180.35,1.92
SYSSP0000420,SUP120422,PROD822858,10,372,102.47,2.04
SYSSP0000421,SUP120422,PROD160718,9,108,366.4,2.28
SYSSP0000422,SUP120422,PROD373216,35,21,72741.5,1.38
SYSSP0000423,SUP120422,PROD172306,35,57,52338.53,2.39
SYSSP0000424,SUP120422,PROD627262,33,50,64103.69,2.18
SYSSP0000425,SUP120422,PROD245998,34,44,58734.29,2.3
SYSSP0000426,SUP120422,PROD548580,16,56,46068.15,1.04
SYSSP0000427,SUP120422,PROD306854,15,48,28289.42,1.13
SYSSP0000428,SUP120422,PROD952227,37,33,55715.76,2.5
SYSSP0000429,SUP120422,PROD132316,30,23,88348.18,1.94
SYSSP0000430,SUP120422,PROD408467,32,40,130152.59,1.85
SYSSP0000431,SUP120422,PROD401601,11,137,263.78,2.29
SYSSP0000432,SUP120422,PROD169403,7,173,242.21,1.34
SYSSP0000433,SUP120422,PROD484682,11,126,235.13,2.94
SYSSP0000434,SUP120422,PROD391865,7,123,41.25,2.32
SYSSP0000435,SUP120422,PROD220764,10,131,231.49,2.03
SYSSP0000436,SUP120422,PROD851413,7,123,1634.5,2.29
SYSSP0000437,SUP120422,PROD521233,9,151,1636.72,2.9
SYSSP0000438,SUP234628,PROD213609,8,163,796.86,6.24
SYSSP0000439,SUP234628,PROD922458,9,187,197.9,5.31
SYSSP0000440,SUP234628,PROD420297,10,77,271.36,5.43
SYSSP0000441,SUP234628,PROD835962,8,185,177.84,3.66
SYSSP0000442,SUP234628,PROD544730,9,134,484.4,3.0
SYSSP0000443,SUP234628,PROD345386,7,190,98.07,3.29
SYSSP0000444,SUP234628,PROD823975,15,101,154.06,3.94
SYSSP0000445,SUP234628,PROD179046,36,54,30963.05,6.75
SYSSP0000446,SUP234628,PROD548580,19,46,43970.05,3.38
SYSSP0000447,SUP234628,PROD948179,21,51,15881.19,6.25
SYSSP0000448,SUP234628,PROD694849,26,20,17710.43,5.51
SYSSP0000449,SUP234628,PROD287654,29,49,38301.64,5.22
SYSSP0000450,SUP234628,PROD674553,33,52,55535.16,3.46
SYSSP0000451,SUP234628,PROD397846,22,30,36117.66,5.74
SYSSP0000452,SUP234628,PROD986278,40,20,81969.73,6.45
SYSSP0000453,SUP234628,PROD670913,40,32,54783.38,6.78
SYSSP0000454,SUP234628,PROD812591,8,148,356.66,3.2
SYSSP0000455,SUP234628,PROD713799,10,103,203.81,3.68
SYSSP0000456,SUP234628,PROD478666,10,254,393.52,5.36
SYSSP0000457,SUP234628,PROD495833,13,284,1138.86,2.81
SYSSP0000458,SUP234628,PROD724834,8,257,682.74,5.93
SYSSP0000459,SUP234628,PROD189856,13,160,800.12,7.2
SYSSP0000460,SUP234628,PROD867541,13,213,248.21,3.17
SYSSP0000461,SUP234628,PROD423528,9,291,464.87,5.25
SYSSP0000462,SUP234628,PROD681343,15,211,176.15,5.9
SYSSP0000463,SUP518373,PROD744986,28,56,86535.07,6.64
SYSSP0000464,SUP518373,PROD728437,34,56,51429.2,3.32
SYSSP0000465,SUP518373,PROD434640,36,27,77707.58,6.08
SYSSP0000466,SUP518373,PROD708798,32,52,70237.23,2.78
SYSSP0000467,SUP518373,PROD966529,25,46,61588.57,2.79
SYSSP0000468,SUP518373,PROD901467,36,39,138429.14,4.48
SYSSP0000469,SUP518373,PROD757711,22,33,15215.67,2.73
SYSSP0000470,SUP518373,PROD627262,33,24,62323.9,2.8
SYSSP0000471,SUP518373,PROD302177,12,96,829.76,6.33
SYSSP0000472,SUP518373,PROD565776,13,147,657.22,7.09
SYSSP0000473,SUP518373,PROD179710,14,70,162.16,5.81
SYSSP0000474,SUP518373,PROD671858,14,139,688.98,7.46
SYSSP0000475,SUP518373,PROD655178,15,82,749.37,3.61
SYSSP0000476,SUP518373,PROD586819,5,126,633.29,6.1
SYSSP0000477,SUP518373,PROD989545,15,147,490.07,3.74
SYSSP0000478,SUP518373,PROD881549,11,120,861.78,6.88
SYSSP0000479,SUP518373,PROD731977,6,157,739.98,7.18
SYSSP0000480,SUP518373,PROD529068,6,102,467.12,5.47
SYSSP0000481,SUP518373,PROD703139,16,62,2218.39,2.72
SYSSP0000482,SUP717024,PROD446968,39,48,71533.08,0.49
SYSSP0000483,SUP717024,PROD595351,36,76,18482.0,0.87
SYSSP0000484,SUP717024,PROD851763,24,59,27229.1,1.19
SYSSP0000485,SUP717024,PROD674553,30,66,59716.9,0.26
SYSSP0000486,SUP717024,PROD666432,32,80,65594.21,0.76
SYSSP0000487,SUP717024,PROD108454,14,100,53029.98,0.58
SYSSP0000488,SUP717024,PROD475479,29,84,49981.73,0.35
SYSSP0000489,SUP717024,PROD273148,26,88,64178.54,0.44
SYSSP0000490,SUP717024,PROD504924,20,94,43070.21,1.01
SYSSP0000491,SUP717024,PROD281162,13,66,44692.56,0.33
SYSSP0000492,SUP717024,PROD780432,20,53,30325.92,0.28
SYSSP0000493,SUP717024,PROD742412,27,45,148214.08,1.03
SYSSP0000494,SUP717024,PROD610310,14,64,110750.19,0.8
SYSSP0000495,SUP717024,PROD176066,16,91,99139.92,0.92
SYSSP0000496,SUP717024,PROD372028,7,208,1786.35,1.16
SYSSP0000497,SUP717024,PROD285413,1,224,1363.38,0.9
SYSSP0000498,SUP717024,PROD786587,8,382,1878.93,0.48
SYSSP0000499,SUP717024,PROD242239,8,257,920.79,0.71
SYSSP0000500,SUP717024,PROD656116,7,150,1495.56,0.92
SYSSP0000501,SUP717024,PROD660081,7,289,618.1,0.25
SYSSP0000502,SUP717024,PROD145767,5,108,741.35,1.13
SYSSP0000503,SUP717024,PROD885342,9,251,575.59,0.53
SYSSP0000504,SUP717024,PROD824586,8,355,467.85,1.14
SYSSP0000505,SUP717024,PROD644932,6,350,1540.25,0.84
SYSSP0000506,SUP717024,PROD179710,7,186,175.64,0.55
SYSSP0000507,SUP717024,PROD265080,2,194,178.43,0.74
SYSSP0000508,SUP717024,PROD801765,3,138,182.1,0.87
SYSSP0000509,SUP392004,PROD615060,3,612,482.87,1.28
SYSSP0000510,SUP392004,PROD806537,9,441,398.36,2.2
SYSSP0000511,SUP392004,PROD822858,9,587,102.46,0.81
SYSSP0000512,SUP392004,PROD687044,10,460,107.59,1.96
SYSSP0000513,SUP392004,PROD906010,6,524,479.84,0.84
SYSSP0000514,SUP392004,PROD260626,8,662,135.17,1.19
SYSSP0000515,SUP392004,PROD135035,3,518,234.59,1.22
SYSSP0000516,SUP392004,PROD389913,10,379,258.71,1.39
SYSSP0000517,SUP392004,PROD123682,8,290,50.1,1.69
SYSSP0000518,SUP392004,PROD759176,5,606,65.27,2.3
SYSSP0000519,SUP392004,PROD158104,3,584,237.88,2.23
SYSSP0000520,SUP392004,PROD810189,2,297,1137.23,1.63
SYSSP0000521,SUP392004,PROD786224,9,278,1138.5,2.35
SYSSP0000522,SUP392004,PROD730193,3,505,535.59,2.22
SYSSP0000523,SUP946721,PROD446968,19,33,68158.34,5.96
SYSSP0000524,SUP946721,PROD396020,38,37,14020.5,2.87
SYSSP0000525,SUP946721,PROD308727,29,56,81085.55,3.4
SYSSP0000526,SUP946721,PROD533911,27,33,74902.35,6.26
SYSSP0000527,SUP946721,PROD904858,42,24,10721.6,5.32
SYSSP0000528,SUP946721,PROD864711,38,54,70169.48,6.28
SYSSP0000529,SUP946721,PROD138436,26,25,39868.8,7.37
SYSSP0000530,SUP946721,PROD883641,18,47,130805.47,2.88
SYSSP0000531,SUP946721,PROD176066,40,58,89188.09,6.37
SYSSP0000532,SUP946721,PROD922458,10,191,209.4,4.66
SYSSP0000533,SUP946721,PROD308296,19,147,167.67,5.59
SYSSP0000534,SUP946721,PROD558723,13,68,827.58,3.27
SYSSP0000535,SUP946721,PROD544730,12,149,468.18,3.03
SYSSP0000536,SUP946721,PROD213609,7,163,777.05,3.85
SYSSP0000537,SUP946721,PROD699809,7,97,301.85,5.28
SYSSP0000538,SUP946721,PROD315173,16,76,892.83,4.27
SYSSP0000539,SUP946721,PROD355021,10,133,2332.02,2.56
SYSSP0000540,SUP946721,PROD976325,14,71,112.7,5.3
SYSSP0000541,SUP946721,PROD222629,11,171,163.29,3.84
SYSSP0000542,SUP946721,PROD491559,6,185,203.34,4.61
SYSSP0000543,SUP946721,PROD510623,11,284,437.92,3.73
SYSSP0000544,SUP946721,PROD597305,15,200,192.87,3.18
SYSSP0000545,SUP946721,PROD574843,7,270,467.11,4.4
SYSSP0000546,SUP946721,PROD502219,12,271,135.07,6.62
SYSSP0000547,SUP946721,PROD837954,8,264,1047.04,5.98
SYSSP0000548,SUP946721,PROD550797,13,190,599.75,7.34
SYSSP0000549,SUP522179,PROD392670,5,266,209.95,2.6
SYSSP0000550,SUP522179,PROD221119,8,286,1135.35,2.04
SYSSP0000551,SUP522179,PROD927630,10,192,321.92,2.01
SYSSP0000552,SUP522179,PROD454992,9,207,226.28,1.44
SYSSP0000553,SUP522179,PROD874814,3,309,730.25,1.11
SYSSP0000554,SUP522179,PROD373903,6,223,1103.83,1.14
SYSSP0000555,SUP522179,PROD130914,8,293,964.72,2.98
SYSSP0000556,SUP522179,PROD978292,9,398,722.34,1.91
SYSSP0000557,SUP522179,PROD855944,8,378,275.91,2.93
SYSSP0000558,SUP522179,PROD188834,36,42,61007.08,2.15
SYSSP0000559,SUP522179,PROD986278,33,45,87019.85,1.53
SYSSP0000560,SUP522179,PROD409355,40,47,49678.87,1.02
SYSSP0000561,SUP522179,PROD400814,22,52,129759.37,2.03
SYSSP0000562,SUP522179,PROD308727,37,56,82840.05,1.62
SYSSP0000563,SUP179046,PROD641975,34,42,52144.83,4.91
SYSSP0000564,SUP179046,PROD697347,29,25,38464.63,7.2
SYSSP0000565,SUP179046,PROD859364,23,39,58217.51,6.42
SYSSP0000566,SUP179046,PROD934794,36,42,32514.93,4.69
SYSSP0000567,SUP179046,PROD621546,42,40,30018.37,2.72
SYSSP0000568,SUP179046,PROD444207,39,21,11511.79,5.74
SYSSP0000569,SUP179046,PROD555292,39,35,80380.92,5.26
SYSSP0000570,SUP179046,PROD373432,31,47,53930.3,3.66
SYSSP0000571,SUP179046,PROD482614,34,31,116593.19,5.79
SYSSP0000572,SUP179046,PROD409355,29,59,49899.47,4.75
SYSSP0000573,SUP526156,PROD211579,5,785,938.2,2.58
SYSSP0000574,SUP526156,PROD381444,3,1091,260.69,2.72
SYSSP0000575,SUP526156,PROD399105,4,874,1094.85,1.81
SYSSP0000576,SUP526156,PROD716493,6,1186,550.58,1.96
SYSSP0000577,SUP526156,PROD392670,7,1111,210.12,1.66
SYSSP0000578,SUP526156,PROD130353,3,856,566.03,1.81
SYSSP0000579,SUP526156,PROD208310,4,1189,705.48,1.45
SYSSP0000580,SUP526156,PROD478120,3,1188,797.76,1.06
SYSSP0000581,SUP526156,PROD536740,6,619,1072.46,2.33
SYSSP0000582,SUP526156,PROD454992,10,897,226.0,1.1
SYSSP0000583,SUP526156,PROD645007,8,933,1079.75,2.2
SYSSP0000584,SUP526156,PROD724834,4,1068,725.55,1.44
SYSSP0000585,SUP526156,PROD713799,4,822,223.66,2.16
SYSSP0000586,SUP526156,PROD689179,7,509,761.63,1.23
SYSSP0000587,SUP526156,PROD791201,8,1075,830.98,1.89
SYSSP0000588,SUP526156,PROD764000,9,925,930.43,1.78
SYSSP0000589,SUP526156,PROD373903,4,584,1125.07,2.55
SYSSP0000590,SUP526156,PROD381607,5,799,378.47,1.29
SYSSP0000591,SUP526156,PROD707314,6,672,170.61,2.04
SYSSP0000592,SUP526156,PROD220936,9,1062,446.1,2.06
SYSSP0000593,SUP526156,PROD574167,6,1056,45.03,1.61
SYSSP0000594,SUP526156,PROD341162,2,951,705.22,2.98
SYSSP0000595,SUP526156,PROD655178,6,402,791.81,0.87
SYSSP0000596,SUP526156,PROD835962,7,428,195.98,0.99
SYSSP0000597,SUP526156,PROD881549,4,647,949.96,1.26
SYSSP0000598,SUP526156,PROD375097,12,602,372.71,2.36
SYSSP0000599,SUP526156,PROD213609,9,334,834.08,2.53
SYSSP0000600,SUP526156,PROD302177,6,662,831.52,1.57
SYSSP0000601,SUP526156,PROD446479,7,555,140.92,1.51
SYSSP0000602,SUP526156,PROD475691,7,398,366.83,2.9
SYSSP0000603,SUP526156,PROD426147,11,597,802.66,1.1
SYSSP0000604,SUP526156,PROD803953,9,280,993.56,2.71
SYSSP0000605,SUP526156,PROD343467,5,609,544.29,1.35
SYSSP0000606,SUP526156,PROD483629,8,674,258.07,2.66
SYSSP0000607,SUP526156,PROD202365,9,500,541.82,2.19
SYSSP0000608,SUP526156,PROD989545,9,442,500.85,2.19
SYSSP0000609,SUP526156,PROD518098,4,456,456.53,1.41
SYSSP0000610,SUP526156,PROD907236,8,482,945.07,1.52
SYSSP0000611,SUP526156,PROD913894,3,694,831.91,2.41
SYSSP0000612,SUP526156,PROD776364,10,575,675.14,1.59
SYSSP0000613,SUP526156,PROD179710,4,657,168.52,1.28
SYSSP0000614,SUP526156,PROD221707,9,672,450.07,1.39
SYSSP0000615,SUP526156,PROD664607,7,422,80.98,1.09
SYSSP0000616,SUP526156,PROD862760,10,653,740.23,2.3
SYSSP0000617,SUP526156,PROD261771,3,273,1037.46,2.52
SYSSP0000618,SUP526156,PROD824586,10,258,442.43,2.69
SYSSP0000619,SUP526156,PROD355021,10,483,2310.22,2.91
SYSSP0000620,SUP526156,PROD986589,6,602,1572.69,2.74
SYSSP0000621,SUP526156,PROD794093,7,331,217.91,2.73
SYSSP0000622,SUP526156,PROD333746,4,585,1016.66,0.98
SYSSP0000623,SUP399105,PROD761532,38,34,116210.3,1.0
SYSSP0000624,SUP399105,PROD322182,18,20,140965.47,0.97
SYSSP0000625,SUP399105,PROD739427,33,34,147781.56,1.78
SYSSP0000626,SUP399105,PROD213365,15,41,110379.85,2.97
SYSSP0000627,SUP399105,PROD986593,28,28,88763.05,1.3
SYSSP0000628,SUP399105,PROD901619,7,288,392.75,1.1
SYSSP0000629,SUP399105,PROD507746,4,173,152.6,2.04
SYSSP0000630,SUP399105,PROD220936,4,325,441.79,1.27
SYSSP0000631,SUP399105,PROD723266,4,310,412.02,1.77
SYSSP0000632,SUP399105,PROD255851,5,144,161.44,1.11
SYSSP0000633,SUP399105,PROD199868,3,296,270.64,1.74
SYSSP0000634,SUP399105,PROD745972,4,226,67.13,0.99
SYSSP0000635,SUP399105,PROD341162,10,245,715.14,2.32
SYSSP0000636,SUP399105,PROD869864,6,205,275.08,1.92
SYSSP0000637,SUP399105,PROD571832,6,176,2395.42,1.33
SYSSP0000638,SUP399105,PROD242239,12,68,907.98,2.95
SYSSP0000639,SUP399105,PROD851413,8,131,1635.52,2.69
SYSSP0000640,SUP399105,PROD502491,12,157,1725.42,2.3
SYSSP0000641,SUP399105,PROD355021,10,68,2312.53,0.95
SYSSP0000642,SUP399105,PROD780768,7,105,262.93,0.93
SYSSP0000643,SUP399105,PROD565776,9,179,686.23,2.37
SYSSP0000644,SUP152578,PROD253300,17,89,172.68,4.05
SYSSP0000645,SUP152578,PROD275377,14,89,211.82,4.45
SYSSP0000646,SUP152578,PROD891030,8,161,147.72,6.73
SYSSP0000647,SUP152578,PROD130782,6,72,224.56,3.08
SYSSP0000648,SUP152578,PROD944962,18,64,231.6,6.21
SYSSP0000649,SUP152578,PROD768636,7,53,102.73,6.01
SYSSP0000650,SUP152578,PROD655178,10,138,736.56,6.41
SYSSP0000651,SUP152578,PROD558723,10,145,830.86,6.41
SYSSP0000652,SUP346629,PROD571635,5,239,128.57,0.46
SYSSP0000653,SUP346629,PROD680099,12,354,41.84,0.56
SYSSP0000654,SUP346629,PROD984247,9,288,172.89,0.97
SYSSP0000655,SUP346629,PROD939717,12,216,119.83,0.2
SYSSP0000656,SUP346629,PROD817644,2,123,204.21,0.58
SYSSP0000657,SUP346629,PROD801765,4,118,178.0,1.11
SYSSP0000658,SUP346629,PROD265080,8,264,171.58,1.12
SYSSP0000659,SUP346629,PROD753425,6,139,293.67,0.32
SYSSP0000660,SUP346629,PROD751303,2,214,106.41,1.18
SYSSP0000661,SUP346629,PROD546768,9,338,152.44,0.97
SYSSP0000662,SUP346629,PROD391865,5,144,42.11,0.21
SYSSP0000663,SUP346629,PROD644559,4,388,233.89,0.94
SYSSP0000664,SUP346629,PROD722665,3,288,228.09,0.69
SYSSP0000665,SUP346629,PROD516760,5,177,197.18,0.61
SYSSP0000666,SUP346629,PROD887842,4,104,182.42,0.2
SYSSP0000667,SUP346629,PROD308296,7,153,185.32,1.18
SYSSP0000668,SUP346629,PROD649577,6,130,1309.01,0.34
SYSSP0000669,SUP346629,PROD865470,7,122,218.26,1.1
SYSSP0000670,SUP346629,PROD165142,3,508,535.73,1.02
SYSSP0000671,SUP346629,PROD277487,3,472,172.85,0.33
SYSSP0000672,SUP346629,PROD486649,4,685,394.4,1.0
SYSSP0000673,SUP346629,PROD855408,5,481,308.31,0.27
SYSSP0000674,SUP346629,PROD456871,4,649,208.5,0.31
SYSSP0000675,SUP346629,PROD550797,2,480,624.79,0.61
SYSSP0000676,SUP346629,PROD324345,8,644,331.92,0.51
SYSSP0000677,SUP346629,PROD162165,6,296,771.29,0.89
SYSSP0000678,SUP346629,PROD130610,1,677,548.56,0.35
SYSSP0000679,SUP346629,PROD546688,3,452,320.29,0.88
SYSSP0000680,SUP346629,PROD321275,5,265,795.99,1.05
SYSSP0000681,SUP346629,PROD735605,9,298,80.06,1.0
SYSSP0000682,SUP346629,PROD255851,4,256,158.24,0.98
SYSSP0000683,SUP346629,PROD478666,4,351,432.11,0.57
SYSSP0000684,SUP346629,PROD213365,15,52,114222.06,0.64
SYSSP0000685,SUP346629,PROD973294,19,97,146822.17,1.01
SYSSP0000686,SUP346629,PROD322182,18,100,147465.15,0.37
SYSSP0000687,SUP346629,PROD413369,30,92,110861.36,0.7
SYSSP0000688,SUP346629,PROD558089,24,51,64360.33,1.11
SYSSP0000689,SUP346629,PROD772124,21,68,116235.48,0.23
SYSSP0000690,SUP346629,PROD442622,33,81,148567.49,0.61
SYSSP0000691,SUP346629,PROD966529,29,43,65450.05,0.58
SYSSP0000692,SUP346629,PROD610310,27,81,112110.77,0.73
SYSSP0000693,SUP346629,PROD409571,35,64,111448.85,0.56
SYSSP0000694,SUP346629,PROD763984,29,62,133637.2,0.7
SYSSP0000695,SUP346629,PROD742412,25,51,143780.67,0.8
SYSSP0000696,SUP346629,PROD121215,13,43,147556.45,0.67
SYSSP0000697,SUP346629,PROD714953,25,50,74642.38,0.86
SYSSP0000698,SUP346629,PROD612573,23,88,67630.85,0.42
SYSSP0000699,SUP346629,PROD172306,37,62,55046.03,1.19
SYSSP0000700,SUP346629,PROD119524,19,55,59429.25,1.01
SYSSP0000701,SUP314181,PROD245998,41,56,57292.83,5.32
SYSSP0000702,SUP314181,PROD119524,26,54,53586.48,4.95
SYSSP0000703,SUP314181,PROD449138,19,34,45843.69,2.6
SYSSP0000704,SUP314181,PROD695551,32,41,78010.28,3.51
SYSSP0000705,SUP314181,PROD805200,23,31,34571.31,6.72
SYSSP0000706,SUP314181,PROD117031,27,21,80680.44,6.02
SYSSP0000707,SUP314181,PROD675898,21,53,68594.1,7.3
SYSSP0000708,SUP314181,PROD726822,33,45,17111.79,4.18
SYSSP0000709,SUP314181,PROD324082,28,30,92502.63,4.68
SYSSP0000710,SUP314181,PROD847006,40,40,84655.5,7.34
SYSSP0000711,SUP314181,PROD409571,43,42,98652.58,5.44
SYSSP0000712,SUP314181,PROD446479,10,95,136.09,7.24
SYSSP0000713,SUP314181,PROD544730,17,195,456.67,5.51
SYSSP0000714,SUP314181,PROD308296,15,194,167.94,4.98
SYSSP0000715,SUP314181,PROD376807,15,69,245.67,7.41
SYSSP0000716,SUP314181,PROD483629,12,72,255.66,5.85
SYSSP0000717,SUP314181,PROD546768,13,52,134.77,3.75
SYSSP0000718,SUP314181,PROD289934,8,115,2054.45,6.1
SYSSP0000719,SUP580547,PROD770532,20,46,110324.02,1.63
SYSSP0000720,SUP580547,PROD378535,32,44,100913.68,1.85
SYSSP0000721,SUP580547,PROD926394,33,34,138334.7,0.96
SYSSP0000722,SUP580547,PROD966529,16,38,63210.3,1.37
SYSSP0000723,SUP580547,PROD763984,18,24,125418.6,2.75
SYSSP0000724,SUP580547,PROD627262,20,24,65596.36,2.78
SYSSP0000725,SUP580547,PROD139581,17,41,76474.84,2.15
SYSSP0000726,SUP487477,PROD372793,5,322,257.27,1.02
SYSSP0000727,SUP487477,PROD968962,6,197,150.36,2.02
SYSSP0000728,SUP487477,PROD477880,11,235,104.83,1.45
SYSSP0000729,SUP487477,PROD878480,4,125,106.97,2.01
SYSSP0000730,SUP487477,PROD888795,10,178,279.33,0.81
SYSSP0000731,SUP487477,PROD644559,4,250,227.66,2.18
SYSSP0000732,SUP487477,PROD130782,10,202,222.68,1.26
SYSSP0000733,SUP487477,PROD516760,7,141,196.78,1.05
SYSSP0000734,SUP487477,PROD650121,9,341,225.96,2.25
SYSSP0000735,SUP487477,PROD799565,4,378,183.07,1.62
SYSSP0000736,SUP487477,PROD976325,9,289,114.25,0.9
SYSSP0000737,SUP487477,PROD423993,10,338,84.81,2.64
SYSSP0000738,SUP487477,PROD780768,12,131,264.76,2.33
SYSSP0000739,SUP487477,PROD768636,4,143,107.4,2.58
SYSSP0000740,SUP487477,PROD289934,9,216,2119.0,2.65
SYSSP0000741,SUP487477,PROD718241,11,314,1122.53,2.31
SYSSP0000742,SUP487477,PROD308296,10,393,187.27,1.85
SYSSP0000743,SUP487477,PROD553014,4,302,390.47,2.37
SYSSP0000744,SUP487477,PROD787926,20,100,101333.21,2.94
SYSSP0000745,SUP487477,PROD600935,40,52,141797.32,1.73
SYSSP0000746,SUP487477,PROD999398,36,67,81007.17,2.61
SYSSP0000747,SUP487477,PROD932463,19,93,54539.56,1.5
SYSSP0000748,SUP487477,PROD374267,38,98,104237.47,0.99
SYSSP0000749,SUP487477,PROD188834,32,65,62462.66,2.68
SYSSP0000750,SUP487477,PROD526117,31,69,129935.6,0.83
SYSSP0000751,SUP487477,PROD308496,37,79,100058.45,2.52
SYSSP0000752,SUP487477,PROD388086,18,66,49597.26,2.05
SYSSP0000753,SUP487477,PROD121215,33,88,144625.36,1.02
SYSSP0000754,SUP487477,PROD390743,18,76,73586.53,2.53
SYSSP0000755,SUP487477,PROD475479,32,96,48290.33,1.7
SYSSP0000756,SUP487477,PROD138436,27,81,41949.97,2.14
SYSSP0000757,SUP487477,PROD123682,8,269,50.17,2.73
SYSSP0000758,SUP487477,PROD407757,5,275,393.1,2.83
SYSSP0000759,SUP487477,PROD593554,7,260,205.65,2.55
SYSSP0000760,SUP487477,PROD324130,6,393,109.31,2.69
SYSSP0000761,SUP487477,PROD260626,3,694,129.49,1.46
SYSSP0000762,SUP487477,PROD502219,9,646,145.93,1.39
SYSSP0000763,SUP487477,PROD572436,8,559,327.62,1.21
SYSSP0000764,SUP487477,PROD626690,5,671,258.71,1.87
SYSSP0000765,SUP487477,PROD160718,10,694,366.53,0.92
SYSSP0000766,SUP487477,PROD486649,4,283,382.58,1.91
SYSSP0000767,SUP487477,PROD478120,4,649,833.23,2.73
SYSSP0000768,SUP487477,PROD536740,2,338,1073.1,2.63
SYSSP0000769,SUP795613,PROD708798,26,32,73300.04,2.61
SYSSP0000770,SUP795613,PROD701253,31,45,135955.55,1.07
SYSSP0000771,SUP795613,PROD480133,15,35,54142.87,2.11
SYSSP0000772,SUP795613,PROD421080,20,50,71814.2,1.57
SYSSP0000773,SUP795613,PROD666432,20,36,63953.13,2.32
SYSSP0000774,SUP795613,PROD418594,24,21,21766.1,1.16
SYSSP0000775,SUP795613,PROD418672,5,205,187.92,1.7
SYSSP0000776,SUP795613,PROD550797,2,104,606.67,1.09
SYSSP0000777,SUP795613,PROD896204,4,104,568.57,2.14
SYSSP0000778,SUP795613,PROD165142,6,240,528.98,1.63
SYSSP0000779,SUP795613,PROD730193,7,335,516.73,1.83
SYSSP0000780,SUP795613,PROD456871,10,303,200.22,0.82
SYSSP0000781,SUP795613,PROD343807,7,387,141.59,2.14
SYSSP0000782,SUP795613,PROD399105,6,155,1105.3,1.54
SYSSP0000783,SUP795613,PROD729371,6,266,414.69,1.37
SYSSP0000784,SUP795613,PROD975679,6,88,2399.17,1.33
SYSSP0000785,SUP795613,PROD649577,3,153,1248.17,2.3
SYSSP0000786,SUP795613,PROD525556,3,177,2485.52,1.37
SYSSP0000787,SUP795613,PROD702891,9,153,1992.84,0.88
SYSSP0000788,SUP795613,PROD502491,12,98,1723.07,2.37
SYSSP0000789,SUP795613,PROD851413,11,171,1714.05,2.28
SYSSP0000790,SUP795613,PROD740725,11,126,2120.72,2.65
SYSSP0000791,SUP795613,PROD648102,11,96,492.81,1.84
SYSSP0000792,SUP795613,PROD345386,7,193,100.83,1.2
SYSSP0000793,SUP795613,PROD644559,8,72,219.52,1.29
SYSSP0000794,SUP795613,PROD468900,7,157,301.3,1.53
SYSSP0000795,SUP820892,PROD337547,11,398,1080.24,5.6
SYSSP0000796,SUP820892,PROD377304,12,356,164.76,5.9
SYSSP0000797,SUP820892,PROD399105,14,311,1010.76,6.77
SYSSP0000798,SUP820892,PROD494956,7,275,679.1,5.35
SYSSP0000799,SUP820892,PROD786224,12,261,1105.18,3.4
SYSSP0000800,SUP820892,PROD531071,8,270,777.55,3.38
SYSSP0000801,SUP820892,PROD512022,4,331,190.6,6.31
SYSSP0000802,SUP820892,PROD572436,10,181,308.08,6.32
SYSSP0000803,SUP820892,PROD806004,33,47,91177.65,4.42
SYSSP0000804,SUP820892,PROD526117,22,32,122693.09,7.25
SYSSP0000805,SUP820892,PROD558089,31,32,57371.87,2.52
SYSSP0000806,SUP820892,PROD421549,41,34,101194.5,4.22
SYSSP0000807,SUP820892,PROD281162,21,44,41060.59,4.03
SYSSP0000808,SUP820892,PROD401198,19,39,47033.25,4.78
SYSSP0000809,SUP103717,PROD572398,30,42,26933.03,3.32
SYSSP0000810,SUP103717,PROD908475,45,21,15149.52,6.14
SYSSP0000811,SUP103717,PROD449138,22,21,45797.39,3.34
SYSSP0000812,SUP103717,PROD390743,33,22,67976.22,5.7
SYSSP0000813,SUP103717,PROD172306,45,59,47562.19,7.47
SYSSP0000814,SUP103717,PROD740967,38,21,12380.24,3.08
SYSSP0000815,SUP103717,PROD308496,34,27,94883.68,4.87
SYSSP0000816,SUP103717,PROD409355,22,60,46305.84,4.6
SYSSP0000817,SUP824586,PROD491559,4,464,219.67,1.03
SYSSP0000818,SUP824586,PROD507746,3,394,153.03,1.03
SYSSP0000819,SUP824586,PROD834233,5,561,418.09,1.38
SYSSP0000820,SUP824586,PROD742686,10,353,98.02,1.7
SYSSP0000821,SUP824586,PROD502219,4,270,143.52,2.8
SYSSP0000822,SUP824586,PROD855944,9,419,279.31,0.83
SYSSP0000823,SUP824586,PROD593554,3,306,211.91,2.27
SYSSP0000824,SUP824586,PROD638857,4,296,455.25,0.97
SYSSP0000825,SUP824586,PROD222629,3,381,176.96,1.8
SYSSP0000826,SUP824586,PROD745972,6,385,67.91,1.02
SYSSP0000827,SUP824586,PROD324130,4,697,104.1,1.44
SYSSP0000828,SUP824586,PROD385037,7,468,219.31,1.01
SYSSP0000829,SUP824586,PROD855408,2,254,309.78,2.26
SYSSP0000830,SUP824586,PROD410401,4,418,786.79,1.76
SYSSP0000831,SUP824586,PROD812591,6,699,391.43,1.62
SYSSP0000832,SUP824586,PROD837954,7,343,1067.54,1.68
SYSSP0000833,SUP824586,PROD281162,30,91,43027.34,2.75
SYSSP0000834,SUP824586,PROD818699,20,47,61587.61,2.4
SYSSP0000835,SUP824586,PROD373216,20,46,71948.72,2.1
SYSSP0000836,SUP824586,PROD570711,40,76,70405.17,1.2
SYSSP0000837,SUP824586,PROD179046,27,89,31686.88,0.86
SYSSP0000838,SUP824586,PROD805200,36,96,35878.51,2.94
SYSSP0000839,SUP824586,PROD735053,19,70,63957.72,1.05
SYSSP0000840,SUP824586,PROD595351,28,68,17344.9,1.38
SYSSP0000841,SUP824586,PROD890371,25,40,30933.0,2.29
SYSSP0000842,SUP824586,PROD834591,39,87,82669.47,2.04
SYSSP0000843,SUP824586,PROD555292,36,95,83712.92,1.95
SYSSP0000844,SUP824586,PROD806004,37,79,90103.58,2.26
SYSSP0000845,SUP824586,PROD710224,22,70,93631.29,2.29
SYSSP0000846,SUP824586,PROD670913,27,49,60555.31,2.03
SYSSP0000847,SUP475190,PROD648102,11,340,509.69,2.71
SYSSP0000848,SUP475190,PROD451470,4,351,1356.77,1.53
SYSSP0000849,SUP475190,PROD564586,7,125,1611.69,2.01
SYSSP0000850,SUP475190,PROD355021,9,306,2428.1,0.97
SYSSP0000851,SUP475190,PROD265759,10,393,1226.85,2.68
SYSSP0000852,SUP475190,PROD975679,10,261,2341.28,1.89
SYSSP0000853,SUP475190,PROD405420,3,152,1498.56,0.88
SYSSP0000854,SUP475190,PROD372028,11,100,1723.73,2.54
SYSSP0000855,SUP475190,PROD649577,12,255,1265.37,2.04
SYSSP0000856,SUP475190,PROD984247,10,274,169.84,0.92
SYSSP0000857,SUP475190,PROD468900,6,332,293.11,2.49
SYSSP0000858,SUP475190,PROD599127,12,342,454.22,1.6
SYSSP0000859,SUP475190,PROD627262,22,40,64780.96,2.63
SYSSP0000860,SUP475190,PROD641975,40,58,52839.08,1.62
SYSSP0000861,SUP475190,PROD239613,18,42,72869.65,1.88
SYSSP0000862,SUP475190,PROD273148,37,87,62986.84,1.04
SYSSP0000863,SUP475190,PROD694849,34,52,18618.72,2.85
SYSSP0000864,SUP475190,PROD934794,27,53,34224.73,2.52
SYSSP0000865,SUP475190,PROD656829,37,61,78632.16,1.71
SYSSP0000866,SUP475190,PROD267457,35,93,43465.05,1.07
SYSSP0000867,SUP475190,PROD591465,29,69,83654.17,2.9
SYSSP0000868,SUP475190,PROD306854,19,71,27752.97,2.42
SYSSP0000869,SUP475190,PROD847006,32,99,91327.67,2.09
SYSSP0000870,SUP475190,PROD121215,31,89,144253.08,1.19
SYSSP0000871,SUP475190,PROD881177,33,51,64533.36,1.08
SYSSP0000872,SUP475190,PROD454992,10,446,226.01,2.14
SYSSP0000873,SUP475190,PROD645007,5,390,1093.9,1.55
SYSSP0000874,SUP475190,PROD729371,6,481,413.3,1.1
SYSSP0000875,SUP475190,PROD478120,10,403,832.82,2.01
SYSSP0000876,SUP475190,PROD381444,7,614,270.98,2.02
SYSSP0000877,SUP475190,PROD277193,5,352,877.43,2.37
SYSSP0000878,SUP475190,PROD258787,7,594,97.97,2.36
SYSSP0000879,SUP475190,PROD581532,4,507,909.69,2.2
SYSSP0000880,SUP475190,PROD337547,3,639,1119.86,1.86
SYSSP0000881,SUP475190,PROD399105,8,595,1123.15,2.65
SYSSP0000882,SUP475190,PROD514913,6,699,201.98,2.58
SYSSP0000883,SUP475190,PROD724834,10,304,719.19,1.12
SYSSP0000884,SUP475190,PROD951452,2,352,595.46,2.53
SYSSP0000885,SUP475190,PROD730193,6,599,516.68,2.65
SYSSP0000886,SUP475190,PROD678727,6,354,284.61,0.87
SYSSP0000887,SUP475190,PROD682144,9,302,143.0,2.29
SYSSP0000888,SUP270395,PROD656116,16,110,1355.39,6.48
SYSSP0000889,SUP270395,PROD289934,14,62,2078.25,4.44
SYSSP0000890,SUP270395,PROD878967,14,63,1674.98,3.76
SYSSP0000891,SUP270395,PROD213475,17,107,1664.17,6.02
SYSSP0000892,SUP270395,PROD644932,14,189,1409.57,3.48
SYSSP0000893,SUP270395,PROD496764,10,164,1582.21,5.91
SYSSP0000894,SUP270395,PROD159532,8,181,495.56,2.7
SYSSP0000895,SUP270395,PROD975679,13,117,2203.97,5.42
SYSSP0000896,SUP270395,PROD939717,9,134,108.58,7.19
SYSSP0000897,SUP270395,PROD401601,6,132,251.82,6.37
SYSSP0000898,SUP270395,PROD140932,19,127,153.78,5.36
SYSSP0000899,SUP270395,PROD818699,34,31,59914.09,6.43
SYSSP0000900,SUP270395,PROD199807,25,54,41809.54,2.96
SYSSP0000901,SUP270395,PROD418594,25,41,20510.68,3.97
SYSSP0000902,SUP270395,PROD570711,45,53,65992.81,5.31
SYSSP0000903,SUP270395,PROD787926,46,20,90406.56,4.23
SYSSP0000904,SUP270395,PROD681343,7,264,170.57,6.48
SYSSP0000905,SUP270395,PROD626690,8,231,247.88,3.91
SYSSP0000906,SUP270395,PROD735605,14,363,75.86,4.73
SYSSP0000907,SUP270395,PROD574843,6,198,446.98,2.91
SYSSP0000908,SUP270395,PROD687044,6,375,105.57,5.63
SYSSP0000909,SUP270395,PROD214576,12,209,360.79,4.62
SYSSP0000910,SUP270395,PROD962287,6,375,64.84,6.89
SYSSP0000911,SUP270395,PROD721254,15,136,238.49,3.27
SYSSP0000912,SUP270395,PROD729371,16,269,370.15,2.87
SYSSP0000913,SUP270395,PROD431699,8,385,425.49,6.61
SYSSP0000914,SUP266931,PROD258787,8,943,99.08,1.66
SYSSP0000915,SUP266931,PROD720407,3,1047,400.05,2.38
SYSSP0000916,SUP266931,PROD392670,3,1099,205.72,2.67
SYSSP0000917,SUP266931,PROD867541,7,1014,261.42,2.53
SYSSP0000918,SUP266931,PROD141468,6,1121,484.94,2.48
SYSSP0000919,SUP266931,PROD350905,9,890,199.03,2.25
SYSSP0000920,SUP266931,PROD927630,9,660,319.06,1.1
SYSSP0000921,SUP266931,PROD410401,8,1058,783.78,2.19
SYSSP0000922,SUP266931,PROD189856,6,1193,852.38,2.92
SYSSP0000923,SUP266931,PROD130914,7,511,993.5,2.02
SYSSP0000924,SUP266931,PROD531071,3,542,785.58,2.11
SYSSP0000925,SUP266931,PROD724834,10,1060,760.56,1.47
SYSSP0000926,SUP266931,PROD729371,7,716,403.65,2.22
SYSSP0000927,SUP266931,PROD226611,10,645,353.73,1.29
SYSSP0000928,SUP266931,PROD713799,6,698,214.0,2.28
SYSSP0000929,SUP266931,PROD842776,2,1062,1133.23,2.01
SYSSP0000930,SUP266931,PROD786224,6,1187,1099.54,1.02
SYSSP0000931,SUP266931,PROD642895,9,838,58.58,2.28
SYSSP0000932,SUP266931,PROD707314,5,602,165.57,0.95
SYSSP0000933,SUP266931,PROD542042,5,825,248.75,1.52
SYSSP0000934,SUP266931,PROD321275,6,1098,736.71,2.05
SYSSP0000935,SUP266931,PROD265649,7,938,440.02,1.49
SYSSP0000936,SUP266931,PROD426147,7,680,780.91,2.3
SYSSP0000937,SUP266931,PROD420297,8,699,282.67,1.78
SYSSP0000938,SUP266931,PROD544730,7,499,502.47,1.19
SYSSP0000939,SUP266931,PROD862760,12,291,762.79,2.69
SYSSP0000940,SUP266931,PROD482584,5,525,782.79,2.41
SYSSP0000941,SUP266931,PROD446479,4,622,136.97,0.84
SYSSP0000942,SUP266931,PROD881549,11,573,905.84,2.08
SYSSP0000943,SUP266931,PROD475691,9,643,367.21,2.79
SYSSP0000944,SUP266931,PROD376807,11,383,265.33,3.0
SYSSP0000945,SUP266931,PROD202365,10,584,563.07,1.6
SYSSP0000946,SUP266931,PROD586819,6,645,672.71,2.69
SYSSP0000947,SUP266931,PROD166412,5,487,887.68,1.0
SYSSP0000948,SUP266931,PROD393992,8,507,118.0,1.33
SYSSP0000949,SUP266931,PROD680493,12,600,943.81,1.93
SYSSP0000950,SUP266931,PROD776364,10,331,655.49,2.89
SYSSP0000951,SUP266931,PROD922458,5,626,215.55,2.87
SYSSP0000952,SUP266931,PROD317782,3,362,228.83,1.31
SYSSP0000953,SUP266931,PROD179710,7,439,165.46,2.27
SYSSP0000954,SUP266931,PROD375097,11,655,372.95,1.83
SYSSP0000955,SUP266931,PROD612530,10,273,680.1,2.23
SYSSP0000956,SUP266931,PROD664607,4,610,83.04,2.19
SYSSP0000957,SUP266931,PROD851759,7,677,57.35,2.07
SYSSP0000958,SUP266931,PROD878480,12,339,106.87,1.63
SYSSP0000959,SUP266931,PROD513224,12,584,51.57,0.97
SYSSP0000960,SUP266931,PROD140932,7,442,166.74,1.29
SYSSP0000961,SUP266931,PROD345386,9,430,101.16,1.56
SYSSP0000962,SUP266931,PROD571635,10,559,120.89,2.74
SYSSP0000963,SUP960394,PROD837954,6,358,1069.96,1.15
SYSSP0000964,SUP960394,PROD350905,3,588,197.03,2.58
SYSSP0000965,SUP960394,PROD258787,3,496,101.26,1.85
SYSSP0000966,SUP960394,PROD152995,4,581,324.17,0.85
SYSSP0000967,SUP960394,PROD729371,2,315,407.61,1.15
SYSSP0000968,SUP960394,PROD927630,10,270,325.96,1.12
SYSSP0000969,SUP960394,PROD512151,4,382,216.14,1.94
SYSSP0000970,SUP960394,PROD716493,8,556,554.06,2.2
SYSSP0000971,SUP960394,PROD399105,6,293,1087.52,2.13
SYSSP0000972,SUP960394,PROD158896,9,694,111.26,1.28
SYSSP0000973,SUP960394,PROD550797,8,557,594.47,2.08
SYSSP0000974,SUP960394,PROD381607,4,569,393.27,1.38
SYSSP0000975,SUP960394,PROD885342,12,135,560.98,1.65
SYSSP0000976,SUP960394,PROD471371,4,108,1443.69,2.69
SYSSP0000977,SUP960394,PROD261771,11,314,1084.3,2.13
SYSSP0000978,SUP960394,PROD776909,5,343,1338.64,2.12
SYSSP0000979,SUP960394,PROD908554,11,357,576.12,1.01
SYSSP0000980,SUP960394,PROD521233,5,376,1637.61,2.77
SYSSP0000981,SUP960394,PROD196126,9,367,2347.55,2.72
SYSSP0000982,SUP960394,PROD350484,11,319,1009.69,2.57
SYSSP0000983,SUP960394,PROD801520,9,279,2275.17,2.43
SYSSP0000984,SUP960394,PROD355021,12,150,2371.56,1.36
SYSSP0000985,SUP960394,PROD731977,6,142,761.66,2.73
SYSSP0000986,SUP960394,PROD405420,9,231,1478.97,2.36
SYSSP0000987,SUP960394,PROD333746,3,395,1026.73,1.94
SYSSP0000988,SUP960394,PROD571635,9,205,126.03,1.49
SYSSP0000989,SUP960394,PROD883132,8,154,63.62,2.23
SYSSP0000990,SUP960394,PROD448321,7,233,46.96,1.73
SYSSP0000991,SUP960394,PROD317782,8,241,231.98,1.67
SYSSP0000992,SUP812526,PROD107459,24,55,47736.18,3.77
SYSSP0000993,SUP812526,PROD749137,30,42,127543.88,4.49
SYSSP0000994,SUP812526,PROD408467,26,27,122487.77,4.73
SYSSP0000995,SUP812526,PROD476417,40,26,55232.12,4.5
SYSSP0000996,SUP812526,PROD409355,31,59,49134.35,6.03
SYSSP0000997,SUP812526,PROD364955,25,60,57553.17,2.96
SYSSP0000998,SUP812526,PROD259814,24,58,52660.32,2.82
SYSSP0000999,SUP812526,PROD802729,26,25,21832.31,6.12
SYSSP0001000,SUP812526,PROD401601,14,94,252.74,4.69
SYSSP0001001,SUP812526,PROD448321,13,182,42.86,2.67
SYSSP0001002,SUP812526,PROD112537,18,182,238.02,5.58
SYSSP0001003,SUP812526,PROD605065,7,111,188.29,7.38
SYSSP0001004,SUP812526,PROD799565,8,152,172.83,4.48
SYSSP0001005,SUP812526,PROD976325,15,182,106.02,6.02
SYSSP0001006,SUP812526,PROD416822,10,122,152.66,5.3
SYSSP0001007,SUP812526,PROD851413,16,138,1650.97,3.88
SYSSP0001008,SUP812526,PROD496764,15,166,1686.37,5.37
SYSSP0001009,SUP725550,PROD735053,32,44,62380.63,1.55
SYSSP0001010,SUP725550,PROD591465,18,91,82925.17,1.37
SYSSP0001011,SUP725550,PROD497108,32,92,81378.24,1.35
SYSSP0001012,SUP725550,PROD579536,29,64,52679.51,2.49
SYSSP0001013,SUP725550,PROD446968,39,61,71353.62,1.81
SYSSP0001014,SUP725550,PROD993744,29,97,61689.99,0.86
SYSSP0001015,SUP725550,PROD255061,18,56,25213.41,2.19
SYSSP0001016,SUP725550,PROD986982,22,83,54475.82,2.56
SYSSP0001017,SUP725550,PROD119524,28,62,57426.5,0.82
SYSSP0001018,SUP725550,PROD737086,23,55,84260.48,1.68
SYSSP0001019,SUP725550,PROD735656,38,92,120461.25,2.02
SYSSP0001020,SUP725550,PROD558089,20,70,62297.95,1.28
SYSSP0001021,SUP725550,PROD576919,33,57,127542.93,2.44
SYSSP0001022,SUP725550,PROD507746,5,696,154.47,1.3
SYSSP0001023,SUP725550,PROD384913,5,678,66.23,1.14
SYSSP0001024,SUP725550,PROD593554,3,311,212.98,2.29
SYSSP0001025,SUP725550,PROD638857,9,564,434.28,2.69
SYSSP0001026,SUP725550,PROD178465,2,684,91.72,2.17
SYSSP0001027,SUP725550,PROD771088,9,544,108.1,1.88
SYSSP0001028,SUP725550,PROD255851,10,393,156.67,2.45
SYSSP0001029,SUP725550,PROD855944,4,277,284.33,1.73
SYSSP0001030,SUP725550,PROD242723,10,266,138.42,1.67
SYSSP0001031,SUP725550,PROD633188,4,484,75.29,2.34
SYSSP0001032,SUP725550,PROD341292,9,411,189.16,0.83
SYSSP0001033,SUP725550,PROD874814,5,444,726.22,1.52
SYSSP0001034,SUP725550,PROD810189,6,345,1147.16,1.32
SYSSP0001035,SUP725550,PROD724834,9,563,733.46,1.2
SYSSP0001036,SUP725550,PROD799565,8,286,188.29,1.42
SYSSP0001037,SUP725550,PROD888795,5,392,280.66,2.07
SYSSP0001038,SUP725550,PROD275377,6,151,225.37,2.57
SYSSP0001039,SUP725550,PROD345386,11,321,101.39,1.23
SYSSP0001040,SUP725550,PROD571635,5,342,126.92,1.19
SYSSP0001041,SUP725550,PROD468900,10,168,305.02,2.67
SYSSP0001042,SUP725550,PROD605065,11,373,198.34,2.53
SYSSP0001043,SUP725550,PROD265080,7,228,169.67,2.05
SYSSP0001044,SUP725550,PROD412999,9,150,289.32,0.93
SYSSP0001045,SUP725550,PROD130782,7,343,232.94,1.01
SYSSP0001046,SUP725550,PROD317782,8,233,223.37,2.03
SYSSP0001047,SUP725550,PROD913894,7,276,794.5,1.07
SYSSP0001048,SUP725550,PROD225636,12,201,1279.18,2.23
SYSSP0001049,SUP843215,PROD933197,8,180,1051.47,2.42
SYSSP0001050,SUP843215,PROD749887,4,147,1401.62,1.82
SYSSP0001051,SUP843215,PROD787584,5,92,1019.44,2.84
SYSSP0001052,SUP843215,PROD553014,9,196,378.97,2.8
SYSSP0001053,SUP843215,PROD324729,4,91,848.74,1.49
SYSSP0001054,SUP843215,PROD671858,7,118,754.76,1.67
SYSSP0001055,SUP843215,PROD864711,33,53,77090.95,1.71
SYSSP0001056,SUP843215,PROD735053,20,21,60951.34,1.32
SYSSP0001057,SUP843215,PROD219946,23,25,28287.71,1.67
SYSSP0001058,SUP843215,PROD674553,18,24,60201.35,1.84
SYSSP0001059,SUP843215,PROD704201,16,21,68292.8,1.95
SYSSP0001060,SUP843215,PROD255061,17,26,25519.24,1.14
SYSSP0001061,SUP843215,PROD780432,35,44,29387.34,1.34
SYSSP0001062,SUP843215,PROD281162,24,48,43563.79,1.09
SYSSP0001063,SUP843215,PROD966529,20,21,63269.79,1.59
SYSSP0001064,SUP843215,PROD793223,25,50,108883.09,2.72
SYSSP0001065,SUP854717,PROD350905,10,340,201.41,1.8
SYSSP0001066,SUP854717,PROD874814,8,518,728.79,1.97
SYSSP0001067,SUP854717,PROD130914,7,496,992.67,2.57
SYSSP0001068,SUP854717,PROD221119,9,407,1153.1,1.37
SYSSP0001069,SUP854717,PROD226611,6,255,350.21,2.59
SYSSP0001070,SUP854717,PROD716493,4,426,531.78,1.98
SYSSP0001071,SUP854717,PROD211579,9,636,922.78,0.82
SYSSP0001072,SUP854717,PROD531071,8,658,799.72,1.31
SYSSP0001073,SUP854717,PROD478120,2,530,809.61,1.71
SYSSP0001074,SUP854717,PROD689179,10,473,757.48,1.16
SYSSP0001075,SUP854717,PROD381444,8,674,265.17,1.38
SYSSP0001076,SUP854717,PROD512151,8,570,207.41,2.48
SYSSP0001077,SUP854717,PROD898462,6,395,363.96,1.97
SYSSP0001078,SUP854717,PROD906010,6,461,457.53,0.95
SYSSP0001079,SUP854717,PROD730193,4,398,512.22,1.8
SYSSP0001080,SUP797229,PROD695551,21,60,77027.13,0.91
SYSSP0001081,SUP797229,PROD239613,32,41,69803.64,1.03
SYSSP0001082,SUP797229,PROD287654,23,48,39232.02,2.4
SYSSP0001083,SUP797229,PROD851763,22,45,25308.59,1.89
SYSSP0001084,SUP797229,PROD861319,25,66,30705.38,2.56
SYSSP0001085,SUP797229,PROD864711,26,69,75870.48,0.87
SYSSP0001086,SUP797229,PROD199807,17,93,44561.69,1.12
SYSSP0001087,SUP797229,PROD570711,23,89,69197.99,2.0
SYSSP0001088,SUP797229,PROD286450,20,52,89723.1,1.35
SYSSP0001089,SUP797229,PROD986593,27,93,86257.71,2.94
SYSSP0001090,SUP797229,PROD219946,37,55,28591.73,2.94
SYSSP0001091,SUP797229,PROD453961,22,87,107131.09,1.24
SYSSP0001092,SUP797229,PROD413369,38,89,103585.33,2.27
SYSSP0001093,SUP797229,PROD409355,21,70,50552.33,2.91
SYSSP0001094,SUP797229,PROD392670,10,516,206.7,1.86
SYSSP0001095,SUP797229,PROD189856,6,351,825.8,0.91
SYSSP0001096,SUP797229,PROD410401,5,307,780.94,1.76
SYSSP0001097,SUP797229,PROD867541,2,335,272.59,2.09
SYSSP0001098,SUP797229,PROD689179,8,654,750.47,2.93
SYSSP0001099,SUP797229,PROD373903,9,602,1127.16,1.62
SYSSP0001100,SUP797229,PROD729371,3,377,397.38,1.0
SYSSP0001101,SUP797229,PROD536740,7,638,1101.76,0.93
SYSSP0001102,SUP797229,PROD337547,4,609,1132.47,1.04
SYSSP0001103,SUP797229,PROD869864,9,369,271.73,2.03
SYSSP0001104,SUP797229,PROD571435,7,662,226.74,2.41
SYSSP0001105,SUP797229,PROD633188,2,602,72.64,2.39
SYSSP0001106,SUP923927,PROD780027,35,38,75968.0,4.95
SYSSP0001107,SUP923927,PROD108454,36,54,47833.91,6.16
SYSSP0001108,SUP923927,PROD555292,29,55,77951.25,5.16
SYSSP0001109,SUP923927,PROD952227,33,36,53379.09,4.77
SYSSP0001110,SUP923927,PROD418594,46,52,20595.65,3.43
SYSSP0001111,SUP923927,PROD219946,21,43,27980.79,3.69
SYSSP0001112,SUP923927,PROD444207,40,54,11483.12,3.45
SYSSP0001113,SUP923927,PROD449138,41,55,44112.59,3.92
SYSSP0001114,SUP923927,PROD121215,35,40,129130.76,5.12
SYSSP0001115,SUP923927,PROD482614,19,28,116514.2,2.66
SYSSP0001116,SUP923927,PROD694916,23,32,67134.9,5.36
SYSSP0001117,SUP923927,PROD401601,16,62,246.92,5.53
SYSSP0001118,SUP923927,PROD939717,6,103,110.33,7.14
SYSSP0001119,SUP923927,PROD758589,9,65,143.45,6.22
SYSSP0001120,SUP923927,PROD931621,13,64,165.59,3.83
SYSSP0001121,SUP923927,PROD448321,10,68,44.9,2.89
SYSSP0001122,SUP923927,PROD513224,12,74,46.19,3.66
SYSSP0001123,SUP923927,PROD817644,12,99,188.93,3.74
SYSSP0001124,SUP923927,PROD324729,11,192,807.72,3.03
SYSSP0001125,SUP923927,PROD426147,16,167,760.73,4.64
SYSSP0001126,SUP923927,PROD593554,14,272,199.85,5.17
SYSSP0001127,SUP923927,PROD958182,13,261,403.3,7.48
SYSSP0001128,SUP923927,PROD962287,12,320,64.82,4.12
SYSSP0001129,SUP923927,PROD678727,11,379,259.66,6.33
SYSSP0001130,SUP923927,PROD401036,10,331,738.78,4.49
SYSSP0001131,SUP640490,PROD388086,34,39,46093.49,7.42
SYSSP0001132,SUP640490,PROD416797,25,21,114475.05,7.22
SYSSP0001133,SUP640490,PROD735656,29,52,116036.8,7.13
SYSSP0001134,SUP640490,PROD932463,21,22,51314.78,3.28
SYSSP0001135,SUP640490,PROD482614,27,57,117240.26,3.78
SYSSP0001136,SUP640490,PROD480133,26,56,51367.01,7.09
SYSSP0001137,SUP640490,PROD772124,40,40,107367.63,3.36
SYSSP0001138,SUP640490,PROD269930,44,56,96836.78,2.98
SYSSP0001139,SUP640490,PROD926730,39,22,19690.92,5.38
SYSSP0001140,SUP640490,PROD790017,19,41,13362.94,6.59
SYSSP0001141,SUP640490,PROD555292,30,34,81963.71,6.75
SYSSP0001142,SUP125611,PROD778700,16,59,97066.33,1.5
SYSSP0001143,SUP125611,PROD600935,33,49,143561.6,2.34
SYSSP0001144,SUP125611,PROD409571,19,43,107526.13,2.99
SYSSP0001145,SUP125611,PROD378535,29,88,104007.91,1.91
SYSSP0001146,SUP125611,PROD986278,22,67,83547.49,1.67
SYSSP0001147,SUP125611,PROD749137,19,61,127943.93,2.06
SYSSP0001148,SUP125611,PROD508396,16,75,55324.22,0.99
SYSSP0001149,SUP125611,PROD176066,31,67,96337.91,1.09
SYSSP0001150,SUP125611,PROD772124,19,70,110724.89,1.87
SYSSP0001151,SUP125611,PROD926394,35,76,138620.94,2.16
SYSSP0001152,SUP125611,PROD728437,38,73,53165.91,0.96
SYSSP0001153,SUP125611,PROD576919,39,67,128651.27,2.83
SYSSP0001154,SUP125611,PROD546815,17,47,80674.18,1.73
SYSSP0001155,SUP125611,PROD697347,26,52,41424.03,2.11
SYSSP0001156,SUP125611,PROD851763,15,89,25550.12,2.97
SYSSP0001157,SUP125611,PROD579536,34,92,54037.56,1.77
SYSSP0001158,SUP125611,PROD726822,19,68,17397.53,2.6
SYSSP0001159,SUP125611,PROD985364,3,307,358.76,1.33
SYSSP0001160,SUP125611,PROD574843,4,694,487.69,1.43
SYSSP0001161,SUP125611,PROD220936,7,605,454.03,1.47
SYSSP0001162,SUP125611,PROD123682,9,261,49.98,2.43
SYSSP0001163,SUP125611,PROD759176,5,354,66.56,2.45
SYSSP0001164,SUP125611,PROD723266,10,497,412.19,2.98
SYSSP0001165,SUP125611,PROD906010,2,442,468.7,2.26
SYSSP0001166,SUP125611,PROD707314,2,380,164.4,1.42
SYSSP0001167,SUP125611,PROD135035,6,277,239.18,2.88
SYSSP0001168,SUP125611,PROD687044,3,448,111.95,2.26
SYSSP0001169,SUP125611,PROD389913,7,692,247.82,1.44
SYSSP0001170,SUP125611,PROD593554,8,368,213.73,1.92
SYSSP0001171,SUP125611,PROD478666,3,411,411.18,2.11
SYSSP0001172,SUP125611,PROD670968,3,345,928.92,2.93
SYSSP0001173,SUP125611,PROD645007,10,614,1068.79,1.34
SYSSP0001174,SUP125611,PROD189856,10,406,824.45,1.67
SYSSP0001175,SUP125611,PROD887842,8,254,169.72,2.95
SYSSP0001176,SUP125611,PROD393992,11,241,123.91,2.18
SYSSP0001177,SUP125611,PROD343467,9,115,546.8,2.89
SYSSP0001178,SUP125611,PROD612530,6,177,692.9,1.66
SYSSP0001179,SUP125611,PROD475691,5,144,370.31,1.95
SYSSP0001180,SUP125611,PROD922458,12,216,211.5,2.06
SYSSP0001181,SUP125611,PROD776364,9,259,685.09,1.52
SYSSP0001182,SUP125611,PROD375097,11,167,369.43,1.1
SYSSP0001183,SUP125611,PROD865470,11,203,211.26,1.48
SYSSP0001184,SUP125611,PROD350484,11,169,1022.17,2.8
SYSSP0001185,SUP125611,PROD133958,5,389,1048.47,1.5
SYSSP0001186,SUP125611,PROD242239,11,372,931.07,1.06
SYSSP0001187,SUP519066,PROD449138,15,120,48970.82,1.71
SYSSP0001188,SUP519066,PROD694849,28,118,18912.55,2.85
SYSSP0001189,SUP519066,PROD627786,35,115,33887.5,1.21
SYSSP0001190,SUP519066,PROD475479,19,103,47351.72,2.97
SYSSP0001191,SUP519066,PROD446968,34,114,69857.52,2.15
SYSSP0001192,SUP519066,PROD737086,34,109,83968.82,0.86
SYSSP0001193,SUP519066,PROD172306,17,141,50938.17,2.66
SYSSP0001194,SUP519066,PROD926730,30,127,19949.27,1.65
SYSSP0001195,SUP519066,PROD219946,30,97,28206.07,1.3
SYSSP0001196,SUP519066,PROD273148,28,81,63754.8,2.89
SYSSP0001197,SUP519066,PROD243902,22,105,14959.66,0.95
SYSSP0001198,SUP519066,PROD570711,29,142,70445.15,2.71
SYSSP0001199,SUP519066,PROD621546,22,134,32634.96,0.89
SYSSP0001200,SUP519066,PROD533911,38,128,79351.52,1.67
SYSSP0001201,SUP519066,PROD306854,38,148,28656.25,2.73
SYSSP0001202,SUP519066,PROD255061,40,84,25924.41,1.79
SYSSP0001203,SUP519066,PROD763311,16,111,66355.58,1.67
SYSSP0001204,SUP519066,PROD790017,38,85,14308.13,1.94
SYSSP0001205,SUP519066,PROD579536,35,86,51492.17,1.77
SYSSP0001206,SUP519066,PROD986593,24,116,88674.96,1.73
SYSSP0001207,SUP519066,PROD904858,34,86,11620.4,2.79
SYSSP0001208,SUP519066,PROD245998,29,137,58525.74,1.9
SYSSP0001209,SUP519066,PROD138436,20,149,41058.64,1.71
SYSSP0001210,SUP519066,PROD934042,29,83,79312.81,2.1
SYSSP0001211,SUP519066,PROD421080,37,105,73094.32,1.0
SYSSP0001212,SUP519066,PROD778700,25,100,98205.86,1.07
SYSSP0001213,SUP519066,PROD176066,18,137,95535.26,0.99
SYSSP0001214,SUP519066,PROD763984,37,129,128373.86,2.95
SYSSP0001215,SUP519066,PROD739427,34,100,146522.28,1.64
SYSSP0001216,SUP943170,PROD776364,5,91,683.43,1.19
SYSSP0001217,SUP943170,PROD699809,3,157,316.06,2.41
SYSSP0001218,SUP943170,PROD375097,10,123,378.99,1.06
SYSSP0001219,SUP943170,PROD565776,5,101,674.31,2.48
SYSSP0001220,SUP943170,PROD664607,3,167,80.73,1.9
SYSSP0001221,SUP943170,PROD518098,3,176,448.86,2.1
SYSSP0001222,SUP943170,PROD671858,10,166,745.89,0.97
SYSSP0001223,SUP943170,PROD907236,12,51,905.73,2.0
SYSSP0001224,SUP943170,PROD529068,12,192,520.69,1.26
SYSSP0001225,SUP943170,PROD799565,5,87,179.36,1.57
SYSSP0001226,SUP943170,PROD372028,5,58,1707.45,2.64
SYSSP0001227,SUP943170,PROD581532,3,313,934.51,1.15
SYSSP0001228,SUP943170,PROD512151,6,393,214.41,1.19
SYSSP0001229,SUP943170,PROD783414,9,396,325.04,0.88
SYSSP0001230,SUP943170,PROD536740,6,265,1084.75,1.63
SYSSP0001231,SUP943170,PROD597305,3,318,208.1,0.94
SYSSP0001232,SUP943170,PROD721254,9,168,240.37,2.69
SYSSP0001233,SUP891937,PROD645007,5,563,1071.24,2.06
SYSSP0001234,SUP891937,PROD517568,10,294,428.71,2.32
SYSSP0001235,SUP891937,PROD141468,6,468,500.69,1.5
SYSSP0001236,SUP891937,PROD581532,10,544,934.58,1.58
SYSSP0001237,SUP891937,PROD226611,4,564,362.52,1.94
SYSSP0001238,SUP891937,PROD670968,9,502,963.85,2.74
SYSSP0001239,SUP891937,PROD208310,5,612,687.93,1.23
SYSSP0001240,SUP891937,PROD536740,3,262,1091.14,2.55
SYSSP0001241,SUP891937,PROD783414,5,659,330.11,1.71
SYSSP0001242,SUP891937,PROD791201,2,420,823.14,2.57
SYSSP0001243,SUP891937,PROD786224,5,255,1138.77,2.32
SYSSP0001244,SUP891937,PROD700067,6,654,756.88,1.46
SYSSP0001245,SUP891937,PROD735605,10,415,79.14,1.05
SYSSP0001246,SUP891937,PROD899281,7,424,628.73,2.05
SYSSP0001247,SUP891937,PROD678727,2,676,274.79,1.53
SYSSP0001248,SUP891937,PROD912233,3,169,174.34,2.18
SYSSP0001249,SUP891937,PROD968962,11,271,150.85,2.59
SYSSP0001250,SUP891937,PROD722665,3,366,217.52,2.39
SYSSP0001251,SUP891937,PROD130782,8,384,228.75,1.26
SYSSP0001252,SUP891937,PROD982885,8,281,110.95,1.13
SYSSP0001253,SUP891937,PROD412999,3,273,294.4,2.18
SYSSP0001254,SUP891937,PROD650121,5,392,227.55,1.21
SYSSP0001255,SUP891937,PROD891030,4,257,154.49,1.49
SYSSP0001256,SUP891937,PROD372793,3,239,261.35,1.89
SYSSP0001257,SUP891937,PROD401601,6,290,262.28,2.89
SYSSP0001258,SUP891937,PROD473023,6,368,62.33,1.05
SYSSP0001259,SUP891937,PROD297810,3,203,94.8,1.78
SYSSP0001260,SUP891937,PROD140932,3,347,166.07,1.14
SYSSP0001261,SUP891937,PROD753425,8,347,287.84,1.95
SYSSP0001262,SUP891937,PROD546768,8,173,147.2,1.02
SYSSP0001263,SUP891937,PROD986589,11,167,1507.19,0.88
SYSSP0001264,SUP891937,PROD655178,9,367,756.19,1.48
SYSSP0001265,SUP891937,PROD145767,3,144,722.44,2.76
SYSSP0001266,SUP891937,PROD502491,4,366,1767.67,2.44
SYSSP0001267,SUP888295,PROD391668,6,264,498.52,1.43
SYSSP0001268,SUP888295,PROD166412,11,263,902.3,2.28
SYSSP0001269,SUP888295,PROD520274,7,176,961.15,1.05
SYSSP0001270,SUP888295,PROD376807,12,386,264.86,1.25
SYSSP0001271,SUP888295,PROD302177,8,381,844.94,1.11
SYSSP0001272,SUP888295,PROD272129,7,393,413.25,0.96
SYSSP0001273,SUP888295,PROD648410,12,273,228.98,0.91
SYSSP0001274,SUP888295,PROD308296,3,341,187.51,0.91
SYSSP0001275,SUP888295,PROD907236,9,127,896.89,1.66
SYSSP0001276,SUP888295,PROD865470,12,328,208.18,1.49
SYSSP0001277,SUP888295,PROD482584,6,373,777.1,2.83
SYSSP0001278,SUP888295,PROD544730,10,390,489.72,2.59
SYSSP0001279,SUP888295,PROD586819,10,149,667.28,2.31
SYSSP0001280,SUP888295,PROD820775,10,340,1769.45,1.29
SYSSP0001281,SUP888295,PROD758589,12,232,156.71,1.66
SYSSP0001282,SUP888295,PROD722665,8,266,219.57,0.87
SYSSP0001283,SUP888295,PROD564586,10,157,1596.51,1.81
SYSSP0001284,SUP399607,PROD600935,36,52,133101.56,6.59
SYSSP0001285,SUP399607,PROD546815,42,40,76172.89,2.85
SYSSP0001286,SUP399607,PROD400814,30,49,120365.11,4.57
SYSSP0001287,SUP399607,PROD533321,37,55,105662.17,4.91
SYSSP0001288,SUP399607,PROD413369,21,33,103529.08,5.45
SYSSP0001289,SUP399607,PROD199807,45,56,42697.34,5.22
SYSSP0001290,SUP399607,PROD243902,25,24,14270.54,6.06
SYSSP0001291,SUP399607,PROD391865,14,74,39.75,3.38
SYSSP0001292,SUP399607,PROD416822,11,77,152.14,5.48
SYSSP0001293,SUP399607,PROD275377,13,176,213.77,2.81
SYSSP0001294,SUP399607,PROD484682,9,198,234.83,5.68
SYSSP0001295,SUP399607,PROD865470,6,88,195.5,3.96
SYSSP0001296,SUP399607,PROD542042,11,391,242.31,5.9
SYSSP0001297,SUP399607,PROD896204,15,276,571.95,5.41
SYSSP0001298,SUP399607,PROD418672,15,165,186.39,2.81
SYSSP0001299,SUP399607,PROD381607,12,100,376.23,6.6
SYSSP0001300,SUP399607,PROD526949,9,244,364.15,3.68
SYSSP0001301,SUP399607,PROD551860,15,262,428.6,4.53
SYSSP0001302,SUP399607,PROD407757,14,208,372.85,4.87
SYSSP0001303,SUP399607,PROD700067,11,296,759.55,4.3
SYSSP0001304,SUP535020,PROD513224,5,52,49.04,0.83
SYSSP0001305,SUP535020,PROD644559,10,161,229.7,1.1
SYSSP0001306,SUP535020,PROD851759,5,156,57.75,2.77
SYSSP0001307,SUP535020,PROD888795,12,158,289.22,1.8
SYSSP0001308,SUP535020,PROD375097,9,191,383.41,1.65
SYSSP0001309,SUP535020,PROD908554,6,97,564.85,0.82
SYSSP0001310,SUP535020,PROD780432,31,37,29570.17,2.0
SYSSP0001311,SUP535020,PROD548580,26,22,46149.77,2.05
SYSSP0001312,SUP535020,PROD579536,37,43,51248.26,1.86
SYSSP0001313,SUP535020,PROD108454,37,25,49932.84,2.41
SYSSP0001314,SUP535020,PROD287654,39,37,38644.64,0.97
SYSSP0001315,SUP535020,PROD572398,34,25,27345.57,2.19
SYSSP0001316,SUP535020,PROD697347,36,24,42346.22,1.99
SYSSP0001317,SUP535020,PROD179046,33,39,32179.73,2.79
SYSSP0001318,SUP535020,PROD434640,32,20,80452.07,1.93
SYSSP0001319,SUP535020,PROD739427,30,56,149699.3,1.73
SYSSP0001320,SUP535020,PROD373903,6,388,1104.36,2.18
SYSSP0001321,SUP535020,PROD495833,4,393,1148.01,2.98
SYSSP0001322,SUP535020,PROD867541,2,246,267.57,1.08
SYSSP0001323,SUP535020,PROD531071,3,242,797.71,2.15
SYSSP0001324,SUP535020,PROD633188,6,231,71.03,1.05
SYSSP0001325,SUP535020,PROD214576,4,177,372.09,1.61
SYSSP0001326,SUP600149,PROD671858,13,370,734.04,4.21
SYSSP0001327,SUP600149,PROD420297,7,178,276.44,6.26
SYSSP0001328,SUP600149,PROD376807,14,221,254.71,6.13
SYSSP0001329,SUP600149,PROD483629,8,395,253.81,4.23
SYSSP0001330,SUP600149,PROD317782,9,126,207.84,4.49
SYSSP0001331,SUP600149,PROD324729,12,372,795.15,5.92
SYSSP0001332,SUP600149,PROD475691,14,234,336.3,6.85
SYSSP0001333,SUP600149,PROD664607,7,329,75.9,4.08
SYSSP0001334,SUP600149,PROD518098,18,121,418.23,5.16
SYSSP0001335,SUP600149,PROD835962,13,239,179.53,3.84
SYSSP0001336,SUP600149,PROD655178,8,399,728.31,6.37
SYSSP0001337,SUP600149,PROD722665,13,199,209.43,5.89
SYSSP0001338,SUP600149,PROD289934,9,380,1921.93,2.54
SYSSP0001339,SUP600149,PROD169403,6,310,226.33,3.02
SYSSP0001340,SUP600149,PROD934794,26,42,31260.32,2.96
SYSSP0001341,SUP600149,PROD675898,41,97,68451.31,7.25
SYSSP0001342,SUP600149,PROD612573,37,85,62917.63,2.93
SYSSP0001343,SUP600149,PROD397846,37,64,35892.4,7.0
SYSSP0001344,SUP600149,PROD737086,36,97,78365.43,3.42
SYSSP0001345,SUP600149,PROD802729,29,82,22434.6,5.69
SYSSP0001346,SUP600149,PROD986982,28,84,52855.84,6.35
SYSSP0001347,SUP600149,PROD446968,29,50,67482.2,3.89
SYSSP0001348,SUP600149,PROD286450,21,64,82011.53,2.8
SYSSP0001349,SUP600149,PROD548580,26,68,41024.11,7.4
SYSSP0001350,SUP600149,PROD818699,27,65,58172.43,4.96
SYSSP0001351,SUP600149,PROD243902,25,89,13903.8,5.57
SYSSP0001352,SUP600149,PROD630041,23,85,51722.17,2.67
SYSSP0001353,SUP600149,PROD913308,23,86,86398.91,4.73
SYSSP0001354,SUP600149,PROD999398,33,81,79266.53,7.16
SYSSP0001355,SUP600149,PROD321275,12,544,684.38,6.04
SYSSP0001356,SUP600149,PROD130610,14,473,491.11,6.14
SYSSP0001357,SUP600149,PROD550797,9,365,552.55,7.27
SYSSP0001358,SUP600149,PROD660605,11,540,558.32,7.46
SYSSP0001359,SUP600149,PROD329659,14,405,164.66,5.66
SYSSP0001360,SUP600149,PROD343807,7,523,137.25,4.2
SYSSP0001361,SUP600149,PROD899281,13,581,585.58,5.27
SYSSP0001362,SUP600149,PROD800646,15,347,563.92,4.45
SYSSP0001363,SUP600149,PROD571435,10,602,207.78,2.92
SYSSP0001364,SUP600149,PROD132146,16,347,134.69,3.47
SYSSP0001365,SUP600149,PROD810189,10,449,1045.64,5.2
SYSSP0001366,SUP600149,PROD670968,11,523,933.96,6.56
SYSSP0001367,SUP600149,PROD681343,4,423,165.8,6.44
SYSSP0001368,SUP330080,PROD962287,10,334,68.2,2.71
SYSSP0001369,SUP330080,PROD199868,10,176,277.09,1.31
SYSSP0001370,SUP330080,PROD822858,3,118,104.0,1.88
SYSSP0001371,SUP330080,PROD491559,2,341,220.67,2.16
SYSSP0001372,SUP330080,PROD682144,5,166,137.83,2.19
SYSSP0001373,SUP330080,PROD729371,6,149,404.72,1.18
SYSSP0001374,SUP330080,PROD258787,3,154,97.85,2.11
SYSSP0001375,SUP233827,PROD883641,22,121,142009.09,0.88
SYSSP0001376,SUP233827,PROD374267,31,121,107518.8,0.99
SYSSP0001377,SUP233827,PROD421080,39,102,72890.63,0.32
SYSSP0001378,SUP233827,PROD558089,16,101,65667.67,0.75
SYSSP0001379,SUP233827,PROD787926,28,85,99239.07,0.99
SYSSP0001380,SUP233827,PROD793223,32,100,109203.36,0.69
SYSSP0001381,SUP233827,PROD501936,15,102,94455.95,0.91
SYSSP0001382,SUP233827,PROD322182,31,133,149486.66,0.99
SYSSP0001383,SUP233827,PROD480133,29,106,55037.8,0.47
SYSSP0001384,SUP233827,PROD669460,26,110,134579.31,0.81
SYSSP0001385,SUP233827,PROD324082,15,143,99077.56,0.29
SYSSP0001386,SUP233827,PROD742412,38,124,147197.46,0.76
SYSSP0001387,SUP233827,PROD770532,21,147,116904.16,0.82
SYSSP0001388,SUP233827,PROD107459,38,139,52377.75,0.86
SYSSP0001389,SUP233827,PROD701253,23,104,135769.78,0.35
SYSSP0001390,SUP233827,PROD763984,27,102,127858.78,1.12
SYSSP0001391,SUP233827,PROD948179,14,116,17402.99,0.45
SYSSP0001392,SUP233827,PROD199807,31,85,44172.89,0.25
SYSSP0001393,SUP233827,PROD763311,31,100,69435.77,0.69
SYSSP0001394,SUP233827,PROD641975,18,110,54990.34,0.79
SYSSP0001395,SUP233827,PROD555292,22,105,88369.29,1.1
SYSSP0001396,SUP233827,PROD572436,2,922,341.88,0.58
SYSSP0001397,SUP233827,PROD513160,5,982,503.27,0.25
SYSSP0001398,SUP233827,PROD771088,7,721,111.68,0.65
SYSSP0001399,SUP233827,PROD745972,6,639,69.94,0.39
SYSSP0001400,SUP233827,PROD985364,5,707,360.83,0.23
SYSSP0001401,SUP233827,PROD324130,1,639,107.81,0.67
SYSSP0001402,SUP233827,PROD574843,7,851,484.43,0.5
SYSSP0001403,SUP233827,PROD220936,3,1091,472.02,1.06
SYSSP0001404,SUP233827,PROD626690,1,1034,267.89,1.2
SYSSP0001405,SUP233827,PROD682144,6,785,142.13,0.63
SYSSP0001406,SUP233827,PROD510623,4,835,483.57,0.42
SYSSP0001407,SUP233827,PROD834233,4,927,451.14,0.24
SYSSP0001408,SUP233827,PROD260626,9,935,135.9,0.68
SYSSP0001409,SUP233827,PROD633188,1,1007,74.25,0.76
SYSSP0001410,SUP233827,PROD512022,1,723,206.33,0.5
SYSSP0001411,SUP233827,PROD638857,3,991,465.82,0.36
SYSSP0001412,SUP233827,PROD688861,9,965,123.88,0.34
SYSSP0001413,SUP233827,PROD158896,7,879,115.62,0.9
SYSSP0001414,SUP233827,PROD574167,2,894,46.56,0.53
SYSSP0001415,SUP233827,PROD502219,1,936,149.63,0.9
SYSSP0001416,SUP233827,PROD927630,9,582,330.39,0.54
SYSSP0001417,SUP233827,PROD670968,1,552,952.56,0.57
SYSSP0001418,SUP233827,PROD431699,1,875,470.06,0.76
SYSSP0001419,SUP233827,PROD700067,2,641,823.46,0.44
SYSSP0001420,SUP233827,PROD321275,1,1094,792.3,0.9
SYSSP0001421,SUP233827,PROD645007,3,861,1160.61,0.7
SYSSP0001422,SUP290556,PROD517568,12,348,407.51,6.65
SYSSP0001423,SUP290556,PROD791201,16,372,800.72,5.16
SYSSP0001424,SUP290556,PROD700067,11,288,756.82,7.23
SYSSP0001425,SUP290556,PROD645007,6,334,1008.41,4.45
SYSSP0001426,SUP290556,PROD407757,8,139,355.54,3.88
SYSSP0001427,SUP290556,PROD869864,9,177,269.23,5.1
SYSSP0001428,SUP290556,PROD878967,14,171,1724.61,4.72
SYSSP0001429,SUP290556,PROD525556,7,98,2205.71,6.86
SYSSP0001430,SUP290556,PROD860242,12,135,778.06,4.21
SYSSP0001431,SUP290556,PROD471371,13,185,1436.58,4.73
SYSSP0001432,SUP290556,PROD984247,13,83,168.12,4.03
SYSSP0001433,SUP975467,PROD112537,2,280,250.77,1.16
SYSSP0001434,SUP975467,PROD982885,11,374,115.92,1.17
SYSSP0001435,SUP975467,PROD571635,4,221,125.49,1.19
SYSSP0001436,SUP975467,PROD634277,11,325,97.57,0.38
SYSSP0001437,SUP975467,PROD220764,11,262,245.51,0.35
SYSSP0001438,SUP975467,PROD931621,9,373,172.83,1.12
SYSSP0001439,SUP975467,PROD722665,6,174,232.84,1.13
SYSSP0001440,SUP975467,PROD878480,5,379,114.04,0.53
SYSSP0001441,SUP975467,PROD762055,4,248,161.78,0.95
SYSSP0001442,SUP975467,PROD297810,11,389,96.57,1.12
SYSSP0001443,SUP975467,PROD315173,8,345,1033.28,0.34
SYSSP0001444,SUP975467,PROD355021,11,257,2385.9,0.82
SYSSP0001445,SUP975467,PROD933197,3,282,1058.17,0.26
SYSSP0001446,SUP142213,PROD133958,7,200,993.03,1.98
SYSSP0001447,SUP142213,PROD553014,10,144,392.16,1.67
SYSSP0001448,SUP142213,PROD213475,10,262,1703.97,1.93
SYSSP0001449,SUP142213,PROD405420,3,284,1498.03,2.38
SYSSP0001450,SUP142213,PROD824586,9,289,449.61,0.83
SYSSP0001451,SUP142213,PROD718241,8,279,1079.02,1.78
SYSSP0001452,SUP142213,PROD648102,11,144,490.45,2.75
SYSSP0001453,SUP142213,PROD660081,9,326,598.82,2.57
SYSSP0001454,SUP142213,PROD333746,9,312,1002.94,2.09
SYSSP0001455,SUP142213,PROD860242,4,173,811.03,1.84
SYSSP0001456,SUP142213,PROD612530,11,271,681.22,2.91
SYSSP0001457,SUP142213,PROD982885,9,145,110.54,2.21
SYSSP0001458,SUP142213,PROD558723,7,312,885.94,1.82
SYSSP0001459,SUP328552,PROD480133,29,42,57285.57,0.5
SYSSP0001460,SUP328552,PROD409571,31,71,110013.11,0.66
SYSSP0001461,SUP328552,PROD708798,15,49,75501.2,1.16
SYSSP0001462,SUP328552,PROD533321,32,47,119149.74,1.09
SYSSP0001463,SUP328552,PROD508396,27,71,58723.46,0.84
SYSSP0001464,SUP328552,PROD465962,15,88,101255.68,1.19
SYSSP0001465,SUP328552,PROD121215,15,77,144758.81,0.64
SYSSP0001466,SUP328552,PROD749137,20,84,137774.77,0.57
SYSSP0001467,SUP328552,PROD482614,38,94,128146.76,0.78
SYSSP0001468,SUP328552,PROD934042,17,69,85192.76,0.34
SYSSP0001469,SUP328552,PROD904858,20,57,11739.61,0.84
SYSSP0001470,SUP328552,PROD986982,26,58,54770.98,0.84
SYSSP0001471,SUP328552,PROD572398,16,89,28831.58,0.96
SYSSP0001472,SUP426147,PROD761532,38,114,121559.28,0.89
SYSSP0001473,SUP426147,PROD788772,16,98,146038.08,0.72
SYSSP0001474,SUP426147,PROD763984,23,132,129244.48,1.11
SYSSP0001475,SUP426147,PROD793223,17,99,112428.44,1.03
SYSSP0001476,SUP426147,PROD883641,40,133,144911.42,0.28
SYSSP0001477,SUP426147,PROD584838,19,141,96722.05,0.89
SYSSP0001478,SUP426147,PROD453961,16,146,108827.17,0.54
SYSSP0001479,SUP426147,PROD308496,35,83,104020.86,0.32
SYSSP0001480,SUP426147,PROD670913,18,109,60441.66,0.41
SYSSP0001481,SUP426147,PROD932463,14,94,54482.67,0.97
SYSSP0001482,SUP426147,PROD465962,36,85,100767.62,0.23
SYSSP0001483,SUP426147,PROD533321,36,140,115434.41,0.45
SYSSP0001484,SUP426147,PROD207570,15,81,117800.58,0.98
SYSSP0001485,SUP426147,PROD708798,33,105,75150.35,0.55
SYSSP0001486,SUP426147,PROD269930,16,115,104997.06,0.55
SYSSP0001487,SUP426147,PROD973294,19,144,144477.39,0.3
SYSSP0001488,SUP426147,PROD416797,33,147,119390.81,0.39
SYSSP0001489,SUP426147,PROD693418,23,148,63928.18,0.93
SYSSP0001490,SUP426147,PROD806004,18,126,96277.73,0.39
SYSSP0001491,SUP426147,PROD408467,36,103,132730.04,1.18
SYSSP0001492,SUP426147,PROD179046,27,145,32401.55,0.31
SYSSP0001493,SUP426147,PROD627786,25,139,34849.15,0.34
SYSSP0001494,SUP426147,PROD914571,37,116,40532.1,0.24
SYSSP0001495,SUP426147,PROD138436,22,94,42965.78,0.66
SYSSP0001496,SUP426147,PROD904858,36,136,11645.41,0.61
SYSSP0001497,SUP426147,PROD908475,27,88,17218.54,1.0
SYSSP0001498,SUP426147,PROD851413,10,452,1717.24,0.86
SYSSP0001499,SUP426147,PROD285413,4,323,1339.53,0.9
SYSSP0001500,SUP426147,PROD898329,3,283,2396.82,0.4
SYSSP0001501,SUP426147,PROD731977,3,312,782.69,0.62
SYSSP0001502,SUP426147,PROD145767,8,641,761.38,0.78
SYSSP0001503,SUP426147,PROD265759,4,432,1266.21,0.8
SYSSP0001504,SUP426147,PROD820775,6,511,1829.1,0.97
SYSSP0001505,SUP426147,PROD787584,4,378,1040.81,0.43
SYSSP0001506,SUP426147,PROD866260,5,300,375.35,1.03
SYSSP0001507,SUP426147,PROD801520,10,341,2315.44,0.88
SYSSP0001508,SUP426147,PROD196126,3,568,2447.99,0.96
SYSSP0001509,SUP426147,PROD908554,8,655,583.46,0.49
SYSSP0001510,SUP426147,PROD980651,7,508,315.95,0.54
SYSSP0001511,SUP426147,PROD656116,11,641,1428.9,0.63
SYSSP0001512,SUP426147,PROD975679,1,480,2442.35,0.58
SYSSP0001513,SUP426147,PROD649577,10,266,1249.39,0.86
SYSSP0001514,SUP426147,PROD986589,6,501,1574.67,0.51
SYSSP0001515,SUP426147,PROD237174,6,641,300.36,0.88
SYSSP0001516,SUP426147,PROD155642,8,493,455.44,0.36
SYSSP0001517,SUP426147,PROD376807,1,384,272.57,1.17
SYSSP0001518,SUP426147,PROD984247,10,642,181.41,0.52
SYSSP0001519,SUP426147,PROD308296,3,315,192.33,0.55
SYSSP0001520,SUP426147,PROD213609,12,641,873.0,0.54
SYSSP0001521,SUP426147,PROD968962,1,426,160.28,0.61
SYSSP0001522,SUP426147,PROD510623,6,567,495.98,0.31
SYSSP0001523,SUP426147,PROD123682,4,1051,51.49,0.66
SYSSP0001524,SUP426147,PROD265649,5,773,449.59,0.67
SYSSP0001525,SUP426147,PROD962287,1,886,68.73,0.52
SYSSP0001526,SUP426147,PROD958182,1,602,440.66,0.41
SYSSP0001527,SUP426147,PROD593554,7,670,215.43,0.56
SYSSP0001528,SUP426147,PROD678727,7,1008,291.09,1.17
SYSSP0001529,SUP426147,PROD341292,2,794,190.02,0.5
SYSSP0001530,SUP426147,PROD724756,7,1139,401.49,0.29
SYSSP0001531,SUP426147,PROD389913,1,779,254.89,1.0
SYSSP0001532,SUP426147,PROD681343,6,714,185.3,0.28
SYSSP0001533,SUP426147,PROD664058,4,943,176.05,0.51
SYSSP0001534,SUP426147,PROD834233,5,757,441.97,0.65
SYSSP0001535,SUP426147,PROD222629,9,519,182.1,0.72
SYSSP0001536,SUP426147,PROD572436,1,718,337.77,1.02
SYSSP0001537,SUP426147,PROD574167,7,1153,45.59,0.81
SYSSP0001538,SUP426147,PROD688861,8,1034,121.96,0.66
SYSSP0001539,SUP426147,PROD940247,4,807,41.42,0.61
SYSSP0001540,SUP426147,PROD615060,2,922,501.29,0.49
SYSSP0001541,SUP426147,PROD927630,2,1115,322.97,0.44
SYSSP0001542,SUP426147,PROD564635,3,528,142.8,1.03
SYSSP0001543,SUP426147,PROD978292,6,1073,770.37,0.62
SYSSP0001544,SUP426147,PROD152995,1,663,323.0,0.23
SYSSP0001545,SUP426147,PROD392670,5,1159,222.47,1.16
SYSSP0001546,SUP206851,PROD794093,6,132,224.71,0.61
SYSSP0001547,SUP206851,PROD372793,8,303,277.74,0.92
SYSSP0001548,SUP206851,PROD416822,4,157,163.21,0.7
SYSSP0001549,SUP206851,PROD817644,2,354,209.18,0.44
SYSSP0001550,SUP206851,PROD423993,2,268,90.38,0.94
SYSSP0001551,SUP206851,PROD112537,3,211,248.68,0.38
SYSSP0001552,SUP206851,PROD939717,4,309,116.45,0.79
SYSSP0001553,SUP206851,PROD823975,8,157,161.84,0.62
SYSSP0001554,SUP206851,PROD513224,4,174,51.46,0.92
SYSSP0001555,SUP206851,PROD851759,7,117,59.4,0.86
SYSSP0001556,SUP206851,PROD944962,2,229,256.25,0.51
SYSSP0001557,SUP206851,PROD401601,8,373,276.86,1.06
SYSSP0001558,SUP206851,PROD934638,9,301,240.96,1.12
SYSSP0001559,SUP206851,PROD637450,7,220,148.45,1.06
SYSSP0001560,SUP206851,PROD851413,2,262,1762.0,0.97
SYSSP0001561,SUP206851,PROD703139,9,240,2513.69,1.02
SYSSP0001562,SUP206851,PROD648102,7,311,527.07,0.53
SYSSP0001563,SUP206851,PROD913894,9,182,852.96,0.71
SYSSP0001564,SUP206851,PROD399105,4,605,1108.36,0.25
SYSSP0001565,SUP206851,PROD791201,1,655,862.99,0.2
SYSSP0001566,SUP206851,PROD645007,3,410,1139.12,0.31
SYSSP0001567,SUP206851,PROD875232,4,683,268.72,0.61
SYSSP0001568,SUP206851,PROD130914,4,494,1042.71,0.33
SYSSP0001569,SUP206851,PROD517568,2,659,436.46,0.28
SYSSP0001570,SUP206851,PROD226611,6,451,380.33,1.14
SYSSP0001571,SUP206851,PROD373903,5,261,1183.33,0.85
SYSSP0001572,SUP206851,PROD927630,5,486,322.24,0.9
SYSSP0001573,SUP206851,PROD874814,4,455,749.74,0.8
SYSSP0001574,SUP206851,PROD277193,4,438,902.36,0.77
SYSSP0001575,SUP206851,PROD678727,1,645,295.93,0.65
SYSSP0001576,SUP206851,PROD759176,9,364,69.24,0.39
SYSSP0001577,SUP206851,PROD510623,4,632,485.28,0.33
SYSSP0001578,SUP793655,PROD483629,11,96,246.91,3.23
SYSSP0001579,SUP793655,PROD752011,11,110,363.03,7.04
SYSSP0001580,SUP793655,PROD862760,14,167,684.55,4.84
SYSSP0001581,SUP793655,PROD599127,15,151,432.46,6.07
SYSSP0001582,SUP793655,PROD482584,16,115,729.68,5.28
SYSSP0001583,SUP793655,PROD420297,7,110,268.05,4.27
SYSSP0001584,SUP793655,PROD272129,19,61,381.76,5.02
SYSSP0001585,SUP793655,PROD680099,13,151,39.23,3.16
SYSSP0001586,SUP793655,PROD140932,13,198,149.71,3.35
SYSSP0001587,SUP793655,PROD837954,7,371,1032.0,3.8
SYSSP0001588,SUP793655,PROD478666,9,165,390.75,7.37
SYSSP0001589,SUP793655,PROD514913,13,284,194.63,3.91
SYSSP0001590,SUP793655,PROD211579,12,235,878.66,4.68
SYSSP0001591,SUP793655,PROD208310,8,351,676.44,3.26
SYSSP0001592,SUP793655,PROD716493,11,196,496.23,3.65
SYSSP0001593,SUP793655,PROD713799,7,233,202.09,4.84
SYSSP0001594,SUP793655,PROD494956,8,120,680.98,7.44
SYSSP0001595,SUP793655,PROD597305,15,334,193.45,6.73
SYSSP0001596,SUP793655,PROD456871,6,278,182.6,6.84
SYSSP0001597,SUP841666,PROD898462,12,589,345.0,5.42
SYSSP0001598,SUP841666,PROD742686,8,642,94.44,4.58
SYSSP0001599,SUP841666,PROD510623,6,643,447.3,2.97
SYSSP0001600,SUP841666,PROD513160,9,395,468.6,5.9
SYSSP0001601,SUP841666,PROD822858,12,552,100.91,3.03
SYSSP0001602,SUP841666,PROD678727,10,264,256.65,6.65
SYSSP0001603,SUP841666,PROD794395,14,571,267.32,5.47
SYSSP0001604,SUP841666,PROD214576,6,272,354.58,7.25
SYSSP0001605,SUP841666,PROD407757,14,625,380.5,6.49
SYSSP0001606,SUP841666,PROD572436,7,691,296.51,5.72
SYSSP0001607,SUP841666,PROD507746,9,630,143.35,7.26
SYSSP0001608,SUP841666,PROD158104,10,454,214.76,3.7
SYSSP0001609,SUP841666,PROD502219,10,260,139.95,3.31
SYSSP0001610,SUP841666,PROD526949,12,581,360.75,5.77
SYSSP0001611,SUP841666,PROD130353,7,501,556.2,6.18
SYSSP0001612,SUP841666,PROD514913,13,558,181.93,5.83
SYSSP0001613,SUP841666,PROD645007,13,352,1044.2,6.93
SYSSP0001614,SUP841666,PROD372793,9,288,251.87,4.67
SYSSP0001615,SUP841666,PROD878480,11,120,102.35,7.37
SYSSP0001616,SUP841666,PROD448321,13,179,45.25,5.14
SYSSP0001617,SUP841666,PROD275377,13,248,210.59,2.9
SYSSP0001618,SUP841666,PROD516760,14,176,194.86,5.92
SYSSP0001619,SUP841666,PROD265080,10,367,159.51,5.34
SYSSP0001620,SUP841666,PROD477880,13,123,98.69,5.05
SYSSP0001621,SUP841666,PROD473023,11,337,60.72,5.34
SYSSP0001622,SUP841666,PROD345386,11,230,94.92,6.34
SYSSP0001623,SUP841666,PROD140932,5,336,149.71,3.41
SYSSP0001624,SUP841666,PROD484682,11,142,225.42,6.02
SYSSP0001625,SUP841666,PROD787584,14,332,980.8,4.75
SYSSP0001626,SUP841666,PROD881549,11,195,863.48,2.89
SYSSP0001627,SUP841666,PROD564586,16,154,1521.03,2.59
SYSSP0001628,SUP841666,PROD714953,35,84,69876.04,5.79
SYSSP0001629,SUP841666,PROD737086,44,86,80958.17,5.59
SYSSP0001630,SUP841666,PROD675898,38,84,67535.7,5.95
SYSSP0001631,SUP841666,PROD780432,31,45,27328.55,2.57
SYSSP0001632,SUP841666,PROD119524,20,84,56652.96,6.8
SYSSP0001633,SUP841666,PROD890371,26,81,28134.93,3.71
SYSSP0001634,SUP841666,PROD834591,41,52,75379.04,6.35
SYSSP0001635,SUP841666,PROD396020,24,67,13989.79,3.33
SYSSP0001636,SUP841666,PROD108454,26,84,48236.46,4.93
SYSSP0001637,SUP841666,PROD591465,20,77,76950.42,3.97
SYSSP0001638,SUP841666,PROD847006,29,61,83422.97,5.65
SYSSP0001639,SUP841666,PROD132316,42,66,85311.08,6.19
SYSSP0001640,SUP841666,PROD308496,41,75,98516.99,2.69
SYSSP0001641,SUP965845,PROD259814,34,51,54861.99,0.93
SYSSP0001642,SUP965845,PROD621546,15,47,32976.21,2.02
SYSSP0001643,SUP965845,PROD859364,23,46,63609.81,1.06
SYSSP0001644,SUP965845,PROD110060,34,42,37219.83,1.76
SYSSP0001645,SUP965845,PROD612573,20,38,64653.78,1.83
SYSSP0001646,SUP965845,PROD444207,29,34,11779.67,2.09
SYSSP0001647,SUP965845,PROD966529,36,41,66767.96,2.68
SYSSP0001648,SUP965845,PROD421080,37,49,69841.12,1.45
SYSSP0001649,SUP965845,PROD542042,7,341,253.49,2.66
SYSSP0001650,SUP965845,PROD489043,5,244,528.58,0.99
SYSSP0001651,SUP965845,PROD869864,9,166,269.34,1.14
SYSSP0001652,SUP965845,PROD951452,9,151,614.73,2.87
SYSSP0001653,SUP965845,PROD132146,9,255,143.99,2.03
SYSSP0001654,SUP965845,PROD407757,2,283,396.27,1.59
SYSSP0001655,SUP965845,PROD531071,4,189,825.98,2.77
SYSSP0001656,SUP697530,PROD389913,9,216,233.25,3.62
SYSSP0001657,SUP697530,PROD178465,10,281,89.18,6.35
SYSSP0001658,SUP697530,PROD574167,14,177,43.19,6.87
SYSSP0001659,SUP697530,PROD510623,10,125,463.62,4.69
SYSSP0001660,SUP697530,PROD597305,11,154,198.2,5.55
SYSSP0001661,SUP697530,PROD724756,9,121,365.01,3.34
SYSSP0001662,SUP697530,PROD759176,6,285,61.18,3.96
SYSSP0001663,SUP697530,PROD302897,15,355,246.07,3.0
SYSSP0001664,SUP697530,PROD565765,11,170,905.44,3.51
SYSSP0001665,SUP697530,PROD984247,14,123,162.68,2.93
SYSSP0001666,SUP697530,PROD762055,15,156,143.36,5.82
SYSSP0001667,SUP697530,PROD794093,11,157,207.26,3.19
SYSSP0001668,SUP697530,PROD423993,14,154,84.46,7.26
SYSSP0001669,SUP697530,PROD130782,18,142,224.91,4.71
SYSSP0001670,SUP697530,PROD412999,10,182,281.83,2.92
SYSSP0001671,SUP697530,PROD680099,13,92,38.45,4.47
SYSSP0001672,SUP697530,PROD976325,10,88,114.37,2.79
SYSSP0001673,SUP697530,PROD801520,15,157,2130.75,5.9
SYSSP0001674,SUP697530,PROD520274,15,130,964.41,2.54
SYSSP0001675,SUP393243,PROD670968,8,478,954.44,2.75
SYSSP0001676,SUP393243,PROD512151,9,607,208.76,2.59
SYSSP0001677,SUP393243,PROD517568,8,647,421.26,1.46
SYSSP0001678,SUP393243,PROD645007,2,525,1089.67,2.4
SYSSP0001679,SUP393243,PROD540208,4,516,315.87,1.42
SYSSP0001680,SUP393243,PROD842776,3,511,1139.46,1.95
SYSSP0001681,SUP393243,PROD764000,4,261,892.44,2.55
SYSSP0001682,SUP393243,PROD531071,6,373,826.19,1.47
SYSSP0001683,SUP393243,PROD514913,8,508,193.14,0.93
SYSSP0001684,SUP393243,PROD716493,7,382,542.88,1.58
SYSSP0001685,SUP393243,PROD130914,2,637,999.35,1.07
SYSSP0001686,SUP393243,PROD874814,6,543,733.04,1.8
SYSSP0001687,SUP393243,PROD211579,5,662,937.83,2.08
SYSSP0001688,SUP393243,PROD381607,10,682,391.76,1.57
SYSSP0001689,SUP393243,PROD489043,6,591,531.56,2.37
SYSSP0001690,SUP393243,PROD302897,4,615,252.25,2.42
SYSSP0001691,SUP393243,PROD431699,3,417,465.59,1.22
SYSSP0001692,SUP393243,PROD805200,28,93,34969.78,1.0
SYSSP0001693,SUP393243,PROD243902,28,96,14399.3,1.27
SYSSP0001694,SUP393243,PROD199807,17,63,44365.5,1.69
SYSSP0001695,SUP393243,PROD595351,32,73,18137.08,2.72
SYSSP0001696,SUP393243,PROD802729,33,71,22970.62,2.99
SYSSP0001697,SUP393243,PROD172306,37,99,53507.27,2.41
SYSSP0001698,SUP393243,PROD555292,28,92,82813.93,1.91
SYSSP0001699,SUP393243,PROD322142,30,85,27082.54,2.93
SYSSP0001700,SUP393243,PROD838253,31,95,52663.31,2.33
SYSSP0001701,SUP393243,PROD139581,29,70,73887.48,1.15
SYSSP0001702,SUP393243,PROD396020,32,63,15751.51,1.06
SYSSP0001703,SUP393243,PROD914571,28,47,38307.29,2.06
SYSSP0001704,SUP393243,PROD188834,16,73,60957.89,1.62
SYSSP0001705,SUP393243,PROD416797,26,59,116369.68,0.86
SYSSP0001706,SUP393243,PROD213365,19,49,110161.17,1.73
SYSSP0001707,SUP824156,PROD514913,9,162,204.38,0.27
SYSSP0001708,SUP824156,PROD130914,1,346,1024.68,0.77
SYSSP0001709,SUP824156,PROD512151,4,343,221.4,1.03
SYSSP0001710,SUP824156,PROD724834,3,358,769.06,0.96
SYSSP0001711,SUP824156,PROD837954,8,266,1099.05,0.82
SYSSP0001712,SUP824156,PROD565765,5,219,1038.96,0.54
SYSSP0001713,SUP824156,PROD221119,1,242,1208.07,1.07
SYSSP0001714,SUP824156,PROD381444,1,387,277.59,0.84
SYSSP0001715,SUP824156,PROD486649,2,377,400.54,0.25
SYSSP0001716,SUP824156,PROD418672,9,343,196.39,0.22
SYSSP0001717,SUP796212,PROD649577,7,205,1217.06,2.35
SYSSP0001718,SUP796212,PROD521233,12,327,1565.32,1.97
SYSSP0001719,SUP796212,PROD145767,8,305,733.75,1.88
SYSSP0001720,SUP796212,PROD155642,3,274,438.75,1.71
SYSSP0001721,SUP796212,PROD564586,11,262,1599.5,1.0
SYSSP0001722,SUP796212,PROD242239,4,377,888.19,1.12
SYSSP0001723,SUP796212,PROD722780,7,145,445.19,2.89
SYSSP0001724,SUP796212,PROD889216,5,130,958.44,1.52
SYSSP0001725,SUP796212,PROD731977,3,129,762.35,1.02
SYSSP0001726,SUP796212,PROD656116,5,311,1460.13,1.37
SYSSP0001727,SUP796212,PROD237174,4,126,293.01,2.45
SYSSP0001728,SUP796212,PROD702891,12,221,2005.57,2.46
SYSSP0001729,SUP796212,PROD213475,9,158,1669.71,1.5
SYSSP0001730,SUP796212,PROD118632,11,308,2366.96,0.86
SYSSP0001731,SUP796212,PROD824586,6,109,446.4,2.92
SYSSP0001732,SUP796212,PROD571832,4,226,2450.55,2.23
SYSSP0001733,SUP796212,PROD699809,5,255,321.1,1.78
SYSSP0001734,SUP796212,PROD475691,11,204,371.48,1.11
SYSSP0001735,SUP796212,PROD571635,11,186,126.74,1.98
SYSSP0001736,SUP796212,PROD944962,9,384,247.22,0.8
SYSSP0001737,SUP796212,PROD514913,4,250,192.54,2.83
SYSSP0001738,SUP796212,PROD517568,6,556,422.66,2.3
SYSSP0001739,SUP796212,PROD536740,7,681,1102.23,2.09
SYSSP0001740,SUP796212,PROD786224,10,394,1098.04,2.43
SYSSP0001741,SUP796212,PROD130353,3,403,556.95,2.34
SYSSP0001742,SUP796212,PROD713799,4,621,219.87,1.41
SYSSP0001743,SUP796212,PROD337547,8,357,1137.54,2.91
SYSSP0001744,SUP796212,PROD724834,7,599,760.49,2.2
SYSSP0001745,SUP796212,PROD381444,9,389,263.03,2.96
SYSSP0001746,SUP796212,PROD837954,7,357,1090.46,2.12
SYSSP0001747,SUP796212,PROD211579,2,604,903.55,2.83
SYSSP0001748,SUP796212,PROD581532,9,252,929.43,2.28
SYSSP0001749,SUP796212,PROD810189,8,534,1171.2,2.35
SYSSP0001750,SUP796212,PROD399105,8,525,1078.43,2.73
SYSSP0001751,SUP796212,PROD321275,3,525,731.17,2.63
SYSSP0001752,SUP796212,PROD642895,9,594,57.74,2.94
SYSSP0001753,SUP796212,PROD800646,8,673,607.97,1.65
SYSSP0001754,SUP796212,PROD407757,2,313,386.45,2.86
SYSSP0001755,SUP384076,PROD533911,39,37,79163.36,2.36
SYSSP0001756,SUP384076,PROD697347,21,25,42681.78,2.18
SYSSP0001757,SUP384076,PROD952227,40,34,55117.81,1.89
SYSSP0001758,SUP384076,PROD865433,26,22,64252.73,2.79
SYSSP0001759,SUP384076,PROD584838,37,58,93052.98,1.23
SYSSP0001760,SUP384076,PROD451470,11,176,1344.29,1.23
SYSSP0001761,SUP384076,PROD405420,12,194,1477.74,2.09
SYSSP0001762,SUP384076,PROD898329,4,82,2310.96,2.05
SYSSP0001763,SUP384076,PROD975679,6,183,2429.91,1.4
SYSSP0001764,SUP384076,PROD860242,3,186,831.38,2.3
SYSSP0001765,SUP384076,PROD420297,10,50,290.52,2.21
SYSSP0001766,SUP384076,PROD934638,3,132,227.2,2.99
SYSSP0001767,SUP384076,PROD786224,9,285,1130.33,0.9
SYSSP0001768,SUP384076,PROD221119,5,124,1146.91,1.72
SYSSP0001769,SUP384076,PROD152995,9,261,308.22,1.23
SYSSP0001770,SUP384076,PROD517568,3,392,437.14,2.98
SYSSP0001771,SUP384076,PROD295892,5,316,732.49,2.82
SYSSP0001772,SUP874483,PROD389913,3,264,253.55,2.58
SYSSP0001773,SUP874483,PROD491559,7,680,212.1,1.04
SYSSP0001774,SUP874483,PROD324130,5,424,109.25,2.61
SYSSP0001775,SUP874483,PROD687044,10,656,109.1,0.96
SYSSP0001776,SUP874483,PROD940247,9,641,38.44,1.78
SYSSP0001777,SUP874483,PROD615060,3,293,507.49,2.82
SYSSP0001778,SUP874483,PROD626690,8,410,266.32,2.33
SYSSP0001779,SUP874483,PROD255851,4,281,161.65,1.77
SYSSP0001780,SUP874483,PROD593554,6,562,209.28,0.94
SYSSP0001781,SUP874483,PROD571435,2,536,215.47,2.67
SYSSP0001782,SUP874483,PROD478666,8,299,414.49,1.7
SYSSP0001783,SUP874483,PROD670968,2,482,939.54,2.55
SYSSP0001784,SUP338533,PROD130610,7,364,487.91,3.46
SYSSP0001785,SUP338533,PROD132146,5,134,140.05,6.7
SYSSP0001786,SUP338533,PROD869864,11,360,255.49,4.61
SYSSP0001787,SUP338533,PROD642895,12,224,54.38,2.72
SYSSP0001788,SUP338533,PROD401036,8,399,738.04,7.3
SYSSP0001789,SUP338533,PROD899281,11,398,620.46,6.38
SYSSP0001790,SUP338533,PROD759176,9,258,63.57,3.96
SYSSP0001791,SUP338533,PROD958182,8,400,406.98,3.22
SYSSP0001792,SUP338533,PROD694916,32,32,72327.37,5.7
SYSSP0001793,SUP338533,PROD778700,23,41,89594.97,4.88
SYSSP0001794,SUP338533,PROD670913,42,58,57261.93,6.76
SYSSP0001795,SUP338533,PROD788772,37,59,136191.4,4.14
SYSSP0001796,SUP338533,PROD364955,23,22,60062.03,7.1
SYSSP0001797,SUP338533,PROD378535,38,34,97909.23,3.57
SYSSP0001798,SUP338533,PROD641975,37,41,51334.06,4.38
SYSSP0001799,SUP338533,PROD627786,30,20,32485.58,2.87
SYSSP0001800,SUP338533,PROD391668,13,199,499.02,4.3
SYSSP0001801,SUP338533,PROD881549,6,100,868.98,3.59
SYSSP0001802,SUP338533,PROD446479,14,94,131.67,5.27
SYSSP0001803,SUP338533,PROD922458,8,55,196.26,3.81
SYSSP0001804,SUP338533,PROD599127,6,85,421.3,6.44
SYSSP0001805,SUP338533,PROD680493,8,103,899.49,3.7
SYSSP0001806,SUP338533,PROD787584,15,93,995.81,7.39
SYSSP0001807,SUP338533,PROD423993,17,66,79.04,6.91
SYSSP0001808,SUP207570,PROD322182,34,43,134101.39,4.65
SYSSP0001809,SUP207570,PROD584838,38,22,91952.79,5.44
SYSSP0001810,SUP207570,PROD973294,36,29,130653.38,2.77
SYSSP0001811,SUP207570,PROD374267,44,28,100069.76,7.34
SYSSP0001812,SUP207570,PROD708798,33,25,72274.19,6.45
SYSSP0001813,SUP207570,PROD476417,36,30,56649.27,6.26
SYSSP0001814,SUP207570,PROD670913,41,43,56332.56,4.82
SYSSP0001815,SUP207570,PROD114338,32,43,113966.14,4.92
SYSSP0001816,SUP207570,PROD763311,35,37,63367.79,5.69
SYSSP0001817,SUP207570,PROD890371,46,22,28288.12,6.97
SYSSP0001818,SUP207570,PROD768636,12,146,101.56,7.18
SYSSP0001819,SUP207570,PROD982885,12,190,104.37,6.26
SYSSP0001820,SUP207570,PROD112537,12,182,231.11,5.42
SYSSP0001821,SUP207570,PROD753425,16,136,267.81,4.84
SYSSP0001822,SUP207570,PROD571635,13,177,116.48,4.41
SYSSP0001823,SUP207570,PROD799565,10,109,171.53,2.88
SYSSP0001824,SUP207570,PROD634277,8,178,91.3,5.72
SYSSP0001825,SUP207570,PROD605065,10,75,179.81,4.3
SYSSP0001826,SUP207570,PROD544730,14,135,463.32,4.15
SYSSP0001827,SUP207570,PROD885342,14,120,527.26,5.52
SYSSP0001828,SUP207570,PROD656116,12,189,1401.66,2.54
SYSSP0001829,SUP520172,PROD914571,33,20,37139.29,5.06
SYSSP0001830,SUP520172,PROD641975,42,45,48866.01,6.12
SYSSP0001831,SUP520172,PROD666432,26,34,59901.13,6.43
SYSSP0001832,SUP520172,PROD219946,44,49,26967.85,2.93
SYSSP0001833,SUP520172,PROD621546,26,46,30396.11,4.75
SYSSP0001834,SUP520172,PROD269930,34,43,91376.44,6.87
SYSSP0001835,SUP520172,PROD526117,31,20,120328.88,5.79
SYSSP0001836,SUP685181,PROD720407,8,640,419.36,1.98
SYSSP0001837,SUP685181,PROD373903,7,550,1088.25,2.53
SYSSP0001838,SUP685181,PROD927630,4,328,327.62,2.99
SYSSP0001839,SUP685181,PROD670968,8,445,929.23,1.66
SYSSP0001840,SUP685181,PROD399105,10,447,1085.62,1.04
SYSSP0001841,SUP685181,PROD478120,9,577,835.38,1.01
SYSSP0001842,SUP685181,PROD130914,3,595,993.46,0.87
SYSSP0001843,SUP685181,PROD837954,9,263,1072.37,0.95
SYSSP0001844,SUP685181,PROD875232,8,395,254.76,1.44
SYSSP0001845,SUP685181,PROD786224,10,285,1126.04,1.61
SYSSP0001846,SUP685181,PROD800646,2,337,597.91,2.8
SYSSP0001847,SUP685181,PROD341162,8,330,724.11,1.08
SYSSP0001848,SUP685181,PROD724756,8,494,389.85,1.66
SYSSP0001849,SUP685181,PROD776364,9,343,654.66,2.07
SYSSP0001850,SUP685181,PROD518098,7,400,447.89,2.38
SYSSP0001851,SUP685181,PROD803953,10,241,947.32,2.98
SYSSP0001852,SUP685181,PROD648410,10,132,232.92,2.13
SYSSP0001853,SUP685181,PROD482584,6,369,789.19,2.05
SYSSP0001854,SUP685181,PROD478427,10,335,294.16,0.89
SYSSP0001855,SUP685181,PROD655178,4,247,781.08,2.82
SYSSP0001856,SUP685181,PROD324729,8,252,851.21,2.61
SYSSP0001857,SUP685181,PROD426147,5,312,775.64,2.78
SYSSP0001858,SUP685181,PROD586819,9,334,664.4,2.25
SYSSP0001859,SUP685181,PROD605065,12,148,194.46,2.88
SYSSP0001860,SUP685181,PROD262325,6,180,937.65,2.18
SYSSP0001861,SUP685181,PROD529068,7,134,516.91,2.39
SYSSP0001862,SUP685181,PROD434640,32,47,83023.82,0.97
SYSSP0001863,SUP685181,PROD761532,18,72,118596.21,1.52
SYSSP0001864,SUP685181,PROD476417,29,50,58725.5,1.91
SYSSP0001865,SUP685181,PROD576919,29,41,126679.22,2.33
SYSSP0001866,SUP685181,PROD501936,38,69,88791.78,2.44
SYSSP0001867,SUP685181,PROD176066,21,65,92110.51,1.35
SYSSP0001868,SUP685181,PROD881177,37,98,62242.11,2.27
SYSSP0001869,SUP685181,PROD630041,29,71,55483.79,0.98
SYSSP0001870,SUP685181,PROD533321,36,55,116091.91,1.76
SYSSP0001871,SUP685181,PROD572407,30,92,97808.4,1.16
SYSSP0001872,SUP685181,PROD999398,15,78,80500.17,1.45
SYSSP0001873,SUP685181,PROD763984,32,87,125794.97,0.97
SYSSP0001874,SUP685181,PROD526117,39,40,128093.93,1.14
SYSSP0001875,SUP685181,PROD735656,26,51,119537.48,0.88
SYSSP0001876,SUP685181,PROD482614,36,74,123992.04,2.33
SYSSP0001877,SUP685181,PROD219946,35,91,28832.68,2.26
SYSSP0001878,SUP685181,PROD286450,36,97,85512.44,2.32
SYSSP0001879,SUP685181,PROD757711,29,43,16013.67,0.91
SYSSP0001880,SUP685181,PROD373432,27,89,53677.8,1.35
SYSSP0001881,SUP739244,PROD508396,15,40,55114.8,1.22
SYSSP0001882,SUP739244,PROD788772,36,44,143452.75,2.74
SYSSP0001883,SUP739244,PROD934042,40,93,82506.98,1.17
SYSSP0001884,SUP739244,PROD742412,20,42,142820.32,1.04
SYSSP0001885,SUP739244,PROD739427,25,60,148162.74,1.22
SYSSP0001886,SUP739244,PROD913308,21,99,93202.89,2.87
SYSSP0001887,SUP739244,PROD881177,18,54,62540.27,1.58
SYSSP0001888,SUP739244,PROD107459,20,40,49744.69,1.5
SYSSP0001889,SUP739244,PROD408467,27,53,126022.88,0.95
SYSSP0001890,SUP739244,PROD694916,23,81,73755.53,0.9
SYSSP0001891,SUP739244,PROD697347,21,66,41375.29,2.12
SYSSP0001892,SUP739244,PROD446968,18,85,69565.47,2.98
SYSSP0001893,SUP739244,PROD390743,33,50,71272.72,1.01
SYSSP0001894,SUP739244,PROD934638,5,270,223.65,2.48
SYSSP0001895,SUP739244,PROD644559,8,346,217.42,0.84
SYSSP0001896,SUP739244,PROD391865,12,329,40.46,2.21
SYSSP0001897,SUP739244,PROD817644,6,357,199.59,2.97
SYSSP0001898,SUP739244,PROD448321,6,110,46.3,2.77
SYSSP0001899,SUP739244,PROD753425,7,221,287.94,2.47
SYSSP0001900,SUP739244,PROD372793,12,140,255.72,1.62
SYSSP0001901,SUP739244,PROD637450,7,203,142.74,1.25
SYSSP0001902,SUP739244,PROD484682,3,221,245.25,2.12
SYSSP0001903,SUP739244,PROD878480,10,268,105.29,1.5
SYSSP0001904,SUP739244,PROD297810,3,366,94.12,1.71
SYSSP0001905,SUP739244,PROD799565,7,112,181.3,2.41
SYSSP0001906,SUP739244,PROD944962,8,224,243.52,0.92
SYSSP0001907,SUP739244,PROD976325,6,213,117.23,1.64
SYSSP0001908,SUP739244,PROD984247,8,193,170.66,0.81
SYSSP0001909,SUP739244,PROD758589,10,135,157.09,0.91
SYSSP0001910,SUP739244,PROD801520,5,204,2211.61,1.18
SYSSP0001911,SUP739244,PROD824586,11,204,445.5,0.97
SYSSP0001912,SUP739244,PROD644932,10,259,1425.41,1.23
SYSSP0001913,SUP739244,PROD975679,9,190,2412.04,1.47
SYSSP0001914,SUP739244,PROD896204,6,691,588.11,0.98
SYSSP0001915,SUP739244,PROD165142,7,453,527.49,1.84
SYSSP0001916,SUP739244,PROD571435,8,508,222.95,1.75
SYSSP0001917,SUP739244,PROD295892,4,669,732.32,1.86
SYSSP0001918,SUP739244,PROD564635,8,468,143.73,2.47
SYSSP0001919,SUP739244,PROD951452,6,554,605.35,2.02
SYSSP0001920,SUP739244,PROD526949,4,381,369.25,1.47
SYSSP0001921,SUP739244,PROD401036,6,442,784.51,1.86
SYSSP0001922,SUP739244,PROD542042,7,319,252.21,1.23
SYSSP0001923,SUP739244,PROD730193,5,252,509.12,1.9
SYSSP0001924,SUP739244,PROD302897,7,501,252.66,1.71
SYSSP0001925,SUP739244,PROD208310,8,630,691.42,1.88
SYSSP0001926,SUP739244,PROD688861,3,459,123.3,2.98
SYSSP0001927,SUP739244,PROD855944,3,447,291.32,1.16
SYSSP0001928,SUP528361,PROD790017,26,52,14438.98,2.2
SYSSP0001929,SUP528361,PROD735053,26,23,62939.07,2.84
SYSSP0001930,SUP528361,PROD281162,38,35,42557.32,0.88
SYSSP0001931,SUP528361,PROD548580,26,60,45411.31,0.86
SYSSP0001932,SUP528361,PROD449138,36,29,47175.62,1.8
SYSSP0001933,SUP528361,PROD308727,36,29,83009.89,2.12
SYSSP0001934,SUP528361,PROD287654,36,30,37582.35,2.5
SYSSP0001935,SUP528361,PROD802729,35,44,22640.91,2.09
SYSSP0001936,SUP528361,PROD374267,17,53,104873.82,2.73
SYSSP0001937,SUP528361,PROD322182,20,47,141308.46,1.46
SYSSP0001938,SUP528361,PROD926394,32,44,141958.74,2.41
SYSSP0001939,SUP528361,PROD703139,12,138,2433.76,1.39
SYSSP0001940,SUP528361,PROD787584,6,151,1023.02,0.81
SYSSP0001941,SUP528361,PROD649577,5,175,1198.8,0.95
SYSSP0001942,SUP528361,PROD133958,9,184,1017.47,1.43
SYSSP0001943,SUP528361,PROD237174,9,93,292.53,1.21
SYSSP0001944,SUP528361,PROD649414,5,100,751.42,1.91
SYSSP0001945,SUP528361,PROD776909,4,165,1312.14,1.27
SYSSP0001946,SUP528361,PROD722780,6,65,461.6,2.58
SYSSP0001947,SUP528361,PROD976325,6,116,119.87,2.72
SYSSP0001948,SUP528361,PROD265080,10,77,172.81,1.17
SYSSP0001949,SUP528361,PROD752011,7,71,375.74,1.41
SYSSP0001950,SUP377405,PROD948179,37,26,15635.66,3.83
SYSSP0001951,SUP377405,PROD656829,22,57,78361.28,2.71
SYSSP0001952,SUP377405,PROD172306,27,20,48939.05,5.1
SYSSP0001953,SUP377405,PROD110060,43,51,35370.3,4.19
SYSSP0001954,SUP377405,PROD480133,32,43,52610.69,4.22
SYSSP0001955,SUP162535,PROD512151,8,443,212.16,2.95
SYSSP0001956,SUP162535,PROD130914,7,662,966.29,1.81
SYSSP0001957,SUP162535,PROD581532,8,621,925.8,2.84
SYSSP0001958,SUP162535,PROD874814,2,558,706.15,1.97
SYSSP0001959,SUP162535,PROD494956,5,438,718.69,2.31
SYSSP0001960,SUP162535,PROD381444,9,513,265.74,1.21
SYSSP0001961,SUP162535,PROD211579,7,258,931.56,2.72
SYSSP0001962,SUP162535,PROD837954,7,597,1089.44,2.13
SYSSP0001963,SUP162535,PROD670968,8,628,952.65,0.98
SYSSP0001964,SUP162535,PROD350905,8,493,206.22,2.69
SYSSP0001965,SUP162535,PROD517568,3,625,426.14,2.14
SYSSP0001966,SUP162535,PROD454992,4,695,227.4,2.06
SYSSP0001967,SUP162535,PROD842776,10,266,1110.28,2.55
SYSSP0001968,SUP162535,PROD896204,6,676,584.31,2.01
SYSSP0001969,SUP162535,PROD158896,9,336,114.06,2.9
SYSSP0001970,SUP162535,PROD735605,9,589,78.08,1.34
SYSSP0001971,SUP162535,PROD321275,4,635,772.83,2.34
SYSSP0001972,SUP162535,PROD655178,5,267,793.11,2.49
SYSSP0001973,SUP162535,PROD680493,6,231,973.01,2.89
SYSSP0001974,SUP162535,PROD671858,4,169,769.19,2.19
SYSSP0001975,SUP162535,PROD213609,10,146,843.09,1.53
SYSSP0001976,SUP162535,PROD544730,6,394,508.99,2.12
SYSSP0001977,SUP162535,PROD478427,8,293,302.15,2.43
SYSSP0001978,SUP162535,PROD922458,9,387,218.57,1.76
SYSSP0001979,SUP162535,PROD391668,6,214,500.32,1.44
SYSSP0001980,SUP162535,PROD179710,4,145,166.54,2.1
SYSSP0001981,SUP162535,PROD315173,6,159,984.15,1.08
SYSSP0001982,SUP162535,PROD599127,8,294,450.42,0.8
SYSSP0001983,SUP162535,PROD989545,3,374,492.87,1.65
SYSSP0001984,SUP162535,PROD468900,9,263,301.0,2.55
SYSSP0001985,SUP162535,PROD968962,5,366,152.69,2.1
SYSSP0001986,SUP162535,PROD889216,4,302,923.52,2.68
SYSSP0001987,SUP162535,PROD390743,30,83,72166.68,2.12
SYSSP0001988,SUP162535,PROD591465,19,87,83688.79,2.56
SYSSP0001989,SUP162535,PROD695551,37,42,79813.51,1.48
SYSSP0001990,SUP162535,PROD504924,37,47,40732.11,2.66
SYSSP0001991,SUP162535,PROD548580,33,70,45206.14,1.27
SYSSP0001992,SUP162535,PROD805200,24,85,36151.16,0.93
SYSSP0001993,SUP162535,PROD595351,40,61,17460.27,2.38
SYSSP0001994,SUP162535,PROD914571,38,99,39945.84,2.34
SYSSP0001995,SUP162535,PROD397846,16,99,38131.24,1.19
SYSSP0001996,SUP162535,PROD476018,30,86,24096.78,2.97
SYSSP0001997,SUP162535,PROD442622,36,98,149039.98,2.98
SYSSP0001998,SUP162535,PROD708798,32,65,73585.75,2.29
SYSSP0001999,SUP162535,PROD669460,26,88,126501.15,0.96
SYSSP0002000,SUP624783,PROD612573,29,26,64285.37,0.95
SYSSP0002001,SUP624783,PROD838253,33,39,54028.2,0.36
SYSSP0002002,SUP624783,PROD322142,16,50,27631.13,0.34
SYSSP0002003,SUP624783,PROD287654,20,20,39577.11,1.06
SYSSP0002004,SUP624783,PROD675898,17,44,74128.5,0.63
SYSSP0002005,SUP624783,PROD610310,20,26,108698.9,0.67
SYSSP0002006,SUP624783,PROD408467,16,52,131316.24,0.79
SYSSP0002007,SUP624783,PROD752011,3,111,387.65,0.5
SYSSP0002008,SUP624783,PROD887842,11,146,180.59,1.19
SYSSP0002009,SUP624783,PROD664607,1,147,82.09,0.85
SYSSP0002010,SUP624783,PROD699809,8,80,322.04,0.32
SYSSP0002011,SUP624783,PROD317782,10,55,233.28,1.19
SYSSP0002012,SUP624783,PROD393992,8,74,127.47,0.38
SYSSP0002013,SUP624783,PROD446479,7,126,145.46,0.3
SYSSP0002014,SUP624783,PROD253300,3,153,194.51,0.22
SYSSP0002015,SUP624783,PROD944962,8,66,255.74,0.78
SYSSP0002016,SUP340044,PROD642895,5,685,62.18,0.9
SYSSP0002017,SUP340044,PROD343807,1,821,141.38,0.33
SYSSP0002018,SUP340044,PROD277487,4,589,171.85,1.05
SYSSP0002019,SUP340044,PROD550797,2,627,626.26,0.56
SYSSP0002020,SUP340044,PROD564635,9,933,149.04,0.86
SYSSP0002021,SUP340044,PROD162165,3,547,807.81,0.72
SYSSP0002022,SUP340044,PROD295892,3,643,737.65,0.9
SYSSP0002023,SUP340044,PROD321275,8,1120,777.12,0.41
SYSSP0002024,SUP340044,PROD551860,3,742,444.39,0.34
SYSSP0002025,SUP340044,PROD899281,4,1116,653.89,0.79
SYSSP0002026,SUP340044,PROD341162,5,1137,721.23,0.75
SYSSP0002027,SUP340044,PROD489043,3,1165,551.16,0.6
SYSSP0002028,SUP340044,PROD800646,1,1192,619.83,0.89
SYSSP0002029,SUP340044,PROD302897,9,572,263.83,0.47
SYSSP0002030,SUP340044,PROD546688,3,1077,323.0,1.02
SYSSP0002031,SUP340044,PROD456871,1,657,203.02,0.99
SYSSP0002032,SUP340044,PROD431699,8,1118,472.1,0.47
SYSSP0002033,SUP340044,PROD855408,10,1200,313.39,0.27
SYSSP0002034,SUP340044,PROD571435,1,841,231.93,0.35
SYSSP0002035,SUP340044,PROD660605,3,510,589.74,1.18
SYSSP0002036,SUP340044,PROD764000,2,607,962.31,0.32
SYSSP0002037,SUP340044,PROD855944,8,1102,298.01,0.69
SYSSP0002038,SUP340044,PROD688861,8,1085,126.81,0.75
SYSSP0002039,SUP340044,PROD513160,3,674,495.4,0.95
SYSSP0002040,SUP340044,PROD130353,2,1194,604.66,0.73
SYSSP0002041,SUP340044,PROD377304,5,1106,180.72,0.21
SYSSP0002042,SUP644173,PROD951452,9,390,584.97,2.76
SYSSP0002043,SUP644173,PROD800646,14,227,582.44,4.59
SYSSP0002044,SUP644173,PROD489043,12,324,516.68,6.49
SYSSP0002045,SUP644173,PROD730193,14,241,517.3,5.1
SYSSP0002046,SUP644173,PROD642895,9,144,58.25,4.53
SYSSP0002047,SUP644173,PROD564635,9,140,128.79,3.7
SYSSP0002048,SUP644173,PROD486649,6,394,353.62,6.22
SYSSP0002049,SUP644173,PROD842776,15,105,1120.95,4.62
SYSSP0002050,SUP644173,PROD536740,17,169,1036.44,5.08
SYSSP0002051,SUP464863,PROD656116,11,197,1401.49,6.23
SYSSP0002052,SUP464863,PROD702891,16,373,1945.57,3.72
SYSSP0002053,SUP464863,PROD898329,18,121,2247.03,7.32
SYSSP0002054,SUP464863,PROD860242,14,189,755.6,6.7
SYSSP0002055,SUP464863,PROD718241,15,126,1029.77,4.4
SYSSP0002056,SUP464863,PROD616554,10,273,2312.53,3.75
SYSSP0002057,SUP464863,PROD943700,13,248,1923.88,3.97
SYSSP0002058,SUP464863,PROD851413,8,391,1573.97,7.12
SYSSP0002059,SUP464863,PROD885342,13,337,559.6,6.74
SYSSP0002060,SUP464863,PROD521233,7,103,1539.63,4.14
SYSSP0002061,SUP464863,PROD731977,10,102,723.44,6.11
SYSSP0002062,SUP464863,PROD722780,13,104,417.1,4.96
SYSSP0002063,SUP464863,PROD451470,10,363,1346.58,4.55
SYSSP0002064,SUP464863,PROD147489,12,179,1841.72,3.75
SYSSP0002065,SUP464863,PROD649577,15,291,1153.66,4.64
SYSSP0002066,SUP464863,PROD752011,11,237,347.46,4.69
SYSSP0002067,SUP464863,PROD768636,13,171,99.69,4.67
SYSSP0002068,SUP464863,PROD478427,15,201,270.66,3.92
SYSSP0002069,SUP464863,PROD648410,10,315,221.39,7.0
SYSSP0002070,SUP464863,PROD407757,8,465,367.42,4.98
SYSSP0002071,SUP464863,PROD638857,8,634,434.62,6.91
SYSSP0002072,SUP464863,PROD324130,17,629,104.65,4.44
SYSSP0002073,SUP464863,PROD724756,5,655,349.92,3.28
SYSSP0002074,SUP464863,PROD265649,12,642,433.05,2.76
SYSSP0002075,SUP464863,PROD822858,12,555,99.32,4.67
SYSSP0002076,SUP464863,PROD385037,10,498,197.98,4.64
SYSSP0002077,SUP464863,PROD513160,11,511,449.18,3.91
SYSSP0002078,SUP464863,PROD242723,7,608,128.59,6.6
SYSSP0002079,SUP464863,PROD341292,10,611,181.84,3.02
SYSSP0002080,SUP464863,PROD721254,16,342,227.39,6.77
SYSSP0002081,SUP464863,PROD214576,7,311,338.97,2.69
SYSSP0002082,SUP464863,PROD377304,8,468,163.28,3.5
SYSSP0002083,SUP464863,PROD869864,7,458,261.46,6.0
SYSSP0002084,SUP464863,PROD660605,8,422,553.15,2.81
SYSSP0002085,SUP464863,PROD896204,15,276,539.9,3.85
SYSSP0002086,SUP953085,PROD172306,22,40,53340.84,1.2
SYSSP0002087,SUP953085,PROD864711,15,23,75704.6,1.51
SYSSP0002088,SUP953085,PROD306854,24,50,28231.27,2.13
SYSSP0002089,SUP953085,PROD418594,28,31,21587.71,1.88
SYSSP0002090,SUP953085,PROD548580,25,39,43793.92,2.27
SYSSP0002091,SUP953085,PROD199994,36,55,55612.73,1.09
SYSSP0002092,SUP953085,PROD818699,26,43,63917.96,2.1
SYSSP0002093,SUP953085,PROD108454,34,43,50230.31,1.41
SYSSP0002094,SUP953085,PROD491329,33,44,49144.06,1.03
SYSSP0002095,SUP953085,PROD847006,35,58,89591.15,2.09
SYSSP0002096,SUP953085,PROD476417,35,32,58509.29,1.78
SYSSP0002097,SUP953085,PROD901619,7,254,389.13,2.98
SYSSP0002098,SUP953085,PROD687044,5,373,112.35,0.9
SYSSP0002099,SUP953085,PROD664058,5,314,169.76,1.36
SYSSP0002100,SUP953085,PROD940247,10,277,40.35,1.79
SYSSP0002101,SUP953085,PROD670968,3,323,921.4,1.72
SYSSP0002102,SUP953085,PROD878967,7,83,1816.9,2.9
SYSSP0002103,SUP953085,PROD242239,3,98,919.65,1.67
SYSSP0002104,SUP953085,PROD403742,11,181,1370.1,1.16
SYSSP0002105,SUP953085,PROD213475,11,148,1699.8,1.66
SYSSP0002106,SUP953085,PROD521233,12,119,1577.22,0.81
SYSSP0002107,SUP953085,PROD183667,12,105,1713.21,0.82
SYSSP0002108,SUP953085,PROD980651,11,166,311.09,2.39
SYSSP0002109,SUP953085,PROD649577,7,127,1262.55,1.45
SYSSP0002110,SUP953085,PROD558723,7,191,882.89,1.29
SYSSP0002111,SUP953085,PROD586819,11,110,660.64,2.21
SYSSP0002112,SUP156837,PROD634277,6,207,96.25,0.8
SYSSP0002113,SUP156837,PROD345386,8,288,98.19,2.88
SYSSP0002114,SUP156837,PROD801765,11,235,174.55,1.7
SYSSP0002115,SUP156837,PROD888795,12,250,284.03,0.93
SYSSP0002116,SUP156837,PROD934638,3,282,224.25,2.92
SYSSP0002117,SUP156837,PROD768636,5,231,109.35,1.98
SYSSP0002118,SUP156837,PROD751303,12,154,102.83,2.31
SYSSP0002119,SUP156837,PROD297810,7,382,90.84,1.77
SYSSP0002120,SUP156837,PROD253300,8,237,182.05,2.19
SYSSP0002121,SUP156837,PROD976325,9,179,116.08,2.41
SYSSP0002122,SUP156837,PROD169403,9,288,241.56,1.85
SYSSP0002123,SUP156837,PROD391865,10,192,40.65,2.59
SYSSP0002124,SUP156837,PROD817644,5,196,199.37,2.88
SYSSP0002125,SUP156837,PROD571635,5,244,120.99,1.16
SYSSP0002126,SUP156837,PROD650121,5,301,228.67,1.21
SYSSP0002127,SUP156837,PROD851759,5,136,56.27,1.8
SYSSP0002128,SUP156837,PROD656116,9,151,1445.55,1.1
SYSSP0002129,SUP156837,PROD261771,3,151,1055.39,0.85
SYSSP0002130,SUP156837,PROD372028,3,122,1652.66,2.49
SYSSP0002131,SUP156837,PROD118632,7,173,2495.6,2.12
SYSSP0002132,SUP156837,PROD739427,38,92,146161.86,2.36
SYSSP0002133,SUP156837,PROD742412,21,48,143383.62,2.04
SYSSP0002134,SUP156837,PROD847006,29,92,89828.96,1.53
SYSSP0002135,SUP156837,PROD881886,19,55,119621.23,2.32
SYSSP0002136,SUP156837,PROD576919,35,74,127072.34,2.61
SYSSP0002137,SUP156837,PROD491329,18,74,49784.08,1.93
SYSSP0002138,SUP156837,PROD434640,28,49,78167.51,1.29
SYSSP0002139,SUP156837,PROD881177,22,67,63202.18,1.58
SYSSP0002140,SUP156837,PROD728437,24,54,55376.31,2.31
SYSSP0002141,SUP156837,PROD409571,36,96,107791.93,2.78
SYSSP0002142,SUP156837,PROD966529,30,50,67040.34,1.29
SYSSP0002143,SUP156837,PROD482614,24,62,122922.51,1.53
SYSSP0002144,SUP156837,PROD787926,26,99,100977.23,0.99
SYSSP0002145,SUP156837,PROD374267,16,78,100167.54,1.74
SYSSP0002146,SUP156837,PROD934042,25,78,79325.01,1.74
SYSSP0002147,SUP156837,PROD188834,36,83,61517.38,2.6
SYSSP0002148,SUP156837,PROD838253,26,96,51308.53,2.82
SYSSP0002149,SUP156837,PROD497108,36,63,82054.2,2.58
SYSSP0002150,SUP156837,PROD818699,37,91,61373.29,0.8
SYSSP0002151,SUP156837,PROD199807,19,89,44309.72,1.5
SYSSP0002152,SUP402020,PROD337547,9,318,1114.87,3.89
SYSSP0002153,SUP402020,PROD410401,7,165,733.16,4.43
SYSSP0002154,SUP402020,PROD531071,12,317,767.75,7.36
SYSSP0002155,SUP402020,PROD189856,10,225,782.92,5.25
SYSSP0002156,SUP402020,PROD514913,16,352,188.34,6.61
SYSSP0002157,SUP402020,PROD574167,10,397,42.7,5.13
SYSSP0002158,SUP402020,PROD681343,12,144,168.43,2.51
SYSSP0002159,SUP677596,PROD865470,6,139,193.96,6.75
SYSSP0002160,SUP677596,PROD302177,9,167,786.62,6.77
SYSSP0002161,SUP677596,PROD558723,12,103,882.05,2.78
SYSSP0002162,SUP677596,PROD776364,7,86,628.11,2.63
SYSSP0002163,SUP677596,PROD680493,13,63,930.34,5.81
SYSSP0002164,SUP677596,PROD333746,9,90,934.62,4.33
SYSSP0002165,SUP677596,PROD976325,7,69,105.99,6.66
SYSSP0002166,SUP972565,PROD512151,4,633,211.09,2.89
SYSSP0002167,SUP972565,PROD531071,9,460,820.8,1.78
SYSSP0002168,SUP972565,PROD410401,2,396,774.95,0.93
SYSSP0002169,SUP972565,PROD786224,2,559,1146.33,1.91
SYSSP0002170,SUP972565,PROD867541,2,452,273.21,2.3
SYSSP0002171,SUP972565,PROD258787,9,533,101.48,1.37
SYSSP0002172,SUP972565,PROD689179,10,406,772.01,1.73
SYSSP0002173,SUP972565,PROD208310,4,389,716.76,1.95
SYSSP0002174,SUP972565,PROD211579,4,630,907.93,2.16
SYSSP0002175,SUP972565,PROD571435,5,450,217.24,2.44
SYSSP0002176,SUP972565,PROD806537,10,559,417.74,2.6
SYSSP0002177,SUP972565,PROD681343,9,494,179.42,2.21
SYSSP0002178,SUP678043,PROD512151,7,776,212.13,0.28
SYSSP0002179,SUP678043,PROD494956,7,745,733.12,0.74
SYSSP0002180,SUP678043,PROD786224,2,1111,1129.9,1.11
SYSSP0002181,SUP678043,PROD720407,4,1153,435.62,0.44
SYSSP0002182,SUP678043,PROD764000,3,1077,973.66,0.68
SYSSP0002183,SUP678043,PROD783414,1,595,346.56,0.21
SYSSP0002184,SUP678043,PROD337547,5,907,1164.23,0.51
SYSSP0002185,SUP678043,PROD724834,6,632,772.03,0.3
SYSSP0002186,SUP678043,PROD373903,8,1014,1175.47,0.35
SYSSP0002187,SUP678043,PROD867541,5,1100,281.92,0.24
SYSSP0002188,SUP678043,PROD258787,3,1198,103.01,1.09
SYSSP0002189,SUP678043,PROD581532,2,720,951.76,0.85
SYSSP0002190,SUP678043,PROD791201,2,958,870.25,0.54
SYSSP0002191,SUP678043,PROD377304,4,540,189.01,0.97
SYSSP0002192,SUP678043,PROD208310,7,713,738.88,0.81
SYSSP0002193,SUP678043,PROD729371,1,599,425.59,0.34
SYSSP0002194,SUP678043,PROD341292,6,1010,188.08,0.51
SYSSP0002195,SUP678043,PROD550797,5,569,617.94,0.56
SYSSP0002196,SUP678043,PROD381607,3,683,406.28,0.66
SYSSP0002197,SUP678043,PROD220936,7,952,463.38,0.34
SYSSP0002198,SUP678043,PROD166412,6,455,909.63,0.82
SYSSP0002199,SUP678043,PROD655178,2,437,798.27,0.82
SYSSP0002200,SUP678043,PROD375097,6,292,391.66,0.71
SYSSP0002201,SUP678043,PROD913894,7,567,866.79,0.26
SYSSP0002202,SUP678043,PROD420297,6,329,297.64,0.49
SYSSP0002203,SUP678043,PROD558723,2,687,907.75,0.59
SYSSP0002204,SUP678043,PROD699809,10,428,328.81,0.84
SYSSP0002205,SUP678043,PROD446479,10,293,142.13,0.31
SYSSP0002206,SUP678043,PROD482584,6,352,816.87,0.26
SYSSP0002207,SUP678043,PROD586819,5,358,697.56,0.68
SYSSP0002208,SUP678043,PROD752011,4,269,391.05,1.15
SYSSP0002209,SUP678043,PROD393992,4,413,125.8,1.19
SYSSP0002210,SUP678043,PROD376807,9,663,270.43,0.63
SYSSP0002211,SUP678043,PROD803953,9,277,977.13,0.22
SYSSP0002212,SUP678043,PROD544730,7,379,520.2,0.28
SYSSP0002213,SUP678043,PROD862760,2,457,751.01,1.07
SYSSP0002214,SUP678043,PROD302177,7,518,865.43,1.09
SYSSP0002215,SUP678043,PROD179710,5,297,177.29,0.63
SYSSP0002216,SUP678043,PROD887842,6,351,176.13,0.62
SYSSP0002217,SUP678043,PROD680493,9,606,988.82,1.11
SYSSP0002218,SUP678043,PROD671858,9,671,750.43,0.98
SYSSP0002219,SUP678043,PROD202365,11,289,578.09,0.78
SYSSP0002220,SUP678043,PROD475691,3,590,387.05,1.14
SYSSP0002221,SUP678043,PROD865470,8,327,217.95,1.13
SYSSP0002222,SUP678043,PROD401601,8,308,275.67,0.87
SYSSP0002223,SUP678043,PROD820775,7,480,1901.54,1.06
SYSSP0002224,SUP678043,PROD372793,10,268,266.21,1.18
SYSSP0002225,SUP678043,PROD656116,8,557,1458.8,0.55
SYSSP0002226,SUP678043,PROD484682,6,439,250.91,0.22
SYSSP0002227,SUP678043,PROD169403,7,608,254.28,1.2
SYSSP0002228,SUP925981,PROD697347,28,53,43082.27,1.54
SYSSP0002229,SUP925981,PROD497108,20,49,79609.48,1.19
SYSSP0002230,SUP925981,PROD245998,34,30,60170.97,1.64
SYSSP0002231,SUP925981,PROD674553,36,47,59125.46,2.34
SYSSP0002232,SUP925981,PROD306854,18,25,29143.02,1.03
SYSSP0002233,SUP925981,PROD508396,35,21,56056.52,1.7
SYSSP0002234,SUP925981,PROD761532,30,59,119732.83,1.02
SYSSP0002235,SUP925981,PROD381444,6,315,262.48,2.51
SYSSP0002236,SUP925981,PROD786224,10,295,1102.76,2.68
SYSSP0002237,SUP925981,PROD226611,3,279,371.39,2.81
SYSSP0002238,SUP925981,PROD867541,8,302,259.82,1.62
SYSSP0002239,SUP925981,PROD713799,5,359,216.24,2.74
SYSSP0002240,SUP925981,PROD423528,6,257,503.25,2.55
SYSSP0002241,SUP925981,PROD899281,8,223,613.71,2.8
SYSSP0002242,SUP664742,PROD612530,11,262,692.62,2.91
SYSSP0002243,SUP664742,PROD803953,9,223,968.02,1.66
SYSSP0002244,SUP664742,PROD376807,12,301,269.91,2.56
SYSSP0002245,SUP664742,PROD426147,12,319,769.9,2.2
SYSSP0002246,SUP664742,PROD308296,5,306,187.52,1.94
SYSSP0002247,SUP664742,PROD989545,9,218,490.13,2.56
SYSSP0002248,SUP664742,PROD475691,11,160,368.13,2.53
SYSSP0002249,SUP664742,PROD478427,7,383,288.73,1.51
SYSSP0002250,SUP664742,PROD699809,4,147,310.59,0.83
SYSSP0002251,SUP664742,PROD333746,12,178,995.99,2.36
SYSSP0002252,SUP664742,PROD297810,4,392,91.83,2.43
SYSSP0002253,SUP664742,PROD412999,5,332,288.35,2.51
SYSSP0002254,SUP350405,PROD682144,4,887,148.64,0.86
SYSSP0002255,SUP350405,PROD597305,6,647,211.61,0.84
SYSSP0002256,SUP350405,PROD222629,3,970,185.29,0.32
SYSSP0002257,SUP350405,PROD962287,2,768,70.03,0.29
SYSSP0002258,SUP350405,PROD393328,7,712,427.51,0.69
SYSSP0002259,SUP350405,PROD220936,1,575,458.95,0.83
SYSSP0002260,SUP350405,PROD834233,2,884,448.8,0.83
SYSSP0002261,SUP350405,PROD384913,8,684,66.95,1.1
SYSSP0002262,SUP350405,PROD593554,2,851,220.2,0.68
SYSSP0002263,SUP350405,PROD985364,10,662,364.81,0.45
SYSSP0002264,SUP350405,PROD721254,2,1120,246.45,0.22
SYSSP0002265,SUP350405,PROD940247,9,721,41.47,0.31
SYSSP0002266,SUP350405,PROD385037,5,835,218.0,0.28
SYSSP0002267,SUP350405,PROD574167,2,780,45.45,1.15
SYSSP0002268,SUP350405,PROD664058,5,978,176.88,0.7
SYSSP0002269,SUP350405,PROD255851,7,697,160.04,0.4
SYSSP0002270,SUP350405,PROD526949,3,605,385.1,0.97
SYSSP0002271,SUP350405,PROD277487,5,710,175.79,0.69
SYSSP0002272,SUP350405,PROD645007,6,1110,1150.55,1.02
SYSSP0002273,SUP350405,PROD152995,1,939,321.6,0.55
SYSSP0002274,SUP350405,PROD491329,20,117,52249.78,1.08
SYSSP0002275,SUP350405,PROD934042,29,130,81033.8,0.38
SYSSP0002276,SUP350405,PROD584838,22,103,96776.79,0.27
SYSSP0002277,SUP350405,PROD421549,34,127,105771.95,0.51
SYSSP0002278,SUP350405,PROD932463,13,81,56582.96,0.41
SYSSP0002279,SUP350405,PROD114338,31,109,123845.28,0.59
SYSSP0002280,SUP350405,PROD413369,33,147,107598.37,0.76
SYSSP0002281,SUP350405,PROD378535,37,133,107686.85,0.64
SYSSP0002282,SUP350405,PROD107459,24,105,50192.09,0.69
SYSSP0002283,SUP350405,PROD901467,14,133,144107.73,0.65
SYSSP0002284,SUP350405,PROD465962,32,129,101009.46,0.22
SYSSP0002285,SUP350405,PROD986278,15,139,86084.12,1.04
SYSSP0002286,SUP350405,PROD533321,27,148,120985.01,0.24
SYSSP0002287,SUP350405,PROD364955,35,88,65080.81,1.03
SYSSP0002288,SUP350405,PROD408467,26,115,128767.21,0.55
SYSSP0002289,SUP350405,PROD670913,15,143,61538.09,0.59
SYSSP0002290,SUP350405,PROD694916,34,143,76971.09,1.17
SYSSP0002291,SUP350405,PROD926394,16,93,141472.67,0.25
SYSSP0002292,SUP350405,PROD763984,14,93,134257.8,1.06
SYSSP0002293,SUP350405,PROD546815,35,108,80666.65,0.39
SYSSP0002294,SUP350405,PROD864711,38,148,79472.17,1.13
SYSSP0002295,SUP350405,PROD674553,14,85,59042.63,1.15
SYSSP0002296,SUP350405,PROD475479,15,122,50784.2,0.99
SYSSP0002297,SUP350405,PROD108454,25,101,53900.88,0.78
SYSSP0002298,SUP350405,PROD117031,17,120,92174.11,0.95
SYSSP0002299,SUP619389,PROD108454,31,147,50237.34,1.85
SYSSP0002300,SUP619389,PROD138436,30,115,41533.48,2.41
SYSSP0002301,SUP619389,PROD859364,22,91,61254.62,1.45
SYSSP0002302,SUP619389,PROD119524,17,125,57572.57,2.72
SYSSP0002303,SUP619389,PROD591465,36,106,83837.51,0.97
SYSSP0002304,SUP619389,PROD245998,30,87,58969.62,2.28
SYSSP0002305,SUP619389,PROD695551,29,129,77837.45,1.03
SYSSP0002306,SUP619389,PROD914571,21,147,39241.3,1.49
SYSSP0002307,SUP619389,PROD533911,24,138,79043.45,2.67
SYSSP0002308,SUP619389,PROD802729,18,96,22393.92,1.6
SYSSP0002309,SUP619389,PROD986593,29,145,87283.39,1.68
SYSSP0002310,SUP619389,PROD757711,17,115,15844.73,2.31
SYSSP0002311,SUP619389,PROD948179,33,93,16817.36,2.73
SYSSP0002312,SUP619389,PROD818699,38,94,62000.11,2.77
SYSSP0002313,SUP619389,PROD674553,20,114,56973.15,2.26
SYSSP0002314,SUP619389,PROD373432,29,125,53889.31,2.84
SYSSP0002315,SUP619389,PROD446968,17,125,69124.97,1.13
SYSSP0002316,SUP619389,PROD697347,31,135,41899.14,0.92
SYSSP0002317,SUP619389,PROD666432,23,127,61466.83,2.23
SYSSP0002318,SUP619389,PROD890371,38,134,29987.42,1.22
SYSSP0002319,SUP619389,PROD612573,20,115,63893.66,1.89
SYSSP0002320,SUP619389,PROD121215,28,93,142207.06,2.22
SYSSP0002321,SUP619389,PROD728437,18,108,52737.02,2.77
SYSSP0002322,SUP619389,PROD409571,33,114,104721.72,1.97
SYSSP0002323,SUP619389,PROD526117,23,108,129670.14,2.34
SYSSP0002324,SUP619389,PROD787436,27,130,107889.08,1.28
SYSSP0002325,SUP619389,PROD739427,37,114,147564.42,1.18
SYSSP0002326,SUP619389,PROD752011,12,397,383.91,1.01
SYSSP0002327,SUP619389,PROD680493,11,608,970.45,2.43
SYSSP0002328,SUP619389,PROD221707,6,337,452.94,0.95
SYSSP0002329,SUP619389,PROD648410,5,420,233.96,1.11
SYSSP0002330,SUP619389,PROD272129,3,591,419.09,1.53
SYSSP0002331,SUP619389,PROD478427,5,385,301.63,1.18
SYSSP0002332,SUP619389,PROD699809,3,554,316.91,1.84
SYSSP0002333,SUP619389,PROD213609,3,500,846.99,1.84
SYSSP0002334,SUP619389,PROD558723,3,669,877.32,2.3
SYSSP0002335,SUP619389,PROD862760,7,677,735.01,1.91
SYSSP0002336,SUP619389,PROD865470,5,646,201.63,1.47
SYSSP0002337,SUP619389,PROD420297,8,481,282.85,1.57
SYSSP0002338,SUP619389,PROD835962,11,381,193.67,1.36
SYSSP0002339,SUP619389,PROD989545,10,256,512.29,1.46
SYSSP0002340,SUP619389,PROD907236,8,515,935.27,2.69
SYSSP0002341,SUP619389,PROD803953,12,497,942.12,2.31
SYSSP0002342,SUP619389,PROD308296,3,325,188.35,2.68
SYSSP0002343,SUP619389,PROD391668,5,432,507.66,1.34
SYSSP0002344,SUP619389,PROD426147,9,434,773.6,1.0
SYSSP0002345,SUP619389,PROD912233,9,577,170.39,1.4
SYSSP0002346,SUP619389,PROD722665,11,480,226.7,2.73
SYSSP0002347,SUP619389,PROD758589,5,385,156.69,1.57
SYSSP0002348,SUP619389,PROD372028,8,450,1699.48,2.88
SYSSP0002349,SUP619389,PROD986589,7,408,1505.83,2.07
SYSSP0002350,SUP529893,PROD373432,45,56,53973.1,6.46
SYSSP0002351,SUP529893,PROD138436,26,20,39862.47,5.93
SYSSP0002352,SUP529893,PROD179046,36,29,30406.48,3.95
SYSSP0002353,SUP529893,PROD243902,39,30,13751.92,3.94
SYSSP0002354,SUP529893,PROD397846,44,20,35281.84,3.59
SYSSP0002355,SUP529893,PROD805200,35,23,33348.51,2.53
SYSSP0002356,SUP529893,PROD986982,33,20,49143.96,3.19
SYSSP0002357,SUP529893,PROD199807,30,55,40454.56,2.93
SYSSP0002358,SUP529893,PROD669460,26,32,120209.07,7.09
SYSSP0002359,SUP529893,PROD442622,27,22,138269.1,4.27
SYSSP0002360,SUP529893,PROD730193,7,254,502.23,3.37
SYSSP0002361,SUP529893,PROD324345,15,265,319.31,3.2
SYSSP0002362,SUP529893,PROD489043,9,169,492.62,3.5
SYSSP0002363,SUP529893,PROD130610,8,252,497.96,5.64
SYSSP0002364,SUP529893,PROD978292,13,292,706.59,6.67
SYSSP0002365,SUP529893,PROD277487,6,369,157.01,4.07
SYSSP0002366,SUP529893,PROD510623,12,281,444.62,4.6
SYSSP0002367,SUP529893,PROD373903,13,114,1101.39,2.63
SYSSP0002368,SUP529893,PROD412999,10,198,271.86,3.14
SYSSP0002369,SUP529893,PROD644559,17,125,203.94,6.73
SYSSP0002370,SUP529893,PROD468900,10,51,280.28,6.31
SYSSP0002371,SUP529893,PROD140932,16,63,148.47,3.85
SYSSP0002372,SUP529893,PROD801520,8,74,2207.54,5.33
SYSSP0002373,SUP432043,PROD273148,33,106,64096.93,0.76
SYSSP0002374,SUP432043,PROD612573,29,108,67239.13,0.84
SYSSP0002375,SUP432043,PROD641975,17,119,54983.12,1.14
SYSSP0002376,SUP432043,PROD986593,37,105,89501.1,0.2
SYSSP0002377,SUP432043,PROD548580,34,146,45113.14,0.4
SYSSP0002378,SUP432043,PROD287654,30,144,39768.61,0.26
SYSSP0002379,SUP432043,PROD993744,16,131,63166.12,0.38
SYSSP0002380,SUP432043,PROD948179,20,136,18079.68,0.82
SYSSP0002381,SUP432043,PROD627262,27,82,66142.48,1.02
SYSSP0002382,SUP432043,PROD695551,35,101,81797.61,0.9
SYSSP0002383,SUP432043,PROD802729,18,141,23182.67,0.87
SYSSP0002384,SUP432043,PROD446968,30,127,72222.18,0.59
SYSSP0002385,SUP432043,PROD861319,37,139,31844.85,0.62
SYSSP0002386,SUP432043,PROD119524,13,138,57786.78,0.59
SYSSP0002387,SUP432043,PROD986982,31,84,55923.84,1.09
SYSSP0002388,SUP432043,PROD172306,31,85,54960.48,0.55
SYSSP0002389,SUP432043,PROD138436,16,138,42691.28,1.18
SYSSP0002390,SUP432043,PROD694849,25,124,20016.2,0.73
SYSSP0002391,SUP432043,PROD864711,31,102,77956.09,0.55
SYSSP0002392,SUP432043,PROD497108,36,138,83422.18,0.99
SYSSP0002393,SUP432043,PROD259814,21,130,55998.66,1.04
SYSSP0002394,SUP432043,PROD697347,27,140,43416.72,0.38
SYSSP0002395,SUP432043,PROD656829,35,96,83953.15,0.79
SYSSP0002396,SUP432043,PROD269930,31,131,99694.36,0.23
SYSSP0002397,SUP432043,PROD501936,37,109,89959.24,0.31
SYSSP0002398,SUP432043,PROD986278,33,121,88523.1,1.18
SYSSP0002399,SUP432043,PROD546815,39,93,84197.18,0.37
SYSSP0002400,SUP432043,PROD701253,24,88,135355.0,0.45
SYSSP0002401,SUP432043,PROD883641,16,136,147499.07,0.81
SYSSP0002402,SUP432043,PROD776364,7,318,708.55,0.77
SYSSP0002403,SUP432043,PROD680493,5,379,991.99,0.88
SYSSP0002404,SUP432043,PROD671858,5,629,757.34,1.01
SYSSP0002405,SUP432043,PROD586819,6,548,670.06,1.16
SYSSP0002406,SUP432043,PROD446479,3,267,147.49,1.09
SYSSP0002407,SUP432043,PROD391668,5,540,524.55,0.27
SYSSP0002408,SUP432043,PROD393992,2,347,127.75,0.77
SYSSP0002409,SUP432043,PROD565776,8,432,721.29,0.76
SYSSP0002410,SUP432043,PROD166412,5,474,910.62,0.58
SYSSP0002411,SUP432043,PROD482584,4,315,835.28,0.5
SYSSP0002412,SUP432043,PROD343467,1,368,534.13,0.74
SYSSP0002413,SUP432043,PROD317782,2,670,238.11,1.12
SYSSP0002414,SUP432043,PROD475691,4,610,373.14,1.07
SYSSP0002415,SUP432043,PROD420297,3,288,292.18,0.44
SYSSP0002416,SUP432043,PROD558723,9,454,937.64,0.75
SYSSP0002417,SUP432043,PROD376807,1,384,275.11,0.23
SYSSP0002418,SUP432043,PROD862760,7,352,762.46,0.96
SYSSP0002419,SUP432043,PROD648410,4,530,239.73,0.53
SYSSP0002420,SUP432043,PROD179710,2,502,168.91,1.15
SYSSP0002421,SUP432043,PROD426147,12,427,834.44,1.15
SYSSP0002422,SUP432043,PROD520274,12,532,1010.01,0.33
SYSSP0002423,SUP432043,PROD315173,3,268,1009.31,0.43
SYSSP0002424,SUP432043,PROD544730,5,494,510.11,1.05
SYSSP0002425,SUP432043,PROD483629,6,278,262.5,0.98
SYSSP0002426,SUP432043,PROD521233,3,599,1672.27,0.22
SYSSP0002427,SUP432043,PROD786587,10,448,1928.53,0.9
SYSSP0002428,SUP432043,PROD616554,6,531,2372.28,0.64
SYSSP0002429,SUP432043,PROD851759,10,430,57.18,0.64
SYSSP0002430,SUP432043,PROD984247,2,368,172.21,0.21
SYSSP0002431,SUP432043,PROD722665,9,660,220.39,0.92
SYSSP0002432,SUP555052,PROD721254,8,122,229.89,5.51
SYSSP0002433,SUP555052,PROD682144,9,166,136.05,4.89
SYSSP0002434,SUP555052,PROD688861,10,139,110.28,7.19
SYSSP0002435,SUP555052,PROD681343,10,282,178.14,6.79
SYSSP0002436,SUP555052,PROD324345,16,254,322.94,6.4
SYSSP0002437,SUP475876,PROD446968,27,54,65926.86,2.77
SYSSP0002438,SUP475876,PROD674553,35,59,55621.35,2.89
SYSSP0002439,SUP475876,PROD373432,25,34,51043.39,5.26
SYSSP0002440,SUP475876,PROD199807,22,29,40031.86,3.68
SYSSP0002441,SUP475876,PROD914571,36,49,38663.4,2.61
SYSSP0002442,SUP475876,PROD504924,20,37,39507.83,4.0
SYSSP0002443,SUP475876,PROD890371,19,37,29886.5,4.42
SYSSP0002444,SUP475876,PROD245998,20,44,56712.86,3.62
SYSSP0002445,SUP475876,PROD913308,30,47,88516.67,5.8
SYSSP0002446,SUP475876,PROD114338,22,42,117951.15,7.05
SYSSP0002447,SUP475876,PROD322182,43,36,139808.28,5.45
SYSSP0002448,SUP739098,PROD220936,15,129,434.37,5.27
SYSSP0002449,SUP739098,PROD724756,12,337,362.42,6.1
SYSSP0002450,SUP739098,PROD574167,14,183,43.58,4.84
SYSSP0002451,SUP739098,PROD393328,8,107,389.13,5.91
SYSSP0002452,SUP739098,PROD800646,8,227,586.99,3.98
SYSSP0002453,SUP739098,PROD812591,10,240,362.17,5.8
SYSSP0002454,SUP739098,PROD710224,29,31,89312.22,2.59
SYSSP0002455,SUP739098,PROD416797,20,22,116325.87,4.9
SYSSP0002456,SUP739098,PROD739427,35,46,134887.53,7.19
SYSSP0002457,SUP739098,PROD188834,29,55,58185.71,2.82
SYSSP0002458,SUP739098,PROD675898,24,37,65189.34,4.97
SYSSP0002459,SUP739098,PROD390743,29,31,66641.33,5.59
SYSSP0002460,SUP943718,PROD655178,2,396,789.11,0.75
SYSSP0002461,SUP943718,PROD565776,6,232,736.32,0.22
SYSSP0002462,SUP943718,PROD752011,8,220,386.57,0.28
SYSSP0002463,SUP943718,PROD913894,10,361,822.16,0.4
SYSSP0002464,SUP943718,PROD520274,10,312,985.77,0.63
SYSSP0002465,SUP943718,PROD221707,6,112,467.14,0.99
SYSSP0002466,SUP943718,PROD599127,5,291,461.12,1.17
SYSSP0002467,SUP943718,PROD648410,12,182,233.52,0.49
SYSSP0002468,SUP943718,PROD865470,5,154,214.35,1.01
SYSSP0002469,SUP943718,PROD446479,9,210,143.82,0.78
SYSSP0002470,SUP943718,PROD907236,2,140,973.22,1.16
SYSSP0002471,SUP943718,PROD878967,3,375,1922.12,1.05
SYSSP0002472,SUP943718,PROD502491,11,341,1809.11,0.72
SYSSP0002473,SUP943718,PROD262325,6,199,998.86,0.49
SYSSP0002474,SUP943718,PROD626690,7,633,275.5,0.89
SYSSP0002475,SUP943718,PROD513160,6,435,488.38,0.76
SYSSP0002476,SUP943718,PROD681343,1,584,186.8,0.43
SYSSP0002477,SUP943718,PROD512022,7,541,214.95,1.19
SYSSP0002478,SUP943718,PROD593554,9,647,219.14,0.87
SYSSP0002479,SUP943718,PROD678727,2,657,285.17,0.51
SYSSP0002480,SUP943718,PROD389913,1,465,261.63,0.35
SYSSP0002481,SUP943718,PROD407757,8,342,407.9,0.22
SYSSP0002482,SUP943718,PROD534037,1,384,476.26,0.91
SYSSP0002483,SUP943718,PROD834233,9,314,448.28,1.03
SYSSP0002484,SUP943718,PROD132146,1,287,147.52,1.07
SYSSP0002485,SUP943718,PROD495833,5,431,1189.2,0.9
SYSSP0002486,SUP943718,PROD454992,3,310,231.76,1.02
SYSSP0002487,SUP823846,PROD410401,4,281,782.41,7.05
SYSSP0002488,SUP823846,PROD377304,16,323,167.22,4.89
SYSSP0002489,SUP823846,PROD189856,11,193,805.84,5.45
SYSSP0002490,SUP823846,PROD875232,12,177,254.57,5.47
SYSSP0002491,SUP823846,PROD791201,14,332,780.66,4.69
SYSSP0002492,SUP823846,PROD494956,17,243,710.29,2.98
SYSSP0002493,SUP823846,PROD341292,11,274,170.74,5.09
SYSSP0002494,SUP823846,PROD794395,16,360,264.89,4.63
SYSSP0002495,SUP823846,PROD751303,7,103,95.77,3.89
SYSSP0002496,SUP823846,PROD801765,16,75,161.41,3.33
SYSSP0002497,SUP823846,PROD878480,11,174,101.7,6.93
SYSSP0002498,SUP823846,PROD253300,11,77,182.37,5.83
SYSSP0002499,SUP823846,PROD416822,7,102,150.44,5.04
SYSSP0002500,SUP823846,PROD616554,7,60,2321.24,5.2
SYSSP0002501,SUP823846,PROD333746,8,175,1001.1,2.63
SYSSP0002502,SUP823846,PROD378535,43,53,95065.03,4.77
SYSSP0002503,SUP823846,PROD761532,25,27,110292.06,4.66
SYSSP0002504,SUP823846,PROD806004,25,28,91384.78,6.16
SYSSP0002505,SUP823846,PROD670913,22,25,57510.6,3.61
SYSSP0002506,SUP823846,PROD374267,21,30,97221.49,3.88
SYSSP0002507,SUP823846,PROD697347,42,52,40346.27,2.87
SYSSP0002508,SUP823846,PROD172306,41,22,49181.99,7.16
SYSSP0002509,SUP123005,PROD801520,10,52,2102.21,5.43
SYSSP0002510,SUP123005,PROD571832,13,100,2244.53,3.26
SYSSP0002511,SUP123005,PROD145767,12,177,680.14,3.49
SYSSP0002512,SUP123005,PROD878967,10,104,1673.53,2.84
SYSSP0002513,SUP123005,PROD786587,17,103,1781.2,2.69
SYSSP0002514,SUP123005,PROD482584,13,147,765.63,3.67
SYSSP0002515,SUP123005,PROD375097,13,185,361.89,3.4
SYSSP0002516,SUP123005,PROD536740,14,300,1046.88,5.22
SYSSP0002517,SUP123005,PROD565765,8,212,904.59,6.9
SYSSP0002518,SUP123005,PROD410401,11,328,742.36,5.81
SYSSP0002519,SUP123005,PROD764000,6,337,906.21,5.8
SYSSP0002520,SUP123005,PROD531071,14,303,782.38,6.37
SYSSP0002521,SUP123005,PROD211579,14,310,891.38,2.64
SYSSP0002522,SUP123005,PROD791201,12,210,814.92,6.41
SYSSP0002523,SUP123005,PROD899281,8,265,588.57,4.09
SYSSP0002524,SUP123005,PROD214576,13,317,346.91,7.06
SYSSP0002525,SUP123005,PROD449138,37,39,45247.9,3.61
SYSSP0002526,SUP123005,PROD805200,26,33,34175.76,3.05
SYSSP0002527,SUP123005,PROD179046,40,41,29388.97,5.2
SYSSP0002528,SUP123005,PROD219946,40,44,26385.23,6.02
SYSSP0002529,SUP123005,PROD834591,32,24,79161.51,5.09
SYSSP0002530,SUP123005,PROD397846,32,32,36883.65,6.69
SYSSP0002531,SUP123005,PROD501936,34,34,83402.64,3.31
SYSSP0002532,SUP123005,PROD374267,30,46,94811.47,6.17
SYSSP0002533,SUP913423,PROD922458,11,76,212.58,2.54
SYSSP0002534,SUP913423,PROD308296,3,90,180.63,0.85
SYSSP0002535,SUP913423,PROD599127,6,58,442.15,1.07
SYSSP0002536,SUP913423,PROD446479,9,152,137.45,2.43
SYSSP0002537,SUP913423,PROD731977,7,71,751.99,1.91
SYSSP0002538,SUP913423,PROD818699,34,29,61446.54,2.09
SYSSP0002539,SUP913423,PROD780027,27,32,81320.41,2.69
SYSSP0002540,SUP913423,PROD802729,40,40,22678.86,2.44
SYSSP0002541,SUP913423,PROD444207,24,37,11744.89,1.02
SYSSP0002542,SUP913423,PROD409571,35,56,106221.94,1.44
SYSSP0002543,SUP913423,PROD771088,6,347,104.35,2.35
SYSSP0002544,SUP913423,PROD745972,10,225,67.57,2.98
SYSSP0002545,SUP913423,PROD512022,8,290,207.94,2.37
SYSSP0002546,SUP913423,PROD723266,9,214,411.07,0.85
SYSSP0002547,SUP913423,PROD130914,5,328,982.47,2.04
SYSSP0002548,SUP913423,PROD350905,6,270,195.98,2.19
SYSSP0002549,SUP757937,PROD160718,8,292,372.51,0.82
SYSSP0002550,SUP757937,PROD597305,8,280,213.34,0.45
SYSSP0002551,SUP757937,PROD906010,4,677,470.61,0.52
SYSSP0002552,SUP757937,PROD574167,8,387,46.01,0.96
SYSSP0002553,SUP757937,PROD771088,6,410,111.88,0.44
SYSSP0002554,SUP757937,PROD615060,6,513,509.89,0.94
SYSSP0002555,SUP757937,PROD384913,3,467,68.54,0.58
SYSSP0002556,SUP757937,PROD593554,1,516,217.11,0.37
SYSSP0002557,SUP757937,PROD158132,9,269,435.06,0.7
SYSSP0002558,SUP757937,PROD399105,7,321,1156.75,0.75
SYSSP0002559,SUP757937,PROD258787,8,401,100.91,1.2
SYSSP0002560,SUP757937,PROD159532,9,290,557.82,0.37
SYSSP0002561,SUP757937,PROD776909,6,290,1347.97,0.45
SYSSP0002562,SUP757937,PROD731977,9,269,815.16,0.92
SYSSP0002563,SUP757937,PROD702891,4,368,2093.38,0.67
SYSSP0002564,SUP757937,PROD866260,5,191,362.55,0.27
SYSSP0002565,SUP757937,PROD908554,1,196,574.29,0.29
SYSSP0002566,SUP757937,PROD147489,8,148,1903.22,0.67
SYSSP0002567,SUP757937,PROD451470,5,279,1424.59,1.08
SYSSP0002568,SUP757937,PROD649414,8,198,764.55,1.02
SYSSP0002569,SUP757937,PROD405420,7,288,1564.44,0.6
SYSSP0002570,SUP757937,PROD529068,6,139,529.13,0.3
SYSSP0002571,SUP757937,PROD262325,4,191,965.84,0.3
SYSSP0002572,SUP757937,PROD616554,8,269,2434.72,1.05
SYSSP0002573,SUP757937,PROD225636,10,342,1289.4,0.2
SYSSP0002574,SUP757937,PROD285413,5,146,1381.93,0.81
SYSSP0002575,SUP757937,PROD220764,4,343,244.05,0.52
SYSSP0002576,SUP757937,PROD202365,2,361,580.93,0.63
SYSSP0002577,SUP757937,PROD768636,8,254,109.54,0.32
SYSSP0002578,SUP757937,PROD752011,8,293,396.3,0.91
SYSSP0002579,SUP284171,PROD350905,12,559,195.73,7.28
SYSSP0002580,SUP284171,PROD536740,13,323,1068.27,5.3
SYSSP0002581,SUP284171,PROD494956,16,653,669.86,3.1
SYSSP0002582,SUP284171,PROD729371,15,428,374.75,6.83
SYSSP0002583,SUP284171,PROD874814,16,427,699.52,3.57
SYSSP0002584,SUP284171,PROD392670,13,445,198.71,7.17
SYSSP0002585,SUP284171,PROD399105,5,476,1038.21,3.47
SYSSP0002586,SUP284171,PROD495833,10,298,1159.68,7.08
SYSSP0002587,SUP284171,PROD581532,12,560,844.89,5.74
SYSSP0002588,SUP284171,PROD837954,14,272,1081.71,6.02
SYSSP0002589,SUP284171,PROD940247,13,279,38.91,6.62
SYSSP0002590,SUP284171,PROD626690,15,573,246.08,3.37
SYSSP0002591,SUP284171,PROD135035,12,269,225.06,5.56
SYSSP0002592,SUP284171,PROD722780,7,314,444.03,3.1
SYSSP0002593,SUP284171,PROD616554,17,131,2198.5,6.79
SYSSP0002594,SUP284171,PROD159532,10,108,504.86,5.86
SYSSP0002595,SUP284171,PROD225636,15,186,1250.69,5.43
SYSSP0002596,SUP284171,PROD660081,14,107,597.55,4.52
SYSSP0002597,SUP284171,PROD571832,5,198,2353.64,5.01
SYSSP0002598,SUP284171,PROD824586,9,188,427.8,3.88
SYSSP0002599,SUP284171,PROD350484,13,358,967.15,5.68
SYSSP0002600,SUP284171,PROD262325,7,240,907.32,3.09
SYSSP0002601,SUP284171,PROD801520,16,144,2160.77,4.82
SYSSP0002602,SUP284171,PROD376807,6,193,256.18,3.43
SYSSP0002603,SUP284171,PROD393992,19,110,118.09,6.44
SYSSP0002604,SUP284171,PROD752011,13,291,358.21,6.89
SYSSP0002605,SUP943298,PROD308296,13,83,170.99,4.4
SYSSP0002606,SUP943298,PROD324729,10,121,788.69,4.08
SYSSP0002607,SUP943298,PROD803953,9,119,945.94,3.39
SYSSP0002608,SUP943298,PROD907236,11,162,856.0,4.95
SYSSP0002609,SUP943298,PROD483629,16,139,254.61,5.12
SYSSP0002610,SUP943298,PROD878967,7,199,1730.41,5.19
SYSSP0002611,SUP943298,PROD145767,13,161,683.93,6.55
SYSSP0002612,SUP943298,PROD381444,17,237,244.82,6.37
SYSSP0002613,SUP943298,PROD141468,9,339,462.67,7.11
SYSSP0002614,SUP943298,PROD377304,17,195,169.91,4.84
SYSSP0002615,SUP943298,PROD810189,11,388,1074.74,5.44
SYSSP0002616,SUP943298,PROD431699,6,153,446.5,6.85
SYSSP0002617,SUP194689,PROD222629,7,581,179.71,1.21
SYSSP0002618,SUP194689,PROD158104,7,406,226.28,2.0
SYSSP0002619,SUP194689,PROD507746,2,474,159.63,1.8
SYSSP0002620,SUP194689,PROD638857,8,624,444.94,2.64
SYSSP0002621,SUP194689,PROD160718,6,620,366.51,1.54
SYSSP0002622,SUP194689,PROD901619,8,403,373.18,2.84
SYSSP0002623,SUP194689,PROD745972,5,640,69.85,2.84
SYSSP0002624,SUP194689,PROD265649,3,465,447.02,1.39
SYSSP0002625,SUP194689,PROD491559,8,553,209.2,1.93
SYSSP0002626,SUP194689,PROD130353,6,555,587.26,2.87
SYSSP0002627,SUP194689,PROD689179,5,540,773.98,1.09
SYSSP0002628,SUP194689,PROD208310,7,653,716.2,2.93
SYSSP0002629,SUP194689,PROD401601,10,302,257.71,0.8
SYSSP0002630,SUP194689,PROD982885,5,202,116.59,1.46
SYSSP0002631,SUP194689,PROD817644,4,194,195.36,1.25
SYSSP0002632,SUP194689,PROD751303,4,225,99.34,2.02
SYSSP0002633,SUP194689,PROD984247,8,102,171.02,1.56
SYSSP0002634,SUP194689,PROD762055,10,381,154.53,2.34
SYSSP0002635,SUP194689,PROD758589,10,292,155.96,2.35
SYSSP0002636,SUP194689,PROD571635,4,298,121.81,2.48
SYSSP0002637,SUP194689,PROD605065,5,304,198.96,2.78
SYSSP0002638,SUP194689,PROD851759,9,301,56.64,1.56
SYSSP0002639,SUP194689,PROD768636,12,113,104.52,2.14
SYSSP0002640,SUP194689,PROD391865,6,288,40.41,1.9
SYSSP0002641,SUP194689,PROD823975,3,303,162.79,2.22
SYSSP0002642,SUP194689,PROD412999,5,355,280.61,1.26
SYSSP0002643,SUP194689,PROD159532,9,147,534.15,2.24
SYSSP0002644,SUP194689,PROD451470,9,177,1353.81,1.65
SYSSP0002645,SUP194689,PROD478427,10,117,290.55,2.9
SYSSP0002646,SUP194689,PROD933197,5,183,1045.78,1.94
SYSSP0002647,SUP194689,PROD761532,36,86,113891.46,2.7
SYSSP0002648,SUP194689,PROD114338,40,91,116227.88,1.5
SYSSP0002649,SUP194689,PROD558089,33,72,62565.71,1.8
SYSSP0002650,SUP194689,PROD610310,30,81,109371.75,1.68
SYSSP0002651,SUP194689,PROD584838,39,43,93591.85,1.37
SYSSP0002652,SUP194689,PROD669460,35,47,128139.38,2.57
SYSSP0002653,SUP194689,PROD476417,29,72,59159.3,1.84
SYSSP0002654,SUP194689,PROD388086,25,94,50780.81,1.6
SYSSP0002655,SUP194689,PROD378535,40,51,106424.62,1.97
SYSSP0002656,SUP194689,PROD735656,27,95,122913.87,1.13
SYSSP0002657,SUP194689,PROD630041,25,100,57077.46,2.1
SYSSP0002658,SUP194689,PROD986278,21,72,86230.13,2.4
SYSSP0002659,SUP194689,PROD737086,29,67,83025.36,1.42
SYSSP0002660,SUP194689,PROD239613,18,95,71113.31,1.61
SYSSP0002661,SUP194689,PROD119524,34,83,56914.67,1.74
SYSSP0002662,SUP194689,PROD199807,36,58,44604.96,0.85
SYSSP0002663,SUP807617,PROD497108,20,60,74611.12,2.68
SYSSP0002664,SUP807617,PROD555292,22,86,77105.96,6.19
SYSSP0002665,SUP807617,PROD865433,25,45,62013.29,3.13
SYSSP0002666,SUP807617,PROD993744,26,71,57926.04,3.87
SYSSP0002667,SUP807617,PROD926730,36,79,18891.02,6.63
SYSSP0002668,SUP807617,PROD570711,44,76,65900.3,2.88
SYSSP0002669,SUP807617,PROD948179,28,49,16468.65,6.12
SYSSP0002670,SUP807617,PROD373432,42,64,51960.86,6.13
SYSSP0002671,SUP807617,PROD859364,32,87,58011.21,4.5
SYSSP0002672,SUP807617,PROD444207,27,56,11390.4,6.21
SYSSP0002673,SUP807617,PROD735656,22,47,118369.29,5.35
SYSSP0002674,SUP807617,PROD409355,30,72,48484.96,6.47
SYSSP0002675,SUP807617,PROD772124,39,63,105410.08,3.58
SYSSP0002676,SUP807617,PROD729371,12,593,370.41,4.49
SYSSP0002677,SUP807617,PROD373903,11,395,1043.45,4.54
SYSSP0002678,SUP807617,PROD381444,7,586,245.66,3.84
SYSSP0002679,SUP807617,PROD392670,9,363,196.16,6.05
SYSSP0002680,SUP807617,PROD536740,7,563,1019.49,6.06
SYSSP0002681,SUP807617,PROD517568,15,465,412.14,4.14
SYSSP0002682,SUP807617,PROD540208,13,535,279.15,4.2
SYSSP0002683,SUP807617,PROD350905,12,327,189.57,6.21
SYSSP0002684,SUP807617,PROD842776,11,607,1048.24,4.45
SYSSP0002685,SUP807617,PROD258787,10,588,97.99,7.34
SYSSP0002686,SUP807617,PROD431699,15,426,425.96,6.24
SYSSP0002687,SUP807617,PROD324345,14,405,305.73,4.08
SYSSP0002688,SUP807617,PROD940247,11,329,37.81,3.33
SYSSP0002689,SUP807617,PROD416822,13,351,156.02,4.38
SYSSP0002690,SUP807617,PROD984247,14,293,164.09,6.75
SYSSP0002691,SUP807617,PROD220764,9,211,214.66,3.05
SYSSP0002692,SUP807617,PROD762055,10,181,148.37,7.42
SYSSP0002693,SUP807617,PROD817644,15,309,186.13,3.59
SYSSP0002694,SUP807617,PROD468900,16,263,287.65,5.65
SYSSP0002695,SUP807617,PROD931621,14,374,161.6,3.63
SYSSP0002696,SUP807617,PROD823975,14,337,148.03,7.12
SYSSP0002697,SUP807617,PROD939717,8,304,106.93,5.16
SYSSP0002698,SUP807617,PROD878480,13,188,103.83,2.99
SYSSP0002699,SUP807617,PROD513224,19,314,49.74,4.55
SYSSP0002700,SUP807617,PROD473023,9,214,58.05,5.6
SYSSP0002701,SUP807617,PROD451470,10,392,1328.14,7.23
SYSSP0002702,SUP807617,PROD564586,14,227,1486.23,5.63
SYSSP0002703,SUP807617,PROD586819,8,111,648.43,6.92
SYSSP0002704,SUP807617,PROD333746,15,361,1003.66,6.75
SYSSP0002705,SUP780776,PROD664607,2,101,82.32,0.49
SYSSP0002706,SUP780776,PROD655178,2,197,795.86,0.45
SYSSP0002707,SUP780776,PROD776364,9,111,700.77,1.17
SYSSP0002708,SUP780776,PROD393992,11,134,128.04,1.11
SYSSP0002709,SUP780776,PROD202365,3,67,554.07,0.23
SYSSP0002710,SUP780776,PROD648410,6,148,229.4,0.62
SYSSP0002711,SUP780776,PROD898329,7,186,2446.71,0.64
SYSSP0002712,SUP780776,PROD525556,1,151,2533.9,0.93
SYSSP0002713,SUP242254,PROD393992,10,319,123.73,1.03
SYSSP0002714,SUP242254,PROD202365,7,396,562.35,1.05
SYSSP0002715,SUP242254,PROD420297,5,287,281.52,1.55
SYSSP0002716,SUP242254,PROD179710,6,347,165.22,1.01
SYSSP0002717,SUP242254,PROD835962,4,334,196.41,1.88
SYSSP0002718,SUP242254,PROD391668,6,233,502.88,2.32
SYSSP0002719,SUP242254,PROD426147,8,330,797.14,2.05
SYSSP0002720,SUP242254,PROD989545,12,118,510.27,1.13
SYSSP0002721,SUP242254,PROD483629,7,113,257.65,1.62
SYSSP0002722,SUP242254,PROD317782,8,249,222.63,2.37
SYSSP0002723,SUP242254,PROD612530,12,256,698.57,1.77
SYSSP0002724,SUP242254,PROD544730,7,179,508.3,2.33
SYSSP0002725,SUP242254,PROD649577,5,249,1263.05,1.37
SYSSP0002726,SUP242254,PROD851759,6,114,57.72,2.08
SYSSP0002727,SUP242254,PROD762055,5,399,148.28,1.6
SYSSP0002728,SUP242254,PROD108454,35,49,51309.52,1.9
SYSSP0002729,SUP242254,PROD740967,31,63,13459.85,2.84
SYSSP0002730,SUP242254,PROD504924,35,50,42227.22,1.86
SYSSP0002731,SUP242254,PROD306854,30,97,28404.18,2.27
SYSSP0002732,SUP242254,PROD172306,17,61,51224.65,1.25
SYSSP0002733,SUP242254,PROD704201,19,57,67631.93,2.4
SYSSP0002734,SUP242254,PROD199994,18,81,53710.87,1.9
SYSSP0002735,SUP242254,PROD397846,33,98,37618.48,0.83
SYSSP0002736,SUP242254,PROD179046,38,94,32578.48,2.53
SYSSP0002737,SUP242254,PROD952227,22,87,55010.08,2.26
SYSSP0002738,SUP242254,PROD117031,27,80,85468.56,1.52
SYSSP0002739,SUP242254,PROD914571,17,57,39334.83,1.98
SYSSP0002740,SUP242254,PROD763984,38,74,129492.39,2.93
SYSSP0002741,SUP242254,PROD986278,16,68,84967.76,1.35
SYSSP0002742,SUP242254,PROD546815,23,91,81001.72,2.32
SYSSP0002743,SUP242254,PROD735656,35,94,119746.93,2.32
SYSSP0002744,SUP242254,PROD810189,10,392,1115.47,1.22
SYSSP0002745,SUP242254,PROD724834,3,317,741.51,0.93
SYSSP0002746,SUP242254,PROD670968,5,374,951.11,2.08
SYSSP0002747,SUP242254,PROD867541,9,300,268.41,2.52
SYSSP0002748,SUP242254,PROD812591,7,654,389.11,1.23
SYSSP0002749,SUP242254,PROD211579,3,476,900.73,1.23
SYSSP0002750,SUP242254,PROD536740,10,551,1074.58,1.87
SYSSP0002751,SUP242254,PROD478120,2,547,812.39,2.79
SYSSP0002752,SUP242254,PROD141468,9,648,501.71,2.1
SYSSP0002753,SUP242254,PROD735605,9,250,76.71,1.7
SYSSP0002754,SUP242254,PROD220936,6,502,449.35,1.52
SYSSP0002755,SUP242254,PROD130610,9,513,514.66,2.22
SYSSP0002756,SUP786735,PROD697347,21,136,42161.94,0.96
SYSSP0002757,SUP786735,PROD373216,17,80,73715.79,1.17
SYSSP0002758,SUP786735,PROD267457,27,100,43482.4,0.96
SYSSP0002759,SUP786735,PROD859364,34,92,65629.13,0.64
SYSSP0002760,SUP786735,PROD139581,34,104,79630.61,0.96
SYSSP0002761,SUP786735,PROD373432,19,144,55677.73,0.97
SYSSP0002762,SUP786735,PROD627786,30,118,36563.75,0.41
SYSSP0002763,SUP786735,PROD533911,35,121,79048.67,0.97
SYSSP0002764,SUP786735,PROD627262,39,100,67828.53,0.36
SYSSP0002765,SUP786735,PROD308727,28,133,88246.9,0.47
SYSSP0002766,SUP786735,PROD694849,20,118,19404.58,0.51
SYSSP0002767,SUP786735,PROD740967,36,120,13929.71,0.63
SYSSP0002768,SUP786735,PROD117031,24,80,91644.95,0.6
SYSSP0002769,SUP786735,PROD675898,26,97,74232.94,0.97
SYSSP0002770,SUP786735,PROD802729,14,106,23696.33,0.46
SYSSP0002771,SUP786735,PROD306854,26,121,29353.82,0.58
SYSSP0002772,SUP786735,PROD904858,31,107,11918.12,0.64
SYSSP0002773,SUP786735,PROD948179,23,89,17437.93,0.53
SYSSP0002774,SUP786735,PROD986982,27,85,56367.83,0.59
SYSSP0002775,SUP786735,PROD497108,34,111,81314.05,0.81
SYSSP0002776,SUP786735,PROD595351,27,92,17896.34,0.54
SYSSP0002777,SUP786735,PROD119524,30,136,60580.41,0.31
SYSSP0002778,SUP786735,PROD993744,19,121,65001.4,0.93
SYSSP0002779,SUP786735,PROD708798,18,118,76903.84,0.76
SYSSP0002780,SUP786735,PROD400814,28,121,132284.38,0.96
SYSSP0002781,SUP786735,PROD491329,21,82,50834.12,0.97
SYSSP0002782,SUP786735,PROD576919,38,126,137176.51,0.65
SYSSP0002783,SUP786735,PROD763984,20,121,130226.94,0.66
SYSSP0002784,SUP786735,PROD610310,24,113,108052.55,0.95
SYSSP0002785,SUP786735,PROD222629,5,998,183.91,1.03
SYSSP0002786,SUP786735,PROD626690,1,516,269.09,1.2
SYSSP0002787,SUP786735,PROD855944,8,1051,292.35,0.77
SYSSP0002788,SUP786735,PROD958182,3,1078,425.31,0.76
SYSSP0002789,SUP786735,PROD389913,2,1025,266.88,0.29
SYSSP0002790,SUP786735,PROD510623,8,574,493.08,0.63
SYSSP0002791,SUP786735,PROD806537,3,962,431.33,1.19
SYSSP0002792,SUP786735,PROD707314,2,574,169.6,0.78
SYSSP0002793,SUP786735,PROD721254,6,521,251.99,0.49
SYSSP0002794,SUP786735,PROD260626,8,508,133.46,0.63
SYSSP0002795,SUP786735,PROD962287,5,1098,69.14,0.53
SYSSP0002796,SUP786735,PROD638857,8,1088,472.77,1.09
SYSSP0002797,SUP786735,PROD759176,3,651,67.2,0.38
SYSSP0002798,SUP786735,PROD574843,2,630,493.71,1.15
SYSSP0002799,SUP786735,PROD491559,5,735,223.94,0.4
SYSSP0002800,SUP786735,PROD688861,1,777,122.19,1.12
SYSSP0002801,SUP786735,PROD927630,7,640,335.35,1.14
SYSSP0002802,SUP786735,PROD392670,1,526,217.24,0.94
SYSSP0002803,SUP786735,PROD791201,2,550,853.2,0.6
SYSSP0002804,SUP786735,PROD478666,2,1104,431.88,0.29
SYSSP0002805,SUP204180,PROD341292,10,666,195.59,0.32
SYSSP0002806,SUP204180,PROD901619,7,824,393.54,0.41
SYSSP0002807,SUP204180,PROD723266,1,989,415.47,0.31
SYSSP0002808,SUP204180,PROD534037,9,507,465.63,0.62
SYSSP0002809,SUP204180,PROD507746,1,869,165.68,1.04
SYSSP0002810,SUP204180,PROD510623,6,734,499.72,0.28
SYSSP0002811,SUP204180,PROD407757,5,516,409.66,0.47
SYSSP0002812,SUP204180,PROD906010,7,644,490.3,0.38
SYSSP0002813,SUP204180,PROD220936,1,1031,450.02,0.9
SYSSP0002814,SUP204180,PROD626690,2,1110,272.82,1.07
SYSSP0002815,SUP204180,PROD574167,4,1132,45.27,0.36
SYSSP0002816,SUP204180,PROD721254,3,1031,260.4,0.94
SYSSP0002817,SUP204180,PROD260626,2,612,137.94,0.23
SYSSP0002818,SUP204180,PROD681343,3,913,188.35,1.11
SYSSP0002819,SUP204180,PROD898462,4,529,377.84,0.53
SYSSP0002820,SUP204180,PROD822858,9,647,108.21,0.25
SYSSP0002821,SUP204180,PROD502219,7,661,143.97,0.55
SYSSP0002822,SUP204180,PROD597305,5,929,216.07,0.31
SYSSP0002823,SUP204180,PROD551860,6,925,466.41,0.74
SYSSP0002824,SUP204180,PROD141468,4,818,511.76,1.1
SYSSP0002825,SUP204180,PROD550797,5,830,631.79,0.57
SYSSP0002826,SUP204180,PROD456871,1,1004,208.24,1.05
SYSSP0002827,SUP204180,PROD226611,4,724,372.42,1.01
SYSSP0002828,SUP196126,PROD761532,18,45,115170.99,2.15
SYSSP0002829,SUP196126,PROD508396,22,34,54823.17,2.41
SYSSP0002830,SUP196126,PROD728437,24,41,54685.06,1.82
SYSSP0002831,SUP196126,PROD213365,33,53,108409.44,2.97
SYSSP0002832,SUP196126,PROD834591,23,28,81429.15,1.62
SYSSP0002833,SUP196126,PROD627786,19,57,35113.71,2.67
SYSSP0002834,SUP970127,PROD110060,15,49,37641.41,2.64
SYSSP0002835,SUP970127,PROD704201,22,50,66769.14,0.83
SYSSP0002836,SUP970127,PROD548580,30,70,45822.09,1.21
SYSSP0002837,SUP970127,PROD735053,33,65,62187.61,1.27
SYSSP0002838,SUP970127,PROD418594,34,56,21977.72,1.06
SYSSP0002839,SUP970127,PROD763311,23,81,67359.06,2.83
SYSSP0002840,SUP970127,PROD308727,25,97,82662.78,1.55
SYSSP0002841,SUP970127,PROD946305,30,89,65814.84,2.26
SYSSP0002842,SUP970127,PROD199807,36,94,43475.76,1.94
SYSSP0002843,SUP970127,PROD504924,17,90,40962.31,2.21
SYSSP0002844,SUP970127,PROD674553,32,48,57207.74,2.95
SYSSP0002845,SUP970127,PROD780027,18,47,79962.74,1.45
SYSSP0002846,SUP970127,PROD834591,26,59,82050.65,2.02
SYSSP0002847,SUP970127,PROD610310,17,95,109447.58,1.2
SYSSP0002848,SUP970127,PROD735656,31,52,118984.9,2.3
SYSSP0002849,SUP970127,PROD934042,39,41,79409.87,2.44
SYSSP0002850,SUP970127,PROD482614,31,78,128302.74,2.04
SYSSP0002851,SUP970127,PROD489043,10,367,528.68,2.99
SYSSP0002852,SUP970127,PROD951452,4,441,591.5,2.3
SYSSP0002853,SUP970127,PROD132146,5,681,150.16,2.38
SYSSP0002854,SUP970127,PROD642895,10,562,58.82,1.24
SYSSP0002855,SUP970127,PROD341162,2,455,694.57,2.78
SYSSP0002856,SUP970127,PROD486649,8,493,386.26,1.1
SYSSP0002857,SUP970127,PROD550797,6,250,591.97,2.36
SYSSP0002858,SUP970127,PROD324345,6,356,336.2,2.15
SYSSP0002859,SUP970127,PROD855408,3,280,308.0,1.11
SYSSP0002860,SUP970127,PROD295892,9,671,698.05,2.94
SYSSP0002861,SUP970127,PROD800646,5,450,614.74,2.22
SYSSP0002862,SUP970127,PROD571435,8,552,217.37,2.64
SYSSP0002863,SUP970127,PROD392670,3,365,217.48,1.41
SYSSP0002864,SUP970127,PROD377304,8,313,181.78,2.09
SYSSP0002865,SUP970127,PROD222629,4,355,174.83,2.28
SYSSP0002866,SUP970127,PROD891030,7,368,148.91,2.18
SYSSP0002867,SUP970127,PROD799565,10,218,186.12,1.46
SYSSP0002868,SUP970127,PROD751303,4,377,102.96,1.8
SYSSP0002869,SUP970127,PROD976325,4,274,119.11,2.89
SYSSP0002870,SUP970127,PROD112537,3,295,251.57,1.36
SYSSP0002871,SUP970127,PROD546768,10,318,145.58,2.73
SYSSP0002872,SUP970127,PROD758589,10,249,150.33,1.03
SYSSP0002873,SUP970127,PROD516760,12,285,194.01,2.67
SYSSP0002874,SUP970127,PROD634277,10,321,95.59,2.2
SYSSP0002875,SUP970127,PROD671858,7,241,768.37,2.21
SYSSP0002876,SUP970127,PROD372028,8,314,1707.45,1.35
SYSSP0002877,SUP970127,PROD922458,8,142,206.29,2.37
SYSSP0002878,SUP236306,PROD888795,17,118,263.39,6.4
SYSSP0002879,SUP236306,PROD484682,16,194,224.64,5.09
SYSSP0002880,SUP236306,PROD753425,11,77,271.58,6.47
SYSSP0002881,SUP236306,PROD780768,10,74,248.46,6.32
SYSSP0002882,SUP236306,PROD213609,14,157,807.52,6.09
SYSSP0002883,SUP236306,PROD202365,7,162,541.63,5.37
SYSSP0002884,SUP439498,PROD302897,15,113,235.47,3.4
SYSSP0002885,SUP439498,PROD486649,9,249,380.62,6.51
SYSSP0002886,SUP439498,PROD551860,13,283,432.41,4.22
SYSSP0002887,SUP439498,PROD381607,9,328,378.76,4.12
SYSSP0002888,SUP439498,PROD158896,9,207,106.29,6.82
SYSSP0002889,SUP439498,PROD350484,11,177,1004.26,4.17
SYSSP0002890,SUP439498,PROD851413,18,108,1563.55,4.03
SYSSP0002891,SUP439498,PROD553014,11,153,356.16,4.99
SYSSP0002892,SUP439498,PROD943700,10,101,1918.13,6.04
SYSSP0002893,SUP439498,PROD740725,12,162,2038.76,6.27
SYSSP0002894,SUP439498,PROD982885,9,54,104.62,5.41
SYSSP0002895,SUP439498,PROD375097,18,193,350.92,5.3
SYSSP0002896,SUP638169,PROD671858,8,146,724.92,7.07
SYSSP0002897,SUP638169,PROD664607,13,174,78.08,5.16
SYSSP0002898,SUP638169,PROD865470,12,297,189.66,7.28
SYSSP0002899,SUP638169,PROD648410,13,391,225.58,4.12
SYSSP0002900,SUP638169,PROD317782,11,120,209.26,3.28
SYSSP0002901,SUP638169,PROD315173,9,353,908.52,5.98
SYSSP0002902,SUP638169,PROD520274,9,215,927.22,6.56
SYSSP0002903,SUP638169,PROD699809,7,251,297.01,2.6
SYSSP0002904,SUP638169,PROD680493,17,324,908.01,5.26
SYSSP0002905,SUP638169,PROD881549,15,311,861.59,5.09
SYSSP0002906,SUP638169,PROD324729,16,394,840.5,7.4
SYSSP0002907,SUP638169,PROD302177,14,286,832.14,3.82
SYSSP0002908,SUP638169,PROD242239,12,220,847.47,4.29
SYSSP0002909,SUP638169,PROD355021,9,226,2318.9,5.39
SYSSP0002910,SUP638169,PROD722665,10,343,209.7,3.02
SYSSP0002911,SUP638169,PROD542042,13,488,231.75,6.68
SYSSP0002912,SUP638169,PROD869864,15,474,260.84,4.68
SYSSP0002913,SUP638169,PROD571435,6,536,209.37,5.75
SYSSP0002914,SUP638169,PROD343807,12,694,135.58,2.82
SYSSP0002915,SUP638169,PROD526949,9,618,346.43,3.76
SYSSP0002916,SUP638169,PROD660605,9,556,556.21,6.02
SYSSP0002917,SUP638169,PROD951452,9,360,581.38,4.05
SYSSP0002918,SUP638169,PROD730193,10,369,501.08,6.88
SYSSP0002919,SUP638169,PROD162165,11,642,727.85,5.91
SYSSP0002920,SUP638169,PROD791201,9,562,758.75,6.27
SYSSP0002921,SUP638169,PROD794395,5,564,247.8,4.57
SYSSP0002922,SUP638169,PROD638857,11,349,415.97,5.51
SYSSP0002923,SUP638169,PROD778700,37,47,90710.54,2.97
SYSSP0002924,SUP638169,PROD708798,33,84,73261.28,4.44
SYSSP0002925,SUP638169,PROD793223,33,84,103364.28,6.74
SYSSP0002926,SUP638169,PROD308496,22,59,93338.45,6.04
SYSSP0002927,SUP638169,PROD630041,28,45,51387.67,4.51
SYSSP0002928,SUP638169,PROD787436,26,81,104276.68,4.2
SYSSP0002929,SUP638169,PROD883641,41,73,131097.37,6.9
SYSSP0002930,SUP638169,PROD364955,22,43,61017.11,2.98
SYSSP0002931,SUP638169,PROD749137,21,40,119381.23,4.42
SYSSP0002932,SUP638169,PROD735656,21,76,114253.08,2.85
SYSSP0002933,SUP638169,PROD453961,23,80,99776.34,3.41
SYSSP0002934,SUP638169,PROD480133,25,46,53449.5,7.06
SYSSP0002935,SUP638169,PROD408467,38,76,116659.49,4.7
SYSSP0002936,SUP638169,PROD374267,42,72,94259.38,6.59
SYSSP0002937,SUP638169,PROD881177,21,42,62668.63,6.94
SYSSP0002938,SUP638169,PROD621546,42,91,32318.25,7.18
SYSSP0002939,SUP638169,PROD986982,22,83,49711.58,5.09
SYSSP0002940,SUP638169,PROD396020,23,52,14711.73,7.49
SYSSP0002941,SUP638169,PROD908475,30,99,15717.14,6.66
SYSSP0002942,SUP774591,PROD267457,17,61,42354.66,1.11
SYSSP0002943,SUP774591,PROD476018,30,52,24688.11,0.89
SYSSP0002944,SUP774591,PROD239613,16,98,73238.24,1.86
SYSSP0002945,SUP774591,PROD243902,36,85,14956.84,2.1
SYSSP0002946,SUP774591,PROD397846,31,45,37674.72,1.51
SYSSP0002947,SUP774591,PROD396020,31,76,15428.87,1.97
SYSSP0002948,SUP774591,PROD579536,27,88,52626.12,1.24
SYSSP0002949,SUP774591,PROD281162,25,48,43095.89,1.24
SYSSP0002950,SUP774591,PROD656829,35,67,80079.43,1.63
SYSSP0002951,SUP774591,PROD865433,30,41,65083.41,1.51
SYSSP0002952,SUP774591,PROD934794,30,79,34082.83,1.89
SYSSP0002953,SUP774591,PROD952227,40,89,55297.53,2.3
SYSSP0002954,SUP774591,PROD763311,16,73,67611.11,1.21
SYSSP0002955,SUP774591,PROD726822,17,59,18316.17,2.45
SYSSP0002956,SUP774591,PROD172306,33,74,51062.16,1.49
SYSSP0002957,SUP774591,PROD401198,16,74,46348.91,2.93
SYSSP0002958,SUP774591,PROD669460,27,52,126195.56,1.98
SYSSP0002959,SUP774591,PROD416797,36,95,117368.27,1.92
SYSSP0002960,SUP774591,PROD476417,20,72,59152.07,2.34
SYSSP0002961,SUP774591,PROD708798,21,46,74125.45,1.21
SYSSP0002962,SUP774591,PROD752011,6,353,371.82,2.21
SYSSP0002963,SUP774591,PROD343467,3,123,546.09,1.25
SYSSP0002964,SUP774591,PROD317782,4,248,218.5,1.33
SYSSP0002965,SUP774591,PROD648410,8,190,235.17,2.62
SYSSP0002966,SUP774591,PROD887842,8,305,167.72,1.11
SYSSP0002967,SUP774591,PROD699809,6,232,327.18,1.73
SYSSP0002968,SUP774591,PROD664607,12,258,79.3,2.73
SYSSP0002969,SUP774591,PROD776364,7,309,676.2,1.71
SYSSP0002970,SUP774591,PROD420297,9,293,279.2,2.78
SYSSP0002971,SUP774591,PROD324729,10,229,862.06,2.18
SYSSP0002972,SUP774591,PROD881549,9,121,943.41,1.79
SYSSP0002973,SUP774591,PROD989545,6,136,506.51,1.05
SYSSP0002974,SUP774591,PROD544730,10,134,491.29,1.52
SYSSP0002975,SUP774591,PROD907236,7,303,907.97,1.43
SYSSP0002976,SUP774591,PROD656116,12,233,1392.32,1.06
SYSSP0002977,SUP774591,PROD851413,6,144,1678.38,1.9
SYSSP0002978,SUP774591,PROD933197,5,365,1083.87,1.83
SYSSP0002979,SUP774591,PROD345386,4,157,97.62,2.63
SYSSP0002980,SUP437758,PROD518098,11,144,430.79,3.21
SYSSP0002981,SUP437758,PROD586819,14,178,649.71,3.44
SYSSP0002982,SUP437758,PROD302177,13,131,779.69,2.57
SYSSP0002983,SUP437758,PROD776364,9,114,657.51,4.25
SYSSP0002984,SUP437758,PROD968962,13,64,142.23,3.27
SYSSP0002985,SUP437758,PROD713799,9,324,199.65,4.7
SYSSP0002986,SUP437758,PROD208310,11,370,649.64,3.31
SYSSP0002987,SUP437758,PROD874814,14,129,663.48,2.83
SYSSP0002988,SUP437758,PROD764000,16,108,881.13,3.35
SYSSP0002989,SUP437758,PROD810189,11,119,1053.08,3.02
SYSSP0002990,SUP437758,PROD341162,7,295,639.51,2.79
SYSSP0002991,SUP437758,PROD295892,14,161,697.29,6.31
SYSSP0002992,SUP575755,PROD375097,16,148,350.5,5.58
SYSSP0002993,SUP575755,PROD881549,17,110,899.02,5.56
SYSSP0002994,SUP575755,PROD655178,15,166,733.81,6.99
SYSSP0002995,SUP575755,PROD478427,16,142,273.35,3.93
SYSSP0002996,SUP575755,PROD324729,10,115,840.03,4.34
SYSSP0002997,SUP575755,PROD393992,8,126,111.97,4.8
SYSSP0002998,SUP575755,PROD803953,14,152,886.81,5.63
SYSSP0002999,SUP575755,PROD634277,11,157,94.18,4.8
SYSSP0003000,SUP575755,PROD758589,15,149,144.71,4.19
SYSSP0003001,SUP575755,PROD199807,25,32,41920.74,7.24
SYSSP0003002,SUP575755,PROD255061,45,59,24298.55,4.82
SYSSP0003003,SUP575755,PROD533911,44,43,75262.81,3.57
SYSSP0003004,SUP575755,PROD805200,24,26,33503.24,4.76
SYSSP0003005,SUP575755,PROD388086,45,46,46274.96,3.59
SYSSP0003006,SUP575755,PROD744986,35,44,92817.65,4.66
SYSSP0003007,SUP575755,PROD720407,8,388,400.54,5.71
SYSSP0003008,SUP575755,PROD478120,8,310,762.56,3.73
SYSSP0003009,SUP575755,PROD645007,9,261,1054.94,6.32
SYSSP0003010,SUP575755,PROD810189,17,118,1102.31,6.43
SYSSP0003011,SUP575755,PROD794395,5,104,266.56,6.85
SYSSP0003012,SUP573489,PROD220764,6,177,238.2,1.48
SYSSP0003013,SUP573489,PROD912233,4,285,175.84,1.49
SYSSP0003014,SUP573489,PROD484682,10,343,236.78,1.19
SYSSP0003015,SUP573489,PROD722665,7,151,224.23,1.15
SYSSP0003016,SUP573489,PROD939717,5,183,114.09,1.97
SYSSP0003017,SUP573489,PROD112537,12,309,241.41,2.02
SYSSP0003018,SUP573489,PROD637450,10,243,147.5,2.79
SYSSP0003019,SUP573489,PROD934638,4,175,233.79,1.01
SYSSP0003020,SUP573489,PROD751303,3,169,103.8,1.84
SYSSP0003021,SUP573489,PROD799565,10,187,187.31,2.09
SYSSP0003022,SUP573489,PROD823975,8,325,159.61,1.2
SYSSP0003023,SUP573489,PROD780768,3,351,277.8,2.05
SYSSP0003024,SUP573489,PROD634277,8,143,98.3,0.95
SYSSP0003025,SUP573489,PROD888795,5,253,290.17,2.82
SYSSP0003026,SUP573489,PROD297810,4,200,95.07,1.51
SYSSP0003027,SUP573489,PROD196126,4,281,2373.59,2.56
SYSSP0003028,SUP573489,PROD655178,3,313,797.29,1.6
SYSSP0003029,SUP573489,PROD943700,7,198,2063.12,2.96
SYSSP0003030,SUP573489,PROD242239,3,350,896.46,1.17
SYSSP0003031,SUP573489,PROD162165,9,471,756.47,1.4
SYSSP0003032,SUP573489,PROD431699,9,587,453.29,2.01
SYSSP0003033,SUP573489,PROD855408,4,696,312.1,2.17
SYSSP0003034,SUP573489,PROD550797,2,404,603.23,2.79
SYSSP0003035,SUP573489,PROD978292,8,448,706.27,2.28
SYSSP0003036,SUP573489,PROD130610,8,421,517.28,1.93
SYSSP0003037,SUP573489,PROD660605,8,458,593.62,1.09
SYSSP0003038,SUP573489,PROD401036,7,618,770.27,1.22
SYSSP0003039,SUP573489,PROD343807,6,386,136.79,1.79
SYSSP0003040,SUP573489,PROD407757,3,662,391.23,1.5
SYSSP0003041,SUP573489,PROD810189,10,308,1110.73,1.08
SYSSP0003042,SUP573489,PROD638857,3,374,436.12,1.62
SYSSP0003043,SUP492483,PROD260626,5,106,127.53,4.21
SYSSP0003044,SUP492483,PROD985364,6,398,339.37,6.86
SYSSP0003045,SUP492483,PROD123682,16,269,49.11,3.03
SYSSP0003046,SUP492483,PROD222629,5,171,162.31,6.23
SYSSP0003047,SUP492483,PROD326130,6,146,436.36,2.96
SYSSP0003048,SUP492483,PROD158104,15,219,213.92,6.08
SYSSP0003049,SUP492483,PROD221119,12,371,1074.97,6.59
SYSSP0003050,SUP492483,PROD277193,15,195,845.82,6.16
SYSSP0003051,SUP492483,PROD630041,20,32,51741.33,6.89
SYSSP0003052,SUP492483,PROD546815,36,27,77119.51,2.88
SYSSP0003053,SUP492483,PROD491329,24,34,46484.31,5.68
SYSSP0003054,SUP492483,PROD482614,37,58,118896.17,5.7
SYSSP0003055,SUP492483,PROD778700,26,36,94569.29,6.18
SYSSP0003056,SUP492483,PROD107459,33,36,46630.37,3.31
SYSSP0003057,SUP492483,PROD864711,18,51,70245.17,6.16
SYSSP0003058,SUP492483,PROD904858,39,25,11069.5,6.99
SYSSP0003059,SUP492483,PROD484682,8,200,232.28,7.07
SYSSP0003060,SUP492483,PROD912233,19,66,166.7,6.14
SYSSP0003061,SUP492483,PROD345386,13,141,96.18,4.9
SYSSP0003062,SUP492483,PROD265080,14,175,157.95,7.5
SYSSP0003063,SUP492483,PROD571832,9,200,2226.07,5.95
SYSSP0003064,SUP714953,PROD794093,9,337,217.84,1.82
SYSSP0003065,SUP714953,PROD751303,5,172,102.93,1.65
SYSSP0003066,SUP714953,PROD513224,3,171,51.23,1.64
SYSSP0003067,SUP714953,PROD169403,5,304,244.81,1.76
SYSSP0003068,SUP714953,PROD372793,5,177,264.21,1.2
SYSSP0003069,SUP714953,PROD650121,4,108,224.62,1.13
SYSSP0003070,SUP714953,PROD817644,8,201,192.78,1.66
SYSSP0003071,SUP714953,PROD546768,7,381,142.89,1.22
SYSSP0003072,SUP714953,PROD416822,12,355,157.1,2.88
SYSSP0003073,SUP714953,PROD976325,5,349,119.77,0.93
SYSSP0003074,SUP714953,PROD768636,4,134,109.23,2.35
SYSSP0003075,SUP714953,PROD477880,12,248,101.57,1.94
SYSSP0003076,SUP714953,PROD851413,10,210,1664.35,0.83
SYSSP0003077,SUP714953,PROD544730,7,181,496.0,1.48
SYSSP0003078,SUP714953,PROD820775,12,319,1810.87,2.12
SYSSP0003079,SUP714953,PROD225636,11,244,1260.99,1.62
SYSSP0003080,SUP714953,PROD388086,15,68,50274.03,1.34
SYSSP0003081,SUP714953,PROD710224,25,84,92987.95,2.72
SYSSP0003082,SUP714953,PROD630041,25,80,57015.31,2.94
SYSSP0003083,SUP714953,PROD501936,40,57,89734.05,2.07
SYSSP0003084,SUP714953,PROD881886,25,84,120653.11,1.08
SYSSP0003085,SUP714953,PROD508396,25,90,56111.92,2.94
SYSSP0003086,SUP714953,PROD374267,22,85,102907.11,1.32
SYSSP0003087,SUP714953,PROD772124,22,71,110751.65,2.76
SYSSP0003088,SUP714953,PROD701253,25,72,137960.45,1.65
SYSSP0003089,SUP714953,PROD986278,19,79,83710.95,1.96
SYSSP0003090,SUP714953,PROD778700,29,78,99275.28,2.88
SYSSP0003091,SUP714953,PROD742412,38,57,139786.07,1.66
SYSSP0003092,SUP714953,PROD740967,21,90,13781.98,2.37
SYSSP0003093,SUP714953,PROD255061,26,94,26327.87,1.84
SYSSP0003094,SUP714953,PROD908475,22,80,15840.94,1.58
SYSSP0003095,SUP401601,PROD381607,12,260,373.13,5.18
SYSSP0003096,SUP401601,PROD277487,11,161,155.04,2.8
SYSSP0003097,SUP401601,PROD800646,11,358,563.12,6.45
SYSSP0003098,SUP401601,PROD642895,15,105,55.14,3.52
SYSSP0003099,SUP401601,PROD546688,8,114,298.74,6.31
SYSSP0003100,SUP401601,PROD454992,7,338,220.72,7.46
SYSSP0003101,SUP401601,PROD392670,16,295,201.8,5.47
